solid OpenSCAD_Model
  facet normal -0.996904 -0.0786308 0
    outer loop
      vertex -5.91774 -24 22.1111
      vertex -5.91774 -24 28.1111
      vertex -6.04394 -22.4 30
    endloop
  endfacet
  facet normal -0.903668 -0.422275 0.0711882
    outer loop
      vertex -5.92869 -24 21.9721
      vertex -5.91774 -24 22.1111
      vertex -6.04394 -22.4 30
    endloop
  endfacet
  facet normal 0.29396 -0.9387 0.180081
    outer loop
      vertex -25.9125 -24 21.5886
      vertex -25.9561 -22.4 30
      vertex -25.9854 -24 21.7076
    endloop
  endfacet
  facet normal 0 -1 0
    outer loop
      vertex -25.9561 -22.4 30
      vertex -6.04394 -22.4 30
      vertex -16 -22.4 39.9561
    endloop
  endfacet
  facet normal -0 -1 0
    outer loop
      vertex -6.04394 -22.4 30
      vertex -25.9561 -22.4 30
      vertex -16 -22.4 20.0439
    endloop
  endfacet
  facet normal -0.997776 -0 -0.0666628
    outer loop
      vertex -6.04394 -22.4 30
      vertex -5.91774 -24 28.1111
      vertex -6.04394 -24 30
    endloop
  endfacet
  facet normal 0.139923 -0.96343 0.228527
    outer loop
      vertex -20.0658 -24 15.788
      vertex -16 -22.4 20.0439
      vertex -20.1847 -24 15.8608
    endloop
  endfacet
  facet normal 0.997779 0 -0.0666096
    outer loop
      vertex -26 -24 29.3424
      vertex -25.9561 -22.4 30
      vertex -25.9561 -24 30
    endloop
  endfacet
  facet normal 0.997779 2.79177e-06 -0.0666164
    outer loop
      vertex -25.9561 -22.4 30
      vertex -26 -24 29.3424
      vertex -26.0817 -23.9936 28.1187
    endloop
  endfacet
  facet normal -0.170001 -0.965124 0.199085
    outer loop
      vertex -11.8153 -24 15.8608
      vertex -11.7092 -24 15.9514
      vertex -16 -22.4 20.0439
    endloop
  endfacet
  facet normal -0.184263 -0.96545 0.184263
    outer loop
      vertex -16 -22.4 20.0439
      vertex -6.17809 -24 21.4826
      vertex -6.04394 -22.4 30
    endloop
  endfacet
  facet normal -0.184263 -0.965451 0.18426
    outer loop
      vertex -6.17809 -24 21.4826
      vertex -16 -22.4 20.0439
      vertex -11.7092 -24 15.9514
    endloop
  endfacet
  facet normal -0.294033 -0.938678 0.180077
    outer loop
      vertex -6.01463 -24 21.7076
      vertex -6.04394 -22.4 30
      vertex -6.08751 -24 21.5886
    endloop
  endfacet
  facet normal 0.707107 0 -0.707107
    outer loop
      vertex -16 -24 39.9561
      vertex -25.9561 -22.4 30
      vertex -16 -22.4 39.9561
    endloop
  endfacet
  facet normal 0.707107 0 -0.707107
    outer loop
      vertex -25.9561 -22.4 30
      vertex -16 -24 39.9561
      vertex -25.9561 -24 30
    endloop
  endfacet
  facet normal -0.707108 0 -0.707105
    outer loop
      vertex -16 -24 39.9561
      vertex -6.04394 -22.4 30
      vertex -6.04394 -24 30
    endloop
  endfacet
  facet normal -0.707108 0 -0.707105
    outer loop
      vertex -6.04394 -22.4 30
      vertex -16 -24 39.9561
      vertex -16 -22.4 39.9561
    endloop
  endfacet
  facet normal 0.0255377 -0.94506 0.325899
    outer loop
      vertex -19.6622 -24 15.6911
      vertex -16 -22.4 20.0439
      vertex -19.8013 -24 15.702
    endloop
  endfacet
  facet normal 0.996908 -0.0785716 0
    outer loop
      vertex -25.9561 -22.4 30
      vertex -26.0817 -23.9936 28.1187
      vertex -26.0817 -23.9936 22.1428
    endloop
  endfacet
  facet normal 0.413811 -0.894129 0.171151
    outer loop
      vertex -25.9854 -24 21.7076
      vertex -26.0386 -23.997 21.8519
      vertex -26 -24 21.7429
    endloop
  endfacet
  facet normal 0.41361 -0.894236 0.171079
    outer loop
      vertex -26.0386 -23.997 21.8519
      vertex -25.9854 -24 21.7076
      vertex -25.9561 -22.4 30
    endloop
  endfacet
  facet normal -0.107124 -0.960031 0.258583
    outer loop
      vertex -12.0631 -24 15.7346
      vertex -11.9342 -24 15.788
      vertex -16 -22.4 20.0439
    endloop
  endfacet
  facet normal -0.412939 -0.894535 0.171139
    outer loop
      vertex -6.01463 -24 21.7076
      vertex -5.96125 -24 21.8364
      vertex -6.04394 -22.4 30
    endloop
  endfacet
  facet normal -0.21483 -0.959243 0.183578
    outer loop
      vertex -6.08751 -24 21.5886
      vertex -6.04394 -22.4 30
      vertex -6.17809 -24 21.4826
    endloop
  endfacet
  facet normal 0.184264 -0.96545 0.184264
    outer loop
      vertex -25.8219 -24 21.4826
      vertex -16 -22.4 20.0439
      vertex -25.9561 -22.4 30
    endloop
  endfacet
  facet normal 0.184263 -0.965451 0.18426
    outer loop
      vertex -16 -22.4 20.0439
      vertex -25.8219 -24 21.4826
      vertex -20.2908 -24 15.9514
    endloop
  endfacet
  facet normal 0 -0.938599 0.34501
    outer loop
      vertex -12.3378 -24 15.6911
      vertex -16 -22.4 20.0439
      vertex -19.6622 -24 15.6911
    endloop
  endfacet
  facet normal -0.610216 -0.778587 0.146416
    outer loop
      vertex -5.96125 -24 21.8364
      vertex -5.92869 -24 21.9721
      vertex -6.04394 -22.4 30
    endloop
  endfacet
  facet normal 0.214785 -0.959253 0.18358
    outer loop
      vertex -25.9125 -24 21.5886
      vertex -25.8219 -24 21.4826
      vertex -25.9561 -22.4 30
    endloop
  endfacet
  facet normal 0.609572 -0.779072 0.146523
    outer loop
      vertex -26.0386 -23.997 21.8519
      vertex -25.9561 -22.4 30
      vertex -26.0709 -23.9944 22.0001
    endloop
  endfacet
  facet normal 0.107124 -0.960031 0.258583
    outer loop
      vertex -19.9369 -24 15.7346
      vertex -16 -22.4 20.0439
      vertex -20.0658 -24 15.788
    endloop
  endfacet
  facet normal 0.170001 -0.965124 0.199085
    outer loop
      vertex -20.1847 -24 15.8608
      vertex -16 -22.4 20.0439
      vertex -20.2908 -24 15.9514
    endloop
  endfacet
  facet normal 0.0698446 -0.954317 0.290519
    outer loop
      vertex -19.8013 -24 15.702
      vertex -16 -22.4 20.0439
      vertex -19.9369 -24 15.7346
    endloop
  endfacet
  facet normal -0.139923 -0.96343 0.228527
    outer loop
      vertex -11.9342 -24 15.788
      vertex -11.8153 -24 15.8608
      vertex -16 -22.4 20.0439
    endloop
  endfacet
  facet normal -0.0698446 -0.954317 0.290519
    outer loop
      vertex -12.1987 -24 15.702
      vertex -12.0631 -24 15.7346
      vertex -16 -22.4 20.0439
    endloop
  endfacet
  facet normal 0.904548 -0.42045 0.0708162
    outer loop
      vertex -26.0709 -23.9944 22.0001
      vertex -25.9561 -22.4 30
      vertex -26.0817 -23.9936 22.1428
    endloop
  endfacet
  facet normal -0.0255377 -0.94506 0.325899
    outer loop
      vertex -12.3378 -24 15.6911
      vertex -12.1987 -24 15.702
      vertex -16 -22.4 20.0439
    endloop
  endfacet
  facet normal -0.996908 -0.0785716 0
    outer loop
      vertex 26.0817 -23.9936 22.1428
      vertex 26.0817 -23.9936 28.1187
      vertex 25.9561 -22.4 30
    endloop
  endfacet
  facet normal -0.904548 -0.42045 0.0708162
    outer loop
      vertex 26.0709 -23.9944 22.0001
      vertex 26.0817 -23.9936 22.1428
      vertex 25.9561 -22.4 30
    endloop
  endfacet
  facet normal 0.294033 -0.938678 0.180077
    outer loop
      vertex 6.08751 -24 21.5886
      vertex 6.04394 -22.4 30
      vertex 6.01463 -24 21.7076
    endloop
  endfacet
  facet normal 0 -1 0
    outer loop
      vertex 6.04394 -22.4 30
      vertex 25.9561 -22.4 30
      vertex 16 -22.4 39.9561
    endloop
  endfacet
  facet normal -0 -1 0
    outer loop
      vertex 25.9561 -22.4 30
      vertex 6.04394 -22.4 30
      vertex 16 -22.4 20.0439
    endloop
  endfacet
  facet normal -0.997779 2.79177e-06 -0.0666164
    outer loop
      vertex 26 -24 29.3424
      vertex 25.9561 -22.4 30
      vertex 26.0817 -23.9936 28.1187
    endloop
  endfacet
  facet normal -0.997779 -0 -0.0666096
    outer loop
      vertex 25.9561 -22.4 30
      vertex 26 -24 29.3424
      vertex 25.9561 -24 30
    endloop
  endfacet
  facet normal 0.0255377 -0.94506 0.325899
    outer loop
      vertex 12.3378 -24 15.6911
      vertex 16 -22.4 20.0439
      vertex 12.1987 -24 15.702
    endloop
  endfacet
  facet normal 0.997776 0 -0.0666628
    outer loop
      vertex 6.04394 -22.4 30
      vertex 6.04394 -24 30
      vertex 5.91774 -24 28.1111
    endloop
  endfacet
  facet normal -0.170001 -0.965124 0.199085
    outer loop
      vertex 20.1847 -24 15.8608
      vertex 20.2908 -24 15.9514
      vertex 16 -22.4 20.0439
    endloop
  endfacet
  facet normal -0.184264 -0.96545 0.184264
    outer loop
      vertex 16 -22.4 20.0439
      vertex 25.8219 -24 21.4826
      vertex 25.9561 -22.4 30
    endloop
  endfacet
  facet normal -0.184263 -0.965451 0.18426
    outer loop
      vertex 25.8219 -24 21.4826
      vertex 16 -22.4 20.0439
      vertex 20.2908 -24 15.9514
    endloop
  endfacet
  facet normal -0.29396 -0.9387 0.180081
    outer loop
      vertex 25.9854 -24 21.7076
      vertex 25.9561 -22.4 30
      vertex 25.9125 -24 21.5886
    endloop
  endfacet
  facet normal 0.707108 0 -0.707105
    outer loop
      vertex 6.04394 -24 30
      vertex 16 -22.4 39.9561
      vertex 16 -24 39.9561
    endloop
  endfacet
  facet normal 0.707108 0 -0.707105
    outer loop
      vertex 16 -22.4 39.9561
      vertex 6.04394 -24 30
      vertex 6.04394 -22.4 30
    endloop
  endfacet
  facet normal -0.707107 0 -0.707107
    outer loop
      vertex 25.9561 -24 30
      vertex 16 -22.4 39.9561
      vertex 25.9561 -22.4 30
    endloop
  endfacet
  facet normal -0.707107 -0 -0.707107
    outer loop
      vertex 16 -22.4 39.9561
      vertex 25.9561 -24 30
      vertex 16 -24 39.9561
    endloop
  endfacet
  facet normal 0.184263 -0.96545 0.184263
    outer loop
      vertex 6.17809 -24 21.4826
      vertex 16 -22.4 20.0439
      vertex 6.04394 -22.4 30
    endloop
  endfacet
  facet normal 0.184263 -0.965451 0.18426
    outer loop
      vertex 16 -22.4 20.0439
      vertex 6.17809 -24 21.4826
      vertex 11.7092 -24 15.9514
    endloop
  endfacet
  facet normal 0.996904 -0.0786308 0
    outer loop
      vertex 6.04394 -22.4 30
      vertex 5.91774 -24 28.1111
      vertex 5.91774 -24 22.1111
    endloop
  endfacet
  facet normal 0.412939 -0.894535 0.171139
    outer loop
      vertex 6.01463 -24 21.7076
      vertex 6.04394 -22.4 30
      vertex 5.96125 -24 21.8364
    endloop
  endfacet
  facet normal -0.107124 -0.960031 0.258583
    outer loop
      vertex 19.9369 -24 15.7346
      vertex 20.0658 -24 15.788
      vertex 16 -22.4 20.0439
    endloop
  endfacet
  facet normal -0.41361 -0.894236 0.171079
    outer loop
      vertex 25.9854 -24 21.7076
      vertex 26.0386 -23.997 21.8519
      vertex 25.9561 -22.4 30
    endloop
  endfacet
  facet normal -0.413811 -0.894129 0.171151
    outer loop
      vertex 26.0386 -23.997 21.8519
      vertex 25.9854 -24 21.7076
      vertex 26 -24 21.7429
    endloop
  endfacet
  facet normal -0.214785 -0.959253 0.18358
    outer loop
      vertex 25.9125 -24 21.5886
      vertex 25.9561 -22.4 30
      vertex 25.8219 -24 21.4826
    endloop
  endfacet
  facet normal 0.139923 -0.96343 0.228527
    outer loop
      vertex 11.9342 -24 15.788
      vertex 16 -22.4 20.0439
      vertex 11.8153 -24 15.8608
    endloop
  endfacet
  facet normal 0 -0.938599 0.34501
    outer loop
      vertex 19.6622 -24 15.6911
      vertex 16 -22.4 20.0439
      vertex 12.3378 -24 15.6911
    endloop
  endfacet
  facet normal -0.609572 -0.779072 0.146523
    outer loop
      vertex 26.0386 -23.997 21.8519
      vertex 26.0709 -23.9944 22.0001
      vertex 25.9561 -22.4 30
    endloop
  endfacet
  facet normal 0.21483 -0.959243 0.183578
    outer loop
      vertex 6.08751 -24 21.5886
      vertex 6.17809 -24 21.4826
      vertex 6.04394 -22.4 30
    endloop
  endfacet
  facet normal 0.610216 -0.778587 0.146416
    outer loop
      vertex 5.96125 -24 21.8364
      vertex 6.04394 -22.4 30
      vertex 5.92869 -24 21.9721
    endloop
  endfacet
  facet normal 0.107124 -0.960031 0.258583
    outer loop
      vertex 12.0631 -24 15.7346
      vertex 16 -22.4 20.0439
      vertex 11.9342 -24 15.788
    endloop
  endfacet
  facet normal 0.170001 -0.965124 0.199085
    outer loop
      vertex 11.8153 -24 15.8608
      vertex 16 -22.4 20.0439
      vertex 11.7092 -24 15.9514
    endloop
  endfacet
  facet normal 0.0698446 -0.954317 0.290519
    outer loop
      vertex 12.1987 -24 15.702
      vertex 16 -22.4 20.0439
      vertex 12.0631 -24 15.7346
    endloop
  endfacet
  facet normal -0.139923 -0.96343 0.228527
    outer loop
      vertex 20.0658 -24 15.788
      vertex 20.1847 -24 15.8608
      vertex 16 -22.4 20.0439
    endloop
  endfacet
  facet normal -0.0698446 -0.954317 0.290519
    outer loop
      vertex 19.8013 -24 15.702
      vertex 19.9369 -24 15.7346
      vertex 16 -22.4 20.0439
    endloop
  endfacet
  facet normal 0.903668 -0.422275 0.0711882
    outer loop
      vertex 5.92869 -24 21.9721
      vertex 6.04394 -22.4 30
      vertex 5.91774 -24 22.1111
    endloop
  endfacet
  facet normal -0.0255377 -0.94506 0.325899
    outer loop
      vertex 19.6622 -24 15.6911
      vertex 19.8013 -24 15.702
      vertex 16 -22.4 20.0439
    endloop
  endfacet
  facet normal -1 0 0
    outer loop
      vertex -5.76 21.6 12.25
      vertex -5.76 24 25.75
      vertex -5.76 24 12.25
    endloop
  endfacet
  facet normal -1 -0 0
    outer loop
      vertex -5.76 24 25.75
      vertex -5.76 21.6 12.25
      vertex -5.76 21.6 25.75
    endloop
  endfacet
  facet normal -0.649415 0 0.760434
    outer loop
      vertex -6.58443 24 10.632
      vertex -6.34579 21.6 10.8358
      vertex -6.34579 24 10.8358
    endloop
  endfacet
  facet normal -0.649415 0 0.760434
    outer loop
      vertex -6.34579 21.6 10.8358
      vertex -6.58443 24 10.632
      vertex -6.58443 21.6 10.632
    endloop
  endfacet
  facet normal -0.601966 0.524666 -0.601966
    outer loop
      vertex -13.8546 21.6 37.1134
      vertex -6.04394 22.4 30
      vertex -6.11101 21.6 29.3698
    endloop
  endfacet
  facet normal -0.601962 0.524677 -0.60196
    outer loop
      vertex -6.04394 22.4 30
      vertex -13.8546 21.6 37.1134
      vertex -16 22.4 39.9561
    endloop
  endfacet
  facet normal 0.997779 0 -0.0666096
    outer loop
      vertex -25.9561 22.4 30
      vertex -26 24 29.3424
      vertex -25.9561 24 30
    endloop
  endfacet
  facet normal 0.997777 -1.08236e-05 -0.0666359
    outer loop
      vertex -26 24 29.3424
      vertex -25.9561 22.4 30
      vertex -26.0193 21.5985 29.0538
    endloop
  endfacet
  facet normal 0.997776 -8.0223e-06 -0.0666591
    outer loop
      vertex -26 24 29.3424
      vertex -26.0193 21.5985 29.0538
      vertex -26.24 23.9811 25.75
    endloop
  endfacet
  facet normal 0.997776 0 -0.0666533
    outer loop
      vertex -26.24 23.9811 25.75
      vertex -26.0193 21.5985 29.0538
      vertex -26.24 21.5811 25.75
    endloop
  endfacet
  facet normal -0.157602 0.911405 -0.380135
    outer loop
      vertex -13.9671 21.6 37.1952
      vertex -14.0315 21.6 37.2219
      vertex -16 22.4 39.9561
    endloop
  endfacet
  facet normal -0.997776 -2.15833e-06 -0.0666608
    outer loop
      vertex -5.98084 21.6 29.0556
      vertex -6.04394 24 30
      vertex -5.76 24 25.75
    endloop
  endfacet
  facet normal -0.997776 0 -0.0666592
    outer loop
      vertex -5.98084 21.6 29.0556
      vertex -5.76 24 25.75
      vertex -5.76 21.6 25.75
    endloop
  endfacet
  facet normal -0.997775 -0 -0.0666663
    outer loop
      vertex -6.04394 24 30
      vertex -5.98084 21.6 29.0556
      vertex -6.04394 22.4 30
    endloop
  endfacet
  facet normal -0.707108 0 -0.707105
    outer loop
      vertex -16 22.4 39.9561
      vertex -6.04394 24 30
      vertex -6.04394 22.4 30
    endloop
  endfacet
  facet normal -0.707108 0 -0.707105
    outer loop
      vertex -6.04394 24 30
      vertex -16 22.4 39.9561
      vertex -16 24 39.9561
    endloop
  endfacet
  facet normal 1 -0 0
    outer loop
      vertex -26.24 21.5811 25.75
      vertex -26.24 23.9811 12.25
      vertex -26.24 23.9811 25.75
    endloop
  endfacet
  facet normal 1 0 0
    outer loop
      vertex -26.24 23.9811 12.25
      vertex -26.24 21.5811 25.75
      vertex -26.24 21.5811 12.25
    endloop
  endfacet
  facet normal 0.707107 0 -0.707107
    outer loop
      vertex -16 22.4 39.9561
      vertex -25.9561 24 30
      vertex -16 24 39.9561
    endloop
  endfacet
  facet normal 0.707107 0 -0.707107
    outer loop
      vertex -25.9561 24 30
      vertex -16 22.4 39.9561
      vertex -25.9561 22.4 30
    endloop
  endfacet
  facet normal -0.772011 0.424796 -0.472808
    outer loop
      vertex -6.04394 22.4 30
      vertex -6.02928 21.6 29.2573
      vertex -6.06572 21.6 29.3168
    endloop
  endfacet
  facet normal 0.157602 0.911405 -0.380135
    outer loop
      vertex -16 22.4 39.9561
      vertex -17.9685 21.6 37.2219
      vertex -18.0329 21.6 37.1952
    endloop
  endfacet
  facet normal -0.0235344 0.954466 -0.297389
    outer loop
      vertex -14.0994 21.6 37.2381
      vertex -14.1689 21.6 37.2436
      vertex -16 22.4 39.9561
    endloop
  endfacet
  facet normal -0 0 1
    outer loop
      vertex -24.24 24 10.25
      vertex -7.76 21.6 10.25
      vertex -7.76 24 10.25
    endloop
  endfacet
  facet normal 0 0 1
    outer loop
      vertex -7.76 21.6 10.25
      vertex -24.24 24 10.25
      vertex -24.24 21.6 10.25
    endloop
  endfacet
  facet normal 0.972332 0 0.233602
    outer loop
      vertex -26.2154 23.983 11.9371
      vertex -26.1421 21.5888 11.632
      vertex -26.1421 23.9888 11.632
    endloop
  endfacet
  facet normal 0.972332 0 0.233602
    outer loop
      vertex -26.1421 21.5888 11.632
      vertex -26.2154 23.983 11.9371
      vertex -26.2154 21.583 11.9371
    endloop
  endfacet
  facet normal -0.87503 0.320639 -0.362648
    outer loop
      vertex -6.00259 21.6 29.1929
      vertex -6.02928 21.6 29.2573
      vertex -6.04394 22.4 30
    endloop
  endfacet
  facet normal 0.601959 0.524682 -0.601959
    outer loop
      vertex -18.1454 21.6 37.1134
      vertex -25.9561 22.4 30
      vertex -16 22.4 39.9561
    endloop
  endfacet
  facet normal 0.601959 0.524682 -0.601959
    outer loop
      vertex -25.9561 22.4 30
      vertex -18.1454 21.6 37.1134
      vertex -25.889 21.6 29.3698
    endloop
  endfacet
  facet normal -0.275527 0.849913 -0.449147
    outer loop
      vertex -13.9076 21.6 37.1587
      vertex -13.9671 21.6 37.1952
      vertex -16 22.4 39.9561
    endloop
  endfacet
  facet normal 0 0.959154 -0.282884
    outer loop
      vertex -16 22.4 39.9561
      vertex -14.1689 21.6 37.2436
      vertex -17.8311 21.6 37.2436
    endloop
  endfacet
  facet normal -0.956087 0.182193 -0.229574
    outer loop
      vertex -5.98631 21.6 29.1251
      vertex -6.00259 21.6 29.1929
      vertex -6.04394 22.4 30
    endloop
  endfacet
  facet normal -0.0792227 0.939929 -0.332051
    outer loop
      vertex -14.0315 21.6 37.2219
      vertex -14.0994 21.6 37.2381
      vertex -16 22.4 39.9561
    endloop
  endfacet
  facet normal -0.658914 0.498793 -0.563061
    outer loop
      vertex -6.04394 22.4 30
      vertex -6.06572 21.6 29.3168
      vertex -6.11101 21.6 29.3698
    endloop
  endfacet
  facet normal 0.0792227 0.939929 -0.332051
    outer loop
      vertex -16 22.4 39.9561
      vertex -17.9006 21.6 37.2381
      vertex -17.9685 21.6 37.2219
    endloop
  endfacet
  facet normal -0.996819 0.0139917 -0.0784547
    outer loop
      vertex -5.98084 21.6 29.0556
      vertex -5.98631 21.6 29.1251
      vertex -6.04394 22.4 30
    endloop
  endfacet
  facet normal -0.972354 0 0.233512
    outer loop
      vertex -5.85789 21.6 11.632
      vertex -5.78462 24 11.9371
      vertex -5.85789 24 11.632
    endloop
  endfacet
  facet normal -0.972354 0 0.233512
    outer loop
      vertex -5.78462 24 11.9371
      vertex -5.85789 21.6 11.632
      vertex -5.78462 21.6 11.9371
    endloop
  endfacet
  facet normal 0.0235344 0.954466 -0.297389
    outer loop
      vertex -16 22.4 39.9561
      vertex -17.8311 21.6 37.2436
      vertex -17.9006 21.6 37.2381
    endloop
  endfacet
  facet normal -0.522546 0 0.852611
    outer loop
      vertex -6.85202 24 10.468
      vertex -6.58443 21.6 10.632
      vertex -6.58443 24 10.632
    endloop
  endfacet
  facet normal -0.522546 0 0.852611
    outer loop
      vertex -6.58443 21.6 10.632
      vertex -6.85202 24 10.468
      vertex -6.85202 21.6 10.468
    endloop
  endfacet
  facet normal -0.852648 0 0.522486
    outer loop
      vertex -6.14197 21.6 11.0744
      vertex -5.97799 24 11.342
      vertex -6.14197 24 11.0744
    endloop
  endfacet
  facet normal -0.852648 0 0.522486
    outer loop
      vertex -5.97799 24 11.342
      vertex -6.14197 21.6 11.0744
      vertex -5.97799 21.6 11.342
    endloop
  endfacet
  facet normal -0.078385 0 0.996923
    outer loop
      vertex -7.76 24 10.25
      vertex -7.44713 21.6 10.2746
      vertex -7.44713 24 10.2746
    endloop
  endfacet
  facet normal -0.078385 0 0.996923
    outer loop
      vertex -7.44713 21.6 10.2746
      vertex -7.76 24 10.25
      vertex -7.76 21.6 10.25
    endloop
  endfacet
  facet normal -0.996919 0 0.0784408
    outer loop
      vertex -5.78462 21.6 11.9371
      vertex -5.76 24 12.25
      vertex -5.78462 24 11.9371
    endloop
  endfacet
  facet normal -0.996919 0 0.0784408
    outer loop
      vertex -5.76 24 12.25
      vertex -5.78462 21.6 11.9371
      vertex -5.76 21.6 12.25
    endloop
  endfacet
  facet normal 0.468998 0.692063 -0.548717
    outer loop
      vertex -16 22.4 39.9561
      vertex -18.0924 21.6 37.1587
      vertex -18.1454 21.6 37.1134
    endloop
  endfacet
  facet normal 0.275527 0.849913 -0.449147
    outer loop
      vertex -16 22.4 39.9561
      vertex -18.0329 21.6 37.1952
      vertex -18.0924 21.6 37.1587
    endloop
  endfacet
  facet normal 0.0783775 0 0.996924
    outer loop
      vertex -24.5529 24 10.2746
      vertex -24.24 21.6 10.25
      vertex -24.24 24 10.25
    endloop
  endfacet
  facet normal 0.0783775 0 0.996924
    outer loop
      vertex -24.24 21.6 10.25
      vertex -24.5529 24 10.2746
      vertex -24.5529 21.6 10.2746
    endloop
  endfacet
  facet normal -0.38268 0 0.923881
    outer loop
      vertex -7.14197 24 10.3479
      vertex -6.85202 21.6 10.468
      vertex -6.85202 24 10.468
    endloop
  endfacet
  facet normal -0.38268 0 0.923881
    outer loop
      vertex -6.85202 21.6 10.468
      vertex -7.14197 24 10.3479
      vertex -7.14197 21.6 10.3479
    endloop
  endfacet
  facet normal 0.658828 0.49885 -0.563111
    outer loop
      vertex -25.889 21.6 29.3698
      vertex -25.9343 21.6 29.3168
      vertex -25.9561 22.4 30
    endloop
  endfacet
  facet normal 0.233602 0 0.972332
    outer loop
      vertex -24.858 24 10.3479
      vertex -24.5529 21.6 10.2746
      vertex -24.5529 24 10.2746
    endloop
  endfacet
  facet normal 0.233602 0 0.972332
    outer loop
      vertex -24.5529 21.6 10.2746
      vertex -24.858 24 10.3479
      vertex -24.858 21.6 10.3479
    endloop
  endfacet
  facet normal 0.772339 0.424553 -0.47249
    outer loop
      vertex -25.9561 22.4 30
      vertex -25.9343 21.6 29.3168
      vertex -25.9707 21.6 29.2573
    endloop
  endfacet
  facet normal 0.522532 0 0.85262
    outer loop
      vertex -25.4156 24 10.632
      vertex -25.148 21.6 10.468
      vertex -25.148 24 10.468
    endloop
  endfacet
  facet normal 0.522532 0 0.85262
    outer loop
      vertex -25.148 21.6 10.468
      vertex -25.4156 24 10.632
      vertex -25.4156 21.6 10.632
    endloop
  endfacet
  facet normal 0.874933 0.320795 -0.362744
    outer loop
      vertex -25.9561 22.4 30
      vertex -25.9707 21.6 29.2573
      vertex -25.9974 21.6 29.1929
    endloop
  endfacet
  facet normal -0.760349 0 0.649515
    outer loop
      vertex -6.34579 21.6 10.8358
      vertex -6.14197 24 11.0744
      vertex -6.34579 24 10.8358
    endloop
  endfacet
  facet normal -0.760349 0 0.649515
    outer loop
      vertex -6.14197 24 11.0744
      vertex -6.34579 21.6 10.8358
      vertex -6.14197 21.6 11.0744
    endloop
  endfacet
  facet normal 0.649478 0 0.76038
    outer loop
      vertex -25.6542 24 10.8358
      vertex -25.4156 21.6 10.632
      vertex -25.4156 24 10.632
    endloop
  endfacet
  facet normal 0.649478 0 0.76038
    outer loop
      vertex -25.4156 21.6 10.632
      vertex -25.6542 24 10.8358
      vertex -25.6542 21.6 10.8358
    endloop
  endfacet
  facet normal 0.76038 -0 0.649478
    outer loop
      vertex -25.858 21.6 11.0744
      vertex -25.6542 24 10.8358
      vertex -25.858 24 11.0744
    endloop
  endfacet
  facet normal 0.76038 0 0.649478
    outer loop
      vertex -25.6542 24 10.8358
      vertex -25.858 21.6 11.0744
      vertex -25.6542 21.6 10.8358
    endloop
  endfacet
  facet normal 0.382624 0 0.923904
    outer loop
      vertex -25.148 24 10.468
      vertex -24.858 21.6 10.3479
      vertex -24.858 24 10.3479
    endloop
  endfacet
  facet normal 0.382624 0 0.923904
    outer loop
      vertex -24.858 21.6 10.3479
      vertex -25.148 24 10.468
      vertex -25.148 21.6 10.468
    endloop
  endfacet
  facet normal -0.468998 0.692063 -0.548717
    outer loop
      vertex -13.8546 21.6 37.1134
      vertex -13.9076 21.6 37.1587
      vertex -16 22.4 39.9561
    endloop
  endfacet
  facet normal -0.233559 0 0.972343
    outer loop
      vertex -7.44713 24 10.2746
      vertex -7.14197 21.6 10.3479
      vertex -7.14197 24 10.3479
    endloop
  endfacet
  facet normal -0.233559 0 0.972343
    outer loop
      vertex -7.14197 21.6 10.3479
      vertex -7.44713 24 10.2746
      vertex -7.44713 21.6 10.2746
    endloop
  endfacet
  facet normal -0.923904 0 0.382624
    outer loop
      vertex -5.97799 21.6 11.342
      vertex -5.85789 24 11.632
      vertex -5.97799 24 11.342
    endloop
  endfacet
  facet normal -0.923904 0 0.382624
    outer loop
      vertex -5.85789 24 11.632
      vertex -5.97799 21.6 11.342
      vertex -5.85789 21.6 11.632
    endloop
  endfacet
  facet normal 0.923904 0 0.382624
    outer loop
      vertex -26.1421 23.9888 11.632
      vertex -26.022 21.5983 11.342
      vertex -26.022 23.9983 11.342
    endloop
  endfacet
  facet normal 0.923904 0 0.382624
    outer loop
      vertex -26.022 21.5983 11.342
      vertex -26.1421 23.9888 11.632
      vertex -26.1421 21.5888 11.632
    endloop
  endfacet
  facet normal 0.955841 0.182807 -0.23011
    outer loop
      vertex -26 21.6 29.1821
      vertex -25.9561 22.4 30
      vertex -25.9974 21.6 29.1929
    endloop
  endfacet
  facet normal 0.955845 0.182795 -0.230099
    outer loop
      vertex -25.9561 22.4 30
      vertex -26 21.6 29.1821
      vertex -26.0138 21.5989 29.1239
    endloop
  endfacet
  facet normal 0.996835 0.0138215 -0.0782899
    outer loop
      vertex -25.9561 22.4 30
      vertex -26.0138 21.5989 29.1239
      vertex -26.0193 21.5985 29.0538
    endloop
  endfacet
  facet normal 0.852635 0 0.522506
    outer loop
      vertex -26.022 23.9983 11.342
      vertex -26.022 21.5983 11.342
      vertex -26 21.6 11.3061
    endloop
  endfacet
  facet normal 0.852635 -0 0.522506
    outer loop
      vertex -26 21.6 11.3061
      vertex -26 24 11.3061
      vertex -26.022 23.9983 11.342
    endloop
  endfacet
  facet normal 0.852617 0 0.522536
    outer loop
      vertex -26 24 11.3061
      vertex -26 21.6 11.3061
      vertex -25.858 24 11.0744
    endloop
  endfacet
  facet normal 0.852617 0 0.522536
    outer loop
      vertex -25.858 24 11.0744
      vertex -26 21.6 11.3061
      vertex -25.858 21.6 11.0744
    endloop
  endfacet
  facet normal 0.996924 0 0.0783775
    outer loop
      vertex -26.24 23.9811 12.25
      vertex -26.2154 21.583 11.9371
      vertex -26.2154 23.983 11.9371
    endloop
  endfacet
  facet normal 0.996924 0 0.0783775
    outer loop
      vertex -26.2154 21.583 11.9371
      vertex -26.24 23.9811 12.25
      vertex -26.24 21.5811 12.25
    endloop
  endfacet
  facet normal -1 0 0
    outer loop
      vertex 26.24 21.5811 12.25
      vertex 26.24 23.9811 25.75
      vertex 26.24 23.9811 12.25
    endloop
  endfacet
  facet normal -1 -0 0
    outer loop
      vertex 26.24 23.9811 25.75
      vertex 26.24 21.5811 12.25
      vertex 26.24 21.5811 25.75
    endloop
  endfacet
  facet normal -0.649478 0 0.76038
    outer loop
      vertex 25.4156 24 10.632
      vertex 25.6542 21.6 10.8358
      vertex 25.6542 24 10.8358
    endloop
  endfacet
  facet normal -0.649478 0 0.76038
    outer loop
      vertex 25.6542 21.6 10.8358
      vertex 25.4156 24 10.632
      vertex 25.4156 21.6 10.632
    endloop
  endfacet
  facet normal -0.601959 0.524682 -0.601959
    outer loop
      vertex 18.1454 21.6 37.1134
      vertex 25.9561 22.4 30
      vertex 25.889 21.6 29.3698
    endloop
  endfacet
  facet normal -0.601959 0.524682 -0.601959
    outer loop
      vertex 25.9561 22.4 30
      vertex 18.1454 21.6 37.1134
      vertex 16 22.4 39.9561
    endloop
  endfacet
  facet normal 0.997775 0 -0.0666663
    outer loop
      vertex 5.98084 21.6 29.0556
      vertex 6.04394 24 30
      vertex 6.04394 22.4 30
    endloop
  endfacet
  facet normal 0.997776 -2.15833e-06 -0.0666608
    outer loop
      vertex 6.04394 24 30
      vertex 5.98084 21.6 29.0556
      vertex 5.76 24 25.75
    endloop
  endfacet
  facet normal 0.997776 0 -0.0666592
    outer loop
      vertex 5.76 24 25.75
      vertex 5.98084 21.6 29.0556
      vertex 5.76 21.6 25.75
    endloop
  endfacet
  facet normal -0.157602 0.911405 -0.380135
    outer loop
      vertex 18.0329 21.6 37.1952
      vertex 17.9685 21.6 37.2219
      vertex 16 22.4 39.9561
    endloop
  endfacet
  facet normal -0.997776 -8.0223e-06 -0.0666591
    outer loop
      vertex 26.0193 21.5985 29.0538
      vertex 26 24 29.3424
      vertex 26.24 23.9811 25.75
    endloop
  endfacet
  facet normal -0.997777 -1.08236e-05 -0.0666359
    outer loop
      vertex 25.9561 22.4 30
      vertex 26 24 29.3424
      vertex 26.0193 21.5985 29.0538
    endloop
  endfacet
  facet normal -0.997779 0 -0.0666096
    outer loop
      vertex 26 24 29.3424
      vertex 25.9561 22.4 30
      vertex 25.9561 24 30
    endloop
  endfacet
  facet normal -0.997776 0 -0.0666533
    outer loop
      vertex 26.0193 21.5985 29.0538
      vertex 26.24 23.9811 25.75
      vertex 26.24 21.5811 25.75
    endloop
  endfacet
  facet normal -0.707107 0 -0.707107
    outer loop
      vertex 25.9561 22.4 30
      vertex 16 24 39.9561
      vertex 25.9561 24 30
    endloop
  endfacet
  facet normal -0.707107 -0 -0.707107
    outer loop
      vertex 16 24 39.9561
      vertex 25.9561 22.4 30
      vertex 16 22.4 39.9561
    endloop
  endfacet
  facet normal 1 -0 0
    outer loop
      vertex 5.76 21.6 25.75
      vertex 5.76 24 12.25
      vertex 5.76 24 25.75
    endloop
  endfacet
  facet normal 1 0 0
    outer loop
      vertex 5.76 24 12.25
      vertex 5.76 21.6 25.75
      vertex 5.76 21.6 12.25
    endloop
  endfacet
  facet normal 0.707108 0 -0.707105
    outer loop
      vertex 6.04394 22.4 30
      vertex 16 24 39.9561
      vertex 16 22.4 39.9561
    endloop
  endfacet
  facet normal 0.707108 0 -0.707105
    outer loop
      vertex 16 24 39.9561
      vertex 6.04394 22.4 30
      vertex 6.04394 24 30
    endloop
  endfacet
  facet normal -0.772339 0.424553 -0.47249
    outer loop
      vertex 25.9561 22.4 30
      vertex 25.9707 21.6 29.2573
      vertex 25.9343 21.6 29.3168
    endloop
  endfacet
  facet normal 0.157602 0.911405 -0.380135
    outer loop
      vertex 16 22.4 39.9561
      vertex 14.0315 21.6 37.2219
      vertex 13.9671 21.6 37.1952
    endloop
  endfacet
  facet normal -0.0235344 0.954466 -0.297389
    outer loop
      vertex 17.9006 21.6 37.2381
      vertex 17.8311 21.6 37.2436
      vertex 16 22.4 39.9561
    endloop
  endfacet
  facet normal -0 0 1
    outer loop
      vertex 7.76 24 10.25
      vertex 24.24 21.6 10.25
      vertex 24.24 24 10.25
    endloop
  endfacet
  facet normal 0 0 1
    outer loop
      vertex 24.24 21.6 10.25
      vertex 7.76 24 10.25
      vertex 7.76 21.6 10.25
    endloop
  endfacet
  facet normal 0.972354 -0 0.233512
    outer loop
      vertex 5.78462 21.6 11.9371
      vertex 5.85789 24 11.632
      vertex 5.78462 24 11.9371
    endloop
  endfacet
  facet normal 0.972354 0 0.233512
    outer loop
      vertex 5.85789 24 11.632
      vertex 5.78462 21.6 11.9371
      vertex 5.85789 21.6 11.632
    endloop
  endfacet
  facet normal -0.874933 0.320795 -0.362744
    outer loop
      vertex 25.9974 21.6 29.1929
      vertex 25.9707 21.6 29.2573
      vertex 25.9561 22.4 30
    endloop
  endfacet
  facet normal 0.601966 0.524666 -0.601966
    outer loop
      vertex 6.04394 22.4 30
      vertex 13.8546 21.6 37.1134
      vertex 6.11101 21.6 29.3698
    endloop
  endfacet
  facet normal 0.601962 0.524677 -0.60196
    outer loop
      vertex 13.8546 21.6 37.1134
      vertex 6.04394 22.4 30
      vertex 16 22.4 39.9561
    endloop
  endfacet
  facet normal -0.275527 0.849913 -0.449147
    outer loop
      vertex 18.0924 21.6 37.1587
      vertex 18.0329 21.6 37.1952
      vertex 16 22.4 39.9561
    endloop
  endfacet
  facet normal 0 0.959154 -0.282884
    outer loop
      vertex 16 22.4 39.9561
      vertex 17.8311 21.6 37.2436
      vertex 14.1689 21.6 37.2436
    endloop
  endfacet
  facet normal -0.955845 0.182795 -0.230099
    outer loop
      vertex 25.9561 22.4 30
      vertex 26.0138 21.5989 29.1239
      vertex 26 21.6 29.1821
    endloop
  endfacet
  facet normal -0.955841 0.182807 -0.23011
    outer loop
      vertex 25.9561 22.4 30
      vertex 26 21.6 29.1821
      vertex 25.9974 21.6 29.1929
    endloop
  endfacet
  facet normal -0.0792227 0.939929 -0.332051
    outer loop
      vertex 17.9685 21.6 37.2219
      vertex 17.9006 21.6 37.2381
      vertex 16 22.4 39.9561
    endloop
  endfacet
  facet normal -0.658828 0.49885 -0.563111
    outer loop
      vertex 25.9561 22.4 30
      vertex 25.9343 21.6 29.3168
      vertex 25.889 21.6 29.3698
    endloop
  endfacet
  facet normal 0.0792227 0.939929 -0.332051
    outer loop
      vertex 16 22.4 39.9561
      vertex 14.0994 21.6 37.2381
      vertex 14.0315 21.6 37.2219
    endloop
  endfacet
  facet normal -0.996835 0.0138215 -0.0782899
    outer loop
      vertex 26.0193 21.5985 29.0538
      vertex 26.0138 21.5989 29.1239
      vertex 25.9561 22.4 30
    endloop
  endfacet
  facet normal -0.972332 0 0.233602
    outer loop
      vertex 26.1421 21.5888 11.632
      vertex 26.2154 23.983 11.9371
      vertex 26.1421 23.9888 11.632
    endloop
  endfacet
  facet normal -0.972332 0 0.233602
    outer loop
      vertex 26.2154 23.983 11.9371
      vertex 26.1421 21.5888 11.632
      vertex 26.2154 21.583 11.9371
    endloop
  endfacet
  facet normal 0.0235344 0.954466 -0.297389
    outer loop
      vertex 16 22.4 39.9561
      vertex 14.1689 21.6 37.2436
      vertex 14.0994 21.6 37.2381
    endloop
  endfacet
  facet normal -0.522532 0 0.85262
    outer loop
      vertex 25.148 24 10.468
      vertex 25.4156 21.6 10.632
      vertex 25.4156 24 10.632
    endloop
  endfacet
  facet normal -0.522532 0 0.85262
    outer loop
      vertex 25.4156 21.6 10.632
      vertex 25.148 24 10.468
      vertex 25.148 21.6 10.468
    endloop
  endfacet
  facet normal -0.852617 0 0.522536
    outer loop
      vertex 25.858 21.6 11.0744
      vertex 26 24 11.3061
      vertex 25.858 24 11.0744
    endloop
  endfacet
  facet normal -0.852617 0 0.522536
    outer loop
      vertex 26 21.6 11.3061
      vertex 26 24 11.3061
      vertex 25.858 21.6 11.0744
    endloop
  endfacet
  facet normal -0.852635 0 0.522506
    outer loop
      vertex 26 24 11.3061
      vertex 26 21.6 11.3061
      vertex 26.022 23.9983 11.342
    endloop
  endfacet
  facet normal -0.852635 0 0.522506
    outer loop
      vertex 26.022 23.9983 11.342
      vertex 26 21.6 11.3061
      vertex 26.022 21.5983 11.342
    endloop
  endfacet
  facet normal -0.0783775 0 0.996924
    outer loop
      vertex 24.24 24 10.25
      vertex 24.5529 21.6 10.2746
      vertex 24.5529 24 10.2746
    endloop
  endfacet
  facet normal -0.0783775 0 0.996924
    outer loop
      vertex 24.5529 21.6 10.2746
      vertex 24.24 24 10.25
      vertex 24.24 21.6 10.25
    endloop
  endfacet
  facet normal -0.996924 0 0.0783775
    outer loop
      vertex 26.2154 21.583 11.9371
      vertex 26.24 23.9811 12.25
      vertex 26.2154 23.983 11.9371
    endloop
  endfacet
  facet normal -0.996924 0 0.0783775
    outer loop
      vertex 26.24 23.9811 12.25
      vertex 26.2154 21.583 11.9371
      vertex 26.24 21.5811 12.25
    endloop
  endfacet
  facet normal 0.468998 0.692063 -0.548717
    outer loop
      vertex 16 22.4 39.9561
      vertex 13.9076 21.6 37.1587
      vertex 13.8546 21.6 37.1134
    endloop
  endfacet
  facet normal 0.275527 0.849913 -0.449147
    outer loop
      vertex 16 22.4 39.9561
      vertex 13.9671 21.6 37.1952
      vertex 13.9076 21.6 37.1587
    endloop
  endfacet
  facet normal 0.923904 -0 0.382624
    outer loop
      vertex 5.85789 21.6 11.632
      vertex 5.97799 24 11.342
      vertex 5.85789 24 11.632
    endloop
  endfacet
  facet normal 0.923904 0 0.382624
    outer loop
      vertex 5.97799 24 11.342
      vertex 5.85789 21.6 11.632
      vertex 5.97799 21.6 11.342
    endloop
  endfacet
  facet normal -0.382624 0 0.923904
    outer loop
      vertex 24.858 24 10.3479
      vertex 25.148 21.6 10.468
      vertex 25.148 24 10.468
    endloop
  endfacet
  facet normal -0.382624 0 0.923904
    outer loop
      vertex 25.148 21.6 10.468
      vertex 24.858 24 10.3479
      vertex 24.858 21.6 10.3479
    endloop
  endfacet
  facet normal 0.658914 0.498793 -0.563061
    outer loop
      vertex 6.11101 21.6 29.3698
      vertex 6.06572 21.6 29.3168
      vertex 6.04394 22.4 30
    endloop
  endfacet
  facet normal 0.233559 0 0.972343
    outer loop
      vertex 7.14197 24 10.3479
      vertex 7.44713 21.6 10.2746
      vertex 7.44713 24 10.2746
    endloop
  endfacet
  facet normal 0.233559 0 0.972343
    outer loop
      vertex 7.44713 21.6 10.2746
      vertex 7.14197 24 10.3479
      vertex 7.14197 21.6 10.3479
    endloop
  endfacet
  facet normal 0.772011 0.424796 -0.472808
    outer loop
      vertex 6.04394 22.4 30
      vertex 6.06572 21.6 29.3168
      vertex 6.02928 21.6 29.2573
    endloop
  endfacet
  facet normal 0.522546 0 0.852611
    outer loop
      vertex 6.58443 24 10.632
      vertex 6.85202 21.6 10.468
      vertex 6.85202 24 10.468
    endloop
  endfacet
  facet normal 0.522546 0 0.852611
    outer loop
      vertex 6.85202 21.6 10.468
      vertex 6.58443 24 10.632
      vertex 6.58443 21.6 10.632
    endloop
  endfacet
  facet normal 0.87503 0.320639 -0.362648
    outer loop
      vertex 6.04394 22.4 30
      vertex 6.02928 21.6 29.2573
      vertex 6.00259 21.6 29.1929
    endloop
  endfacet
  facet normal -0.76038 0 0.649478
    outer loop
      vertex 25.6542 21.6 10.8358
      vertex 25.858 24 11.0744
      vertex 25.6542 24 10.8358
    endloop
  endfacet
  facet normal -0.76038 0 0.649478
    outer loop
      vertex 25.858 24 11.0744
      vertex 25.6542 21.6 10.8358
      vertex 25.858 21.6 11.0744
    endloop
  endfacet
  facet normal 0.649415 0 0.760434
    outer loop
      vertex 6.34579 24 10.8358
      vertex 6.58443 21.6 10.632
      vertex 6.58443 24 10.632
    endloop
  endfacet
  facet normal 0.649415 0 0.760434
    outer loop
      vertex 6.58443 21.6 10.632
      vertex 6.34579 24 10.8358
      vertex 6.34579 21.6 10.8358
    endloop
  endfacet
  facet normal 0.760349 -0 0.649515
    outer loop
      vertex 6.14197 21.6 11.0744
      vertex 6.34579 24 10.8358
      vertex 6.14197 24 11.0744
    endloop
  endfacet
  facet normal 0.760349 0 0.649515
    outer loop
      vertex 6.34579 24 10.8358
      vertex 6.14197 21.6 11.0744
      vertex 6.34579 21.6 10.8358
    endloop
  endfacet
  facet normal 0.38268 0 0.923881
    outer loop
      vertex 6.85202 24 10.468
      vertex 7.14197 21.6 10.3479
      vertex 7.14197 24 10.3479
    endloop
  endfacet
  facet normal 0.38268 0 0.923881
    outer loop
      vertex 7.14197 21.6 10.3479
      vertex 6.85202 24 10.468
      vertex 6.85202 21.6 10.468
    endloop
  endfacet
  facet normal -0.468998 0.692063 -0.548717
    outer loop
      vertex 18.1454 21.6 37.1134
      vertex 18.0924 21.6 37.1587
      vertex 16 22.4 39.9561
    endloop
  endfacet
  facet normal -0.233602 0 0.972332
    outer loop
      vertex 24.5529 24 10.2746
      vertex 24.858 21.6 10.3479
      vertex 24.858 24 10.3479
    endloop
  endfacet
  facet normal -0.233602 0 0.972332
    outer loop
      vertex 24.858 21.6 10.3479
      vertex 24.5529 24 10.2746
      vertex 24.5529 21.6 10.2746
    endloop
  endfacet
  facet normal -0.923904 0 0.382624
    outer loop
      vertex 26.022 21.5983 11.342
      vertex 26.1421 23.9888 11.632
      vertex 26.022 23.9983 11.342
    endloop
  endfacet
  facet normal -0.923904 0 0.382624
    outer loop
      vertex 26.1421 23.9888 11.632
      vertex 26.022 21.5983 11.342
      vertex 26.1421 21.5888 11.632
    endloop
  endfacet
  facet normal 0.078385 0 0.996923
    outer loop
      vertex 7.44713 24 10.2746
      vertex 7.76 21.6 10.25
      vertex 7.76 24 10.25
    endloop
  endfacet
  facet normal 0.078385 0 0.996923
    outer loop
      vertex 7.76 21.6 10.25
      vertex 7.44713 24 10.2746
      vertex 7.44713 21.6 10.2746
    endloop
  endfacet
  facet normal 0.956087 0.182193 -0.229574
    outer loop
      vertex 6.04394 22.4 30
      vertex 6.00259 21.6 29.1929
      vertex 5.98631 21.6 29.1251
    endloop
  endfacet
  facet normal 0.996819 0.0139917 -0.0784547
    outer loop
      vertex 6.04394 22.4 30
      vertex 5.98631 21.6 29.1251
      vertex 5.98084 21.6 29.0556
    endloop
  endfacet
  facet normal 0.852648 -0 0.522486
    outer loop
      vertex 5.97799 21.6 11.342
      vertex 6.14197 24 11.0744
      vertex 5.97799 24 11.342
    endloop
  endfacet
  facet normal 0.852648 0 0.522486
    outer loop
      vertex 6.14197 24 11.0744
      vertex 5.97799 21.6 11.342
      vertex 6.14197 21.6 11.0744
    endloop
  endfacet
  facet normal 0.996919 -0 0.0784408
    outer loop
      vertex 5.76 21.6 12.25
      vertex 5.78462 24 11.9371
      vertex 5.76 24 12.25
    endloop
  endfacet
  facet normal 0.996919 0 0.0784408
    outer loop
      vertex 5.78462 24 11.9371
      vertex 5.76 21.6 12.25
      vertex 5.78462 21.6 11.9371
    endloop
  endfacet
  facet normal -0 0.649478 0.76038
    outer loop
      vertex -32 -11.6556 12.632
      vertex -29.6 -11.8942 12.8358
      vertex -29.6 -11.6556 12.632
    endloop
  endfacet
  facet normal 0 0.649478 0.76038
    outer loop
      vertex -29.6 -11.8942 12.8358
      vertex -32 -11.6556 12.632
      vertex -32 -11.8942 12.8358
    endloop
  endfacet
  facet normal -0 0.233602 0.972332
    outer loop
      vertex -32 -10.7929 12.2746
      vertex -29.6 -11.098 12.3479
      vertex -29.6 -10.7929 12.2746
    endloop
  endfacet
  facet normal 0 0.233602 0.972332
    outer loop
      vertex -29.6 -11.098 12.3479
      vertex -32 -10.7929 12.2746
      vertex -32 -11.098 12.3479
    endloop
  endfacet
  facet normal 0 0.996924 -0.0783775
    outer loop
      vertex -29.6 -12.48 27.75
      vertex -32 -12.4554 28.0629
      vertex -29.6 -12.4554 28.0629
    endloop
  endfacet
  facet normal 0 0.996924 -0.0783775
    outer loop
      vertex -32 -12.4554 28.0629
      vertex -29.6 -12.48 27.75
      vertex -32 -12.48 27.75
    endloop
  endfacet
  facet normal -0.258666 -0.823624 -0.504713
    outer loop
      vertex -29.6 16.7912 22.7018
      vertex -29.6 16.7548 22.7612
      vertex -30.4 18.0853 21
    endloop
  endfacet
  facet normal 0 0.923904 0.382624
    outer loop
      vertex -29.6 -12.262 13.342
      vertex -32 -12.3821 13.632
      vertex -29.6 -12.3821 13.632
    endloop
  endfacet
  facet normal 0 0.923904 0.382624
    outer loop
      vertex -32 -12.3821 13.632
      vertex -29.6 -12.262 13.342
      vertex -32 -12.262 13.342
    endloop
  endfacet
  facet normal -0 0.522532 0.85262
    outer loop
      vertex -32 -11.388 12.468
      vertex -29.6 -11.6556 12.632
      vertex -29.6 -11.388 12.468
    endloop
  endfacet
  facet normal 0 0.522532 0.85262
    outer loop
      vertex -29.6 -11.6556 12.632
      vertex -32 -11.388 12.468
      vertex -32 -11.6556 12.632
    endloop
  endfacet
  facet normal 0 -0.233602 -0.972332
    outer loop
      vertex -32 10.7929 29.7254
      vertex -29.6 11.098 29.6521
      vertex -29.6 10.7929 29.7254
    endloop
  endfacet
  facet normal -0 -0.233602 -0.972332
    outer loop
      vertex -29.6 11.098 29.6521
      vertex -32 10.7929 29.7254
      vertex -32 11.098 29.6521
    endloop
  endfacet
  facet normal 0 0 -1
    outer loop
      vertex -32 -10.48 29.75
      vertex -29.6 10.48 29.75
      vertex -29.6 -10.48 29.75
    endloop
  endfacet
  facet normal -0 0 -1
    outer loop
      vertex -29.6 10.48 29.75
      vertex -32 -10.48 29.75
      vertex -32 10.48 29.75
    endloop
  endfacet
  facet normal 0 0.233602 -0.972332
    outer loop
      vertex -32 -11.098 29.6521
      vertex -29.6 -10.7929 29.7254
      vertex -29.6 -11.098 29.6521
    endloop
  endfacet
  facet normal 0 0.233602 -0.972332
    outer loop
      vertex -29.6 -10.7929 29.7254
      vertex -32 -11.098 29.6521
      vertex -32 -10.7929 29.7254
    endloop
  endfacet
  facet normal -0 0.0783775 0.996924
    outer loop
      vertex -32 -10.48 12.25
      vertex -29.6 -10.7929 12.2746
      vertex -29.6 -10.48 12.25
    endloop
  endfacet
  facet normal 0 0.0783775 0.996924
    outer loop
      vertex -29.6 -10.7929 12.2746
      vertex -32 -10.48 12.25
      vertex -32 -10.7929 12.2746
    endloop
  endfacet
  facet normal -0 0 1
    outer loop
      vertex -32 10.48 12.25
      vertex -29.6 -10.48 12.25
      vertex -29.6 10.48 12.25
    endloop
  endfacet
  facet normal 0 0 1
    outer loop
      vertex -29.6 -10.48 12.25
      vertex -32 10.48 12.25
      vertex -32 -10.48 12.25
    endloop
  endfacet
  facet normal -0.841407 -0.540402 0
    outer loop
      vertex -29.6 16.8397 19.5
      vertex -29.6 16.8397 22.5
      vertex -30.4 18.0853 21
    endloop
  endfacet
  facet normal 0 -0.522532 -0.85262
    outer loop
      vertex -32 11.388 29.532
      vertex -29.6 11.6556 29.368
      vertex -29.6 11.388 29.532
    endloop
  endfacet
  facet normal -0 -0.522532 -0.85262
    outer loop
      vertex -29.6 11.6556 29.368
      vertex -32 11.388 29.532
      vertex -32 11.6556 29.368
    endloop
  endfacet
  facet normal 0 -0.76038 -0.649478
    outer loop
      vertex -32 12.098 28.9256
      vertex -29.6 11.8942 29.1642
      vertex -32 11.8942 29.1642
    endloop
  endfacet
  facet normal 0 -0.76038 -0.649478
    outer loop
      vertex -29.6 11.8942 29.1642
      vertex -32 12.098 28.9256
      vertex -29.6 12.098 28.9256
    endloop
  endfacet
  facet normal 0 -0.649478 -0.76038
    outer loop
      vertex -32 11.6556 29.368
      vertex -29.6 11.8942 29.1642
      vertex -29.6 11.6556 29.368
    endloop
  endfacet
  facet normal -0 -0.649478 -0.76038
    outer loop
      vertex -29.6 11.8942 29.1642
      vertex -32 11.6556 29.368
      vertex -32 11.8942 29.1642
    endloop
  endfacet
  facet normal 0 -0.0783775 0.996924
    outer loop
      vertex -32 10.7929 12.2746
      vertex -29.6 10.48 12.25
      vertex -29.6 10.7929 12.2746
    endloop
  endfacet
  facet normal 0 -0.0783775 0.996924
    outer loop
      vertex -29.6 10.48 12.25
      vertex -32 10.7929 12.2746
      vertex -32 10.48 12.25
    endloop
  endfacet
  facet normal 0 -0.382624 0.923904
    outer loop
      vertex -32 11.388 12.468
      vertex -29.6 11.098 12.3479
      vertex -29.6 11.388 12.468
    endloop
  endfacet
  facet normal 0 -0.382624 0.923904
    outer loop
      vertex -29.6 11.098 12.3479
      vertex -32 11.388 12.468
      vertex -32 11.098 12.3479
    endloop
  endfacet
  facet normal 0 0.76038 -0.649478
    outer loop
      vertex -29.6 -12.098 28.9256
      vertex -32 -11.8942 29.1642
      vertex -29.6 -11.8942 29.1642
    endloop
  endfacet
  facet normal 0 0.76038 -0.649478
    outer loop
      vertex -32 -11.8942 29.1642
      vertex -29.6 -12.098 28.9256
      vertex -32 -12.098 28.9256
    endloop
  endfacet
  facet normal 0 -0.797875 0.602823
    outer loop
      vertex -32 18 20.8871
      vertex -30.4 18.0853 21
      vertex -31.9933 18.0853 21
    endloop
  endfacet
  facet normal 4.63944e-06 -0.797907 0.602781
    outer loop
      vertex -32 18 20.8871
      vertex -29.6 16.7548 19.2388
      vertex -30.4 18.0853 21
    endloop
  endfacet
  facet normal -4.57203e-06 -0.797913 0.602773
    outer loop
      vertex -32 12.098 13.0744
      vertex -29.6 16.7548 19.2388
      vertex -32 18 20.8871
    endloop
  endfacet
  facet normal 0 -0.797914 0.602772
    outer loop
      vertex -29.6 16.7548 19.2388
      vertex -32 12.098 13.0744
      vertex -29.6 12.098 13.0744
    endloop
  endfacet
  facet normal -0.562876 -0.763695 -0.316134
    outer loop
      vertex -29.6 16.8179 22.6373
      vertex -29.6 16.7912 22.7018
      vertex -30.4 18.0853 21
    endloop
  endfacet
  facet normal 0 0.0783775 -0.996924
    outer loop
      vertex -32 -10.7929 29.7254
      vertex -29.6 -10.48 29.75
      vertex -29.6 -10.7929 29.7254
    endloop
  endfacet
  facet normal 0 0.0783775 -0.996924
    outer loop
      vertex -29.6 -10.48 29.75
      vertex -32 -10.7929 29.7254
      vertex -32 -10.48 29.75
    endloop
  endfacet
  facet normal -0.728025 -0.666558 -0.160249
    outer loop
      vertex -29.6 16.8342 22.5695
      vertex -29.6 16.8179 22.6373
      vertex -30.4 18.0853 21
    endloop
  endfacet
  facet normal 0 0.522532 -0.85262
    outer loop
      vertex -32 -11.6556 29.368
      vertex -29.6 -11.388 29.532
      vertex -29.6 -11.6556 29.368
    endloop
  endfacet
  facet normal 0 0.522532 -0.85262
    outer loop
      vertex -29.6 -11.388 29.532
      vertex -32 -11.6556 29.368
      vertex -32 -11.388 29.532
    endloop
  endfacet
  facet normal -0.814561 -0.57827 -0.0457623
    outer loop
      vertex -29.6 16.8397 22.5
      vertex -29.6 16.8342 22.5695
      vertex -30.4 18.0853 21
    endloop
  endfacet
  facet normal -0 0.382624 0.923904
    outer loop
      vertex -32 -11.098 12.3479
      vertex -29.6 -11.388 12.468
      vertex -29.6 -11.098 12.3479
    endloop
  endfacet
  facet normal 0 0.382624 0.923904
    outer loop
      vertex -29.6 -11.388 12.468
      vertex -32 -11.098 12.3479
      vertex -32 -11.388 12.468
    endloop
  endfacet
  facet normal 0 -0.233602 0.972332
    outer loop
      vertex -32 11.098 12.3479
      vertex -29.6 10.7929 12.2746
      vertex -29.6 11.098 12.3479
    endloop
  endfacet
  facet normal 0 -0.233602 0.972332
    outer loop
      vertex -29.6 10.7929 12.2746
      vertex -32 11.098 12.3479
      vertex -32 10.7929 12.2746
    endloop
  endfacet
  facet normal 0 0.996924 0.0783775
    outer loop
      vertex -29.6 -12.4554 13.9371
      vertex -32 -12.48 14.25
      vertex -29.6 -12.48 14.25
    endloop
  endfacet
  facet normal 0 0.996924 0.0783775
    outer loop
      vertex -32 -12.48 14.25
      vertex -29.6 -12.4554 13.9371
      vertex -32 -12.4554 13.9371
    endloop
  endfacet
  facet normal 0 -0.76038 0.649478
    outer loop
      vertex -32 11.8942 12.8358
      vertex -29.6 12.098 13.0744
      vertex -32 12.098 13.0744
    endloop
  endfacet
  facet normal 0 -0.76038 0.649478
    outer loop
      vertex -29.6 12.098 13.0744
      vertex -32 11.8942 12.8358
      vertex -29.6 11.8942 12.8358
    endloop
  endfacet
  facet normal -0.814561 -0.57827 0.0457623
    outer loop
      vertex -29.6 16.8342 19.4305
      vertex -29.6 16.8397 19.5
      vertex -30.4 18.0853 21
    endloop
  endfacet
  facet normal 0 -0.797914 -0.602772
    outer loop
      vertex -32 12.098 28.9256
      vertex -29.6 16.7548 22.7612
      vertex -29.6 12.098 28.9256
    endloop
  endfacet
  facet normal -4.57203e-06 -0.797913 -0.602773
    outer loop
      vertex -32 18 21.1129
      vertex -29.6 16.7548 22.7612
      vertex -32 12.098 28.9256
    endloop
  endfacet
  facet normal -0 -0.797875 -0.602823
    outer loop
      vertex -30.4 18.0853 21
      vertex -32 18 21.1129
      vertex -31.9933 18.0853 21
    endloop
  endfacet
  facet normal 4.63944e-06 -0.797907 -0.602781
    outer loop
      vertex -32 18 21.1129
      vertex -30.4 18.0853 21
      vertex -29.6 16.7548 22.7612
    endloop
  endfacet
  facet normal -0.258666 -0.823624 0.504713
    outer loop
      vertex -29.6 16.7548 19.2388
      vertex -29.6 16.7912 19.2982
      vertex -30.4 18.0853 21
    endloop
  endfacet
  facet normal -0.562876 -0.763695 0.316134
    outer loop
      vertex -29.6 16.7912 19.2982
      vertex -29.6 16.8179 19.3627
      vertex -30.4 18.0853 21
    endloop
  endfacet
  facet normal 0 -0.0783775 -0.996924
    outer loop
      vertex -32 10.48 29.75
      vertex -29.6 10.7929 29.7254
      vertex -29.6 10.48 29.75
    endloop
  endfacet
  facet normal -0 -0.0783775 -0.996924
    outer loop
      vertex -29.6 10.7929 29.7254
      vertex -32 10.48 29.75
      vertex -32 10.7929 29.7254
    endloop
  endfacet
  facet normal -0.728025 -0.666558 0.160249
    outer loop
      vertex -29.6 16.8179 19.3627
      vertex -29.6 16.8342 19.4305
      vertex -30.4 18.0853 21
    endloop
  endfacet
  facet normal 0 0.972332 0.233602
    outer loop
      vertex -29.6 -12.3821 13.632
      vertex -32 -12.4554 13.9371
      vertex -29.6 -12.4554 13.9371
    endloop
  endfacet
  facet normal 0 0.972332 0.233602
    outer loop
      vertex -32 -12.4554 13.9371
      vertex -29.6 -12.3821 13.632
      vertex -32 -12.3821 13.632
    endloop
  endfacet
  facet normal 0 0.972332 -0.233602
    outer loop
      vertex -29.6 -12.4554 28.0629
      vertex -32 -12.3821 28.368
      vertex -29.6 -12.3821 28.368
    endloop
  endfacet
  facet normal 0 0.972332 -0.233602
    outer loop
      vertex -32 -12.3821 28.368
      vertex -29.6 -12.4554 28.0629
      vertex -32 -12.4554 28.0629
    endloop
  endfacet
  facet normal 0 -0.382624 -0.923904
    outer loop
      vertex -32 11.098 29.6521
      vertex -29.6 11.388 29.532
      vertex -29.6 11.098 29.6521
    endloop
  endfacet
  facet normal -0 -0.382624 -0.923904
    outer loop
      vertex -29.6 11.388 29.532
      vertex -32 11.098 29.6521
      vertex -32 11.388 29.532
    endloop
  endfacet
  facet normal 0 -0.649478 0.76038
    outer loop
      vertex -32 11.8942 12.8358
      vertex -29.6 11.6556 12.632
      vertex -29.6 11.8942 12.8358
    endloop
  endfacet
  facet normal 0 -0.649478 0.76038
    outer loop
      vertex -29.6 11.6556 12.632
      vertex -32 11.8942 12.8358
      vertex -32 11.6556 12.632
    endloop
  endfacet
  facet normal 0 0.76038 0.649478
    outer loop
      vertex -29.6 -11.8942 12.8358
      vertex -32 -12.098 13.0744
      vertex -29.6 -12.098 13.0744
    endloop
  endfacet
  facet normal 0 0.76038 0.649478
    outer loop
      vertex -32 -12.098 13.0744
      vertex -29.6 -11.8942 12.8358
      vertex -32 -11.8942 12.8358
    endloop
  endfacet
  facet normal 0 0.382624 -0.923904
    outer loop
      vertex -32 -11.388 29.532
      vertex -29.6 -11.098 29.6521
      vertex -29.6 -11.388 29.532
    endloop
  endfacet
  facet normal 0 0.382624 -0.923904
    outer loop
      vertex -29.6 -11.098 29.6521
      vertex -32 -11.388 29.532
      vertex -32 -11.098 29.6521
    endloop
  endfacet
  facet normal 0 0.923904 -0.382624
    outer loop
      vertex -29.6 -12.3821 28.368
      vertex -32 -12.262 28.658
      vertex -29.6 -12.262 28.658
    endloop
  endfacet
  facet normal 0 0.923904 -0.382624
    outer loop
      vertex -32 -12.262 28.658
      vertex -29.6 -12.3821 28.368
      vertex -32 -12.3821 28.368
    endloop
  endfacet
  facet normal 0 0.85262 -0.522532
    outer loop
      vertex -29.6 -12.262 28.658
      vertex -32 -12.098 28.9256
      vertex -29.6 -12.098 28.9256
    endloop
  endfacet
  facet normal 0 0.85262 -0.522532
    outer loop
      vertex -32 -12.098 28.9256
      vertex -29.6 -12.262 28.658
      vertex -32 -12.262 28.658
    endloop
  endfacet
  facet normal 0 0.85262 0.522532
    outer loop
      vertex -29.6 -12.098 13.0744
      vertex -32 -12.262 13.342
      vertex -29.6 -12.262 13.342
    endloop
  endfacet
  facet normal 0 0.85262 0.522532
    outer loop
      vertex -32 -12.262 13.342
      vertex -29.6 -12.098 13.0744
      vertex -32 -12.098 13.0744
    endloop
  endfacet
  facet normal 0 0.649478 -0.76038
    outer loop
      vertex -32 -11.8942 29.1642
      vertex -29.6 -11.6556 29.368
      vertex -29.6 -11.8942 29.1642
    endloop
  endfacet
  facet normal 0 0.649478 -0.76038
    outer loop
      vertex -29.6 -11.6556 29.368
      vertex -32 -11.8942 29.1642
      vertex -32 -11.6556 29.368
    endloop
  endfacet
  facet normal 0 1 -0
    outer loop
      vertex -29.6 -12.48 14.25
      vertex -32 -12.48 27.75
      vertex -29.6 -12.48 27.75
    endloop
  endfacet
  facet normal 0 1 0
    outer loop
      vertex -32 -12.48 27.75
      vertex -29.6 -12.48 14.25
      vertex -32 -12.48 14.25
    endloop
  endfacet
  facet normal 0 -0.522532 0.85262
    outer loop
      vertex -32 11.6556 12.632
      vertex -29.6 11.388 12.468
      vertex -29.6 11.6556 12.632
    endloop
  endfacet
  facet normal 0 -0.522532 0.85262
    outer loop
      vertex -29.6 11.388 12.468
      vertex -32 11.6556 12.632
      vertex -32 11.388 12.468
    endloop
  endfacet
  facet normal 0.197819 -0.374568 0.905851
    outer loop
      vertex 32 10.2658 12.4406
      vertex 32 10.3947 12.4939
      vertex 30.4 9.6 12.5147
    endloop
  endfacet
  facet normal 0.163916 -0.749885 -0.64094
    outer loop
      vertex 32 15.4243 24.5225
      vertex 32 15.3337 24.6285
      vertex 30.4 18.0853 21
    endloop
  endfacet
  facet normal 1 0 0
    outer loop
      vertex 30.4 9.6 29.4853
      vertex 30.4 9.6 12.5147
      vertex 30.4 18.0853 21
    endloop
  endfacet
  facet normal 1 0 -0
    outer loop
      vertex 30.4 9.6 12.5147
      vertex 30.4 9.6 29.4853
      vertex 30.4 1.11472 21
    endloop
  endfacet
  facet normal 0.973381 0.211734 0.0877348
    outer loop
      vertex 32 -4.88387 17.7253
      vertex 32 -4.8305 17.5965
      vertex 30.4 1.11472 21
    endloop
  endfacet
  facet normal 0.261295 -0.504538 0.822901
    outer loop
      vertex 32 10.3947 12.4939
      vertex 32 10.5136 12.5668
      vertex 30.4 9.6 12.5147
    endloop
  endfacet
  facet normal 0.913157 0.155791 -0.37666
    outer loop
      vertex 32 0.400872 29.5594
      vertex 32 0.272007 29.5061
      vertex 30.4 9.6 29.4853
    endloop
  endfacet
  facet normal 0.811498 0.136567 0.568172
    outer loop
      vertex 32 0.400872 12.4406
      vertex 32 0.536501 12.408
      vertex 30.4 9.6 12.5147
    endloop
  endfacet
  facet normal 0.361352 -0.659327 -0.659327
    outer loop
      vertex 30.4 9.6 29.4853
      vertex 32 15.3337 24.6285
      vertex 32 10.6196 29.3426
    endloop
  endfacet
  facet normal 0.361352 -0.659327 -0.659327
    outer loop
      vertex 32 15.3337 24.6285
      vertex 30.4 9.6 29.4853
      vertex 30.4 18.0853 21
    endloop
  endfacet
  facet normal 0.973058 0.175272 -0.149791
    outer loop
      vertex 32 -4.66703 24.6285
      vertex 32 -4.75762 24.5225
      vertex 30.4 1.11472 21
    endloop
  endfacet
  facet normal 0.966681 0.255985 0
    outer loop
      vertex 32 -4.92738 24
      vertex 32 -4.92738 18
      vertex 30.4 1.11472 21
    endloop
  endfacet
  facet normal 0.97183 0.229166 0.0550439
    outer loop
      vertex 32 -4.91644 17.8609
      vertex 32 -4.88387 17.7253
      vertex 30.4 1.11472 21
    endloop
  endfacet
  facet normal 0.972287 0.165315 -0.165314
    outer loop
      vertex 32 0.047015 29.3426
      vertex 30.4 1.11472 21
      vertex 30.4 9.6 29.4853
    endloop
  endfacet
  facet normal 0.972287 0.165316 -0.165314
    outer loop
      vertex 30.4 1.11472 21
      vertex 32 0.047015 29.3426
      vertex 32 -4.66703 24.6285
    endloop
  endfacet
  facet normal 0.0919814 -0.0777958 -0.992717
    outer loop
      vertex 32 10.1302 29.592
      vertex 32 9.99111 29.6029
      vertex 30.4 9.6 29.4853
    endloop
  endfacet
  facet normal 0.972287 0.165315 0.165314
    outer loop
      vertex 30.4 1.11472 21
      vertex 32 0.047015 12.6574
      vertex 30.4 9.6 12.5147
    endloop
  endfacet
  facet normal 0.972287 0.165316 0.165314
    outer loop
      vertex 32 0.047015 12.6574
      vertex 30.4 1.11472 21
      vertex 32 -4.66703 17.3715
    endloop
  endfacet
  facet normal 0.913157 0.155791 0.37666
    outer loop
      vertex 32 0.272007 12.4939
      vertex 32 0.400872 12.4406
      vertex 30.4 9.6 12.5147
    endloop
  endfacet
  facet normal 0.950466 0.162439 0.265004
    outer loop
      vertex 32 0.153078 12.5668
      vertex 32 0.272007 12.4939
      vertex 30.4 9.6 12.5147
    endloop
  endfacet
  facet normal 0.0733023 -0 0.99731
    outer loop
      vertex 32 0.675554 12.3971
      vertex 32 9.99111 12.3971
      vertex 30.4 9.6 12.5147
    endloop
  endfacet
  facet normal 0 -0.797875 0.602823
    outer loop
      vertex 30.4 18.0853 21
      vertex 32 18 20.8871
      vertex 31.9933 18.0853 21
    endloop
  endfacet
  facet normal -6.19424e-06 -0.797917 0.602767
    outer loop
      vertex 32 18 20.8871
      vertex 30.4 18.0853 21
      vertex 32 15.4243 17.4775
    endloop
  endfacet
  facet normal 0.0733023 0 -0.99731
    outer loop
      vertex 32 9.99111 29.6029
      vertex 32 0.675554 29.6029
      vertex 30.4 9.6 29.4853
    endloop
  endfacet
  facet normal 0.950466 0.162439 -0.265004
    outer loop
      vertex 32 0.272007 29.5061
      vertex 32 0.153078 29.4332
      vertex 30.4 9.6 29.4853
    endloop
  endfacet
  facet normal 0.453736 0.0696402 0.888411
    outer loop
      vertex 32 0.536501 12.408
      vertex 32 0.675554 12.3971
      vertex 30.4 9.6 12.5147
    endloop
  endfacet
  facet normal 0.967241 0.164884 0.193025
    outer loop
      vertex 32 0.047015 12.6574
      vertex 32 0.153078 12.5668
      vertex 30.4 9.6 12.5147
    endloop
  endfacet
  facet normal 0.97377 0.194035 -0.118834
    outer loop
      vertex 32 -4.75762 24.5225
      vertex 32 -4.8305 24.4035
      vertex 30.4 1.11472 21
    endloop
  endfacet
  facet normal 0.163916 -0.749885 0.64094
    outer loop
      vertex 32 15.3337 17.3715
      vertex 32 15.4243 17.4775
      vertex 30.4 18.0853 21
    endloop
  endfacet
  facet normal 0.327185 -0.613967 -0.718328
    outer loop
      vertex 32 10.6196 29.3426
      vertex 32 10.5136 29.4332
      vertex 30.4 9.6 29.4853
    endloop
  endfacet
  facet normal -6.19424e-06 -0.797917 -0.602767
    outer loop
      vertex 30.4 18.0853 21
      vertex 32 18 21.1129
      vertex 32 15.4243 24.5225
    endloop
  endfacet
  facet normal 0 -0.797875 -0.602823
    outer loop
      vertex 32 18 21.1129
      vertex 30.4 18.0853 21
      vertex 31.9933 18.0853 21
    endloop
  endfacet
  facet normal 0.197819 -0.374568 -0.905851
    outer loop
      vertex 32 10.3947 29.5061
      vertex 32 10.2658 29.5594
      vertex 30.4 9.6 29.4853
    endloop
  endfacet
  facet normal 0.140881 -0.231421 -0.962599
    outer loop
      vertex 32 10.2658 29.5594
      vertex 32 10.1302 29.592
      vertex 30.4 9.6 29.4853
    endloop
  endfacet
  facet normal 0.967241 0.164884 -0.193025
    outer loop
      vertex 32 0.153078 29.4332
      vertex 32 0.047015 29.3426
      vertex 30.4 9.6 29.4853
    endloop
  endfacet
  facet normal 0.0919814 -0.0777958 0.992717
    outer loop
      vertex 32 9.99111 12.3971
      vertex 32 10.1302 12.408
      vertex 30.4 9.6 12.5147
    endloop
  endfacet
  facet normal 0.140881 -0.231421 0.962599
    outer loop
      vertex 32 10.1302 12.408
      vertex 32 10.2658 12.4406
      vertex 30.4 9.6 12.5147
    endloop
  endfacet
  facet normal 0.968842 0.246916 0.0194195
    outer loop
      vertex 32 -4.92738 18
      vertex 32 -4.91644 17.8609
      vertex 30.4 1.11472 21
    endloop
  endfacet
  facet normal 0.97183 0.229166 -0.0550439
    outer loop
      vertex 32 -4.88387 24.2747
      vertex 32 -4.91644 24.1391
      vertex 30.4 1.11472 21
    endloop
  endfacet
  facet normal 0.968842 0.246916 -0.0194195
    outer loop
      vertex 32 -4.91644 24.1391
      vertex 32 -4.92738 24
      vertex 30.4 1.11472 21
    endloop
  endfacet
  facet normal 0.453736 0.0696402 -0.888411
    outer loop
      vertex 32 0.675554 29.6029
      vertex 32 0.536501 29.592
      vertex 30.4 9.6 29.4853
    endloop
  endfacet
  facet normal 0.811498 0.136567 -0.568172
    outer loop
      vertex 32 0.536501 29.592
      vertex 32 0.400872 29.5594
      vertex 30.4 9.6 29.4853
    endloop
  endfacet
  facet normal 0.261295 -0.504538 -0.822901
    outer loop
      vertex 32 10.5136 29.4332
      vertex 32 10.3947 29.5061
      vertex 30.4 9.6 29.4853
    endloop
  endfacet
  facet normal 0.973381 0.211734 -0.0877348
    outer loop
      vertex 32 -4.8305 24.4035
      vertex 32 -4.88387 24.2747
      vertex 30.4 1.11472 21
    endloop
  endfacet
  facet normal 0.973058 0.175272 0.149791
    outer loop
      vertex 32 -4.75762 17.4775
      vertex 32 -4.66703 17.3715
      vertex 30.4 1.11472 21
    endloop
  endfacet
  facet normal 0.327185 -0.613967 0.718328
    outer loop
      vertex 32 10.5136 12.5668
      vertex 32 10.6196 12.6574
      vertex 30.4 9.6 12.5147
    endloop
  endfacet
  facet normal 0.361352 -0.659327 0.659327
    outer loop
      vertex 30.4 9.6 12.5147
      vertex 32 15.3337 17.3715
      vertex 30.4 18.0853 21
    endloop
  endfacet
  facet normal 0.361352 -0.659327 0.659327
    outer loop
      vertex 32 15.3337 17.3715
      vertex 30.4 9.6 12.5147
      vertex 32 10.6196 12.6574
    endloop
  endfacet
  facet normal 0.97377 0.194035 0.118834
    outer loop
      vertex 32 -4.8305 17.5965
      vertex 32 -4.75762 17.4775
      vertex 30.4 1.11472 21
    endloop
  endfacet
  facet normal 0 0 1
    outer loop
      vertex 32 18 48
      vertex 31.1261 18.1386 48
      vertex 31.2 17.2 48
    endloop
  endfacet
  facet normal 0 0 1
    outer loop
      vertex 31.7063 19.8541 48
      vertex 30.9063 19.0541 48
      vertex 31.1261 18.1386 48
    endloop
  endfacet
  facet normal -0 0 1
    outer loop
      vertex 30.0541 20.7267 48
      vertex 31.346 20.7239 48
      vertex 30.8541 21.5267 48
    endloop
  endfacet
  facet normal 0 0 1
    outer loop
      vertex 31.7063 19.8541 48
      vertex 30.546 19.9239 48
      vertex 30.9063 19.0541 48
    endloop
  endfacet
  facet normal 0 0 1
    outer loop
      vertex 29.4426 21.4426 48
      vertex 30.8541 21.5267 48
      vertex 30.2426 22.2426 48
    endloop
  endfacet
  facet normal 0 0 1
    outer loop
      vertex 31.346 20.7239 48
      vertex 30.0541 20.7267 48
      vertex 30.546 19.9239 48
    endloop
  endfacet
  facet normal 0 0 1
    outer loop
      vertex 29.4426 21.4426 48
      vertex 30.2426 22.2426 48
      vertex 29.5267 22.8541 48
    endloop
  endfacet
  facet normal 0 0 1
    outer loop
      vertex 30.8541 21.5267 48
      vertex 29.4426 21.4426 48
      vertex 30.0541 20.7267 48
    endloop
  endfacet
  facet normal 0 0 1
    outer loop
      vertex 29.5267 22.8541 48
      vertex 28.7267 22.0541 48
      vertex 29.4426 21.4426 48
    endloop
  endfacet
  facet normal 0 0 1
    outer loop
      vertex 28.7239 23.346 48
      vertex 28.7267 22.0541 48
      vertex 29.5267 22.8541 48
    endloop
  endfacet
  facet normal 0 0 1
    outer loop
      vertex 28.7239 23.346 48
      vertex 27.9239 22.546 48
      vertex 28.7267 22.0541 48
    endloop
  endfacet
  facet normal 0 0 1
    outer loop
      vertex 27.8541 23.7063 48
      vertex 27.9239 22.546 48
      vertex 28.7239 23.346 48
    endloop
  endfacet
  facet normal 0 0 1
    outer loop
      vertex 27.8541 23.7063 48
      vertex 27.0541 22.9063 48
      vertex 27.9239 22.546 48
    endloop
  endfacet
  facet normal 0 0 1
    outer loop
      vertex 26.9386 23.9261 48
      vertex 27.0541 22.9063 48
      vertex 27.8541 23.7063 48
    endloop
  endfacet
  facet normal 0 0 1
    outer loop
      vertex 26.9386 23.9261 48
      vertex 26.1386 23.1261 48
      vertex 27.0541 22.9063 48
    endloop
  endfacet
  facet normal 0 0 1
    outer loop
      vertex 26 24 48
      vertex 26.1386 23.1261 48
      vertex 26.9386 23.9261 48
    endloop
  endfacet
  facet normal 0 0 1
    outer loop
      vertex 26 24 48
      vertex 25.2 23.2 48
      vertex 26.1386 23.1261 48
    endloop
  endfacet
  facet normal 0 0 1
    outer loop
      vertex 26 24 48
      vertex -25.2 23.2 48
      vertex 25.2 23.2 48
    endloop
  endfacet
  facet normal -0 0 1
    outer loop
      vertex -26 24 48
      vertex -25.2 23.2 48
      vertex 26 24 48
    endloop
  endfacet
  facet normal 0 0 1
    outer loop
      vertex -26 24 48
      vertex -26.1386 23.1261 48
      vertex -25.2 23.2 48
    endloop
  endfacet
  facet normal -0 0 1
    outer loop
      vertex -26.9386 23.9261 48
      vertex -26.1386 23.1261 48
      vertex -26 24 48
    endloop
  endfacet
  facet normal 0 0 1
    outer loop
      vertex -26.9386 23.9261 48
      vertex -27.0541 22.9063 48
      vertex -26.1386 23.1261 48
    endloop
  endfacet
  facet normal -0 0 1
    outer loop
      vertex -27.8541 23.7063 48
      vertex -27.0541 22.9063 48
      vertex -26.9386 23.9261 48
    endloop
  endfacet
  facet normal 0 0 1
    outer loop
      vertex -27.8541 23.7063 48
      vertex -27.9239 22.546 48
      vertex -27.0541 22.9063 48
    endloop
  endfacet
  facet normal -0 0 1
    outer loop
      vertex -28.7239 23.346 48
      vertex -27.9239 22.546 48
      vertex -27.8541 23.7063 48
    endloop
  endfacet
  facet normal 0 0 1
    outer loop
      vertex -28.7239 23.346 48
      vertex -28.7267 22.0541 48
      vertex -27.9239 22.546 48
    endloop
  endfacet
  facet normal -0 0 1
    outer loop
      vertex -29.5267 22.8541 48
      vertex -28.7267 22.0541 48
      vertex -28.7239 23.346 48
    endloop
  endfacet
  facet normal 0 0 1
    outer loop
      vertex -28.7267 22.0541 48
      vertex -29.5267 22.8541 48
      vertex -29.4426 21.4426 48
    endloop
  endfacet
  facet normal -0 0 1
    outer loop
      vertex -30.2426 22.2426 48
      vertex -29.4426 21.4426 48
      vertex -29.5267 22.8541 48
    endloop
  endfacet
  facet normal -0 0 1
    outer loop
      vertex -30.8541 21.5267 48
      vertex -29.4426 21.4426 48
      vertex -30.2426 22.2426 48
    endloop
  endfacet
  facet normal 0 0 1
    outer loop
      vertex -29.4426 21.4426 48
      vertex -30.8541 21.5267 48
      vertex -30.0541 20.7267 48
    endloop
  endfacet
  facet normal 0 0 1
    outer loop
      vertex -31.346 20.7239 48
      vertex -30.0541 20.7267 48
      vertex -30.8541 21.5267 48
    endloop
  endfacet
  facet normal 0 0 1
    outer loop
      vertex -30.0541 20.7267 48
      vertex -31.346 20.7239 48
      vertex -30.546 19.9239 48
    endloop
  endfacet
  facet normal 0 0 1
    outer loop
      vertex -31.7063 19.8541 48
      vertex -30.546 19.9239 48
      vertex -31.346 20.7239 48
    endloop
  endfacet
  facet normal 0 0 1
    outer loop
      vertex -30.9063 19.0541 48
      vertex -31.9261 18.9386 48
      vertex -31.1261 18.1386 48
    endloop
  endfacet
  facet normal 0 0 1
    outer loop
      vertex -31.9261 18.9386 48
      vertex -30.9063 19.0541 48
      vertex -31.7063 19.8541 48
    endloop
  endfacet
  facet normal 0 0 1
    outer loop
      vertex -30.546 19.9239 48
      vertex -31.7063 19.8541 48
      vertex -30.9063 19.0541 48
    endloop
  endfacet
  facet normal -0 0 1
    outer loop
      vertex 31.1261 18.1386 48
      vertex 32 18 48
      vertex 31.9261 18.9386 48
    endloop
  endfacet
  facet normal 0 0 1
    outer loop
      vertex 31.1261 18.1386 48
      vertex 31.9261 18.9386 48
      vertex 31.7063 19.8541 48
    endloop
  endfacet
  facet normal -0 0 1
    outer loop
      vertex 30.546 19.9239 48
      vertex 31.7063 19.8541 48
      vertex 31.346 20.7239 48
    endloop
  endfacet
  facet normal 0 0 1
    outer loop
      vertex 32 18 48
      vertex 31.2 17.2 48
      vertex 32 4 48
    endloop
  endfacet
  facet normal 0 0 1
    outer loop
      vertex 32 4 48
      vertex 31.2 17.2 48
      vertex 31.2 4 48
    endloop
  endfacet
  facet normal -0 0 1
    outer loop
      vertex 31.2 -17.2 48
      vertex 32 -18 48
      vertex 32 -4 48
    endloop
  endfacet
  facet normal 0 0 1
    outer loop
      vertex 31.1261 -18.1386 48
      vertex 32 -18 48
      vertex 31.2 -17.2 48
    endloop
  endfacet
  facet normal 0 0 1
    outer loop
      vertex 32 -18 48
      vertex 31.1261 -18.1386 48
      vertex 31.9261 -18.9386 48
    endloop
  endfacet
  facet normal 0 0 1
    outer loop
      vertex 31.2 -17.2 48
      vertex 32 -4 48
      vertex 31.2 -4 48
    endloop
  endfacet
  facet normal 0 0 1
    outer loop
      vertex 30.9063 -19.0541 48
      vertex 31.9261 -18.9386 48
      vertex 31.1261 -18.1386 48
    endloop
  endfacet
  facet normal 0 0 1
    outer loop
      vertex 31.9261 -18.9386 48
      vertex 30.9063 -19.0541 48
      vertex 31.7063 -19.8541 48
    endloop
  endfacet
  facet normal 0 0 1
    outer loop
      vertex 30.546 -19.9239 48
      vertex 31.7063 -19.8541 48
      vertex 30.9063 -19.0541 48
    endloop
  endfacet
  facet normal 0 0 1
    outer loop
      vertex 31.7063 -19.8541 48
      vertex 30.546 -19.9239 48
      vertex 31.346 -20.7239 48
    endloop
  endfacet
  facet normal 0 0 1
    outer loop
      vertex 30.0541 -20.7267 48
      vertex 31.346 -20.7239 48
      vertex 30.546 -19.9239 48
    endloop
  endfacet
  facet normal 0 0 1
    outer loop
      vertex 31.346 -20.7239 48
      vertex 30.0541 -20.7267 48
      vertex 30.8541 -21.5267 48
    endloop
  endfacet
  facet normal -0 0 1
    outer loop
      vertex 29.4426 -21.4426 48
      vertex 30.8541 -21.5267 48
      vertex 30.0541 -20.7267 48
    endloop
  endfacet
  facet normal 0 0 1
    outer loop
      vertex 30.8541 -21.5267 48
      vertex 29.4426 -21.4426 48
      vertex 30.2426 -22.2426 48
    endloop
  endfacet
  facet normal 0 0 1
    outer loop
      vertex 30.2426 -22.2426 48
      vertex 29.4426 -21.4426 48
      vertex 29.5267 -22.8541 48
    endloop
  endfacet
  facet normal -0 0 1
    outer loop
      vertex 28.7267 -22.0541 48
      vertex 29.5267 -22.8541 48
      vertex 29.4426 -21.4426 48
    endloop
  endfacet
  facet normal 0 0 1
    outer loop
      vertex 28.7267 -22.0541 48
      vertex 28.7239 -23.346 48
      vertex 29.5267 -22.8541 48
    endloop
  endfacet
  facet normal -0 0 1
    outer loop
      vertex 27.9239 -22.546 48
      vertex 28.7239 -23.346 48
      vertex 28.7267 -22.0541 48
    endloop
  endfacet
  facet normal 0 0 1
    outer loop
      vertex 27.9239 -22.546 48
      vertex 27.8541 -23.7063 48
      vertex 28.7239 -23.346 48
    endloop
  endfacet
  facet normal -0 0 1
    outer loop
      vertex 27.0541 -22.9063 48
      vertex 27.8541 -23.7063 48
      vertex 27.9239 -22.546 48
    endloop
  endfacet
  facet normal 0 0 1
    outer loop
      vertex 27.0541 -22.9063 48
      vertex 26.9386 -23.9261 48
      vertex 27.8541 -23.7063 48
    endloop
  endfacet
  facet normal -0 0 1
    outer loop
      vertex 26.1386 -23.1261 48
      vertex 26.9386 -23.9261 48
      vertex 27.0541 -22.9063 48
    endloop
  endfacet
  facet normal 0 0 1
    outer loop
      vertex 26.1386 -23.1261 48
      vertex 26 -24 48
      vertex 26.9386 -23.9261 48
    endloop
  endfacet
  facet normal -0 0 1
    outer loop
      vertex 25.2 -23.2 48
      vertex 26 -24 48
      vertex 26.1386 -23.1261 48
    endloop
  endfacet
  facet normal -0 0 1
    outer loop
      vertex -25.2 -23.2 48
      vertex 26 -24 48
      vertex 25.2 -23.2 48
    endloop
  endfacet
  facet normal 0 0 1
    outer loop
      vertex -25.2 -23.2 48
      vertex -26 -24 48
      vertex 26 -24 48
    endloop
  endfacet
  facet normal 0 0 1
    outer loop
      vertex -26.1386 -23.1261 48
      vertex -26 -24 48
      vertex -25.2 -23.2 48
    endloop
  endfacet
  facet normal 0 0 1
    outer loop
      vertex -26.1386 -23.1261 48
      vertex -26.9386 -23.9261 48
      vertex -26 -24 48
    endloop
  endfacet
  facet normal 0 0 1
    outer loop
      vertex -27.0541 -22.9063 48
      vertex -26.9386 -23.9261 48
      vertex -26.1386 -23.1261 48
    endloop
  endfacet
  facet normal 0 0 1
    outer loop
      vertex -27.0541 -22.9063 48
      vertex -27.8541 -23.7063 48
      vertex -26.9386 -23.9261 48
    endloop
  endfacet
  facet normal 0 0 1
    outer loop
      vertex -27.9239 -22.546 48
      vertex -27.8541 -23.7063 48
      vertex -27.0541 -22.9063 48
    endloop
  endfacet
  facet normal 0 0 1
    outer loop
      vertex -27.9239 -22.546 48
      vertex -28.7239 -23.346 48
      vertex -27.8541 -23.7063 48
    endloop
  endfacet
  facet normal 0 0 1
    outer loop
      vertex -28.7267 -22.0541 48
      vertex -28.7239 -23.346 48
      vertex -27.9239 -22.546 48
    endloop
  endfacet
  facet normal 0 0 1
    outer loop
      vertex -29.5267 -22.8541 48
      vertex -28.7267 -22.0541 48
      vertex -29.4426 -21.4426 48
    endloop
  endfacet
  facet normal 0 0 1
    outer loop
      vertex -28.7267 -22.0541 48
      vertex -29.5267 -22.8541 48
      vertex -28.7239 -23.346 48
    endloop
  endfacet
  facet normal 0 0 1
    outer loop
      vertex -30.8541 -21.5267 48
      vertex -29.4426 -21.4426 48
      vertex -30.0541 -20.7267 48
    endloop
  endfacet
  facet normal 0 0 1
    outer loop
      vertex -29.4426 -21.4426 48
      vertex -30.2426 -22.2426 48
      vertex -29.5267 -22.8541 48
    endloop
  endfacet
  facet normal -0 0 1
    outer loop
      vertex -31.346 -20.7239 48
      vertex -30.0541 -20.7267 48
      vertex -30.546 -19.9239 48
    endloop
  endfacet
  facet normal 0 0 1
    outer loop
      vertex -29.4426 -21.4426 48
      vertex -30.8541 -21.5267 48
      vertex -30.2426 -22.2426 48
    endloop
  endfacet
  facet normal -0 0 1
    outer loop
      vertex -31.7063 -19.8541 48
      vertex -30.546 -19.9239 48
      vertex -30.9063 -19.0541 48
    endloop
  endfacet
  facet normal -0 0 1
    outer loop
      vertex -31.9261 -18.9386 48
      vertex -30.9063 -19.0541 48
      vertex -31.1261 -18.1386 48
    endloop
  endfacet
  facet normal 0 0 1
    outer loop
      vertex -30.0541 -20.7267 48
      vertex -31.346 -20.7239 48
      vertex -30.8541 -21.5267 48
    endloop
  endfacet
  facet normal -0 0 1
    outer loop
      vertex -32 -18 48
      vertex -31.1261 -18.1386 48
      vertex -31.2 -17.2 48
    endloop
  endfacet
  facet normal 0 0 1
    outer loop
      vertex -31.2 17.2 48
      vertex -32 18 48
      vertex -31.2 -17.2 48
    endloop
  endfacet
  facet normal 0 0 1
    outer loop
      vertex -32 18 48
      vertex -31.1261 18.1386 48
      vertex -31.9261 18.9386 48
    endloop
  endfacet
  facet normal 0 0 1
    outer loop
      vertex -32 -18 48
      vertex -31.2 -17.2 48
      vertex -32 18 48
    endloop
  endfacet
  facet normal 0 0 1
    outer loop
      vertex -31.1261 18.1386 48
      vertex -32 18 48
      vertex -31.2 17.2 48
    endloop
  endfacet
  facet normal 0 0 1
    outer loop
      vertex -31.1261 -18.1386 48
      vertex -32 -18 48
      vertex -31.9261 -18.9386 48
    endloop
  endfacet
  facet normal 0 0 1
    outer loop
      vertex -30.546 -19.9239 48
      vertex -31.7063 -19.8541 48
      vertex -31.346 -20.7239 48
    endloop
  endfacet
  facet normal 0 0 1
    outer loop
      vertex -30.9063 -19.0541 48
      vertex -31.9261 -18.9386 48
      vertex -31.7063 -19.8541 48
    endloop
  endfacet
  facet normal -0.382699 -0.923873 0
    outer loop
      vertex -27.9239 -22.546 48
      vertex -27.0541 -22.9063 50
      vertex -27.9239 -22.546 50
    endloop
  endfacet
  facet normal -0.382699 -0.923873 -0
    outer loop
      vertex -27.0541 -22.9063 50
      vertex -27.9239 -22.546 48
      vertex -27.0541 -22.9063 48
    endloop
  endfacet
  facet normal 0.649487 0.760373 -0
    outer loop
      vertex 29.4426 21.4426 48
      vertex 28.7267 22.0541 50
      vertex 29.4426 21.4426 50
    endloop
  endfacet
  facet normal 0.649487 0.760373 0
    outer loop
      vertex 28.7267 22.0541 50
      vertex 29.4426 21.4426 48
      vertex 28.7267 22.0541 48
    endloop
  endfacet
  facet normal 0.0784914 -0.996915 0
    outer loop
      vertex 25.2 -23.2 48
      vertex 26.1386 -23.1261 50
      vertex 25.2 -23.2 50
    endloop
  endfacet
  facet normal 0.0784914 -0.996915 0
    outer loop
      vertex 26.1386 -23.1261 50
      vertex 25.2 -23.2 48
      vertex 26.1386 -23.1261 48
    endloop
  endfacet
  facet normal 0.923873 -0.382699 0
    outer loop
      vertex 30.546 -19.9239 50
      vertex 30.9063 -19.0541 48
      vertex 30.9063 -19.0541 50
    endloop
  endfacet
  facet normal 0.923873 -0.382699 0
    outer loop
      vertex 30.9063 -19.0541 48
      vertex 30.546 -19.9239 50
      vertex 30.546 -19.9239 48
    endloop
  endfacet
  facet normal -0.233453 -0.972368 0
    outer loop
      vertex -27.0541 -22.9063 48
      vertex -26.1386 -23.1261 50
      vertex -27.0541 -22.9063 50
    endloop
  endfacet
  facet normal -0.233453 -0.972368 -0
    outer loop
      vertex -26.1386 -23.1261 50
      vertex -27.0541 -22.9063 48
      vertex -26.1386 -23.1261 48
    endloop
  endfacet
  facet normal -0.972368 -0.233453 0
    outer loop
      vertex -30.9063 -19.0541 48
      vertex -31.1261 -18.1386 50
      vertex -31.1261 -18.1386 48
    endloop
  endfacet
  facet normal -0.972368 -0.233453 0
    outer loop
      vertex -31.1261 -18.1386 50
      vertex -30.9063 -19.0541 48
      vertex -30.9063 -19.0541 50
    endloop
  endfacet
  facet normal -0.0784914 -0.996915 0
    outer loop
      vertex -26.1386 -23.1261 48
      vertex -25.2 -23.2 50
      vertex -26.1386 -23.1261 50
    endloop
  endfacet
  facet normal -0.0784914 -0.996915 -0
    outer loop
      vertex -25.2 -23.2 50
      vertex -26.1386 -23.1261 48
      vertex -25.2 -23.2 48
    endloop
  endfacet
  facet normal 0 1 -0
    outer loop
      vertex 25.2 23.2 48
      vertex -25.2 23.2 50
      vertex 25.2 23.2 50
    endloop
  endfacet
  facet normal 0 1 0
    outer loop
      vertex -25.2 23.2 50
      vertex 25.2 23.2 48
      vertex -25.2 23.2 48
    endloop
  endfacet
  facet normal 0.382699 0.923873 -0
    outer loop
      vertex 27.9239 22.546 48
      vertex 27.0541 22.9063 50
      vertex 27.9239 22.546 50
    endloop
  endfacet
  facet normal 0.382699 0.923873 0
    outer loop
      vertex 27.0541 22.9063 50
      vertex 27.9239 22.546 48
      vertex 27.0541 22.9063 48
    endloop
  endfacet
  facet normal -1 0 0
    outer loop
      vertex -31.2 -17.2 48
      vertex -31.2 17.2 50
      vertex -31.2 17.2 48
    endloop
  endfacet
  facet normal -1 -0 0
    outer loop
      vertex -31.2 17.2 50
      vertex -31.2 -17.2 48
      vertex -31.2 -17.2 50
    endloop
  endfacet
  facet normal 0.923873 0.382699 0
    outer loop
      vertex 30.9063 19.0541 50
      vertex 30.546 19.9239 48
      vertex 30.546 19.9239 50
    endloop
  endfacet
  facet normal 0.923873 0.382699 0
    outer loop
      vertex 30.546 19.9239 48
      vertex 30.9063 19.0541 50
      vertex 30.9063 19.0541 48
    endloop
  endfacet
  facet normal 0.233453 0.972368 -0
    outer loop
      vertex 27.0541 22.9063 48
      vertex 26.1386 23.1261 50
      vertex 27.0541 22.9063 50
    endloop
  endfacet
  facet normal 0.233453 0.972368 0
    outer loop
      vertex 26.1386 23.1261 50
      vertex 27.0541 22.9063 48
      vertex 26.1386 23.1261 48
    endloop
  endfacet
  facet normal 0.233453 -0.972368 0
    outer loop
      vertex 26.1386 -23.1261 48
      vertex 27.0541 -22.9063 50
      vertex 26.1386 -23.1261 50
    endloop
  endfacet
  facet normal 0.233453 -0.972368 0
    outer loop
      vertex 27.0541 -22.9063 50
      vertex 26.1386 -23.1261 48
      vertex 27.0541 -22.9063 48
    endloop
  endfacet
  facet normal -0.522455 0.852667 0
    outer loop
      vertex -27.9239 22.546 48
      vertex -28.7267 22.0541 50
      vertex -27.9239 22.546 50
    endloop
  endfacet
  facet normal -0.522455 0.852667 0
    outer loop
      vertex -28.7267 22.0541 50
      vertex -27.9239 22.546 48
      vertex -28.7267 22.0541 48
    endloop
  endfacet
  facet normal 0.0784914 0.996915 -0
    outer loop
      vertex 26.1386 23.1261 48
      vertex 25.2 23.2 50
      vertex 26.1386 23.1261 50
    endloop
  endfacet
  facet normal 0.0784914 0.996915 0
    outer loop
      vertex 25.2 23.2 50
      vertex 26.1386 23.1261 48
      vertex 25.2 23.2 48
    endloop
  endfacet
  facet normal 1 -0 0
    outer loop
      vertex 31.2 4 50
      vertex 31.2 17.2 48
      vertex 31.2 17.2 50
    endloop
  endfacet
  facet normal 1 0 0
    outer loop
      vertex 31.2 17.2 48
      vertex 31.2 4 50
      vertex 31.2 4 48
    endloop
  endfacet
  facet normal 1 -0 0
    outer loop
      vertex 31.2 -17.2 50
      vertex 31.2 -4 48
      vertex 31.2 -4 50
    endloop
  endfacet
  facet normal 1 0 0
    outer loop
      vertex 31.2 -4 48
      vertex 31.2 -17.2 50
      vertex 31.2 -17.2 48
    endloop
  endfacet
  facet normal -0.382699 0.923873 0
    outer loop
      vertex -27.0541 22.9063 48
      vertex -27.9239 22.546 50
      vertex -27.0541 22.9063 50
    endloop
  endfacet
  facet normal -0.382699 0.923873 0
    outer loop
      vertex -27.9239 22.546 50
      vertex -27.0541 22.9063 48
      vertex -27.9239 22.546 48
    endloop
  endfacet
  facet normal -0.522455 -0.852667 0
    outer loop
      vertex -28.7267 -22.0541 48
      vertex -27.9239 -22.546 50
      vertex -28.7267 -22.0541 50
    endloop
  endfacet
  facet normal -0.522455 -0.852667 -0
    outer loop
      vertex -27.9239 -22.546 50
      vertex -28.7267 -22.0541 48
      vertex -27.9239 -22.546 48
    endloop
  endfacet
  facet normal 0.382699 -0.923873 0
    outer loop
      vertex 27.0541 -22.9063 48
      vertex 27.9239 -22.546 50
      vertex 27.0541 -22.9063 50
    endloop
  endfacet
  facet normal 0.382699 -0.923873 0
    outer loop
      vertex 27.9239 -22.546 50
      vertex 27.0541 -22.9063 48
      vertex 27.9239 -22.546 48
    endloop
  endfacet
  facet normal 0 -1 0
    outer loop
      vertex -25.2 -23.2 48
      vertex 25.2 -23.2 50
      vertex -25.2 -23.2 50
    endloop
  endfacet
  facet normal 0 -1 -0
    outer loop
      vertex 25.2 -23.2 50
      vertex -25.2 -23.2 48
      vertex 25.2 -23.2 48
    endloop
  endfacet
  facet normal -0.760373 0.649487 0
    outer loop
      vertex -30.0541 20.7267 48
      vertex -29.4426 21.4426 50
      vertex -29.4426 21.4426 48
    endloop
  endfacet
  facet normal -0.760373 0.649487 0
    outer loop
      vertex -29.4426 21.4426 50
      vertex -30.0541 20.7267 48
      vertex -30.0541 20.7267 50
    endloop
  endfacet
  facet normal 0.852667 -0.522455 0
    outer loop
      vertex 30.0541 -20.7267 50
      vertex 30.546 -19.9239 48
      vertex 30.546 -19.9239 50
    endloop
  endfacet
  facet normal 0.852667 -0.522455 0
    outer loop
      vertex 30.546 -19.9239 48
      vertex 30.0541 -20.7267 50
      vertex 30.0541 -20.7267 48
    endloop
  endfacet
  facet normal -0.923873 0.382699 0
    outer loop
      vertex -30.9063 19.0541 48
      vertex -30.546 19.9239 50
      vertex -30.546 19.9239 48
    endloop
  endfacet
  facet normal -0.923873 0.382699 0
    outer loop
      vertex -30.546 19.9239 50
      vertex -30.9063 19.0541 48
      vertex -30.9063 19.0541 50
    endloop
  endfacet
  facet normal -0.0784914 0.996915 0
    outer loop
      vertex -25.2 23.2 48
      vertex -26.1386 23.1261 50
      vertex -25.2 23.2 50
    endloop
  endfacet
  facet normal -0.0784914 0.996915 0
    outer loop
      vertex -26.1386 23.1261 50
      vertex -25.2 23.2 48
      vertex -26.1386 23.1261 48
    endloop
  endfacet
  facet normal 0.760373 -0.649487 0
    outer loop
      vertex 29.4426 -21.4426 50
      vertex 30.0541 -20.7267 48
      vertex 30.0541 -20.7267 50
    endloop
  endfacet
  facet normal 0.760373 -0.649487 0
    outer loop
      vertex 30.0541 -20.7267 48
      vertex 29.4426 -21.4426 50
      vertex 29.4426 -21.4426 48
    endloop
  endfacet
  facet normal -0.852667 0.522455 0
    outer loop
      vertex -30.546 19.9239 48
      vertex -30.0541 20.7267 50
      vertex -30.0541 20.7267 48
    endloop
  endfacet
  facet normal -0.852667 0.522455 0
    outer loop
      vertex -30.0541 20.7267 50
      vertex -30.546 19.9239 48
      vertex -30.546 19.9239 50
    endloop
  endfacet
  facet normal 0.522455 -0.852667 0
    outer loop
      vertex 27.9239 -22.546 48
      vertex 28.7267 -22.0541 50
      vertex 27.9239 -22.546 50
    endloop
  endfacet
  facet normal 0.522455 -0.852667 0
    outer loop
      vertex 28.7267 -22.0541 50
      vertex 27.9239 -22.546 48
      vertex 28.7267 -22.0541 48
    endloop
  endfacet
  facet normal -0.972368 0.233453 0
    outer loop
      vertex -31.1261 18.1386 48
      vertex -30.9063 19.0541 50
      vertex -30.9063 19.0541 48
    endloop
  endfacet
  facet normal -0.972368 0.233453 0
    outer loop
      vertex -30.9063 19.0541 50
      vertex -31.1261 18.1386 48
      vertex -31.1261 18.1386 50
    endloop
  endfacet
  facet normal -0.233453 0.972368 0
    outer loop
      vertex -26.1386 23.1261 48
      vertex -27.0541 22.9063 50
      vertex -26.1386 23.1261 50
    endloop
  endfacet
  facet normal -0.233453 0.972368 0
    outer loop
      vertex -27.0541 22.9063 50
      vertex -26.1386 23.1261 48
      vertex -27.0541 22.9063 48
    endloop
  endfacet
  facet normal 0.996915 0.0784914 0
    outer loop
      vertex 31.2 17.2 50
      vertex 31.1261 18.1386 48
      vertex 31.1261 18.1386 50
    endloop
  endfacet
  facet normal 0.996915 0.0784914 0
    outer loop
      vertex 31.1261 18.1386 48
      vertex 31.2 17.2 50
      vertex 31.2 17.2 48
    endloop
  endfacet
  facet normal 0.996915 -0.0784914 0
    outer loop
      vertex 31.1261 -18.1386 50
      vertex 31.2 -17.2 48
      vertex 31.2 -17.2 50
    endloop
  endfacet
  facet normal 0.996915 -0.0784914 0
    outer loop
      vertex 31.2 -17.2 48
      vertex 31.1261 -18.1386 50
      vertex 31.1261 -18.1386 48
    endloop
  endfacet
  facet normal 0.972368 -0.233453 0
    outer loop
      vertex 30.9063 -19.0541 50
      vertex 31.1261 -18.1386 48
      vertex 31.1261 -18.1386 50
    endloop
  endfacet
  facet normal 0.972368 -0.233453 0
    outer loop
      vertex 31.1261 -18.1386 48
      vertex 30.9063 -19.0541 50
      vertex 30.9063 -19.0541 48
    endloop
  endfacet
  facet normal -0.649487 -0.760373 0
    outer loop
      vertex -29.4426 -21.4426 48
      vertex -28.7267 -22.0541 50
      vertex -29.4426 -21.4426 50
    endloop
  endfacet
  facet normal -0.649487 -0.760373 -0
    outer loop
      vertex -28.7267 -22.0541 50
      vertex -29.4426 -21.4426 48
      vertex -28.7267 -22.0541 48
    endloop
  endfacet
  facet normal -0.649487 0.760373 0
    outer loop
      vertex -28.7267 22.0541 48
      vertex -29.4426 21.4426 50
      vertex -28.7267 22.0541 50
    endloop
  endfacet
  facet normal -0.649487 0.760373 0
    outer loop
      vertex -29.4426 21.4426 50
      vertex -28.7267 22.0541 48
      vertex -29.4426 21.4426 48
    endloop
  endfacet
  facet normal 0.522455 0.852667 -0
    outer loop
      vertex 28.7267 22.0541 48
      vertex 27.9239 22.546 50
      vertex 28.7267 22.0541 50
    endloop
  endfacet
  facet normal 0.522455 0.852667 0
    outer loop
      vertex 27.9239 22.546 50
      vertex 28.7267 22.0541 48
      vertex 27.9239 22.546 48
    endloop
  endfacet
  facet normal -0.996915 0.0784914 0
    outer loop
      vertex -31.2 17.2 48
      vertex -31.1261 18.1386 50
      vertex -31.1261 18.1386 48
    endloop
  endfacet
  facet normal -0.996915 0.0784914 0
    outer loop
      vertex -31.1261 18.1386 50
      vertex -31.2 17.2 48
      vertex -31.2 17.2 50
    endloop
  endfacet
  facet normal -0.852667 -0.522455 0
    outer loop
      vertex -30.0541 -20.7267 48
      vertex -30.546 -19.9239 50
      vertex -30.546 -19.9239 48
    endloop
  endfacet
  facet normal -0.852667 -0.522455 0
    outer loop
      vertex -30.546 -19.9239 50
      vertex -30.0541 -20.7267 48
      vertex -30.0541 -20.7267 50
    endloop
  endfacet
  facet normal -0.760373 -0.649487 0
    outer loop
      vertex -29.4426 -21.4426 48
      vertex -30.0541 -20.7267 50
      vertex -30.0541 -20.7267 48
    endloop
  endfacet
  facet normal -0.760373 -0.649487 0
    outer loop
      vertex -30.0541 -20.7267 50
      vertex -29.4426 -21.4426 48
      vertex -29.4426 -21.4426 50
    endloop
  endfacet
  facet normal 0.649487 -0.760373 0
    outer loop
      vertex 28.7267 -22.0541 48
      vertex 29.4426 -21.4426 50
      vertex 28.7267 -22.0541 50
    endloop
  endfacet
  facet normal 0.649487 -0.760373 0
    outer loop
      vertex 29.4426 -21.4426 50
      vertex 28.7267 -22.0541 48
      vertex 29.4426 -21.4426 48
    endloop
  endfacet
  facet normal -0.923873 -0.382699 0
    outer loop
      vertex -30.546 -19.9239 48
      vertex -30.9063 -19.0541 50
      vertex -30.9063 -19.0541 48
    endloop
  endfacet
  facet normal -0.923873 -0.382699 0
    outer loop
      vertex -30.9063 -19.0541 50
      vertex -30.546 -19.9239 48
      vertex -30.546 -19.9239 50
    endloop
  endfacet
  facet normal 0.760373 0.649487 0
    outer loop
      vertex 30.0541 20.7267 50
      vertex 29.4426 21.4426 48
      vertex 29.4426 21.4426 50
    endloop
  endfacet
  facet normal 0.760373 0.649487 0
    outer loop
      vertex 29.4426 21.4426 48
      vertex 30.0541 20.7267 50
      vertex 30.0541 20.7267 48
    endloop
  endfacet
  facet normal -0.996915 -0.0784914 0
    outer loop
      vertex -31.1261 -18.1386 48
      vertex -31.2 -17.2 50
      vertex -31.2 -17.2 48
    endloop
  endfacet
  facet normal -0.996915 -0.0784914 0
    outer loop
      vertex -31.2 -17.2 50
      vertex -31.1261 -18.1386 48
      vertex -31.1261 -18.1386 50
    endloop
  endfacet
  facet normal 0.852667 0.522455 0
    outer loop
      vertex 30.546 19.9239 50
      vertex 30.0541 20.7267 48
      vertex 30.0541 20.7267 50
    endloop
  endfacet
  facet normal 0.852667 0.522455 0
    outer loop
      vertex 30.0541 20.7267 48
      vertex 30.546 19.9239 50
      vertex 30.546 19.9239 48
    endloop
  endfacet
  facet normal 0.972368 0.233453 0
    outer loop
      vertex 31.1261 18.1386 50
      vertex 30.9063 19.0541 48
      vertex 30.9063 19.0541 50
    endloop
  endfacet
  facet normal 0.972368 0.233453 0
    outer loop
      vertex 30.9063 19.0541 48
      vertex 31.1261 18.1386 50
      vertex 31.1261 18.1386 48
    endloop
  endfacet
  facet normal 0 1 -0
    outer loop
      vertex 32 4 48
      vertex 31.2 4 50
      vertex 32 4 50
    endloop
  endfacet
  facet normal 0 1 0
    outer loop
      vertex 31.2 4 50
      vertex 32 4 48
      vertex 31.2 4 48
    endloop
  endfacet
  facet normal 0 -1 0
    outer loop
      vertex 31.2 -4 48
      vertex 32 -4 50
      vertex 31.2 -4 50
    endloop
  endfacet
  facet normal 0 -1 -0
    outer loop
      vertex 32 -4 50
      vertex 31.2 -4 48
      vertex 32 -4 48
    endloop
  endfacet
  facet normal 0 1 0
    outer loop
      vertex 26 24 0
      vertex 7.76 24 10.25
      vertex 24.24 24 10.25
    endloop
  endfacet
  facet normal 0 1 0
    outer loop
      vertex 7.76 24 10.25
      vertex 26 24 0
      vertex -7.76 24 10.25
    endloop
  endfacet
  facet normal 0 1 0
    outer loop
      vertex -26 24 0
      vertex -7.76 24 10.25
      vertex 26 24 0
    endloop
  endfacet
  facet normal 0 1 0
    outer loop
      vertex 24.5529 24 10.2746
      vertex 26 24 0
      vertex 24.24 24 10.25
    endloop
  endfacet
  facet normal 0 1 0
    outer loop
      vertex 24.858 24 10.3479
      vertex 26 24 0
      vertex 24.5529 24 10.2746
    endloop
  endfacet
  facet normal 0 1 0
    outer loop
      vertex 25.148 24 10.468
      vertex 26 24 0
      vertex 24.858 24 10.3479
    endloop
  endfacet
  facet normal 0 1 0
    outer loop
      vertex 25.4156 24 10.632
      vertex 26 24 0
      vertex 25.148 24 10.468
    endloop
  endfacet
  facet normal 0 1 0
    outer loop
      vertex 25.6542 24 10.8358
      vertex 26 24 0
      vertex 25.4156 24 10.632
    endloop
  endfacet
  facet normal 0 1 0
    outer loop
      vertex 25.858 24 11.0744
      vertex 26 24 0
      vertex 25.6542 24 10.8358
    endloop
  endfacet
  facet normal 0 1 -0
    outer loop
      vertex 26 24 0
      vertex 25.858 24 11.0744
      vertex 26 24 11.3061
    endloop
  endfacet
  facet normal 0 1 -0
    outer loop
      vertex 6.04394 24 30
      vertex -16 24 39.9561
      vertex 16 24 39.9561
    endloop
  endfacet
  facet normal 0 1 0
    outer loop
      vertex 6.04394 24 30
      vertex -6.04394 24 30
      vertex -16 24 39.9561
    endloop
  endfacet
  facet normal 0 1 -0
    outer loop
      vertex 5.76 24 25.75
      vertex -6.04394 24 30
      vertex 6.04394 24 30
    endloop
  endfacet
  facet normal 0 1 0
    outer loop
      vertex 5.76 24 25.75
      vertex -5.76 24 25.75
      vertex -6.04394 24 30
    endloop
  endfacet
  facet normal 0 1 -0
    outer loop
      vertex 5.76 24 12.25
      vertex -5.76 24 25.75
      vertex 5.76 24 25.75
    endloop
  endfacet
  facet normal 0 1 0
    outer loop
      vertex 5.76 24 12.25
      vertex -5.76 24 12.25
      vertex -5.76 24 25.75
    endloop
  endfacet
  facet normal 0 1 0
    outer loop
      vertex 5.78462 24 11.9371
      vertex -5.76 24 12.25
      vertex 5.76 24 12.25
    endloop
  endfacet
  facet normal 0 1 0
    outer loop
      vertex 5.78462 24 11.9371
      vertex -5.78462 24 11.9371
      vertex -5.76 24 12.25
    endloop
  endfacet
  facet normal 0 1 0
    outer loop
      vertex 5.85789 24 11.632
      vertex -5.78462 24 11.9371
      vertex 5.78462 24 11.9371
    endloop
  endfacet
  facet normal 0 1 0
    outer loop
      vertex 5.85789 24 11.632
      vertex -5.85789 24 11.632
      vertex -5.78462 24 11.9371
    endloop
  endfacet
  facet normal 0 1 0
    outer loop
      vertex 5.97799 24 11.342
      vertex -5.85789 24 11.632
      vertex 5.85789 24 11.632
    endloop
  endfacet
  facet normal 0 1 0
    outer loop
      vertex 5.97799 24 11.342
      vertex -5.97799 24 11.342
      vertex -5.85789 24 11.632
    endloop
  endfacet
  facet normal 0 1 0
    outer loop
      vertex 6.14197 24 11.0744
      vertex -5.97799 24 11.342
      vertex 5.97799 24 11.342
    endloop
  endfacet
  facet normal 0 1 0
    outer loop
      vertex 6.14197 24 11.0744
      vertex -6.14197 24 11.0744
      vertex -5.97799 24 11.342
    endloop
  endfacet
  facet normal 0 1 0
    outer loop
      vertex 6.34579 24 10.8358
      vertex -6.14197 24 11.0744
      vertex 6.14197 24 11.0744
    endloop
  endfacet
  facet normal 0 1 0
    outer loop
      vertex 6.34579 24 10.8358
      vertex -6.34579 24 10.8358
      vertex -6.14197 24 11.0744
    endloop
  endfacet
  facet normal 0 1 0
    outer loop
      vertex 6.58443 24 10.632
      vertex -6.34579 24 10.8358
      vertex 6.34579 24 10.8358
    endloop
  endfacet
  facet normal 0 1 0
    outer loop
      vertex 6.58443 24 10.632
      vertex -6.58443 24 10.632
      vertex -6.34579 24 10.8358
    endloop
  endfacet
  facet normal 0 1 0
    outer loop
      vertex 6.85202 24 10.468
      vertex -6.58443 24 10.632
      vertex 6.58443 24 10.632
    endloop
  endfacet
  facet normal 0 1 0
    outer loop
      vertex 6.85202 24 10.468
      vertex -6.85202 24 10.468
      vertex -6.58443 24 10.632
    endloop
  endfacet
  facet normal 0 1 0
    outer loop
      vertex 7.14197 24 10.3479
      vertex -6.85202 24 10.468
      vertex 6.85202 24 10.468
    endloop
  endfacet
  facet normal 0 1 0
    outer loop
      vertex 7.14197 24 10.3479
      vertex -7.14197 24 10.3479
      vertex -6.85202 24 10.468
    endloop
  endfacet
  facet normal 0 1 0
    outer loop
      vertex 7.44713 24 10.2746
      vertex -7.14197 24 10.3479
      vertex 7.14197 24 10.3479
    endloop
  endfacet
  facet normal 0 1 0
    outer loop
      vertex 7.44713 24 10.2746
      vertex -7.44713 24 10.2746
      vertex -7.14197 24 10.3479
    endloop
  endfacet
  facet normal 0 1 0
    outer loop
      vertex 7.76 24 10.25
      vertex -7.44713 24 10.2746
      vertex 7.44713 24 10.2746
    endloop
  endfacet
  facet normal 0 1 0
    outer loop
      vertex -7.44713 24 10.2746
      vertex 7.76 24 10.25
      vertex -7.76 24 10.25
    endloop
  endfacet
  facet normal 0 1 0
    outer loop
      vertex 26 24 48
      vertex 16 24 39.9561
      vertex -26 24 48
    endloop
  endfacet
  facet normal 0 1 0
    outer loop
      vertex 26 24 48
      vertex 25.9561 24 30
      vertex 16 24 39.9561
    endloop
  endfacet
  facet normal -0 1 0
    outer loop
      vertex 25.9561 24 30
      vertex 26 24 48
      vertex 26 24 29.3424
    endloop
  endfacet
  facet normal 0 1 -0
    outer loop
      vertex -16 24 39.9561
      vertex -26 24 48
      vertex 16 24 39.9561
    endloop
  endfacet
  facet normal 0 1 -0
    outer loop
      vertex -25.9561 24 30
      vertex -26 24 48
      vertex -16 24 39.9561
    endloop
  endfacet
  facet normal 0 1 0
    outer loop
      vertex -26 24 48
      vertex -25.9561 24 30
      vertex -26 24 29.3424
    endloop
  endfacet
  facet normal 0 1 0
    outer loop
      vertex -7.76 24 10.25
      vertex -26 24 0
      vertex -24.24 24 10.25
    endloop
  endfacet
  facet normal 0 1 0
    outer loop
      vertex -25.858 24 11.0744
      vertex -26 24 0
      vertex -26 24 11.3061
    endloop
  endfacet
  facet normal 0 1 0
    outer loop
      vertex -25.6542 24 10.8358
      vertex -26 24 0
      vertex -25.858 24 11.0744
    endloop
  endfacet
  facet normal 0 1 0
    outer loop
      vertex -25.4156 24 10.632
      vertex -26 24 0
      vertex -25.6542 24 10.8358
    endloop
  endfacet
  facet normal 0 1 0
    outer loop
      vertex -25.148 24 10.468
      vertex -26 24 0
      vertex -25.4156 24 10.632
    endloop
  endfacet
  facet normal 0 1 0
    outer loop
      vertex -24.858 24 10.3479
      vertex -26 24 0
      vertex -25.148 24 10.468
    endloop
  endfacet
  facet normal 0 1 0
    outer loop
      vertex -24.5529 24 10.2746
      vertex -26 24 0
      vertex -24.858 24 10.3479
    endloop
  endfacet
  facet normal 0 1 0
    outer loop
      vertex -24.24 24 10.25
      vertex -26 24 0
      vertex -24.5529 24 10.2746
    endloop
  endfacet
  facet normal 0.852667 -0.522455 0
    outer loop
      vertex 30.8541 -21.5267 48
      vertex 31.346 -20.7239 0
      vertex 31.346 -20.7239 48
    endloop
  endfacet
  facet normal 0.852667 -0.522455 0
    outer loop
      vertex 31.346 -20.7239 0
      vertex 30.8541 -21.5267 48
      vertex 30.8541 -21.5267 0
    endloop
  endfacet
  facet normal 0 0 -1
    outer loop
      vertex 26 -24 0
      vertex 32 -18 0
      vertex 31.9261 -18.9386 0
    endloop
  endfacet
  facet normal -0 0 -1
    outer loop
      vertex 32 -18 0
      vertex 26 -24 0
      vertex 32 18 0
    endloop
  endfacet
  facet normal 0 0 -1
    outer loop
      vertex 26 -24 0
      vertex 31.9261 -18.9386 0
      vertex 31.7063 -19.8541 0
    endloop
  endfacet
  facet normal 0 0 -1
    outer loop
      vertex 26 24 0
      vertex 32 18 0
      vertex 26 -24 0
    endloop
  endfacet
  facet normal 0 0 -1
    outer loop
      vertex 26 -24 0
      vertex 31.7063 -19.8541 0
      vertex 31.346 -20.7239 0
    endloop
  endfacet
  facet normal 0 0 -1
    outer loop
      vertex 32 18 0
      vertex 26 24 0
      vertex 31.9261 18.9386 0
    endloop
  endfacet
  facet normal 0 0 -1
    outer loop
      vertex 26 -24 0
      vertex 31.346 -20.7239 0
      vertex 30.8541 -21.5267 0
    endloop
  endfacet
  facet normal 0 0 -1
    outer loop
      vertex 31.9261 18.9386 0
      vertex 26 24 0
      vertex 31.7063 19.8541 0
    endloop
  endfacet
  facet normal 0 0 -1
    outer loop
      vertex 26 -24 0
      vertex 30.8541 -21.5267 0
      vertex 30.2426 -22.2426 0
    endloop
  endfacet
  facet normal 0 0 -1
    outer loop
      vertex 31.7063 19.8541 0
      vertex 26 24 0
      vertex 31.346 20.7239 0
    endloop
  endfacet
  facet normal 0 0 -1
    outer loop
      vertex 26 -24 0
      vertex 30.2426 -22.2426 0
      vertex 29.5267 -22.8541 0
    endloop
  endfacet
  facet normal 0 0 -1
    outer loop
      vertex 31.346 20.7239 0
      vertex 26 24 0
      vertex 30.8541 21.5267 0
    endloop
  endfacet
  facet normal 0 0 -1
    outer loop
      vertex 26 -24 0
      vertex 29.5267 -22.8541 0
      vertex 28.7239 -23.346 0
    endloop
  endfacet
  facet normal 0 0 -1
    outer loop
      vertex 30.8541 21.5267 0
      vertex 26 24 0
      vertex 30.2426 22.2426 0
    endloop
  endfacet
  facet normal 0 0 -1
    outer loop
      vertex 26 -24 0
      vertex 28.7239 -23.346 0
      vertex 27.8541 -23.7063 0
    endloop
  endfacet
  facet normal 0 0 -1
    outer loop
      vertex 30.2426 22.2426 0
      vertex 26 24 0
      vertex 29.5267 22.8541 0
    endloop
  endfacet
  facet normal 0 0 -1
    outer loop
      vertex 26 -24 0
      vertex 27.8541 -23.7063 0
      vertex 26.9386 -23.9261 0
    endloop
  endfacet
  facet normal 0 0 -1
    outer loop
      vertex 29.5267 22.8541 0
      vertex 26 24 0
      vertex 28.7239 23.346 0
    endloop
  endfacet
  facet normal 0 0 -1
    outer loop
      vertex 28.7239 23.346 0
      vertex 26 24 0
      vertex 27.8541 23.7063 0
    endloop
  endfacet
  facet normal 0 0 -1
    outer loop
      vertex 27.8541 23.7063 0
      vertex 26 24 0
      vertex 26.9386 23.9261 0
    endloop
  endfacet
  facet normal 0 0 -1
    outer loop
      vertex -26 -24 0
      vertex 26 24 0
      vertex 26 -24 0
    endloop
  endfacet
  facet normal 0 0 -1
    outer loop
      vertex -26 -24 0
      vertex -26 24 0
      vertex 26 24 0
    endloop
  endfacet
  facet normal 0 0 -1
    outer loop
      vertex -32 -18 0
      vertex -26 -24 0
      vertex -26.9386 -23.9261 0
    endloop
  endfacet
  facet normal 0 0 -1
    outer loop
      vertex -26 -24 0
      vertex -32 -18 0
      vertex -26 24 0
    endloop
  endfacet
  facet normal 0 0 -1
    outer loop
      vertex -32 -18 0
      vertex -26.9386 -23.9261 0
      vertex -27.8541 -23.7063 0
    endloop
  endfacet
  facet normal 0 0 -1
    outer loop
      vertex -32 18 0
      vertex -26 24 0
      vertex -32 -18 0
    endloop
  endfacet
  facet normal 0 0 -1
    outer loop
      vertex -32 -18 0
      vertex -27.8541 -23.7063 0
      vertex -28.7239 -23.346 0
    endloop
  endfacet
  facet normal 0 0 -1
    outer loop
      vertex -26 24 0
      vertex -32 18 0
      vertex -26.9386 23.9261 0
    endloop
  endfacet
  facet normal 0 0 -1
    outer loop
      vertex -32 -18 0
      vertex -28.7239 -23.346 0
      vertex -29.5267 -22.8541 0
    endloop
  endfacet
  facet normal 0 0 -1
    outer loop
      vertex -26.9386 23.9261 0
      vertex -32 18 0
      vertex -27.8541 23.7063 0
    endloop
  endfacet
  facet normal 0 0 -1
    outer loop
      vertex -32 -18 0
      vertex -29.5267 -22.8541 0
      vertex -30.2426 -22.2426 0
    endloop
  endfacet
  facet normal 0 0 -1
    outer loop
      vertex -27.8541 23.7063 0
      vertex -32 18 0
      vertex -28.7239 23.346 0
    endloop
  endfacet
  facet normal 0 0 -1
    outer loop
      vertex -32 -18 0
      vertex -30.2426 -22.2426 0
      vertex -30.8541 -21.5267 0
    endloop
  endfacet
  facet normal 0 0 -1
    outer loop
      vertex -28.7239 23.346 0
      vertex -32 18 0
      vertex -29.5267 22.8541 0
    endloop
  endfacet
  facet normal 0 0 -1
    outer loop
      vertex -32 -18 0
      vertex -30.8541 -21.5267 0
      vertex -31.346 -20.7239 0
    endloop
  endfacet
  facet normal 0 0 -1
    outer loop
      vertex -29.5267 22.8541 0
      vertex -32 18 0
      vertex -30.2426 22.2426 0
    endloop
  endfacet
  facet normal 0 0 -1
    outer loop
      vertex -32 -18 0
      vertex -31.346 -20.7239 0
      vertex -31.7063 -19.8541 0
    endloop
  endfacet
  facet normal 0 0 -1
    outer loop
      vertex -30.2426 22.2426 0
      vertex -32 18 0
      vertex -30.8541 21.5267 0
    endloop
  endfacet
  facet normal 0 0 -1
    outer loop
      vertex -32 -18 0
      vertex -31.7063 -19.8541 0
      vertex -31.9261 -18.9386 0
    endloop
  endfacet
  facet normal 0 0 -1
    outer loop
      vertex -30.8541 21.5267 0
      vertex -32 18 0
      vertex -31.346 20.7239 0
    endloop
  endfacet
  facet normal 0 0 -1
    outer loop
      vertex -31.346 20.7239 0
      vertex -32 18 0
      vertex -31.7063 19.8541 0
    endloop
  endfacet
  facet normal 0 0 -1
    outer loop
      vertex -31.7063 19.8541 0
      vertex -32 18 0
      vertex -31.9261 18.9386 0
    endloop
  endfacet
  facet normal 0.0784914 0.996915 0
    outer loop
      vertex 26.9386 23.9261 48
      vertex 26 24 29.3424
      vertex 26 24 48
    endloop
  endfacet
  facet normal 0.0785003 0.996914 -4.49584e-07
    outer loop
      vertex 26.9386 23.9261 48
      vertex 26.24 23.9811 25.75
      vertex 26 24 29.3424
    endloop
  endfacet
  facet normal 0.078486 0.996915 -0
    outer loop
      vertex 26.9386 23.9261 0
      vertex 26.24 23.9811 25.75
      vertex 26.9386 23.9261 48
    endloop
  endfacet
  facet normal 0.078486 0.996915 0
    outer loop
      vertex 26.24 23.9811 25.75
      vertex 26.9386 23.9261 0
      vertex 26.24 23.9811 12.25
    endloop
  endfacet
  facet normal 0.0776285 0.996982 -4.92027e-05
    outer loop
      vertex 26.9386 23.9261 0
      vertex 26.2154 23.983 11.9371
      vertex 26.24 23.9811 12.25
    endloop
  endfacet
  facet normal 0.0787908 0.996891 2.16459e-05
    outer loop
      vertex 26.9386 23.9261 0
      vertex 26.1421 23.9888 11.632
      vertex 26.2154 23.983 11.9371
    endloop
  endfacet
  facet normal 0.0788008 0.99689 2.23383e-05
    outer loop
      vertex 26.9386 23.9261 0
      vertex 26.022 23.9983 11.342
      vertex 26.1421 23.9888 11.632
    endloop
  endfacet
  facet normal 0.0772159 0.997014 -0.000106539
    outer loop
      vertex 26.9386 23.9261 0
      vertex 26 24 11.3061
      vertex 26.022 23.9983 11.342
    endloop
  endfacet
  facet normal 0.0784914 0.996915 0
    outer loop
      vertex 26 24 11.3061
      vertex 26.9386 23.9261 0
      vertex 26 24 0
    endloop
  endfacet
  facet normal -0.649487 -0.760373 0
    outer loop
      vertex -30.2426 -22.2426 0
      vertex -29.5267 -22.8541 48
      vertex -30.2426 -22.2426 48
    endloop
  endfacet
  facet normal -0.649487 -0.760373 -0
    outer loop
      vertex -29.5267 -22.8541 48
      vertex -30.2426 -22.2426 0
      vertex -29.5267 -22.8541 0
    endloop
  endfacet
  facet normal 0.972368 -0.233453 0
    outer loop
      vertex 31.7063 -19.8541 48
      vertex 31.9261 -18.9386 0
      vertex 31.9261 -18.9386 48
    endloop
  endfacet
  facet normal 0.972368 -0.233453 0
    outer loop
      vertex 31.9261 -18.9386 0
      vertex 31.7063 -19.8541 48
      vertex 31.7063 -19.8541 0
    endloop
  endfacet
  facet normal -0.649487 0.760373 0
    outer loop
      vertex -29.5267 22.8541 0
      vertex -30.2426 22.2426 48
      vertex -29.5267 22.8541 48
    endloop
  endfacet
  facet normal -0.649487 0.760373 0
    outer loop
      vertex -30.2426 22.2426 48
      vertex -29.5267 22.8541 0
      vertex -30.2426 22.2426 0
    endloop
  endfacet
  facet normal 0.760373 -0.649487 0
    outer loop
      vertex 30.2426 -22.2426 48
      vertex 30.8541 -21.5267 0
      vertex 30.8541 -21.5267 48
    endloop
  endfacet
  facet normal 0.760373 -0.649487 0
    outer loop
      vertex 30.8541 -21.5267 0
      vertex 30.2426 -22.2426 48
      vertex 30.2426 -22.2426 0
    endloop
  endfacet
  facet normal 0 -1 0
    outer loop
      vertex -26 -24 0
      vertex -12.3378 -24 15.6911
      vertex -19.6622 -24 15.6911
    endloop
  endfacet
  facet normal 0 -1 -0
    outer loop
      vertex -12.3378 -24 15.6911
      vertex -26 -24 0
      vertex 12.3378 -24 15.6911
    endloop
  endfacet
  facet normal 0 -1 0
    outer loop
      vertex 26 -24 0
      vertex 12.3378 -24 15.6911
      vertex -26 -24 0
    endloop
  endfacet
  facet normal 0 -1 -0
    outer loop
      vertex -19.8013 -24 15.702
      vertex -26 -24 0
      vertex -19.6622 -24 15.6911
    endloop
  endfacet
  facet normal 0 -1 -0
    outer loop
      vertex -19.9369 -24 15.7346
      vertex -26 -24 0
      vertex -19.8013 -24 15.702
    endloop
  endfacet
  facet normal 0 -1 -0
    outer loop
      vertex -20.0658 -24 15.788
      vertex -26 -24 0
      vertex -19.9369 -24 15.7346
    endloop
  endfacet
  facet normal 0 -1 -0
    outer loop
      vertex -20.1847 -24 15.8608
      vertex -26 -24 0
      vertex -20.0658 -24 15.788
    endloop
  endfacet
  facet normal 0 -1 -0
    outer loop
      vertex -20.2908 -24 15.9514
      vertex -26 -24 0
      vertex -20.1847 -24 15.8608
    endloop
  endfacet
  facet normal 0 -1 -0
    outer loop
      vertex -25.8219 -24 21.4826
      vertex -26 -24 0
      vertex -20.2908 -24 15.9514
    endloop
  endfacet
  facet normal 0 -1 -0
    outer loop
      vertex -25.9125 -24 21.5886
      vertex -26 -24 0
      vertex -25.8219 -24 21.4826
    endloop
  endfacet
  facet normal 0 -1 -0
    outer loop
      vertex -25.9854 -24 21.7076
      vertex -26 -24 0
      vertex -25.9125 -24 21.5886
    endloop
  endfacet
  facet normal 0 -1 0
    outer loop
      vertex -26 -24 0
      vertex -25.9854 -24 21.7076
      vertex -26 -24 21.7429
    endloop
  endfacet
  facet normal 0 -1 0
    outer loop
      vertex -6.04394 -24 30
      vertex 16 -24 39.9561
      vertex -16 -24 39.9561
    endloop
  endfacet
  facet normal 0 -1 0
    outer loop
      vertex -6.04394 -24 30
      vertex 6.04394 -24 30
      vertex 16 -24 39.9561
    endloop
  endfacet
  facet normal 0 -1 0
    outer loop
      vertex -5.91774 -24 28.1111
      vertex 6.04394 -24 30
      vertex -6.04394 -24 30
    endloop
  endfacet
  facet normal 0 -1 0
    outer loop
      vertex -5.91774 -24 28.1111
      vertex 5.91774 -24 28.1111
      vertex 6.04394 -24 30
    endloop
  endfacet
  facet normal 0 -1 0
    outer loop
      vertex -5.91774 -24 22.1111
      vertex 5.91774 -24 28.1111
      vertex -5.91774 -24 28.1111
    endloop
  endfacet
  facet normal 0 -1 0
    outer loop
      vertex -5.91774 -24 22.1111
      vertex 5.91774 -24 22.1111
      vertex 5.91774 -24 28.1111
    endloop
  endfacet
  facet normal 0 -1 0
    outer loop
      vertex -5.92869 -24 21.9721
      vertex 5.91774 -24 22.1111
      vertex -5.91774 -24 22.1111
    endloop
  endfacet
  facet normal 0 -1 0
    outer loop
      vertex -5.92869 -24 21.9721
      vertex 5.92869 -24 21.9721
      vertex 5.91774 -24 22.1111
    endloop
  endfacet
  facet normal 0 -1 0
    outer loop
      vertex -5.96125 -24 21.8364
      vertex 5.92869 -24 21.9721
      vertex -5.92869 -24 21.9721
    endloop
  endfacet
  facet normal 0 -1 0
    outer loop
      vertex -5.96125 -24 21.8364
      vertex 5.96125 -24 21.8364
      vertex 5.92869 -24 21.9721
    endloop
  endfacet
  facet normal 0 -1 0
    outer loop
      vertex -6.01463 -24 21.7076
      vertex 5.96125 -24 21.8364
      vertex -5.96125 -24 21.8364
    endloop
  endfacet
  facet normal 0 -1 0
    outer loop
      vertex -6.01463 -24 21.7076
      vertex 6.01463 -24 21.7076
      vertex 5.96125 -24 21.8364
    endloop
  endfacet
  facet normal 0 -1 0
    outer loop
      vertex -6.08751 -24 21.5886
      vertex 6.01463 -24 21.7076
      vertex -6.01463 -24 21.7076
    endloop
  endfacet
  facet normal 0 -1 0
    outer loop
      vertex -6.08751 -24 21.5886
      vertex 6.08751 -24 21.5886
      vertex 6.01463 -24 21.7076
    endloop
  endfacet
  facet normal 0 -1 0
    outer loop
      vertex -6.17809 -24 21.4826
      vertex 6.08751 -24 21.5886
      vertex -6.08751 -24 21.5886
    endloop
  endfacet
  facet normal 0 -1 0
    outer loop
      vertex -6.17809 -24 21.4826
      vertex 6.17809 -24 21.4826
      vertex 6.08751 -24 21.5886
    endloop
  endfacet
  facet normal 0 -1 0
    outer loop
      vertex -11.7092 -24 15.9514
      vertex 6.17809 -24 21.4826
      vertex -6.17809 -24 21.4826
    endloop
  endfacet
  facet normal 0 -1 0
    outer loop
      vertex -11.7092 -24 15.9514
      vertex 11.7092 -24 15.9514
      vertex 6.17809 -24 21.4826
    endloop
  endfacet
  facet normal 0 -1 0
    outer loop
      vertex -11.8153 -24 15.8608
      vertex 11.7092 -24 15.9514
      vertex -11.7092 -24 15.9514
    endloop
  endfacet
  facet normal 0 -1 0
    outer loop
      vertex -11.8153 -24 15.8608
      vertex 11.8153 -24 15.8608
      vertex 11.7092 -24 15.9514
    endloop
  endfacet
  facet normal 0 -1 0
    outer loop
      vertex -11.9342 -24 15.788
      vertex 11.8153 -24 15.8608
      vertex -11.8153 -24 15.8608
    endloop
  endfacet
  facet normal 0 -1 0
    outer loop
      vertex -11.9342 -24 15.788
      vertex 11.9342 -24 15.788
      vertex 11.8153 -24 15.8608
    endloop
  endfacet
  facet normal 0 -1 0
    outer loop
      vertex -12.0631 -24 15.7346
      vertex 11.9342 -24 15.788
      vertex -11.9342 -24 15.788
    endloop
  endfacet
  facet normal 0 -1 0
    outer loop
      vertex -12.0631 -24 15.7346
      vertex 12.0631 -24 15.7346
      vertex 11.9342 -24 15.788
    endloop
  endfacet
  facet normal 0 -1 0
    outer loop
      vertex -12.1987 -24 15.702
      vertex 12.0631 -24 15.7346
      vertex -12.0631 -24 15.7346
    endloop
  endfacet
  facet normal 0 -1 0
    outer loop
      vertex -12.1987 -24 15.702
      vertex 12.1987 -24 15.702
      vertex 12.0631 -24 15.7346
    endloop
  endfacet
  facet normal 0 -1 0
    outer loop
      vertex -12.3378 -24 15.6911
      vertex 12.1987 -24 15.702
      vertex -12.1987 -24 15.702
    endloop
  endfacet
  facet normal 0 -1 -0
    outer loop
      vertex 12.1987 -24 15.702
      vertex -12.3378 -24 15.6911
      vertex 12.3378 -24 15.6911
    endloop
  endfacet
  facet normal 0 -1 0
    outer loop
      vertex -26 -24 48
      vertex -16 -24 39.9561
      vertex 26 -24 48
    endloop
  endfacet
  facet normal 0 -1 0
    outer loop
      vertex -26 -24 48
      vertex -25.9561 -24 30
      vertex -16 -24 39.9561
    endloop
  endfacet
  facet normal -0 -1 0
    outer loop
      vertex -25.9561 -24 30
      vertex -26 -24 48
      vertex -26 -24 29.3424
    endloop
  endfacet
  facet normal 0 -1 0
    outer loop
      vertex 16 -24 39.9561
      vertex 26 -24 48
      vertex -16 -24 39.9561
    endloop
  endfacet
  facet normal 0 -1 0
    outer loop
      vertex 25.9561 -24 30
      vertex 26 -24 48
      vertex 16 -24 39.9561
    endloop
  endfacet
  facet normal 0 -1 -0
    outer loop
      vertex 26 -24 48
      vertex 25.9561 -24 30
      vertex 26 -24 29.3424
    endloop
  endfacet
  facet normal 0 -1 0
    outer loop
      vertex 12.3378 -24 15.6911
      vertex 26 -24 0
      vertex 19.6622 -24 15.6911
    endloop
  endfacet
  facet normal 0 -1 0
    outer loop
      vertex 19.6622 -24 15.6911
      vertex 26 -24 0
      vertex 19.8013 -24 15.702
    endloop
  endfacet
  facet normal 0 -1 0
    outer loop
      vertex 25.9854 -24 21.7076
      vertex 26 -24 0
      vertex 26 -24 21.7429
    endloop
  endfacet
  facet normal 0 -1 0
    outer loop
      vertex 25.9125 -24 21.5886
      vertex 26 -24 0
      vertex 25.9854 -24 21.7076
    endloop
  endfacet
  facet normal 0 -1 0
    outer loop
      vertex 25.8219 -24 21.4826
      vertex 26 -24 0
      vertex 25.9125 -24 21.5886
    endloop
  endfacet
  facet normal 0 -1 0
    outer loop
      vertex 20.2908 -24 15.9514
      vertex 26 -24 0
      vertex 25.8219 -24 21.4826
    endloop
  endfacet
  facet normal 0 -1 0
    outer loop
      vertex 20.1847 -24 15.8608
      vertex 26 -24 0
      vertex 20.2908 -24 15.9514
    endloop
  endfacet
  facet normal 0 -1 0
    outer loop
      vertex 20.0658 -24 15.788
      vertex 26 -24 0
      vertex 20.1847 -24 15.8608
    endloop
  endfacet
  facet normal 0 -1 0
    outer loop
      vertex 19.9369 -24 15.7346
      vertex 26 -24 0
      vertex 20.0658 -24 15.788
    endloop
  endfacet
  facet normal 0 -1 0
    outer loop
      vertex 19.8013 -24 15.702
      vertex 26 -24 0
      vertex 19.9369 -24 15.7346
    endloop
  endfacet
  facet normal 0.649487 -0.760373 0
    outer loop
      vertex 29.5267 -22.8541 0
      vertex 30.2426 -22.2426 48
      vertex 29.5267 -22.8541 48
    endloop
  endfacet
  facet normal 0.649487 -0.760373 0
    outer loop
      vertex 30.2426 -22.2426 48
      vertex 29.5267 -22.8541 0
      vertex 30.2426 -22.2426 0
    endloop
  endfacet
  facet normal 0.760373 0.649487 0
    outer loop
      vertex 30.8541 21.5267 48
      vertex 30.2426 22.2426 0
      vertex 30.2426 22.2426 48
    endloop
  endfacet
  facet normal 0.760373 0.649487 0
    outer loop
      vertex 30.2426 22.2426 0
      vertex 30.8541 21.5267 48
      vertex 30.8541 21.5267 0
    endloop
  endfacet
  facet normal 1 0 0
    outer loop
      vertex 32 -4 48
      vertex 32 4 48
      vertex 32 4 50
    endloop
  endfacet
  facet normal 1 0 0
    outer loop
      vertex 32 4 48
      vertex 32 -4 48
      vertex 32 0.675554 29.6029
    endloop
  endfacet
  facet normal 1 0 0
    outer loop
      vertex 32 0.675554 29.6029
      vertex 32 -4 48
      vertex 32 0.536501 29.592
    endloop
  endfacet
  facet normal 1 0 0
    outer loop
      vertex 32 0.536501 29.592
      vertex 32 -4 48
      vertex 32 0.400872 29.5594
    endloop
  endfacet
  facet normal 1 0 0
    outer loop
      vertex 32 0.400872 29.5594
      vertex 32 -4 48
      vertex 32 0.272007 29.5061
    endloop
  endfacet
  facet normal 1 0 0
    outer loop
      vertex 32 0.272007 29.5061
      vertex 32 -4 48
      vertex 32 0.153078 29.4332
    endloop
  endfacet
  facet normal 1 0 0
    outer loop
      vertex 32 -4 48
      vertex 32 4 50
      vertex 32 -4 50
    endloop
  endfacet
  facet normal 1 0 0
    outer loop
      vertex 32 0.153078 29.4332
      vertex 32 -4 48
      vertex 32 0.047015 29.3426
    endloop
  endfacet
  facet normal 1 -0 0
    outer loop
      vertex 32 -18 48
      vertex 32 0.047015 29.3426
      vertex 32 -4 48
    endloop
  endfacet
  facet normal 1 0 0
    outer loop
      vertex 32 0.047015 29.3426
      vertex 32 -18 48
      vertex 32 -4.66703 24.6285
    endloop
  endfacet
  facet normal 1 0 0
    outer loop
      vertex 32 -4.66703 24.6285
      vertex 32 -18 48
      vertex 32 -4.75762 24.5225
    endloop
  endfacet
  facet normal 1 0 0
    outer loop
      vertex 32 -4.75762 24.5225
      vertex 32 -18 48
      vertex 32 -4.8305 24.4035
    endloop
  endfacet
  facet normal 1 0 0
    outer loop
      vertex 32 -4.8305 24.4035
      vertex 32 -18 48
      vertex 32 -4.88387 24.2747
    endloop
  endfacet
  facet normal 1 0 0
    outer loop
      vertex 32 -4.88387 24.2747
      vertex 32 -18 48
      vertex 32 -4.91644 24.1391
    endloop
  endfacet
  facet normal 1 0 0
    outer loop
      vertex 32 -18 0
      vertex 32 -4.92738 24
      vertex 32 -18 48
    endloop
  endfacet
  facet normal 1 0 0
    outer loop
      vertex 32 -4.91644 24.1391
      vertex 32 -18 48
      vertex 32 -4.92738 24
    endloop
  endfacet
  facet normal 1 0 0
    outer loop
      vertex 32 18 48
      vertex 32 15.4243 24.5225
      vertex 32 18 21.1129
    endloop
  endfacet
  facet normal 1 0 0
    outer loop
      vertex 32 18 48
      vertex 32 15.3337 24.6285
      vertex 32 15.4243 24.5225
    endloop
  endfacet
  facet normal 1 0 0
    outer loop
      vertex 32 18 48
      vertex 32 10.6196 29.3426
      vertex 32 15.3337 24.6285
    endloop
  endfacet
  facet normal 1 0 0
    outer loop
      vertex 32 18 48
      vertex 32 10.5136 29.4332
      vertex 32 10.6196 29.3426
    endloop
  endfacet
  facet normal 1 0 0
    outer loop
      vertex 32 18 48
      vertex 32 10.3947 29.5061
      vertex 32 10.5136 29.4332
    endloop
  endfacet
  facet normal 1 0 0
    outer loop
      vertex 32 18 48
      vertex 32 10.2658 29.5594
      vertex 32 10.3947 29.5061
    endloop
  endfacet
  facet normal 1 0 0
    outer loop
      vertex 32 18 48
      vertex 32 10.1302 29.592
      vertex 32 10.2658 29.5594
    endloop
  endfacet
  facet normal 1 -0 0
    outer loop
      vertex 32 4 48
      vertex 32 10.1302 29.592
      vertex 32 18 48
    endloop
  endfacet
  facet normal 1 0 0
    outer loop
      vertex 32 10.1302 29.592
      vertex 32 4 48
      vertex 32 9.99111 29.6029
    endloop
  endfacet
  facet normal 1 0 0
    outer loop
      vertex 32 9.99111 29.6029
      vertex 32 4 48
      vertex 32 0.675554 29.6029
    endloop
  endfacet
  facet normal 1 -0 0
    outer loop
      vertex 32 15.4243 17.4775
      vertex 32 18 0
      vertex 32 18 20.8871
    endloop
  endfacet
  facet normal 1 -0 0
    outer loop
      vertex 32 15.3337 17.3715
      vertex 32 18 0
      vertex 32 15.4243 17.4775
    endloop
  endfacet
  facet normal 1 -0 0
    outer loop
      vertex 32 10.6196 12.6574
      vertex 32 18 0
      vertex 32 15.3337 17.3715
    endloop
  endfacet
  facet normal 1 -0 0
    outer loop
      vertex 32 10.5136 12.5668
      vertex 32 18 0
      vertex 32 10.6196 12.6574
    endloop
  endfacet
  facet normal 1 -0 0
    outer loop
      vertex 32 10.3947 12.4939
      vertex 32 18 0
      vertex 32 10.5136 12.5668
    endloop
  endfacet
  facet normal 1 -0 0
    outer loop
      vertex 32 10.2658 12.4406
      vertex 32 18 0
      vertex 32 10.3947 12.4939
    endloop
  endfacet
  facet normal 1 -0 0
    outer loop
      vertex 32 10.1302 12.408
      vertex 32 18 0
      vertex 32 10.2658 12.4406
    endloop
  endfacet
  facet normal 1 -0 0
    outer loop
      vertex 32 9.99111 12.3971
      vertex 32 18 0
      vertex 32 10.1302 12.408
    endloop
  endfacet
  facet normal 1 -0 0
    outer loop
      vertex 32 0.675554 12.3971
      vertex 32 18 0
      vertex 32 9.99111 12.3971
    endloop
  endfacet
  facet normal 1 0 0
    outer loop
      vertex 32 -18 0
      vertex 32 0.675554 12.3971
      vertex 32 0.536501 12.408
    endloop
  endfacet
  facet normal 1 0 0
    outer loop
      vertex 32 -18 0
      vertex 32 0.536501 12.408
      vertex 32 0.400872 12.4406
    endloop
  endfacet
  facet normal 1 0 0
    outer loop
      vertex 32 -18 0
      vertex 32 0.400872 12.4406
      vertex 32 0.272007 12.4939
    endloop
  endfacet
  facet normal 1 0 0
    outer loop
      vertex 32 -18 0
      vertex 32 0.272007 12.4939
      vertex 32 0.153078 12.5668
    endloop
  endfacet
  facet normal 1 0 0
    outer loop
      vertex 32 -4.92738 24
      vertex 32 -18 0
      vertex 32 -4.92738 18
    endloop
  endfacet
  facet normal 1 0 0
    outer loop
      vertex 32 -4.92738 18
      vertex 32 -18 0
      vertex 32 -4.91644 17.8609
    endloop
  endfacet
  facet normal 1 0 0
    outer loop
      vertex 32 -4.91644 17.8609
      vertex 32 -18 0
      vertex 32 -4.88387 17.7253
    endloop
  endfacet
  facet normal 1 0 0
    outer loop
      vertex 32 0.675554 12.3971
      vertex 32 -18 0
      vertex 32 18 0
    endloop
  endfacet
  facet normal 1 0 0
    outer loop
      vertex 32 0.047015 12.6574
      vertex 32 -18 0
      vertex 32 0.153078 12.5668
    endloop
  endfacet
  facet normal 1 0 0
    outer loop
      vertex 32 -4.66703 17.3715
      vertex 32 -18 0
      vertex 32 0.047015 12.6574
    endloop
  endfacet
  facet normal 1 0 0
    outer loop
      vertex 32 -4.75762 17.4775
      vertex 32 -18 0
      vertex 32 -4.66703 17.3715
    endloop
  endfacet
  facet normal 1 0 0
    outer loop
      vertex 32 -4.8305 17.5965
      vertex 32 -18 0
      vertex 32 -4.75762 17.4775
    endloop
  endfacet
  facet normal 1 0 0
    outer loop
      vertex 32 -4.88387 17.7253
      vertex 32 -18 0
      vertex 32 -4.8305 17.5965
    endloop
  endfacet
  facet normal 0.852667 0.522455 0
    outer loop
      vertex 31.346 20.7239 48
      vertex 30.8541 21.5267 0
      vertex 30.8541 21.5267 48
    endloop
  endfacet
  facet normal 0.852667 0.522455 0
    outer loop
      vertex 30.8541 21.5267 0
      vertex 31.346 20.7239 48
      vertex 31.346 20.7239 0
    endloop
  endfacet
  facet normal -0.852667 -0.522455 0
    outer loop
      vertex -30.8541 -21.5267 0
      vertex -31.346 -20.7239 48
      vertex -31.346 -20.7239 0
    endloop
  endfacet
  facet normal -0.852667 -0.522455 0
    outer loop
      vertex -31.346 -20.7239 48
      vertex -30.8541 -21.5267 0
      vertex -30.8541 -21.5267 48
    endloop
  endfacet
  facet normal 0.972368 0.233453 0
    outer loop
      vertex 31.9261 18.9386 48
      vertex 31.7063 19.8541 0
      vertex 31.7063 19.8541 48
    endloop
  endfacet
  facet normal 0.972368 0.233453 0
    outer loop
      vertex 31.7063 19.8541 0
      vertex 31.9261 18.9386 48
      vertex 31.9261 18.9386 0
    endloop
  endfacet
  facet normal 0.923873 -0.382699 0
    outer loop
      vertex 31.346 -20.7239 48
      vertex 31.7063 -19.8541 0
      vertex 31.7063 -19.8541 48
    endloop
  endfacet
  facet normal 0.923873 -0.382699 0
    outer loop
      vertex 31.7063 -19.8541 0
      vertex 31.346 -20.7239 48
      vertex 31.346 -20.7239 0
    endloop
  endfacet
  facet normal -0.852667 0.522455 0
    outer loop
      vertex -31.346 20.7239 0
      vertex -30.8541 21.5267 48
      vertex -30.8541 21.5267 0
    endloop
  endfacet
  facet normal -0.852667 0.522455 0
    outer loop
      vertex -30.8541 21.5267 48
      vertex -31.346 20.7239 0
      vertex -31.346 20.7239 48
    endloop
  endfacet
  facet normal -0.233453 0.972368 0
    outer loop
      vertex -26.9386 23.9261 0
      vertex -27.8541 23.7063 48
      vertex -26.9386 23.9261 48
    endloop
  endfacet
  facet normal -0.233453 0.972368 0
    outer loop
      vertex -27.8541 23.7063 48
      vertex -26.9386 23.9261 0
      vertex -27.8541 23.7063 0
    endloop
  endfacet
  facet normal -0.972368 0.233453 0
    outer loop
      vertex -31.9261 18.9386 0
      vertex -31.7063 19.8541 48
      vertex -31.7063 19.8541 0
    endloop
  endfacet
  facet normal -0.972368 0.233453 0
    outer loop
      vertex -31.7063 19.8541 48
      vertex -31.9261 18.9386 0
      vertex -31.9261 18.9386 48
    endloop
  endfacet
  facet normal -0.760373 -0.649487 0
    outer loop
      vertex -30.2426 -22.2426 0
      vertex -30.8541 -21.5267 48
      vertex -30.8541 -21.5267 0
    endloop
  endfacet
  facet normal -0.760373 -0.649487 0
    outer loop
      vertex -30.8541 -21.5267 48
      vertex -30.2426 -22.2426 0
      vertex -30.2426 -22.2426 48
    endloop
  endfacet
  facet normal -0.996913 0.07851 0
    outer loop
      vertex -31.9261 18.9386 0
      vertex -31.9933 18.0853 21
      vertex -31.9261 18.9386 48
    endloop
  endfacet
  facet normal -0.996915 0.0784914 0
    outer loop
      vertex -32 18 20.8871
      vertex -31.9261 18.9386 0
      vertex -32 18 0
    endloop
  endfacet
  facet normal -0.996929 0.0783156 -7.94844e-06
    outer loop
      vertex -31.9261 18.9386 0
      vertex -32 18 20.8871
      vertex -31.9933 18.0853 21
    endloop
  endfacet
  facet normal -0.996929 0.0783134 6.25304e-06
    outer loop
      vertex -32 18 21.1129
      vertex -31.9261 18.9386 48
      vertex -31.9933 18.0853 21
    endloop
  endfacet
  facet normal -0.996915 0.0784914 0
    outer loop
      vertex -31.9261 18.9386 48
      vertex -32 18 21.1129
      vertex -32 18 48
    endloop
  endfacet
  facet normal 0.522455 0.852667 -0
    outer loop
      vertex 29.5267 22.8541 0
      vertex 28.7239 23.346 48
      vertex 29.5267 22.8541 48
    endloop
  endfacet
  facet normal 0.522455 0.852667 0
    outer loop
      vertex 28.7239 23.346 48
      vertex 29.5267 22.8541 0
      vertex 28.7239 23.346 0
    endloop
  endfacet
  facet normal 0.382699 -0.923873 0
    outer loop
      vertex 27.8541 -23.7063 0
      vertex 28.7239 -23.346 48
      vertex 27.8541 -23.7063 48
    endloop
  endfacet
  facet normal 0.382699 -0.923873 0
    outer loop
      vertex 28.7239 -23.346 48
      vertex 27.8541 -23.7063 0
      vertex 28.7239 -23.346 0
    endloop
  endfacet
  facet normal -0.0784914 -0.996915 0
    outer loop
      vertex -26.9386 -23.9261 48
      vertex -26 -24 29.3424
      vertex -26 -24 48
    endloop
  endfacet
  facet normal -0.078266 -0.996933 1.14094e-05
    outer loop
      vertex -26.9386 -23.9261 48
      vertex -26.0817 -23.9936 28.1187
      vertex -26 -24 29.3424
    endloop
  endfacet
  facet normal -0.0785291 -0.996912 0
    outer loop
      vertex -26.9386 -23.9261 48
      vertex -26.0817 -23.9936 22.1428
      vertex -26.0817 -23.9936 28.1187
    endloop
  endfacet
  facet normal -0.0785291 -0.996912 0
    outer loop
      vertex -26.9386 -23.9261 0
      vertex -26.0817 -23.9936 22.1428
      vertex -26.9386 -23.9261 48
    endloop
  endfacet
  facet normal -0.075448 -0.99715 -0.00011996
    outer loop
      vertex -26.9386 -23.9261 0
      vertex -26.0709 -23.9944 22.0001
      vertex -26.0817 -23.9936 22.1428
    endloop
  endfacet
  facet normal -0.0799655 -0.996798 5.93069e-05
    outer loop
      vertex -26.9386 -23.9261 0
      vertex -26.0386 -23.997 21.8519
      vertex -26.0709 -23.9944 22.0001
    endloop
  endfacet
  facet normal -0.0775957 -0.996985 -3.89017e-05
    outer loop
      vertex -26.9386 -23.9261 0
      vertex -26 -24 21.7429
      vertex -26.0386 -23.997 21.8519
    endloop
  endfacet
  facet normal -0.0784914 -0.996915 -0
    outer loop
      vertex -26 -24 21.7429
      vertex -26.9386 -23.9261 0
      vertex -26 -24 0
    endloop
  endfacet
  facet normal 0.923873 0.382699 0
    outer loop
      vertex 31.7063 19.8541 48
      vertex 31.346 20.7239 0
      vertex 31.346 20.7239 48
    endloop
  endfacet
  facet normal 0.923873 0.382699 0
    outer loop
      vertex 31.346 20.7239 0
      vertex 31.7063 19.8541 48
      vertex 31.7063 19.8541 0
    endloop
  endfacet
  facet normal -1 0 0
    outer loop
      vertex -32 18 0
      vertex -32 12.098 13.0744
      vertex -32 18 20.8871
    endloop
  endfacet
  facet normal -1 0 0
    outer loop
      vertex -32 18 0
      vertex -32 11.8942 12.8358
      vertex -32 12.098 13.0744
    endloop
  endfacet
  facet normal -1 0 0
    outer loop
      vertex -32 18 0
      vertex -32 11.6556 12.632
      vertex -32 11.8942 12.8358
    endloop
  endfacet
  facet normal -1 0 0
    outer loop
      vertex -32 18 0
      vertex -32 11.388 12.468
      vertex -32 11.6556 12.632
    endloop
  endfacet
  facet normal -1 0 0
    outer loop
      vertex -32 18 0
      vertex -32 11.098 12.3479
      vertex -32 11.388 12.468
    endloop
  endfacet
  facet normal -1 0 0
    outer loop
      vertex -32 18 0
      vertex -32 10.7929 12.2746
      vertex -32 11.098 12.3479
    endloop
  endfacet
  facet normal -1 0 0
    outer loop
      vertex -32 18 0
      vertex -32 10.48 12.25
      vertex -32 10.7929 12.2746
    endloop
  endfacet
  facet normal -1 0 0
    outer loop
      vertex -32 18 0
      vertex -32 -10.48 12.25
      vertex -32 10.48 12.25
    endloop
  endfacet
  facet normal -1 0 0
    outer loop
      vertex -32 -18 0
      vertex -32 -10.48 12.25
      vertex -32 18 0
    endloop
  endfacet
  facet normal -1 -0 0
    outer loop
      vertex -32 -10.48 12.25
      vertex -32 -18 0
      vertex -32 -10.7929 12.2746
    endloop
  endfacet
  facet normal -1 -0 0
    outer loop
      vertex -32 -10.7929 12.2746
      vertex -32 -18 0
      vertex -32 -11.098 12.3479
    endloop
  endfacet
  facet normal -1 -0 0
    outer loop
      vertex -32 -12.48 14.25
      vertex -32 -18 0
      vertex -32 -12.48 27.75
    endloop
  endfacet
  facet normal -1 -0 0
    outer loop
      vertex -32 -12.4554 13.9371
      vertex -32 -18 0
      vertex -32 -12.48 14.25
    endloop
  endfacet
  facet normal -1 -0 0
    outer loop
      vertex -32 -12.3821 13.632
      vertex -32 -18 0
      vertex -32 -12.4554 13.9371
    endloop
  endfacet
  facet normal -1 -0 0
    outer loop
      vertex -32 -12.262 13.342
      vertex -32 -18 0
      vertex -32 -12.3821 13.632
    endloop
  endfacet
  facet normal -1 -0 0
    outer loop
      vertex -32 -12.098 13.0744
      vertex -32 -18 0
      vertex -32 -12.262 13.342
    endloop
  endfacet
  facet normal -1 -0 0
    outer loop
      vertex -32 -11.8942 12.8358
      vertex -32 -18 0
      vertex -32 -12.098 13.0744
    endloop
  endfacet
  facet normal -1 -0 0
    outer loop
      vertex -32 -11.6556 12.632
      vertex -32 -18 0
      vertex -32 -11.8942 12.8358
    endloop
  endfacet
  facet normal -1 -0 0
    outer loop
      vertex -32 -11.388 12.468
      vertex -32 -18 0
      vertex -32 -11.6556 12.632
    endloop
  endfacet
  facet normal -1 -0 0
    outer loop
      vertex -32 -11.098 12.3479
      vertex -32 -18 0
      vertex -32 -11.388 12.468
    endloop
  endfacet
  facet normal -1 0 0
    outer loop
      vertex -32 12.098 28.9256
      vertex -32 18 48
      vertex -32 18 21.1129
    endloop
  endfacet
  facet normal -1 0 0
    outer loop
      vertex -32 11.8942 29.1642
      vertex -32 18 48
      vertex -32 12.098 28.9256
    endloop
  endfacet
  facet normal -1 0 0
    outer loop
      vertex -32 11.6556 29.368
      vertex -32 18 48
      vertex -32 11.8942 29.1642
    endloop
  endfacet
  facet normal -1 0 0
    outer loop
      vertex -32 11.388 29.532
      vertex -32 18 48
      vertex -32 11.6556 29.368
    endloop
  endfacet
  facet normal -1 0 0
    outer loop
      vertex -32 11.098 29.6521
      vertex -32 18 48
      vertex -32 11.388 29.532
    endloop
  endfacet
  facet normal -1 0 0
    outer loop
      vertex -32 10.7929 29.7254
      vertex -32 18 48
      vertex -32 11.098 29.6521
    endloop
  endfacet
  facet normal -1 0 0
    outer loop
      vertex -32 10.48 29.75
      vertex -32 18 48
      vertex -32 10.7929 29.7254
    endloop
  endfacet
  facet normal -1 0 0
    outer loop
      vertex -32 -10.48 29.75
      vertex -32 18 48
      vertex -32 10.48 29.75
    endloop
  endfacet
  facet normal -1 0 0
    outer loop
      vertex -32 -18 48
      vertex -32 -10.48 29.75
      vertex -32 -10.7929 29.7254
    endloop
  endfacet
  facet normal -1 0 0
    outer loop
      vertex -32 -18 48
      vertex -32 -10.7929 29.7254
      vertex -32 -11.098 29.6521
    endloop
  endfacet
  facet normal -1 0 0
    outer loop
      vertex -32 -18 48
      vertex -32 -11.098 29.6521
      vertex -32 -11.388 29.532
    endloop
  endfacet
  facet normal -1 0 0
    outer loop
      vertex -32 -18 48
      vertex -32 -11.388 29.532
      vertex -32 -11.6556 29.368
    endloop
  endfacet
  facet normal -1 0 0
    outer loop
      vertex -32 -18 48
      vertex -32 -12.48 27.75
      vertex -32 -18 0
    endloop
  endfacet
  facet normal -1 0 0
    outer loop
      vertex -32 -10.48 29.75
      vertex -32 -18 48
      vertex -32 18 48
    endloop
  endfacet
  facet normal -1 0 0
    outer loop
      vertex -32 -11.8942 29.1642
      vertex -32 -18 48
      vertex -32 -11.6556 29.368
    endloop
  endfacet
  facet normal -1 0 0
    outer loop
      vertex -32 -12.098 28.9256
      vertex -32 -18 48
      vertex -32 -11.8942 29.1642
    endloop
  endfacet
  facet normal -1 0 0
    outer loop
      vertex -32 -12.262 28.658
      vertex -32 -18 48
      vertex -32 -12.098 28.9256
    endloop
  endfacet
  facet normal -1 0 0
    outer loop
      vertex -32 -12.3821 28.368
      vertex -32 -18 48
      vertex -32 -12.262 28.658
    endloop
  endfacet
  facet normal -1 0 0
    outer loop
      vertex -32 -12.4554 28.0629
      vertex -32 -18 48
      vertex -32 -12.3821 28.368
    endloop
  endfacet
  facet normal -1 0 0
    outer loop
      vertex -32 -12.48 27.75
      vertex -32 -18 48
      vertex -32 -12.4554 28.0629
    endloop
  endfacet
  facet normal -0.522455 -0.852667 0
    outer loop
      vertex -29.5267 -22.8541 0
      vertex -28.7239 -23.346 48
      vertex -29.5267 -22.8541 48
    endloop
  endfacet
  facet normal -0.522455 -0.852667 -0
    outer loop
      vertex -28.7239 -23.346 48
      vertex -29.5267 -22.8541 0
      vertex -28.7239 -23.346 0
    endloop
  endfacet
  facet normal 0.233453 0.972368 -0
    outer loop
      vertex 27.8541 23.7063 0
      vertex 26.9386 23.9261 48
      vertex 27.8541 23.7063 48
    endloop
  endfacet
  facet normal 0.233453 0.972368 0
    outer loop
      vertex 26.9386 23.9261 48
      vertex 27.8541 23.7063 0
      vertex 26.9386 23.9261 0
    endloop
  endfacet
  facet normal -0.760373 0.649487 0
    outer loop
      vertex -30.8541 21.5267 0
      vertex -30.2426 22.2426 48
      vertex -30.2426 22.2426 0
    endloop
  endfacet
  facet normal -0.760373 0.649487 0
    outer loop
      vertex -30.2426 22.2426 48
      vertex -30.8541 21.5267 0
      vertex -30.8541 21.5267 48
    endloop
  endfacet
  facet normal 0.522455 -0.852667 0
    outer loop
      vertex 28.7239 -23.346 0
      vertex 29.5267 -22.8541 48
      vertex 28.7239 -23.346 48
    endloop
  endfacet
  facet normal 0.522455 -0.852667 0
    outer loop
      vertex 29.5267 -22.8541 48
      vertex 28.7239 -23.346 0
      vertex 29.5267 -22.8541 0
    endloop
  endfacet
  facet normal -0.923873 0.382699 0
    outer loop
      vertex -31.7063 19.8541 0
      vertex -31.346 20.7239 48
      vertex -31.346 20.7239 0
    endloop
  endfacet
  facet normal -0.923873 0.382699 0
    outer loop
      vertex -31.346 20.7239 48
      vertex -31.7063 19.8541 0
      vertex -31.7063 19.8541 48
    endloop
  endfacet
  facet normal 0.382699 0.923873 -0
    outer loop
      vertex 28.7239 23.346 0
      vertex 27.8541 23.7063 48
      vertex 28.7239 23.346 48
    endloop
  endfacet
  facet normal 0.382699 0.923873 0
    outer loop
      vertex 27.8541 23.7063 48
      vertex 28.7239 23.346 0
      vertex 27.8541 23.7063 0
    endloop
  endfacet
  facet normal 0.0784914 -0.996915 0
    outer loop
      vertex 26 -24 29.3424
      vertex 26.9386 -23.9261 48
      vertex 26 -24 48
    endloop
  endfacet
  facet normal 0.078266 -0.996933 1.14094e-05
    outer loop
      vertex 26.0817 -23.9936 28.1187
      vertex 26.9386 -23.9261 48
      vertex 26 -24 29.3424
    endloop
  endfacet
  facet normal 0.0785291 -0.996912 0
    outer loop
      vertex 26.0817 -23.9936 22.1428
      vertex 26.9386 -23.9261 48
      vertex 26.0817 -23.9936 28.1187
    endloop
  endfacet
  facet normal 0.0784914 -0.996915 0
    outer loop
      vertex 26.9386 -23.9261 0
      vertex 26 -24 21.7429
      vertex 26 -24 0
    endloop
  endfacet
  facet normal 0.0775957 -0.996985 -3.89017e-05
    outer loop
      vertex 26 -24 21.7429
      vertex 26.9386 -23.9261 0
      vertex 26.0386 -23.997 21.8519
    endloop
  endfacet
  facet normal 0.0799655 -0.996798 5.93069e-05
    outer loop
      vertex 26.0386 -23.997 21.8519
      vertex 26.9386 -23.9261 0
      vertex 26.0709 -23.9944 22.0001
    endloop
  endfacet
  facet normal 0.075448 -0.99715 -0.00011996
    outer loop
      vertex 26.0709 -23.9944 22.0001
      vertex 26.9386 -23.9261 0
      vertex 26.0817 -23.9936 22.1428
    endloop
  endfacet
  facet normal 0.0785291 -0.996912 0
    outer loop
      vertex 26.0817 -23.9936 22.1428
      vertex 26.9386 -23.9261 0
      vertex 26.9386 -23.9261 48
    endloop
  endfacet
  facet normal -0.382699 -0.923873 0
    outer loop
      vertex -28.7239 -23.346 0
      vertex -27.8541 -23.7063 48
      vertex -28.7239 -23.346 48
    endloop
  endfacet
  facet normal -0.382699 -0.923873 -0
    outer loop
      vertex -27.8541 -23.7063 48
      vertex -28.7239 -23.346 0
      vertex -27.8541 -23.7063 0
    endloop
  endfacet
  facet normal 0.996915 -0.0784914 0
    outer loop
      vertex 31.9261 -18.9386 48
      vertex 32 -18 0
      vertex 32 -18 48
    endloop
  endfacet
  facet normal 0.996915 -0.0784914 0
    outer loop
      vertex 32 -18 0
      vertex 31.9261 -18.9386 48
      vertex 31.9261 -18.9386 0
    endloop
  endfacet
  facet normal 0.649487 0.760373 -0
    outer loop
      vertex 30.2426 22.2426 0
      vertex 29.5267 22.8541 48
      vertex 30.2426 22.2426 48
    endloop
  endfacet
  facet normal 0.649487 0.760373 0
    outer loop
      vertex 29.5267 22.8541 48
      vertex 30.2426 22.2426 0
      vertex 29.5267 22.8541 0
    endloop
  endfacet
  facet normal -0.0784914 0.996915 0
    outer loop
      vertex -26 24 29.3424
      vertex -26.9386 23.9261 48
      vertex -26 24 48
    endloop
  endfacet
  facet normal -0.0785003 0.996914 -4.49584e-07
    outer loop
      vertex -26.24 23.9811 25.75
      vertex -26.9386 23.9261 48
      vertex -26 24 29.3424
    endloop
  endfacet
  facet normal -0.078486 0.996915 0
    outer loop
      vertex -26.9386 23.9261 0
      vertex -26.24 23.9811 25.75
      vertex -26.24 23.9811 12.25
    endloop
  endfacet
  facet normal -0.0784914 0.996915 0
    outer loop
      vertex -26.9386 23.9261 0
      vertex -26 24 11.3061
      vertex -26 24 0
    endloop
  endfacet
  facet normal -0.0772159 0.997014 -0.000106539
    outer loop
      vertex -26 24 11.3061
      vertex -26.9386 23.9261 0
      vertex -26.022 23.9983 11.342
    endloop
  endfacet
  facet normal -0.0788008 0.99689 2.23383e-05
    outer loop
      vertex -26.022 23.9983 11.342
      vertex -26.9386 23.9261 0
      vertex -26.1421 23.9888 11.632
    endloop
  endfacet
  facet normal -0.0787908 0.996891 2.16459e-05
    outer loop
      vertex -26.1421 23.9888 11.632
      vertex -26.9386 23.9261 0
      vertex -26.2154 23.983 11.9371
    endloop
  endfacet
  facet normal -0.078486 0.996915 0
    outer loop
      vertex -26.24 23.9811 25.75
      vertex -26.9386 23.9261 0
      vertex -26.9386 23.9261 48
    endloop
  endfacet
  facet normal -0.0776285 0.996982 -4.92027e-05
    outer loop
      vertex -26.2154 23.983 11.9371
      vertex -26.9386 23.9261 0
      vertex -26.24 23.9811 12.25
    endloop
  endfacet
  facet normal 0.233453 -0.972368 0
    outer loop
      vertex 26.9386 -23.9261 0
      vertex 27.8541 -23.7063 48
      vertex 26.9386 -23.9261 48
    endloop
  endfacet
  facet normal 0.233453 -0.972368 0
    outer loop
      vertex 27.8541 -23.7063 48
      vertex 26.9386 -23.9261 0
      vertex 27.8541 -23.7063 0
    endloop
  endfacet
  facet normal -0.233453 -0.972368 0
    outer loop
      vertex -27.8541 -23.7063 0
      vertex -26.9386 -23.9261 48
      vertex -27.8541 -23.7063 48
    endloop
  endfacet
  facet normal -0.233453 -0.972368 -0
    outer loop
      vertex -26.9386 -23.9261 48
      vertex -27.8541 -23.7063 0
      vertex -26.9386 -23.9261 0
    endloop
  endfacet
  facet normal -0.522455 0.852667 0
    outer loop
      vertex -28.7239 23.346 0
      vertex -29.5267 22.8541 48
      vertex -28.7239 23.346 48
    endloop
  endfacet
  facet normal -0.522455 0.852667 0
    outer loop
      vertex -29.5267 22.8541 48
      vertex -28.7239 23.346 0
      vertex -29.5267 22.8541 0
    endloop
  endfacet
  facet normal -0.382699 0.923873 0
    outer loop
      vertex -27.8541 23.7063 0
      vertex -28.7239 23.346 48
      vertex -27.8541 23.7063 48
    endloop
  endfacet
  facet normal -0.382699 0.923873 0
    outer loop
      vertex -28.7239 23.346 48
      vertex -27.8541 23.7063 0
      vertex -28.7239 23.346 0
    endloop
  endfacet
  facet normal -0.996915 -0.0784914 0
    outer loop
      vertex -31.9261 -18.9386 0
      vertex -32 -18 48
      vertex -32 -18 0
    endloop
  endfacet
  facet normal -0.996915 -0.0784914 0
    outer loop
      vertex -32 -18 48
      vertex -31.9261 -18.9386 0
      vertex -31.9261 -18.9386 48
    endloop
  endfacet
  facet normal 0.996913 0.07851 0
    outer loop
      vertex 31.9261 18.9386 48
      vertex 31.9933 18.0853 21
      vertex 31.9261 18.9386 0
    endloop
  endfacet
  facet normal 0.996915 0.0784914 -0
    outer loop
      vertex 32 18 21.1129
      vertex 31.9261 18.9386 48
      vertex 32 18 48
    endloop
  endfacet
  facet normal 0.996929 0.0783134 6.25304e-06
    outer loop
      vertex 31.9261 18.9386 48
      vertex 32 18 21.1129
      vertex 31.9933 18.0853 21
    endloop
  endfacet
  facet normal 0.996929 0.0783156 -7.94844e-06
    outer loop
      vertex 32 18 20.8871
      vertex 31.9261 18.9386 0
      vertex 31.9933 18.0853 21
    endloop
  endfacet
  facet normal 0.996915 0.0784914 0
    outer loop
      vertex 31.9261 18.9386 0
      vertex 32 18 20.8871
      vertex 32 18 0
    endloop
  endfacet
  facet normal -0.923873 -0.382699 0
    outer loop
      vertex -31.346 -20.7239 0
      vertex -31.7063 -19.8541 48
      vertex -31.7063 -19.8541 0
    endloop
  endfacet
  facet normal -0.923873 -0.382699 0
    outer loop
      vertex -31.7063 -19.8541 48
      vertex -31.346 -20.7239 0
      vertex -31.346 -20.7239 48
    endloop
  endfacet
  facet normal 0 0 1
    outer loop
      vertex 29.6 18 50
      vertex 31.2 4 50
      vertex 31.2 17.2 50
    endloop
  endfacet
  facet normal 0 0 1
    outer loop
      vertex 31.2 4 50
      vertex 29.6 18 50
      vertex 31.2 -4 50
    endloop
  endfacet
  facet normal -0 0 1
    outer loop
      vertex 29.6 18 50
      vertex 31.2 17.2 50
      vertex 31.1261 18.1386 50
    endloop
  endfacet
  facet normal 0 0 1
    outer loop
      vertex 29.6 -18 50
      vertex 31.2 -4 50
      vertex 29.6 18 50
    endloop
  endfacet
  facet normal -0 0 1
    outer loop
      vertex 29.5557 18.5632 50
      vertex 31.1261 18.1386 50
      vertex 30.9063 19.0541 50
    endloop
  endfacet
  facet normal 0 0 1
    outer loop
      vertex 31.2 -4 50
      vertex 29.6 -18 50
      vertex 31.2 -17.2 50
    endloop
  endfacet
  facet normal -0 0 1
    outer loop
      vertex 29.4238 19.1125 50
      vertex 30.9063 19.0541 50
      vertex 30.546 19.9239 50
    endloop
  endfacet
  facet normal 0 0 1
    outer loop
      vertex 31.2 -17.2 50
      vertex 29.6 -18 50
      vertex 31.1261 -18.1386 50
    endloop
  endfacet
  facet normal 0 0 1
    outer loop
      vertex 29.2076 19.6344 50
      vertex 30.546 19.9239 50
      vertex 30.0541 20.7267 50
    endloop
  endfacet
  facet normal 0 0 1
    outer loop
      vertex 29.5557 -18.5632 50
      vertex 31.1261 -18.1386 50
      vertex 29.6 -18 50
    endloop
  endfacet
  facet normal 0 0 1
    outer loop
      vertex 31.1261 -18.1386 50
      vertex 29.5557 -18.5632 50
      vertex 30.9063 -19.0541 50
    endloop
  endfacet
  facet normal 0 0 1
    outer loop
      vertex 31.1261 18.1386 50
      vertex 29.5557 18.5632 50
      vertex 29.6 18 50
    endloop
  endfacet
  facet normal 0 0 1
    outer loop
      vertex 28.9125 20.116 50
      vertex 30.0541 20.7267 50
      vertex 29.4426 21.4426 50
    endloop
  endfacet
  facet normal 0 0 1
    outer loop
      vertex 30.9063 19.0541 50
      vertex 29.4238 19.1125 50
      vertex 29.5557 18.5632 50
    endloop
  endfacet
  facet normal 0 0 1
    outer loop
      vertex 30.546 19.9239 50
      vertex 29.2076 19.6344 50
      vertex 29.4238 19.1125 50
    endloop
  endfacet
  facet normal 0 0 1
    outer loop
      vertex 30.0541 20.7267 50
      vertex 28.9125 20.116 50
      vertex 29.2076 19.6344 50
    endloop
  endfacet
  facet normal 0 0 1
    outer loop
      vertex 28.116 20.9125 50
      vertex 29.4426 21.4426 50
      vertex 28.7267 22.0541 50
    endloop
  endfacet
  facet normal 0 0 1
    outer loop
      vertex 29.4426 21.4426 50
      vertex 28.5456 20.5456 50
      vertex 28.9125 20.116 50
    endloop
  endfacet
  facet normal 0 0 1
    outer loop
      vertex 29.4426 21.4426 50
      vertex 28.116 20.9125 50
      vertex 28.5456 20.5456 50
    endloop
  endfacet
  facet normal 0 0 1
    outer loop
      vertex 27.6344 21.2076 50
      vertex 28.7267 22.0541 50
      vertex 27.9239 22.546 50
    endloop
  endfacet
  facet normal 0 0 1
    outer loop
      vertex 28.7267 22.0541 50
      vertex 27.6344 21.2076 50
      vertex 28.116 20.9125 50
    endloop
  endfacet
  facet normal 0 0 1
    outer loop
      vertex 27.9239 22.546 50
      vertex 27.1125 21.4238 50
      vertex 27.6344 21.2076 50
    endloop
  endfacet
  facet normal 0 0 1
    outer loop
      vertex 27.0541 22.9063 50
      vertex 27.1125 21.4238 50
      vertex 27.9239 22.546 50
    endloop
  endfacet
  facet normal 0 0 1
    outer loop
      vertex 27.0541 22.9063 50
      vertex 26.5632 21.5557 50
      vertex 27.1125 21.4238 50
    endloop
  endfacet
  facet normal 0 0 1
    outer loop
      vertex 26.1386 23.1261 50
      vertex 26.5632 21.5557 50
      vertex 27.0541 22.9063 50
    endloop
  endfacet
  facet normal 0 0 1
    outer loop
      vertex 26.1386 23.1261 50
      vertex 26 21.6 50
      vertex 26.5632 21.5557 50
    endloop
  endfacet
  facet normal 0 0 1
    outer loop
      vertex 25.2 23.2 50
      vertex 26 21.6 50
      vertex 26.1386 23.1261 50
    endloop
  endfacet
  facet normal -0 0 1
    outer loop
      vertex -25.2 23.2 50
      vertex 26 21.6 50
      vertex 25.2 23.2 50
    endloop
  endfacet
  facet normal 0 0 1
    outer loop
      vertex -25.2 23.2 50
      vertex -26 21.6 50
      vertex 26 21.6 50
    endloop
  endfacet
  facet normal -0 0 1
    outer loop
      vertex -26.1386 23.1261 50
      vertex -26 21.6 50
      vertex -25.2 23.2 50
    endloop
  endfacet
  facet normal 0 0 1
    outer loop
      vertex -26.1386 23.1261 50
      vertex -26.5632 21.5557 50
      vertex -26 21.6 50
    endloop
  endfacet
  facet normal -0 0 1
    outer loop
      vertex -27.0541 22.9063 50
      vertex -26.5632 21.5557 50
      vertex -26.1386 23.1261 50
    endloop
  endfacet
  facet normal 0 0 1
    outer loop
      vertex -27.0541 22.9063 50
      vertex -27.1125 21.4238 50
      vertex -26.5632 21.5557 50
    endloop
  endfacet
  facet normal -0 0 1
    outer loop
      vertex -27.9239 22.546 50
      vertex -27.1125 21.4238 50
      vertex -27.0541 22.9063 50
    endloop
  endfacet
  facet normal 0 0 1
    outer loop
      vertex -27.1125 21.4238 50
      vertex -27.9239 22.546 50
      vertex -27.6344 21.2076 50
    endloop
  endfacet
  facet normal -0 0 1
    outer loop
      vertex -28.7267 22.0541 50
      vertex -27.6344 21.2076 50
      vertex -27.9239 22.546 50
    endloop
  endfacet
  facet normal 0 0 1
    outer loop
      vertex -27.6344 21.2076 50
      vertex -28.7267 22.0541 50
      vertex -28.116 20.9125 50
    endloop
  endfacet
  facet normal -0 0 1
    outer loop
      vertex -29.4426 21.4426 50
      vertex -28.116 20.9125 50
      vertex -28.7267 22.0541 50
    endloop
  endfacet
  facet normal 0 0 1
    outer loop
      vertex -28.116 20.9125 50
      vertex -29.4426 21.4426 50
      vertex -28.5456 20.5456 50
    endloop
  endfacet
  facet normal 0 0 1
    outer loop
      vertex -28.5456 20.5456 50
      vertex -29.4426 21.4426 50
      vertex -28.9125 20.116 50
    endloop
  endfacet
  facet normal -0 0 1
    outer loop
      vertex -30.0541 20.7267 50
      vertex -28.9125 20.116 50
      vertex -29.4426 21.4426 50
    endloop
  endfacet
  facet normal 0 0 1
    outer loop
      vertex -28.9125 20.116 50
      vertex -30.0541 20.7267 50
      vertex -29.2076 19.6344 50
    endloop
  endfacet
  facet normal -0 0 1
    outer loop
      vertex -30.546 19.9239 50
      vertex -29.2076 19.6344 50
      vertex -30.0541 20.7267 50
    endloop
  endfacet
  facet normal 0 0 1
    outer loop
      vertex -29.2076 19.6344 50
      vertex -30.546 19.9239 50
      vertex -29.4238 19.1125 50
    endloop
  endfacet
  facet normal 0 0 1
    outer loop
      vertex -29.4238 19.1125 50
      vertex -30.9063 19.0541 50
      vertex -29.5557 18.5632 50
    endloop
  endfacet
  facet normal 0 0 1
    outer loop
      vertex -30.9063 19.0541 50
      vertex -29.4238 19.1125 50
      vertex -30.546 19.9239 50
    endloop
  endfacet
  facet normal -0 0 1
    outer loop
      vertex 31.2 4 50
      vertex 32 -4 50
      vertex 32 4 50
    endloop
  endfacet
  facet normal 0 0 1
    outer loop
      vertex 32 -4 50
      vertex 31.2 4 50
      vertex 31.2 -4 50
    endloop
  endfacet
  facet normal 0 0 1
    outer loop
      vertex 29.4238 -19.1125 50
      vertex 30.9063 -19.0541 50
      vertex 29.5557 -18.5632 50
    endloop
  endfacet
  facet normal 0 0 1
    outer loop
      vertex 30.9063 -19.0541 50
      vertex 29.4238 -19.1125 50
      vertex 30.546 -19.9239 50
    endloop
  endfacet
  facet normal -0 0 1
    outer loop
      vertex 29.2076 -19.6344 50
      vertex 30.546 -19.9239 50
      vertex 29.4238 -19.1125 50
    endloop
  endfacet
  facet normal 0 0 1
    outer loop
      vertex 30.546 -19.9239 50
      vertex 29.2076 -19.6344 50
      vertex 30.0541 -20.7267 50
    endloop
  endfacet
  facet normal -0 0 1
    outer loop
      vertex 28.9125 -20.116 50
      vertex 30.0541 -20.7267 50
      vertex 29.2076 -19.6344 50
    endloop
  endfacet
  facet normal 0 0 1
    outer loop
      vertex 30.0541 -20.7267 50
      vertex 28.9125 -20.116 50
      vertex 29.4426 -21.4426 50
    endloop
  endfacet
  facet normal -0 0 1
    outer loop
      vertex 28.5456 -20.5456 50
      vertex 29.4426 -21.4426 50
      vertex 28.9125 -20.116 50
    endloop
  endfacet
  facet normal -0 0 1
    outer loop
      vertex 28.116 -20.9125 50
      vertex 29.4426 -21.4426 50
      vertex 28.5456 -20.5456 50
    endloop
  endfacet
  facet normal 0 0 1
    outer loop
      vertex 29.4426 -21.4426 50
      vertex 28.116 -20.9125 50
      vertex 28.7267 -22.0541 50
    endloop
  endfacet
  facet normal -0 0 1
    outer loop
      vertex 27.6344 -21.2076 50
      vertex 28.7267 -22.0541 50
      vertex 28.116 -20.9125 50
    endloop
  endfacet
  facet normal 0 0 1
    outer loop
      vertex 28.7267 -22.0541 50
      vertex 27.6344 -21.2076 50
      vertex 27.9239 -22.546 50
    endloop
  endfacet
  facet normal -0 0 1
    outer loop
      vertex 27.1125 -21.4238 50
      vertex 27.9239 -22.546 50
      vertex 27.6344 -21.2076 50
    endloop
  endfacet
  facet normal 0 0 1
    outer loop
      vertex 27.1125 -21.4238 50
      vertex 27.0541 -22.9063 50
      vertex 27.9239 -22.546 50
    endloop
  endfacet
  facet normal -0 0 1
    outer loop
      vertex 26.5632 -21.5557 50
      vertex 27.0541 -22.9063 50
      vertex 27.1125 -21.4238 50
    endloop
  endfacet
  facet normal 0 0 1
    outer loop
      vertex 26.5632 -21.5557 50
      vertex 26.1386 -23.1261 50
      vertex 27.0541 -22.9063 50
    endloop
  endfacet
  facet normal -0 0 1
    outer loop
      vertex 26 -21.6 50
      vertex 26.1386 -23.1261 50
      vertex 26.5632 -21.5557 50
    endloop
  endfacet
  facet normal 0 0 1
    outer loop
      vertex 26 -21.6 50
      vertex 25.2 -23.2 50
      vertex 26.1386 -23.1261 50
    endloop
  endfacet
  facet normal 0 0 1
    outer loop
      vertex 26 -21.6 50
      vertex -25.2 -23.2 50
      vertex 25.2 -23.2 50
    endloop
  endfacet
  facet normal -0 0 1
    outer loop
      vertex -26 -21.6 50
      vertex -25.2 -23.2 50
      vertex 26 -21.6 50
    endloop
  endfacet
  facet normal 0 0 1
    outer loop
      vertex -26 -21.6 50
      vertex -26.1386 -23.1261 50
      vertex -25.2 -23.2 50
    endloop
  endfacet
  facet normal 0 0 1
    outer loop
      vertex -26.5632 -21.5557 50
      vertex -26.1386 -23.1261 50
      vertex -26 -21.6 50
    endloop
  endfacet
  facet normal 0 0 1
    outer loop
      vertex -26.5632 -21.5557 50
      vertex -27.0541 -22.9063 50
      vertex -26.1386 -23.1261 50
    endloop
  endfacet
  facet normal 0 0 1
    outer loop
      vertex -27.1125 -21.4238 50
      vertex -27.0541 -22.9063 50
      vertex -26.5632 -21.5557 50
    endloop
  endfacet
  facet normal 0 0 1
    outer loop
      vertex -27.9239 -22.546 50
      vertex -27.1125 -21.4238 50
      vertex -27.6344 -21.2076 50
    endloop
  endfacet
  facet normal 0 0 1
    outer loop
      vertex -27.1125 -21.4238 50
      vertex -27.9239 -22.546 50
      vertex -27.0541 -22.9063 50
    endloop
  endfacet
  facet normal 0 0 1
    outer loop
      vertex -28.7267 -22.0541 50
      vertex -27.6344 -21.2076 50
      vertex -28.116 -20.9125 50
    endloop
  endfacet
  facet normal 0 0 1
    outer loop
      vertex -29.4426 -21.4426 50
      vertex -28.116 -20.9125 50
      vertex -28.5456 -20.5456 50
    endloop
  endfacet
  facet normal 0 0 1
    outer loop
      vertex -27.6344 -21.2076 50
      vertex -28.7267 -22.0541 50
      vertex -27.9239 -22.546 50
    endloop
  endfacet
  facet normal 0 0 1
    outer loop
      vertex -29.4426 -21.4426 50
      vertex -28.5456 -20.5456 50
      vertex -28.9125 -20.116 50
    endloop
  endfacet
  facet normal 0 0 1
    outer loop
      vertex -30.0541 -20.7267 50
      vertex -28.9125 -20.116 50
      vertex -29.2076 -19.6344 50
    endloop
  endfacet
  facet normal 0 0 1
    outer loop
      vertex -30.546 -19.9239 50
      vertex -29.2076 -19.6344 50
      vertex -29.4238 -19.1125 50
    endloop
  endfacet
  facet normal 0 0 1
    outer loop
      vertex -28.116 -20.9125 50
      vertex -29.4426 -21.4426 50
      vertex -28.7267 -22.0541 50
    endloop
  endfacet
  facet normal -0 0 1
    outer loop
      vertex -30.9063 -19.0541 50
      vertex -29.4238 -19.1125 50
      vertex -29.5557 -18.5632 50
    endloop
  endfacet
  facet normal -0 0 1
    outer loop
      vertex -31.1261 -18.1386 50
      vertex -29.5557 -18.5632 50
      vertex -29.6 -18 50
    endloop
  endfacet
  facet normal 0 0 1
    outer loop
      vertex -28.9125 -20.116 50
      vertex -30.0541 -20.7267 50
      vertex -29.4426 -21.4426 50
    endloop
  endfacet
  facet normal 0 0 1
    outer loop
      vertex -29.6 18 50
      vertex -31.2 17.2 50
      vertex -29.6 -18 50
    endloop
  endfacet
  facet normal 0 0 1
    outer loop
      vertex -31.1261 18.1386 50
      vertex -29.5557 18.5632 50
      vertex -30.9063 19.0541 50
    endloop
  endfacet
  facet normal -0 0 1
    outer loop
      vertex -31.2 -17.2 50
      vertex -29.6 -18 50
      vertex -31.2 17.2 50
    endloop
  endfacet
  facet normal 0 0 1
    outer loop
      vertex -29.5557 18.5632 50
      vertex -31.1261 18.1386 50
      vertex -29.6 18 50
    endloop
  endfacet
  facet normal 0 -0 1
    outer loop
      vertex -31.1261 -18.1386 50
      vertex -29.6 -18 50
      vertex -31.2 -17.2 50
    endloop
  endfacet
  facet normal 0 0 1
    outer loop
      vertex -29.6 18 50
      vertex -31.1261 18.1386 50
      vertex -31.2 17.2 50
    endloop
  endfacet
  facet normal 0 0 1
    outer loop
      vertex -29.2076 -19.6344 50
      vertex -30.546 -19.9239 50
      vertex -30.0541 -20.7267 50
    endloop
  endfacet
  facet normal 0 0 1
    outer loop
      vertex -29.4238 -19.1125 50
      vertex -30.9063 -19.0541 50
      vertex -30.546 -19.9239 50
    endloop
  endfacet
  facet normal 0 0 1
    outer loop
      vertex -29.5557 -18.5632 50
      vertex -31.1261 -18.1386 50
      vertex -30.9063 -19.0541 50
    endloop
  endfacet
  facet normal -0.972368 -0.233453 0
    outer loop
      vertex -31.7063 -19.8541 0
      vertex -31.9261 -18.9386 48
      vertex -31.9261 -18.9386 0
    endloop
  endfacet
  facet normal -0.972368 -0.233453 0
    outer loop
      vertex -31.9261 -18.9386 48
      vertex -31.7063 -19.8541 0
      vertex -31.7063 -19.8541 48
    endloop
  endfacet
  facet normal 1 0 0
    outer loop
      vertex -29.6 18 50
      vertex -29.6 16.8397 22.5
      vertex -29.6 18 2.4
    endloop
  endfacet
  facet normal 1 0 0
    outer loop
      vertex -29.6 18 50
      vertex -29.6 16.8342 22.5695
      vertex -29.6 16.8397 22.5
    endloop
  endfacet
  facet normal 1 0 0
    outer loop
      vertex -29.6 18 50
      vertex -29.6 16.8179 22.6373
      vertex -29.6 16.8342 22.5695
    endloop
  endfacet
  facet normal 1 0 0
    outer loop
      vertex -29.6 18 50
      vertex -29.6 16.7912 22.7018
      vertex -29.6 16.8179 22.6373
    endloop
  endfacet
  facet normal 1 0 0
    outer loop
      vertex -29.6 18 50
      vertex -29.6 16.7548 22.7612
      vertex -29.6 16.7912 22.7018
    endloop
  endfacet
  facet normal 1 0 0
    outer loop
      vertex -29.6 18 50
      vertex -29.6 12.098 28.9256
      vertex -29.6 16.7548 22.7612
    endloop
  endfacet
  facet normal 1 0 0
    outer loop
      vertex -29.6 18 50
      vertex -29.6 11.8942 29.1642
      vertex -29.6 12.098 28.9256
    endloop
  endfacet
  facet normal 1 0 0
    outer loop
      vertex -29.6 18 50
      vertex -29.6 11.6556 29.368
      vertex -29.6 11.8942 29.1642
    endloop
  endfacet
  facet normal 1 0 0
    outer loop
      vertex -29.6 18 50
      vertex -29.6 11.388 29.532
      vertex -29.6 11.6556 29.368
    endloop
  endfacet
  facet normal 1 0 0
    outer loop
      vertex -29.6 18 50
      vertex -29.6 11.098 29.6521
      vertex -29.6 11.388 29.532
    endloop
  endfacet
  facet normal 1 0 0
    outer loop
      vertex -29.6 18 50
      vertex -29.6 10.7929 29.7254
      vertex -29.6 11.098 29.6521
    endloop
  endfacet
  facet normal 1 0 0
    outer loop
      vertex -29.6 18 50
      vertex -29.6 10.48 29.75
      vertex -29.6 10.7929 29.7254
    endloop
  endfacet
  facet normal 1 0 0
    outer loop
      vertex -29.6 18 50
      vertex -29.6 -10.48 29.75
      vertex -29.6 10.48 29.75
    endloop
  endfacet
  facet normal 1 -0 0
    outer loop
      vertex -29.6 -18 50
      vertex -29.6 -10.48 29.75
      vertex -29.6 18 50
    endloop
  endfacet
  facet normal 1 0 0
    outer loop
      vertex -29.6 -10.48 29.75
      vertex -29.6 -18 50
      vertex -29.6 -10.7929 29.7254
    endloop
  endfacet
  facet normal 1 0 0
    outer loop
      vertex -29.6 -10.7929 29.7254
      vertex -29.6 -18 50
      vertex -29.6 -11.098 29.6521
    endloop
  endfacet
  facet normal 1 0 0
    outer loop
      vertex -29.6 -11.098 29.6521
      vertex -29.6 -18 50
      vertex -29.6 -11.388 29.532
    endloop
  endfacet
  facet normal 1 0 0
    outer loop
      vertex -29.6 -18 2.4
      vertex -29.6 -12.48 27.75
      vertex -29.6 -18 50
    endloop
  endfacet
  facet normal 1 0 0
    outer loop
      vertex -29.6 -12.4554 28.0629
      vertex -29.6 -18 50
      vertex -29.6 -12.48 27.75
    endloop
  endfacet
  facet normal 1 0 0
    outer loop
      vertex -29.6 -12.3821 28.368
      vertex -29.6 -18 50
      vertex -29.6 -12.4554 28.0629
    endloop
  endfacet
  facet normal 1 0 0
    outer loop
      vertex -29.6 -12.262 28.658
      vertex -29.6 -18 50
      vertex -29.6 -12.3821 28.368
    endloop
  endfacet
  facet normal 1 0 0
    outer loop
      vertex -29.6 -12.098 28.9256
      vertex -29.6 -18 50
      vertex -29.6 -12.262 28.658
    endloop
  endfacet
  facet normal 1 0 0
    outer loop
      vertex -29.6 -11.8942 29.1642
      vertex -29.6 -18 50
      vertex -29.6 -12.098 28.9256
    endloop
  endfacet
  facet normal 1 0 0
    outer loop
      vertex -29.6 -11.6556 29.368
      vertex -29.6 -18 50
      vertex -29.6 -11.8942 29.1642
    endloop
  endfacet
  facet normal 1 0 0
    outer loop
      vertex -29.6 -11.388 29.532
      vertex -29.6 -18 50
      vertex -29.6 -11.6556 29.368
    endloop
  endfacet
  facet normal 1 -0 0
    outer loop
      vertex -29.6 16.8397 19.5
      vertex -29.6 18 2.4
      vertex -29.6 16.8397 22.5
    endloop
  endfacet
  facet normal 1 -0 0
    outer loop
      vertex -29.6 16.8342 19.4305
      vertex -29.6 18 2.4
      vertex -29.6 16.8397 19.5
    endloop
  endfacet
  facet normal 1 -0 0
    outer loop
      vertex -29.6 16.8179 19.3627
      vertex -29.6 18 2.4
      vertex -29.6 16.8342 19.4305
    endloop
  endfacet
  facet normal 1 -0 0
    outer loop
      vertex -29.6 16.7912 19.2982
      vertex -29.6 18 2.4
      vertex -29.6 16.8179 19.3627
    endloop
  endfacet
  facet normal 1 -0 0
    outer loop
      vertex -29.6 16.7548 19.2388
      vertex -29.6 18 2.4
      vertex -29.6 16.7912 19.2982
    endloop
  endfacet
  facet normal 1 -0 0
    outer loop
      vertex -29.6 12.098 13.0744
      vertex -29.6 18 2.4
      vertex -29.6 16.7548 19.2388
    endloop
  endfacet
  facet normal 1 -0 0
    outer loop
      vertex -29.6 11.8942 12.8358
      vertex -29.6 18 2.4
      vertex -29.6 12.098 13.0744
    endloop
  endfacet
  facet normal 1 -0 0
    outer loop
      vertex -29.6 11.6556 12.632
      vertex -29.6 18 2.4
      vertex -29.6 11.8942 12.8358
    endloop
  endfacet
  facet normal 1 -0 0
    outer loop
      vertex -29.6 11.388 12.468
      vertex -29.6 18 2.4
      vertex -29.6 11.6556 12.632
    endloop
  endfacet
  facet normal 1 -0 0
    outer loop
      vertex -29.6 11.098 12.3479
      vertex -29.6 18 2.4
      vertex -29.6 11.388 12.468
    endloop
  endfacet
  facet normal 1 -0 0
    outer loop
      vertex -29.6 10.7929 12.2746
      vertex -29.6 18 2.4
      vertex -29.6 11.098 12.3479
    endloop
  endfacet
  facet normal 1 -0 0
    outer loop
      vertex -29.6 10.48 12.25
      vertex -29.6 18 2.4
      vertex -29.6 10.7929 12.2746
    endloop
  endfacet
  facet normal 1 -0 0
    outer loop
      vertex -29.6 -10.48 12.25
      vertex -29.6 18 2.4
      vertex -29.6 10.48 12.25
    endloop
  endfacet
  facet normal 1 0 0
    outer loop
      vertex -29.6 -18 2.4
      vertex -29.6 -10.48 12.25
      vertex -29.6 -10.7929 12.2746
    endloop
  endfacet
  facet normal 1 0 0
    outer loop
      vertex -29.6 -18 2.4
      vertex -29.6 -10.7929 12.2746
      vertex -29.6 -11.098 12.3479
    endloop
  endfacet
  facet normal 1 0 0
    outer loop
      vertex -29.6 -12.48 27.75
      vertex -29.6 -18 2.4
      vertex -29.6 -12.48 14.25
    endloop
  endfacet
  facet normal 1 0 0
    outer loop
      vertex -29.6 -10.48 12.25
      vertex -29.6 -18 2.4
      vertex -29.6 18 2.4
    endloop
  endfacet
  facet normal 1 0 0
    outer loop
      vertex -29.6 -11.388 12.468
      vertex -29.6 -18 2.4
      vertex -29.6 -11.098 12.3479
    endloop
  endfacet
  facet normal 1 0 0
    outer loop
      vertex -29.6 -11.6556 12.632
      vertex -29.6 -18 2.4
      vertex -29.6 -11.388 12.468
    endloop
  endfacet
  facet normal 1 0 0
    outer loop
      vertex -29.6 -11.8942 12.8358
      vertex -29.6 -18 2.4
      vertex -29.6 -11.6556 12.632
    endloop
  endfacet
  facet normal 1 0 0
    outer loop
      vertex -29.6 -12.098 13.0744
      vertex -29.6 -18 2.4
      vertex -29.6 -11.8942 12.8358
    endloop
  endfacet
  facet normal 1 0 0
    outer loop
      vertex -29.6 -12.262 13.342
      vertex -29.6 -18 2.4
      vertex -29.6 -12.098 13.0744
    endloop
  endfacet
  facet normal 1 0 0
    outer loop
      vertex -29.6 -12.3821 13.632
      vertex -29.6 -18 2.4
      vertex -29.6 -12.262 13.342
    endloop
  endfacet
  facet normal 1 0 0
    outer loop
      vertex -29.6 -12.4554 13.9371
      vertex -29.6 -18 2.4
      vertex -29.6 -12.3821 13.632
    endloop
  endfacet
  facet normal 1 0 0
    outer loop
      vertex -29.6 -12.48 14.25
      vertex -29.6 -18 2.4
      vertex -29.6 -12.4554 13.9371
    endloop
  endfacet
  facet normal 0.85266 0.522467 0
    outer loop
      vertex -28.9125 -20.116 50
      vertex -29.2076 -19.6344 2.4
      vertex -29.2076 -19.6344 50
    endloop
  endfacet
  facet normal 0.85266 0.522467 0
    outer loop
      vertex -29.2076 -19.6344 2.4
      vertex -28.9125 -20.116 50
      vertex -28.9125 -20.116 2.4
    endloop
  endfacet
  facet normal -0.649435 -0.760417 0
    outer loop
      vertex 28.116 20.9125 2.4
      vertex 28.5456 20.5456 50
      vertex 28.116 20.9125 50
    endloop
  endfacet
  facet normal -0.649435 -0.760417 -0
    outer loop
      vertex 28.5456 20.5456 50
      vertex 28.116 20.9125 2.4
      vertex 28.5456 20.5456 2.4
    endloop
  endfacet
  facet normal -0.996921 -0.0784155 0
    outer loop
      vertex 29.6 18 2.4
      vertex 29.5557 18.5632 50
      vertex 29.5557 18.5632 2.4
    endloop
  endfacet
  facet normal -0.996921 -0.0784155 0
    outer loop
      vertex 29.5557 18.5632 50
      vertex 29.6 18 2.4
      vertex 29.6 18 50
    endloop
  endfacet
  facet normal 0 1 -0
    outer loop
      vertex 26 -21.6 2.4
      vertex -26 -21.6 50
      vertex 26 -21.6 50
    endloop
  endfacet
  facet normal 0 1 0
    outer loop
      vertex -26 -21.6 50
      vertex 26 -21.6 2.4
      vertex -26 -21.6 2.4
    endloop
  endfacet
  facet normal 0.382717 -0.923866 0
    outer loop
      vertex -27.6344 21.2076 2.4
      vertex -27.1125 21.4238 50
      vertex -27.6344 21.2076 50
    endloop
  endfacet
  facet normal 0.382717 -0.923866 0
    outer loop
      vertex -27.1125 21.4238 50
      vertex -27.6344 21.2076 2.4
      vertex -27.1125 21.4238 2.4
    endloop
  endfacet
  facet normal -0.760417 0.649435 0
    outer loop
      vertex 28.5456 -20.5456 2.4
      vertex 28.9125 -20.116 50
      vertex 28.9125 -20.116 2.4
    endloop
  endfacet
  facet normal -0.760417 0.649435 0
    outer loop
      vertex 28.9125 -20.116 50
      vertex 28.5456 -20.5456 2.4
      vertex 28.5456 -20.5456 50
    endloop
  endfacet
  facet normal -0.996921 0.0784155 0
    outer loop
      vertex 29.5557 -18.5632 2.4
      vertex 29.6 -18 50
      vertex 29.6 -18 2.4
    endloop
  endfacet
  facet normal -0.996921 0.0784155 0
    outer loop
      vertex 29.6 -18 50
      vertex 29.5557 -18.5632 2.4
      vertex 29.5557 -18.5632 50
    endloop
  endfacet
  facet normal -0.923866 -0.382717 0
    outer loop
      vertex 29.4238 19.1125 2.4
      vertex 29.2076 19.6344 50
      vertex 29.2076 19.6344 2.4
    endloop
  endfacet
  facet normal -0.923866 -0.382717 0
    outer loop
      vertex 29.2076 19.6344 50
      vertex 29.4238 19.1125 2.4
      vertex 29.4238 19.1125 50
    endloop
  endfacet
  facet normal -1 0 0
    outer loop
      vertex 29.6 -18 2.4
      vertex 29.6 18 50
      vertex 29.6 18 2.4
    endloop
  endfacet
  facet normal -1 -0 0
    outer loop
      vertex 29.6 18 50
      vertex 29.6 -18 2.4
      vertex 29.6 -18 50
    endloop
  endfacet
  facet normal 0.649435 0.760417 -0
    outer loop
      vertex -28.116 -20.9125 2.4
      vertex -28.5456 -20.5456 50
      vertex -28.116 -20.9125 50
    endloop
  endfacet
  facet normal 0.649435 0.760417 0
    outer loop
      vertex -28.5456 -20.5456 50
      vertex -28.116 -20.9125 2.4
      vertex -28.5456 -20.5456 2.4
    endloop
  endfacet
  facet normal -0.382717 -0.923866 0
    outer loop
      vertex 27.1125 21.4238 2.4
      vertex 27.6344 21.2076 50
      vertex 27.1125 21.4238 50
    endloop
  endfacet
  facet normal -0.382717 -0.923866 -0
    outer loop
      vertex 27.6344 21.2076 50
      vertex 27.1125 21.4238 2.4
      vertex 27.6344 21.2076 2.4
    endloop
  endfacet
  facet normal 0.233487 -0.97236 0
    outer loop
      vertex -27.1125 21.4238 2.4
      vertex -26.5632 21.5557 50
      vertex -27.1125 21.4238 50
    endloop
  endfacet
  facet normal 0.233487 -0.97236 0
    outer loop
      vertex -26.5632 21.5557 50
      vertex -27.1125 21.4238 2.4
      vertex -26.5632 21.5557 2.4
    endloop
  endfacet
  facet normal -0.923866 0.382717 0
    outer loop
      vertex 29.2076 -19.6344 2.4
      vertex 29.4238 -19.1125 50
      vertex 29.4238 -19.1125 2.4
    endloop
  endfacet
  facet normal -0.923866 0.382717 0
    outer loop
      vertex 29.4238 -19.1125 50
      vertex 29.2076 -19.6344 2.4
      vertex 29.2076 -19.6344 50
    endloop
  endfacet
  facet normal -0.85266 0.522467 0
    outer loop
      vertex 28.9125 -20.116 2.4
      vertex 29.2076 -19.6344 50
      vertex 29.2076 -19.6344 2.4
    endloop
  endfacet
  facet normal -0.85266 0.522467 0
    outer loop
      vertex 29.2076 -19.6344 50
      vertex 28.9125 -20.116 2.4
      vertex 28.9125 -20.116 50
    endloop
  endfacet
  facet normal -0.522467 -0.85266 0
    outer loop
      vertex 27.6344 21.2076 2.4
      vertex 28.116 20.9125 50
      vertex 27.6344 21.2076 50
    endloop
  endfacet
  facet normal -0.522467 -0.85266 -0
    outer loop
      vertex 28.116 20.9125 50
      vertex 27.6344 21.2076 2.4
      vertex 28.116 20.9125 2.4
    endloop
  endfacet
  facet normal -0.97236 0.233487 0
    outer loop
      vertex 29.4238 -19.1125 2.4
      vertex 29.5557 -18.5632 50
      vertex 29.5557 -18.5632 2.4
    endloop
  endfacet
  facet normal -0.97236 0.233487 0
    outer loop
      vertex 29.5557 -18.5632 50
      vertex 29.4238 -19.1125 2.4
      vertex 29.4238 -19.1125 50
    endloop
  endfacet
  facet normal -0.233487 0.97236 0
    outer loop
      vertex 27.1125 -21.4238 2.4
      vertex 26.5632 -21.5557 50
      vertex 27.1125 -21.4238 50
    endloop
  endfacet
  facet normal -0.233487 0.97236 0
    outer loop
      vertex 26.5632 -21.5557 50
      vertex 27.1125 -21.4238 2.4
      vertex 26.5632 -21.5557 2.4
    endloop
  endfacet
  facet normal 0.522467 -0.85266 0
    outer loop
      vertex -28.116 20.9125 2.4
      vertex -27.6344 21.2076 50
      vertex -28.116 20.9125 50
    endloop
  endfacet
  facet normal 0.522467 -0.85266 0
    outer loop
      vertex -27.6344 21.2076 50
      vertex -28.116 20.9125 2.4
      vertex -27.6344 21.2076 2.4
    endloop
  endfacet
  facet normal 0.923866 0.382717 0
    outer loop
      vertex -29.2076 -19.6344 50
      vertex -29.4238 -19.1125 2.4
      vertex -29.4238 -19.1125 50
    endloop
  endfacet
  facet normal 0.923866 0.382717 0
    outer loop
      vertex -29.4238 -19.1125 2.4
      vertex -29.2076 -19.6344 50
      vertex -29.2076 -19.6344 2.4
    endloop
  endfacet
  facet normal 0.760417 -0.649435 0
    outer loop
      vertex -28.9125 20.116 50
      vertex -28.5456 20.5456 2.4
      vertex -28.5456 20.5456 50
    endloop
  endfacet
  facet normal 0.760417 -0.649435 0
    outer loop
      vertex -28.5456 20.5456 2.4
      vertex -28.9125 20.116 50
      vertex -28.9125 20.116 2.4
    endloop
  endfacet
  facet normal 0.0784155 -0.996921 0
    outer loop
      vertex -26.5632 21.5557 50
      vertex -26 21.6 29.1821
      vertex -26 21.6 50
    endloop
  endfacet
  facet normal 0.0793514 -0.996847 2.54767e-05
    outer loop
      vertex -26.5632 21.5557 50
      vertex -26.0138 21.5989 29.1239
      vertex -26 21.6 29.1821
    endloop
  endfacet
  facet normal 0.0740067 -0.997258 -0.00011603
    outer loop
      vertex -26.5632 21.5557 50
      vertex -26.0193 21.5985 29.0538
      vertex -26.0138 21.5989 29.1239
    endloop
  endfacet
  facet normal 0.0785548 -0.99691 2.77965e-06
    outer loop
      vertex -26.5632 21.5557 50
      vertex -26.24 21.5811 25.75
      vertex -26.0193 21.5985 29.0538
    endloop
  endfacet
  facet normal 0.0783475 -0.996926 0
    outer loop
      vertex -26.5632 21.5557 2.4
      vertex -26.24 21.5811 25.75
      vertex -26.5632 21.5557 50
    endloop
  endfacet
  facet normal 0.0783475 -0.996926 0
    outer loop
      vertex -26.24 21.5811 25.75
      vertex -26.5632 21.5557 2.4
      vertex -26.24 21.5811 12.25
    endloop
  endfacet
  facet normal 0.0774014 -0.997 3.12361e-05
    outer loop
      vertex -26.5632 21.5557 2.4
      vertex -26.2154 21.583 11.9371
      vertex -26.24 21.5811 12.25
    endloop
  endfacet
  facet normal 0.0787976 -0.996891 -1.99952e-05
    outer loop
      vertex -26.5632 21.5557 2.4
      vertex -26.1421 21.5888 11.632
      vertex -26.2154 21.583 11.9371
    endloop
  endfacet
  facet normal 0.0788056 -0.99689 -2.03609e-05
    outer loop
      vertex -26.5632 21.5557 2.4
      vertex -26.022 21.5983 11.342
      vertex -26.1421 21.5888 11.632
    endloop
  endfacet
  facet normal 0.0771714 -0.997018 7.91514e-05
    outer loop
      vertex -26.5632 21.5557 2.4
      vertex -26 21.6 11.3061
      vertex -26.022 21.5983 11.342
    endloop
  endfacet
  facet normal 0.0784155 -0.996921 0
    outer loop
      vertex -26 21.6 11.3061
      vertex -26.5632 21.5557 2.4
      vertex -26 21.6 2.4
    endloop
  endfacet
  facet normal -0.85266 -0.522467 0
    outer loop
      vertex 29.2076 19.6344 2.4
      vertex 28.9125 20.116 50
      vertex 28.9125 20.116 2.4
    endloop
  endfacet
  facet normal -0.85266 -0.522467 0
    outer loop
      vertex 28.9125 20.116 50
      vertex 29.2076 19.6344 2.4
      vertex 29.2076 19.6344 50
    endloop
  endfacet
  facet normal 0 -1 0
    outer loop
      vertex -26 21.6 2.4
      vertex -7.76 21.6 10.25
      vertex -24.24 21.6 10.25
    endloop
  endfacet
  facet normal 0 -1 -0
    outer loop
      vertex -7.76 21.6 10.25
      vertex -26 21.6 2.4
      vertex 7.76 21.6 10.25
    endloop
  endfacet
  facet normal 0 -1 0
    outer loop
      vertex 26 21.6 2.4
      vertex 7.76 21.6 10.25
      vertex -26 21.6 2.4
    endloop
  endfacet
  facet normal 0 -1 -0
    outer loop
      vertex -24.5529 21.6 10.2746
      vertex -26 21.6 2.4
      vertex -24.24 21.6 10.25
    endloop
  endfacet
  facet normal 0 -1 -0
    outer loop
      vertex -24.858 21.6 10.3479
      vertex -26 21.6 2.4
      vertex -24.5529 21.6 10.2746
    endloop
  endfacet
  facet normal 0 -1 -0
    outer loop
      vertex -25.148 21.6 10.468
      vertex -26 21.6 2.4
      vertex -24.858 21.6 10.3479
    endloop
  endfacet
  facet normal 0 -1 -0
    outer loop
      vertex -25.4156 21.6 10.632
      vertex -26 21.6 2.4
      vertex -25.148 21.6 10.468
    endloop
  endfacet
  facet normal 0 -1 -0
    outer loop
      vertex -25.6542 21.6 10.8358
      vertex -26 21.6 2.4
      vertex -25.4156 21.6 10.632
    endloop
  endfacet
  facet normal 0 -1 -0
    outer loop
      vertex -25.858 21.6 11.0744
      vertex -26 21.6 2.4
      vertex -25.6542 21.6 10.8358
    endloop
  endfacet
  facet normal 0 -1 0
    outer loop
      vertex -26 21.6 2.4
      vertex -25.858 21.6 11.0744
      vertex -26 21.6 11.3061
    endloop
  endfacet
  facet normal 0 -1 0
    outer loop
      vertex -13.9671 21.6 37.1952
      vertex -26 21.6 50
      vertex -14.0315 21.6 37.2219
    endloop
  endfacet
  facet normal 0 -1 0
    outer loop
      vertex 26 21.6 50
      vertex 14.0994 21.6 37.2381
      vertex 14.1689 21.6 37.2436
    endloop
  endfacet
  facet normal 0 -1 0
    outer loop
      vertex -26 21.6 50
      vertex -13.9671 21.6 37.1952
      vertex 26 21.6 50
    endloop
  endfacet
  facet normal 0 -1 0
    outer loop
      vertex 26 21.6 50
      vertex 14.0315 21.6 37.2219
      vertex 14.0994 21.6 37.2381
    endloop
  endfacet
  facet normal 0 -1 0
    outer loop
      vertex 13.9671 21.6 37.1952
      vertex 26 21.6 50
      vertex -13.9671 21.6 37.1952
    endloop
  endfacet
  facet normal 0 -1 0
    outer loop
      vertex 26 21.6 50
      vertex 13.9671 21.6 37.1952
      vertex 14.0315 21.6 37.2219
    endloop
  endfacet
  facet normal 0 -1 0
    outer loop
      vertex -13.9076 21.6 37.1587
      vertex 13.9671 21.6 37.1952
      vertex -13.9671 21.6 37.1952
    endloop
  endfacet
  facet normal 0 -1 0
    outer loop
      vertex -13.9076 21.6 37.1587
      vertex 13.9076 21.6 37.1587
      vertex 13.9671 21.6 37.1952
    endloop
  endfacet
  facet normal 0 -1 0
    outer loop
      vertex -13.8546 21.6 37.1134
      vertex 13.9076 21.6 37.1587
      vertex -13.9076 21.6 37.1587
    endloop
  endfacet
  facet normal 0 -1 0
    outer loop
      vertex -13.8546 21.6 37.1134
      vertex 13.8546 21.6 37.1134
      vertex 13.9076 21.6 37.1587
    endloop
  endfacet
  facet normal 0 -1 0
    outer loop
      vertex -6.11101 21.6 29.3698
      vertex 13.8546 21.6 37.1134
      vertex -13.8546 21.6 37.1134
    endloop
  endfacet
  facet normal 0 -1 0
    outer loop
      vertex -6.11101 21.6 29.3698
      vertex 6.11101 21.6 29.3698
      vertex 13.8546 21.6 37.1134
    endloop
  endfacet
  facet normal 0 -1 0
    outer loop
      vertex -6.06572 21.6 29.3168
      vertex 6.11101 21.6 29.3698
      vertex -6.11101 21.6 29.3698
    endloop
  endfacet
  facet normal 0 -1 0
    outer loop
      vertex -6.06572 21.6 29.3168
      vertex 6.06572 21.6 29.3168
      vertex 6.11101 21.6 29.3698
    endloop
  endfacet
  facet normal 0 -1 0
    outer loop
      vertex -6.02928 21.6 29.2573
      vertex 6.06572 21.6 29.3168
      vertex -6.06572 21.6 29.3168
    endloop
  endfacet
  facet normal 0 -1 0
    outer loop
      vertex -6.02928 21.6 29.2573
      vertex 6.02928 21.6 29.2573
      vertex 6.06572 21.6 29.3168
    endloop
  endfacet
  facet normal 0 -1 0
    outer loop
      vertex -6.00259 21.6 29.1929
      vertex 6.02928 21.6 29.2573
      vertex -6.02928 21.6 29.2573
    endloop
  endfacet
  facet normal 0 -1 0
    outer loop
      vertex -6.00259 21.6 29.1929
      vertex 6.00259 21.6 29.1929
      vertex 6.02928 21.6 29.2573
    endloop
  endfacet
  facet normal 0 -1 0
    outer loop
      vertex -5.98631 21.6 29.1251
      vertex 6.00259 21.6 29.1929
      vertex -6.00259 21.6 29.1929
    endloop
  endfacet
  facet normal 0 -1 0
    outer loop
      vertex -5.98631 21.6 29.1251
      vertex 5.98631 21.6 29.1251
      vertex 6.00259 21.6 29.1929
    endloop
  endfacet
  facet normal 0 -1 0
    outer loop
      vertex -5.98084 21.6 29.0556
      vertex 5.98631 21.6 29.1251
      vertex -5.98631 21.6 29.1251
    endloop
  endfacet
  facet normal 0 -1 0
    outer loop
      vertex -5.98084 21.6 29.0556
      vertex 5.98084 21.6 29.0556
      vertex 5.98631 21.6 29.1251
    endloop
  endfacet
  facet normal 0 -1 0
    outer loop
      vertex -5.76 21.6 25.75
      vertex 5.98084 21.6 29.0556
      vertex -5.98084 21.6 29.0556
    endloop
  endfacet
  facet normal 0 -1 0
    outer loop
      vertex -5.76 21.6 25.75
      vertex 5.76 21.6 25.75
      vertex 5.98084 21.6 29.0556
    endloop
  endfacet
  facet normal 0 -1 0
    outer loop
      vertex -5.76 21.6 12.25
      vertex 5.76 21.6 25.75
      vertex -5.76 21.6 25.75
    endloop
  endfacet
  facet normal 0 -1 0
    outer loop
      vertex -5.76 21.6 12.25
      vertex 5.76 21.6 12.25
      vertex 5.76 21.6 25.75
    endloop
  endfacet
  facet normal 0 -1 0
    outer loop
      vertex -5.78462 21.6 11.9371
      vertex 5.76 21.6 12.25
      vertex -5.76 21.6 12.25
    endloop
  endfacet
  facet normal 0 -1 0
    outer loop
      vertex -5.78462 21.6 11.9371
      vertex 5.78462 21.6 11.9371
      vertex 5.76 21.6 12.25
    endloop
  endfacet
  facet normal 0 -1 0
    outer loop
      vertex -5.85789 21.6 11.632
      vertex 5.78462 21.6 11.9371
      vertex -5.78462 21.6 11.9371
    endloop
  endfacet
  facet normal 0 -1 0
    outer loop
      vertex -5.85789 21.6 11.632
      vertex 5.85789 21.6 11.632
      vertex 5.78462 21.6 11.9371
    endloop
  endfacet
  facet normal 0 -1 0
    outer loop
      vertex -5.97799 21.6 11.342
      vertex 5.85789 21.6 11.632
      vertex -5.85789 21.6 11.632
    endloop
  endfacet
  facet normal 0 -1 0
    outer loop
      vertex -5.97799 21.6 11.342
      vertex 5.97799 21.6 11.342
      vertex 5.85789 21.6 11.632
    endloop
  endfacet
  facet normal 0 -1 0
    outer loop
      vertex -6.14197 21.6 11.0744
      vertex 5.97799 21.6 11.342
      vertex -5.97799 21.6 11.342
    endloop
  endfacet
  facet normal 0 -1 0
    outer loop
      vertex -6.14197 21.6 11.0744
      vertex 6.14197 21.6 11.0744
      vertex 5.97799 21.6 11.342
    endloop
  endfacet
  facet normal 0 -1 0
    outer loop
      vertex -6.34579 21.6 10.8358
      vertex 6.14197 21.6 11.0744
      vertex -6.14197 21.6 11.0744
    endloop
  endfacet
  facet normal 0 -1 0
    outer loop
      vertex -6.34579 21.6 10.8358
      vertex 6.34579 21.6 10.8358
      vertex 6.14197 21.6 11.0744
    endloop
  endfacet
  facet normal 0 -1 0
    outer loop
      vertex -6.58443 21.6 10.632
      vertex 6.34579 21.6 10.8358
      vertex -6.34579 21.6 10.8358
    endloop
  endfacet
  facet normal 0 -1 0
    outer loop
      vertex -6.58443 21.6 10.632
      vertex 6.58443 21.6 10.632
      vertex 6.34579 21.6 10.8358
    endloop
  endfacet
  facet normal 0 -1 0
    outer loop
      vertex -6.85202 21.6 10.468
      vertex 6.58443 21.6 10.632
      vertex -6.58443 21.6 10.632
    endloop
  endfacet
  facet normal 0 -1 0
    outer loop
      vertex -6.85202 21.6 10.468
      vertex 6.85202 21.6 10.468
      vertex 6.58443 21.6 10.632
    endloop
  endfacet
  facet normal 0 -1 0
    outer loop
      vertex -7.14197 21.6 10.3479
      vertex 6.85202 21.6 10.468
      vertex -6.85202 21.6 10.468
    endloop
  endfacet
  facet normal 0 -1 0
    outer loop
      vertex -7.14197 21.6 10.3479
      vertex 7.14197 21.6 10.3479
      vertex 6.85202 21.6 10.468
    endloop
  endfacet
  facet normal 0 -1 0
    outer loop
      vertex -7.44713 21.6 10.2746
      vertex 7.14197 21.6 10.3479
      vertex -7.14197 21.6 10.3479
    endloop
  endfacet
  facet normal 0 -1 0
    outer loop
      vertex -7.44713 21.6 10.2746
      vertex 7.44713 21.6 10.2746
      vertex 7.14197 21.6 10.3479
    endloop
  endfacet
  facet normal 0 -1 0
    outer loop
      vertex -7.76 21.6 10.25
      vertex 7.44713 21.6 10.2746
      vertex -7.44713 21.6 10.2746
    endloop
  endfacet
  facet normal 0 -1 -0
    outer loop
      vertex 7.44713 21.6 10.2746
      vertex -7.76 21.6 10.25
      vertex 7.76 21.6 10.25
    endloop
  endfacet
  facet normal 0 -1 0
    outer loop
      vertex -14.1689 21.6 37.2436
      vertex -26 21.6 50
      vertex -17.8311 21.6 37.2436
    endloop
  endfacet
  facet normal 0 -1 0
    outer loop
      vertex -26 21.6 50
      vertex -17.9006 21.6 37.2381
      vertex -17.8311 21.6 37.2436
    endloop
  endfacet
  facet normal 0 -1 0
    outer loop
      vertex -26 21.6 50
      vertex -17.9685 21.6 37.2219
      vertex -17.9006 21.6 37.2381
    endloop
  endfacet
  facet normal 0 -1 0
    outer loop
      vertex -26 21.6 50
      vertex -18.0329 21.6 37.1952
      vertex -17.9685 21.6 37.2219
    endloop
  endfacet
  facet normal 0 -1 0
    outer loop
      vertex -26 21.6 50
      vertex -18.0924 21.6 37.1587
      vertex -18.0329 21.6 37.1952
    endloop
  endfacet
  facet normal 0 -1 0
    outer loop
      vertex -26 21.6 50
      vertex -18.1454 21.6 37.1134
      vertex -18.0924 21.6 37.1587
    endloop
  endfacet
  facet normal 0 -1 0
    outer loop
      vertex -26 21.6 50
      vertex -25.889 21.6 29.3698
      vertex -18.1454 21.6 37.1134
    endloop
  endfacet
  facet normal 0 -1 0
    outer loop
      vertex -26 21.6 50
      vertex -25.9343 21.6 29.3168
      vertex -25.889 21.6 29.3698
    endloop
  endfacet
  facet normal 0 -1 0
    outer loop
      vertex -26 21.6 50
      vertex -25.9707 21.6 29.2573
      vertex -25.9343 21.6 29.3168
    endloop
  endfacet
  facet normal 0 -1 0
    outer loop
      vertex -26 21.6 50
      vertex -25.9974 21.6 29.1929
      vertex -25.9707 21.6 29.2573
    endloop
  endfacet
  facet normal -0 -1 0
    outer loop
      vertex -25.9974 21.6 29.1929
      vertex -26 21.6 50
      vertex -26 21.6 29.1821
    endloop
  endfacet
  facet normal 0 -1 0
    outer loop
      vertex -14.0994 21.6 37.2381
      vertex -26 21.6 50
      vertex -14.1689 21.6 37.2436
    endloop
  endfacet
  facet normal 0 -1 0
    outer loop
      vertex -14.0315 21.6 37.2219
      vertex -26 21.6 50
      vertex -14.0994 21.6 37.2381
    endloop
  endfacet
  facet normal 0 -1 0
    outer loop
      vertex 17.8311 21.6 37.2436
      vertex 26 21.6 50
      vertex 14.1689 21.6 37.2436
    endloop
  endfacet
  facet normal 0 -1 0
    outer loop
      vertex 17.9006 21.6 37.2381
      vertex 26 21.6 50
      vertex 17.8311 21.6 37.2436
    endloop
  endfacet
  facet normal 0 -1 0
    outer loop
      vertex 17.9685 21.6 37.2219
      vertex 26 21.6 50
      vertex 17.9006 21.6 37.2381
    endloop
  endfacet
  facet normal 0 -1 0
    outer loop
      vertex 18.0329 21.6 37.1952
      vertex 26 21.6 50
      vertex 17.9685 21.6 37.2219
    endloop
  endfacet
  facet normal 0 -1 0
    outer loop
      vertex 18.0924 21.6 37.1587
      vertex 26 21.6 50
      vertex 18.0329 21.6 37.1952
    endloop
  endfacet
  facet normal 0 -1 0
    outer loop
      vertex 18.1454 21.6 37.1134
      vertex 26 21.6 50
      vertex 18.0924 21.6 37.1587
    endloop
  endfacet
  facet normal 0 -1 0
    outer loop
      vertex 25.889 21.6 29.3698
      vertex 26 21.6 50
      vertex 18.1454 21.6 37.1134
    endloop
  endfacet
  facet normal 0 -1 0
    outer loop
      vertex 25.9343 21.6 29.3168
      vertex 26 21.6 50
      vertex 25.889 21.6 29.3698
    endloop
  endfacet
  facet normal 0 -1 0
    outer loop
      vertex 25.9707 21.6 29.2573
      vertex 26 21.6 50
      vertex 25.9343 21.6 29.3168
    endloop
  endfacet
  facet normal 0 -1 0
    outer loop
      vertex 25.9974 21.6 29.1929
      vertex 26 21.6 50
      vertex 25.9707 21.6 29.2573
    endloop
  endfacet
  facet normal 0 -1 -0
    outer loop
      vertex 26 21.6 50
      vertex 25.9974 21.6 29.1929
      vertex 26 21.6 29.1821
    endloop
  endfacet
  facet normal 0 -1 0
    outer loop
      vertex 7.76 21.6 10.25
      vertex 26 21.6 2.4
      vertex 24.24 21.6 10.25
    endloop
  endfacet
  facet normal 0 -1 0
    outer loop
      vertex 25.858 21.6 11.0744
      vertex 26 21.6 2.4
      vertex 26 21.6 11.3061
    endloop
  endfacet
  facet normal 0 -1 0
    outer loop
      vertex 25.6542 21.6 10.8358
      vertex 26 21.6 2.4
      vertex 25.858 21.6 11.0744
    endloop
  endfacet
  facet normal 0 -1 0
    outer loop
      vertex 25.4156 21.6 10.632
      vertex 26 21.6 2.4
      vertex 25.6542 21.6 10.8358
    endloop
  endfacet
  facet normal 0 -1 0
    outer loop
      vertex 25.148 21.6 10.468
      vertex 26 21.6 2.4
      vertex 25.4156 21.6 10.632
    endloop
  endfacet
  facet normal 0 -1 0
    outer loop
      vertex 24.858 21.6 10.3479
      vertex 26 21.6 2.4
      vertex 25.148 21.6 10.468
    endloop
  endfacet
  facet normal 0 -1 0
    outer loop
      vertex 24.5529 21.6 10.2746
      vertex 26 21.6 2.4
      vertex 24.858 21.6 10.3479
    endloop
  endfacet
  facet normal 0 -1 0
    outer loop
      vertex 24.24 21.6 10.25
      vertex 26 21.6 2.4
      vertex 24.5529 21.6 10.2746
    endloop
  endfacet
  facet normal 0.649435 -0.760417 0
    outer loop
      vertex -28.5456 20.5456 2.4
      vertex -28.116 20.9125 50
      vertex -28.5456 20.5456 50
    endloop
  endfacet
  facet normal 0.649435 -0.760417 0
    outer loop
      vertex -28.116 20.9125 50
      vertex -28.5456 20.5456 2.4
      vertex -28.116 20.9125 2.4
    endloop
  endfacet
  facet normal -0.233487 -0.97236 0
    outer loop
      vertex 26.5632 21.5557 2.4
      vertex 27.1125 21.4238 50
      vertex 26.5632 21.5557 50
    endloop
  endfacet
  facet normal -0.233487 -0.97236 -0
    outer loop
      vertex 27.1125 21.4238 50
      vertex 26.5632 21.5557 2.4
      vertex 27.1125 21.4238 2.4
    endloop
  endfacet
  facet normal -0.382717 0.923866 0
    outer loop
      vertex 27.6344 -21.2076 2.4
      vertex 27.1125 -21.4238 50
      vertex 27.6344 -21.2076 50
    endloop
  endfacet
  facet normal -0.382717 0.923866 0
    outer loop
      vertex 27.1125 -21.4238 50
      vertex 27.6344 -21.2076 2.4
      vertex 27.1125 -21.4238 2.4
    endloop
  endfacet
  facet normal -0.522467 0.85266 0
    outer loop
      vertex 28.116 -20.9125 2.4
      vertex 27.6344 -21.2076 50
      vertex 28.116 -20.9125 50
    endloop
  endfacet
  facet normal -0.522467 0.85266 0
    outer loop
      vertex 27.6344 -21.2076 50
      vertex 28.116 -20.9125 2.4
      vertex 27.6344 -21.2076 2.4
    endloop
  endfacet
  facet normal 0.0784155 0.996921 -0
    outer loop
      vertex -26 -21.6 2.4
      vertex -26.5632 -21.5557 50
      vertex -26 -21.6 50
    endloop
  endfacet
  facet normal 0.0784155 0.996921 0
    outer loop
      vertex -26.5632 -21.5557 50
      vertex -26 -21.6 2.4
      vertex -26.5632 -21.5557 2.4
    endloop
  endfacet
  facet normal -0.649435 0.760417 0
    outer loop
      vertex 28.5456 -20.5456 2.4
      vertex 28.116 -20.9125 50
      vertex 28.5456 -20.5456 50
    endloop
  endfacet
  facet normal -0.649435 0.760417 0
    outer loop
      vertex 28.116 -20.9125 50
      vertex 28.5456 -20.5456 2.4
      vertex 28.116 -20.9125 2.4
    endloop
  endfacet
  facet normal -0.97236 -0.233487 0
    outer loop
      vertex 29.5557 18.5632 2.4
      vertex 29.4238 19.1125 50
      vertex 29.4238 19.1125 2.4
    endloop
  endfacet
  facet normal -0.97236 -0.233487 0
    outer loop
      vertex 29.4238 19.1125 50
      vertex 29.5557 18.5632 2.4
      vertex 29.5557 18.5632 50
    endloop
  endfacet
  facet normal 0.382717 0.923866 -0
    outer loop
      vertex -27.1125 -21.4238 2.4
      vertex -27.6344 -21.2076 50
      vertex -27.1125 -21.4238 50
    endloop
  endfacet
  facet normal 0.382717 0.923866 0
    outer loop
      vertex -27.6344 -21.2076 50
      vertex -27.1125 -21.4238 2.4
      vertex -27.6344 -21.2076 2.4
    endloop
  endfacet
  facet normal 0.85266 -0.522467 0
    outer loop
      vertex -29.2076 19.6344 50
      vertex -28.9125 20.116 2.4
      vertex -28.9125 20.116 50
    endloop
  endfacet
  facet normal 0.85266 -0.522467 0
    outer loop
      vertex -28.9125 20.116 2.4
      vertex -29.2076 19.6344 50
      vertex -29.2076 19.6344 2.4
    endloop
  endfacet
  facet normal 0.97236 0.233487 0
    outer loop
      vertex -29.4238 -19.1125 50
      vertex -29.5557 -18.5632 2.4
      vertex -29.5557 -18.5632 50
    endloop
  endfacet
  facet normal 0.97236 0.233487 0
    outer loop
      vertex -29.5557 -18.5632 2.4
      vertex -29.4238 -19.1125 50
      vertex -29.4238 -19.1125 2.4
    endloop
  endfacet
  facet normal 0.923866 -0.382717 0
    outer loop
      vertex -29.4238 19.1125 50
      vertex -29.2076 19.6344 2.4
      vertex -29.2076 19.6344 50
    endloop
  endfacet
  facet normal 0.923866 -0.382717 0
    outer loop
      vertex -29.2076 19.6344 2.4
      vertex -29.4238 19.1125 50
      vertex -29.4238 19.1125 2.4
    endloop
  endfacet
  facet normal 0.233487 0.97236 -0
    outer loop
      vertex -26.5632 -21.5557 2.4
      vertex -27.1125 -21.4238 50
      vertex -26.5632 -21.5557 50
    endloop
  endfacet
  facet normal 0.233487 0.97236 0
    outer loop
      vertex -27.1125 -21.4238 50
      vertex -26.5632 -21.5557 2.4
      vertex -27.1125 -21.4238 2.4
    endloop
  endfacet
  facet normal -0.0784155 -0.996921 0
    outer loop
      vertex 26 21.6 29.1821
      vertex 26.5632 21.5557 50
      vertex 26 21.6 50
    endloop
  endfacet
  facet normal -0.0793514 -0.996847 2.54767e-05
    outer loop
      vertex 26.0138 21.5989 29.1239
      vertex 26.5632 21.5557 50
      vertex 26 21.6 29.1821
    endloop
  endfacet
  facet normal -0.0740067 -0.997258 -0.00011603
    outer loop
      vertex 26.0193 21.5985 29.0538
      vertex 26.5632 21.5557 50
      vertex 26.0138 21.5989 29.1239
    endloop
  endfacet
  facet normal -0.0785548 -0.99691 2.77965e-06
    outer loop
      vertex 26.24 21.5811 25.75
      vertex 26.5632 21.5557 50
      vertex 26.0193 21.5985 29.0538
    endloop
  endfacet
  facet normal -0.0783475 -0.996926 0
    outer loop
      vertex 26.5632 21.5557 2.4
      vertex 26.24 21.5811 25.75
      vertex 26.24 21.5811 12.25
    endloop
  endfacet
  facet normal -0.0784155 -0.996921 0
    outer loop
      vertex 26.5632 21.5557 2.4
      vertex 26 21.6 11.3061
      vertex 26 21.6 2.4
    endloop
  endfacet
  facet normal -0.0771714 -0.997018 7.91514e-05
    outer loop
      vertex 26 21.6 11.3061
      vertex 26.5632 21.5557 2.4
      vertex 26.022 21.5983 11.342
    endloop
  endfacet
  facet normal -0.0788056 -0.99689 -2.03609e-05
    outer loop
      vertex 26.022 21.5983 11.342
      vertex 26.5632 21.5557 2.4
      vertex 26.1421 21.5888 11.632
    endloop
  endfacet
  facet normal -0.0787976 -0.996891 -1.99952e-05
    outer loop
      vertex 26.1421 21.5888 11.632
      vertex 26.5632 21.5557 2.4
      vertex 26.2154 21.583 11.9371
    endloop
  endfacet
  facet normal -0.0783475 -0.996926 0
    outer loop
      vertex 26.24 21.5811 25.75
      vertex 26.5632 21.5557 2.4
      vertex 26.5632 21.5557 50
    endloop
  endfacet
  facet normal -0.0774014 -0.997 3.12361e-05
    outer loop
      vertex 26.2154 21.583 11.9371
      vertex 26.5632 21.5557 2.4
      vertex 26.24 21.5811 12.25
    endloop
  endfacet
  facet normal -0.760417 -0.649435 0
    outer loop
      vertex 28.9125 20.116 2.4
      vertex 28.5456 20.5456 50
      vertex 28.5456 20.5456 2.4
    endloop
  endfacet
  facet normal -0.760417 -0.649435 0
    outer loop
      vertex 28.5456 20.5456 50
      vertex 28.9125 20.116 2.4
      vertex 28.9125 20.116 50
    endloop
  endfacet
  facet normal 0.996921 0.0784155 0
    outer loop
      vertex -29.5557 -18.5632 50
      vertex -29.6 -18 2.4
      vertex -29.6 -18 50
    endloop
  endfacet
  facet normal 0.996921 0.0784155 0
    outer loop
      vertex -29.6 -18 2.4
      vertex -29.5557 -18.5632 50
      vertex -29.5557 -18.5632 2.4
    endloop
  endfacet
  facet normal -0.0784155 0.996921 0
    outer loop
      vertex 26.5632 -21.5557 2.4
      vertex 26 -21.6 50
      vertex 26.5632 -21.5557 50
    endloop
  endfacet
  facet normal -0.0784155 0.996921 0
    outer loop
      vertex 26 -21.6 50
      vertex 26.5632 -21.5557 2.4
      vertex 26 -21.6 2.4
    endloop
  endfacet
  facet normal 0.522467 0.85266 -0
    outer loop
      vertex -27.6344 -21.2076 2.4
      vertex -28.116 -20.9125 50
      vertex -27.6344 -21.2076 50
    endloop
  endfacet
  facet normal 0.522467 0.85266 0
    outer loop
      vertex -28.116 -20.9125 50
      vertex -27.6344 -21.2076 2.4
      vertex -28.116 -20.9125 2.4
    endloop
  endfacet
  facet normal 0.996921 -0.0784155 0
    outer loop
      vertex -29.6 18 50
      vertex -29.5557 18.5632 2.4
      vertex -29.5557 18.5632 50
    endloop
  endfacet
  facet normal 0.996921 -0.0784155 0
    outer loop
      vertex -29.5557 18.5632 2.4
      vertex -29.6 18 50
      vertex -29.6 18 2.4
    endloop
  endfacet
  facet normal 0.97236 -0.233487 0
    outer loop
      vertex -29.5557 18.5632 50
      vertex -29.4238 19.1125 2.4
      vertex -29.4238 19.1125 50
    endloop
  endfacet
  facet normal 0.97236 -0.233487 0
    outer loop
      vertex -29.4238 19.1125 2.4
      vertex -29.5557 18.5632 50
      vertex -29.5557 18.5632 2.4
    endloop
  endfacet
  facet normal 0.760417 0.649435 0
    outer loop
      vertex -28.5456 -20.5456 50
      vertex -28.9125 -20.116 2.4
      vertex -28.9125 -20.116 50
    endloop
  endfacet
  facet normal 0.760417 0.649435 0
    outer loop
      vertex -28.9125 -20.116 2.4
      vertex -28.5456 -20.5456 50
      vertex -28.5456 -20.5456 2.4
    endloop
  endfacet
  facet normal 0 0 1
    outer loop
      vertex 26 21.6 2.4
      vertex 29.6 18 2.4
      vertex 29.5557 18.5632 2.4
    endloop
  endfacet
  facet normal 0 0 1
    outer loop
      vertex 29.6 18 2.4
      vertex 26 21.6 2.4
      vertex 29.6 -18 2.4
    endloop
  endfacet
  facet normal 0 0 1
    outer loop
      vertex 26 21.6 2.4
      vertex 29.5557 18.5632 2.4
      vertex 29.4238 19.1125 2.4
    endloop
  endfacet
  facet normal 0 0 1
    outer loop
      vertex 26 -21.6 2.4
      vertex 29.6 -18 2.4
      vertex 26 21.6 2.4
    endloop
  endfacet
  facet normal 0 0 1
    outer loop
      vertex 26 21.6 2.4
      vertex 29.4238 19.1125 2.4
      vertex 29.2076 19.6344 2.4
    endloop
  endfacet
  facet normal 0 0 1
    outer loop
      vertex 29.6 -18 2.4
      vertex 26 -21.6 2.4
      vertex 29.5557 -18.5632 2.4
    endloop
  endfacet
  facet normal 0 0 1
    outer loop
      vertex 26 21.6 2.4
      vertex 29.2076 19.6344 2.4
      vertex 28.9125 20.116 2.4
    endloop
  endfacet
  facet normal 0 0 1
    outer loop
      vertex 29.5557 -18.5632 2.4
      vertex 26 -21.6 2.4
      vertex 29.4238 -19.1125 2.4
    endloop
  endfacet
  facet normal 0 0 1
    outer loop
      vertex 26 21.6 2.4
      vertex 28.9125 20.116 2.4
      vertex 28.5456 20.5456 2.4
    endloop
  endfacet
  facet normal 0 0 1
    outer loop
      vertex 29.4238 -19.1125 2.4
      vertex 26 -21.6 2.4
      vertex 29.2076 -19.6344 2.4
    endloop
  endfacet
  facet normal 0 0 1
    outer loop
      vertex 26 21.6 2.4
      vertex 28.5456 20.5456 2.4
      vertex 28.116 20.9125 2.4
    endloop
  endfacet
  facet normal 0 0 1
    outer loop
      vertex 29.2076 -19.6344 2.4
      vertex 26 -21.6 2.4
      vertex 28.9125 -20.116 2.4
    endloop
  endfacet
  facet normal 0 0 1
    outer loop
      vertex 26 21.6 2.4
      vertex 28.116 20.9125 2.4
      vertex 27.6344 21.2076 2.4
    endloop
  endfacet
  facet normal 0 0 1
    outer loop
      vertex 28.9125 -20.116 2.4
      vertex 26 -21.6 2.4
      vertex 28.5456 -20.5456 2.4
    endloop
  endfacet
  facet normal 0 0 1
    outer loop
      vertex 26 21.6 2.4
      vertex 27.6344 21.2076 2.4
      vertex 27.1125 21.4238 2.4
    endloop
  endfacet
  facet normal 0 0 1
    outer loop
      vertex 28.5456 -20.5456 2.4
      vertex 26 -21.6 2.4
      vertex 28.116 -20.9125 2.4
    endloop
  endfacet
  facet normal 0 0 1
    outer loop
      vertex 26 21.6 2.4
      vertex 27.1125 21.4238 2.4
      vertex 26.5632 21.5557 2.4
    endloop
  endfacet
  facet normal 0 0 1
    outer loop
      vertex 28.116 -20.9125 2.4
      vertex 26 -21.6 2.4
      vertex 27.6344 -21.2076 2.4
    endloop
  endfacet
  facet normal 0 0 1
    outer loop
      vertex 27.6344 -21.2076 2.4
      vertex 26 -21.6 2.4
      vertex 27.1125 -21.4238 2.4
    endloop
  endfacet
  facet normal 0 0 1
    outer loop
      vertex 27.1125 -21.4238 2.4
      vertex 26 -21.6 2.4
      vertex 26.5632 -21.5557 2.4
    endloop
  endfacet
  facet normal -0 0 1
    outer loop
      vertex -26 21.6 2.4
      vertex 26 -21.6 2.4
      vertex 26 21.6 2.4
    endloop
  endfacet
  facet normal 0 0 1
    outer loop
      vertex -26 21.6 2.4
      vertex -26 -21.6 2.4
      vertex 26 -21.6 2.4
    endloop
  endfacet
  facet normal 0 0 1
    outer loop
      vertex -29.6 18 2.4
      vertex -26 21.6 2.4
      vertex -26.5632 21.5557 2.4
    endloop
  endfacet
  facet normal 0 0 1
    outer loop
      vertex -26 21.6 2.4
      vertex -29.6 18 2.4
      vertex -26 -21.6 2.4
    endloop
  endfacet
  facet normal 0 0 1
    outer loop
      vertex -29.6 18 2.4
      vertex -26.5632 21.5557 2.4
      vertex -27.1125 21.4238 2.4
    endloop
  endfacet
  facet normal -0 0 1
    outer loop
      vertex -29.6 -18 2.4
      vertex -26 -21.6 2.4
      vertex -29.6 18 2.4
    endloop
  endfacet
  facet normal 0 0 1
    outer loop
      vertex -29.6 18 2.4
      vertex -27.1125 21.4238 2.4
      vertex -27.6344 21.2076 2.4
    endloop
  endfacet
  facet normal 0 0 1
    outer loop
      vertex -26 -21.6 2.4
      vertex -29.6 -18 2.4
      vertex -26.5632 -21.5557 2.4
    endloop
  endfacet
  facet normal 0 0 1
    outer loop
      vertex -29.6 18 2.4
      vertex -27.6344 21.2076 2.4
      vertex -28.116 20.9125 2.4
    endloop
  endfacet
  facet normal 0 0 1
    outer loop
      vertex -26.5632 -21.5557 2.4
      vertex -29.6 -18 2.4
      vertex -27.1125 -21.4238 2.4
    endloop
  endfacet
  facet normal 0 0 1
    outer loop
      vertex -29.6 18 2.4
      vertex -28.116 20.9125 2.4
      vertex -28.5456 20.5456 2.4
    endloop
  endfacet
  facet normal 0 0 1
    outer loop
      vertex -27.1125 -21.4238 2.4
      vertex -29.6 -18 2.4
      vertex -27.6344 -21.2076 2.4
    endloop
  endfacet
  facet normal 0 0 1
    outer loop
      vertex -29.6 18 2.4
      vertex -28.5456 20.5456 2.4
      vertex -28.9125 20.116 2.4
    endloop
  endfacet
  facet normal 0 0 1
    outer loop
      vertex -27.6344 -21.2076 2.4
      vertex -29.6 -18 2.4
      vertex -28.116 -20.9125 2.4
    endloop
  endfacet
  facet normal 0 0 1
    outer loop
      vertex -29.6 18 2.4
      vertex -28.9125 20.116 2.4
      vertex -29.2076 19.6344 2.4
    endloop
  endfacet
  facet normal 0 0 1
    outer loop
      vertex -28.116 -20.9125 2.4
      vertex -29.6 -18 2.4
      vertex -28.5456 -20.5456 2.4
    endloop
  endfacet
  facet normal 0 0 1
    outer loop
      vertex -29.6 18 2.4
      vertex -29.2076 19.6344 2.4
      vertex -29.4238 19.1125 2.4
    endloop
  endfacet
  facet normal 0 0 1
    outer loop
      vertex -28.5456 -20.5456 2.4
      vertex -29.6 -18 2.4
      vertex -28.9125 -20.116 2.4
    endloop
  endfacet
  facet normal 0 0 1
    outer loop
      vertex -29.6 18 2.4
      vertex -29.4238 19.1125 2.4
      vertex -29.5557 18.5632 2.4
    endloop
  endfacet
  facet normal 0 0 1
    outer loop
      vertex -28.9125 -20.116 2.4
      vertex -29.6 -18 2.4
      vertex -29.2076 -19.6344 2.4
    endloop
  endfacet
  facet normal 0 0 1
    outer loop
      vertex -29.2076 -19.6344 2.4
      vertex -29.6 -18 2.4
      vertex -29.4238 -19.1125 2.4
    endloop
  endfacet
  facet normal 0 0 1
    outer loop
      vertex -29.4238 -19.1125 2.4
      vertex -29.6 -18 2.4
      vertex -29.5557 -18.5632 2.4
    endloop
  endfacet
endsolid OpenSCAD_Model
