solid OpenSCAD_Model
  facet normal 1 0 0
    outer loop
      vertex 29 -3.9 22
      vertex 29 -7.3 22
      vertex 29 -3.9 2.5
    endloop
  endfacet
  facet normal 1 0 0
    outer loop
      vertex 29 3.9 2.5
      vertex 29 7.3 22
      vertex 29 3.9 22
    endloop
  endfacet
  facet normal 1 0 0
    outer loop
      vertex 29 7.3 22
      vertex 29 3.9 2.5
      vertex 29 7.3 0
    endloop
  endfacet
  facet normal 1 -0 0
    outer loop
      vertex 29 -3.9 2.5
      vertex 29 7.3 0
      vertex 29 3.9 2.5
    endloop
  endfacet
  facet normal 1 0 0
    outer loop
      vertex 29 -3.9 2.5
      vertex 29 -7.3 0
      vertex 29 7.3 0
    endloop
  endfacet
  facet normal 1 0 0
    outer loop
      vertex 29 -7.3 0
      vertex 29 -3.9 2.5
      vertex 29 -7.3 22
    endloop
  endfacet
  facet normal -0 0 1
    outer loop
      vertex 7 -3.9 22
      vertex 29 -7.3 22
      vertex 29 -3.9 22
    endloop
  endfacet
  facet normal 0 0 1
    outer loop
      vertex 29 -7.3 22
      vertex 7 -3.9 22
      vertex 7 -7.3 22
    endloop
  endfacet
  facet normal -0 0 1
    outer loop
      vertex -29 -3.9 22
      vertex -7 -7.3 22
      vertex -7 -3.9 22
    endloop
  endfacet
  facet normal 0 0 1
    outer loop
      vertex -7 -7.3 22
      vertex -29 -3.9 22
      vertex -29 -7.3 22
    endloop
  endfacet
  facet normal -0 0 1
    outer loop
      vertex -29 7.3 22
      vertex -7 3.9 22
      vertex -7 7.3 22
    endloop
  endfacet
  facet normal 0 0 1
    outer loop
      vertex -7 3.9 22
      vertex -29 7.3 22
      vertex -29 3.9 22
    endloop
  endfacet
  facet normal -0 0 1
    outer loop
      vertex 7 7.3 22
      vertex 29 3.9 22
      vertex 29 7.3 22
    endloop
  endfacet
  facet normal 0 0 1
    outer loop
      vertex 29 3.9 22
      vertex 7 7.3 22
      vertex 7 3.9 22
    endloop
  endfacet
  facet normal 0 0 -1
    outer loop
      vertex 2 2 0
      vertex -8 2 0
      vertex 2 4.5 0
    endloop
  endfacet
  facet normal 0 0 -1
    outer loop
      vertex 29 -7.3 0
      vertex 8 0 0
      vertex 29 7.3 0
    endloop
  endfacet
  facet normal 0 0 -1
    outer loop
      vertex 29 -7.3 0
      vertex 2 -4.5 0
      vertex 8 0 0
    endloop
  endfacet
  facet normal 0 0 -1
    outer loop
      vertex 2 -4.5 0
      vertex -8 -2 0
      vertex 2 -2 0
    endloop
  endfacet
  facet normal -0 0 -1
    outer loop
      vertex -8 -2 0
      vertex -29 -7.3 0
      vertex -8 2 0
    endloop
  endfacet
  facet normal -0 0 -1
    outer loop
      vertex 2 -4.5 0
      vertex -29 -7.3 0
      vertex -8 -2 0
    endloop
  endfacet
  facet normal 0 0 -1
    outer loop
      vertex -29 -7.3 0
      vertex 2 -4.5 0
      vertex 29 -7.3 0
    endloop
  endfacet
  facet normal 0 0 -1
    outer loop
      vertex 2 4.5 0
      vertex 29 7.3 0
      vertex 8 0 0
    endloop
  endfacet
  facet normal 0 0 -1
    outer loop
      vertex 2 4.5 0
      vertex -29 7.3 0
      vertex 29 7.3 0
    endloop
  endfacet
  facet normal 0 0 -1
    outer loop
      vertex -8 2 0
      vertex -29 7.3 0
      vertex 2 4.5 0
    endloop
  endfacet
  facet normal 0 0 -1
    outer loop
      vertex -29 7.3 0
      vertex -8 2 0
      vertex -29 -7.3 0
    endloop
  endfacet
  facet normal -1 0 0
    outer loop
      vertex -29 7.3 0
      vertex -29 3.9 2.5
      vertex -29 7.3 22
    endloop
  endfacet
  facet normal -1 0 0
    outer loop
      vertex -29 7.3 0
      vertex -29 -3.9 2.5
      vertex -29 3.9 2.5
    endloop
  endfacet
  facet normal -1 0 0
    outer loop
      vertex -29 -7.3 0
      vertex -29 -3.9 2.5
      vertex -29 7.3 0
    endloop
  endfacet
  facet normal -1 0 0
    outer loop
      vertex -29 -7.3 22
      vertex -29 -3.9 2.5
      vertex -29 -7.3 0
    endloop
  endfacet
  facet normal -1 0 0
    outer loop
      vertex -29 -3.9 2.5
      vertex -29 -7.3 22
      vertex -29 -3.9 22
    endloop
  endfacet
  facet normal -1 -0 0
    outer loop
      vertex -29 7.3 22
      vertex -29 3.9 2.5
      vertex -29 3.9 22
    endloop
  endfacet
  facet normal 0 1 0
    outer loop
      vertex 7 7.3 22
      vertex 16.2287 7.3 12.9
      vertex -7 7.3 22
    endloop
  endfacet
  facet normal 0 1 0
    outer loop
      vertex -7 7.3 22
      vertex -16.2287 7.3 16.1
      vertex -19 7.3 17.7
    endloop
  endfacet
  facet normal 0 1 0
    outer loop
      vertex -16.2287 7.3 12.9
      vertex -7 7.3 22
      vertex 16.2287 7.3 12.9
    endloop
  endfacet
  facet normal 0 1 0
    outer loop
      vertex -7 7.3 22
      vertex -16.2287 7.3 12.9
      vertex -16.2287 7.3 16.1
    endloop
  endfacet
  facet normal 0 1 0
    outer loop
      vertex 29 7.3 0
      vertex 16.2287 7.3 12.9
      vertex 19 7.3 11.3
    endloop
  endfacet
  facet normal 0 1 0
    outer loop
      vertex 16.2287 7.3 12.9
      vertex 29 7.3 0
      vertex -16.2287 7.3 12.9
    endloop
  endfacet
  facet normal 0 1 -0
    outer loop
      vertex 19 7.3 17.7
      vertex 7 7.3 22
      vertex 29 7.3 22
    endloop
  endfacet
  facet normal 0 1 -0
    outer loop
      vertex 16.2287 7.3 16.1
      vertex 7 7.3 22
      vertex 19 7.3 17.7
    endloop
  endfacet
  facet normal 0 1 -0
    outer loop
      vertex 16.2287 7.3 12.9
      vertex 7 7.3 22
      vertex 16.2287 7.3 16.1
    endloop
  endfacet
  facet normal 0 1 0
    outer loop
      vertex 29 7.3 22
      vertex 21.7713 7.3 16.1
      vertex 19 7.3 17.7
    endloop
  endfacet
  facet normal 0 1 0
    outer loop
      vertex 29 7.3 22
      vertex 21.7713 7.3 12.9
      vertex 21.7713 7.3 16.1
    endloop
  endfacet
  facet normal 0 1 0
    outer loop
      vertex -29 7.3 0
      vertex -16.2287 7.3 12.9
      vertex 29 7.3 0
    endloop
  endfacet
  facet normal 0 1 0
    outer loop
      vertex 21.7713 7.3 12.9
      vertex 29 7.3 0
      vertex 19 7.3 11.3
    endloop
  endfacet
  facet normal 0 1 -0
    outer loop
      vertex 29 7.3 0
      vertex 21.7713 7.3 12.9
      vertex 29 7.3 22
    endloop
  endfacet
  facet normal 0 1 0
    outer loop
      vertex -7 7.3 22
      vertex -19 7.3 17.7
      vertex -29 7.3 22
    endloop
  endfacet
  facet normal 0 1 -0
    outer loop
      vertex -21.7713 7.3 16.1
      vertex -29 7.3 22
      vertex -19 7.3 17.7
    endloop
  endfacet
  facet normal 0 1 -0
    outer loop
      vertex -21.7713 7.3 12.9
      vertex -29 7.3 22
      vertex -21.7713 7.3 16.1
    endloop
  endfacet
  facet normal 0 1 0
    outer loop
      vertex -21.7713 7.3 12.9
      vertex -29 7.3 0
      vertex -29 7.3 22
    endloop
  endfacet
  facet normal 0 1 0
    outer loop
      vertex -19 7.3 11.3
      vertex -29 7.3 0
      vertex -21.7713 7.3 12.9
    endloop
  endfacet
  facet normal 0 1 0
    outer loop
      vertex -16.2287 7.3 12.9
      vertex -29 7.3 0
      vertex -19 7.3 11.3
    endloop
  endfacet
  facet normal 0 1 0
    outer loop
      vertex 7 7.3 32
      vertex 0 7.3 30.2
      vertex -7 7.3 32
    endloop
  endfacet
  facet normal 0 1 0
    outer loop
      vertex 7 7.3 32
      vertex 2.77128 7.3 28.6
      vertex 0 7.3 30.2
    endloop
  endfacet
  facet normal 0 1 0
    outer loop
      vertex 7 7.3 32
      vertex 2.77128 7.3 25.4
      vertex 2.77128 7.3 28.6
    endloop
  endfacet
  facet normal 0 1 0
    outer loop
      vertex 2.77128 7.3 25.4
      vertex 7 7.3 22
      vertex 0 7.3 23.8
    endloop
  endfacet
  facet normal 0 1 -0
    outer loop
      vertex 7 7.3 22
      vertex 2.77128 7.3 25.4
      vertex 7 7.3 32
    endloop
  endfacet
  facet normal 0 1 -0
    outer loop
      vertex -2.77128 7.3 28.6
      vertex -7 7.3 32
      vertex 0 7.3 30.2
    endloop
  endfacet
  facet normal 0 1 -0
    outer loop
      vertex -2.77128 7.3 25.4
      vertex -7 7.3 32
      vertex -2.77128 7.3 28.6
    endloop
  endfacet
  facet normal 0 1 0
    outer loop
      vertex -2.77128 7.3 25.4
      vertex -7 7.3 22
      vertex -7 7.3 32
    endloop
  endfacet
  facet normal 0 1 0
    outer loop
      vertex 0 7.3 23.8
      vertex -7 7.3 22
      vertex -2.77128 7.3 25.4
    endloop
  endfacet
  facet normal 0 1 0
    outer loop
      vertex -7 7.3 22
      vertex 0 7.3 23.8
      vertex 7 7.3 22
    endloop
  endfacet
  facet normal 0 -1 0
    outer loop
      vertex -7 -7.3 32
      vertex 0 -7.3 28.7
      vertex 7 -7.3 32
    endloop
  endfacet
  facet normal 0 -1 0
    outer loop
      vertex -7 -7.3 32
      vertex -0.265938 -7.3 28.6791
      vertex 0 -7.3 28.7
    endloop
  endfacet
  facet normal 0 -1 0
    outer loop
      vertex -7 -7.3 32
      vertex -0.525329 -7.3 28.6168
      vertex -0.265938 -7.3 28.6791
    endloop
  endfacet
  facet normal 0 -1 0
    outer loop
      vertex -7 -7.3 32
      vertex -0.771784 -7.3 28.5147
      vertex -0.525329 -7.3 28.6168
    endloop
  endfacet
  facet normal 0 -1 0
    outer loop
      vertex -7 -7.3 32
      vertex -0.999234 -7.3 28.3753
      vertex -0.771784 -7.3 28.5147
    endloop
  endfacet
  facet normal 0 -1 0
    outer loop
      vertex -7 -7.3 32
      vertex -1.20208 -7.3 28.2021
      vertex -0.999234 -7.3 28.3753
    endloop
  endfacet
  facet normal 0 -1 0
    outer loop
      vertex -7 -7.3 32
      vertex -1.37533 -7.3 27.9992
      vertex -1.20208 -7.3 28.2021
    endloop
  endfacet
  facet normal 0 -1 0
    outer loop
      vertex -7 -7.3 32
      vertex -1.51471 -7.3 27.7718
      vertex -1.37533 -7.3 27.9992
    endloop
  endfacet
  facet normal 0 -1 0
    outer loop
      vertex -7 -7.3 32
      vertex -1.6168 -7.3 27.5253
      vertex -1.51471 -7.3 27.7718
    endloop
  endfacet
  facet normal 0 -1 0
    outer loop
      vertex -7 -7.3 32
      vertex -1.67907 -7.3 27.2659
      vertex -1.6168 -7.3 27.5253
    endloop
  endfacet
  facet normal 0 -1 0
    outer loop
      vertex -7 -7.3 32
      vertex -1.7 -7.3 27
      vertex -1.67907 -7.3 27.2659
    endloop
  endfacet
  facet normal 0 -1 0
    outer loop
      vertex -7 -7.3 22
      vertex -1.7 -7.3 27
      vertex -7 -7.3 32
    endloop
  endfacet
  facet normal 0 -1 -0
    outer loop
      vertex -1.7 -7.3 27
      vertex -7 -7.3 22
      vertex -1.67907 -7.3 26.7341
    endloop
  endfacet
  facet normal 0 -1 -0
    outer loop
      vertex -1.67907 -7.3 26.7341
      vertex -7 -7.3 22
      vertex -1.6168 -7.3 26.4747
    endloop
  endfacet
  facet normal 0 -1 -0
    outer loop
      vertex -1.6168 -7.3 26.4747
      vertex -7 -7.3 22
      vertex -1.51471 -7.3 26.2282
    endloop
  endfacet
  facet normal 0 -1 -0
    outer loop
      vertex -1.51471 -7.3 26.2282
      vertex -7 -7.3 22
      vertex -1.37533 -7.3 26.0008
    endloop
  endfacet
  facet normal 0 -1 -0
    outer loop
      vertex -0.265938 -7.3 25.3209
      vertex -7 -7.3 22
      vertex 0 -7.3 25.3
    endloop
  endfacet
  facet normal 0 -1 -0
    outer loop
      vertex -0.525329 -7.3 25.3832
      vertex -7 -7.3 22
      vertex -0.265938 -7.3 25.3209
    endloop
  endfacet
  facet normal 0 -1 -0
    outer loop
      vertex -0.771784 -7.3 25.4853
      vertex -7 -7.3 22
      vertex -0.525329 -7.3 25.3832
    endloop
  endfacet
  facet normal 0 -1 -0
    outer loop
      vertex -0.999234 -7.3 25.6247
      vertex -7 -7.3 22
      vertex -0.771784 -7.3 25.4853
    endloop
  endfacet
  facet normal 0 -1 -0
    outer loop
      vertex -1.20208 -7.3 25.7979
      vertex -7 -7.3 22
      vertex -0.999234 -7.3 25.6247
    endloop
  endfacet
  facet normal 0 -1 -0
    outer loop
      vertex -1.37533 -7.3 26.0008
      vertex -7 -7.3 22
      vertex -1.20208 -7.3 25.7979
    endloop
  endfacet
  facet normal 0 -1 0
    outer loop
      vertex 0.265938 -7.3 28.6791
      vertex 7 -7.3 32
      vertex 0 -7.3 28.7
    endloop
  endfacet
  facet normal 0 -1 0
    outer loop
      vertex 0.525329 -7.3 28.6168
      vertex 7 -7.3 32
      vertex 0.265938 -7.3 28.6791
    endloop
  endfacet
  facet normal 0 -1 0
    outer loop
      vertex 0.771784 -7.3 28.5147
      vertex 7 -7.3 32
      vertex 0.525329 -7.3 28.6168
    endloop
  endfacet
  facet normal 0 -1 0
    outer loop
      vertex 0.999234 -7.3 28.3753
      vertex 7 -7.3 32
      vertex 0.771784 -7.3 28.5147
    endloop
  endfacet
  facet normal 0 -1 0
    outer loop
      vertex 1.20208 -7.3 28.2021
      vertex 7 -7.3 32
      vertex 0.999234 -7.3 28.3753
    endloop
  endfacet
  facet normal 0 -1 0
    outer loop
      vertex 1.37533 -7.3 27.9992
      vertex 7 -7.3 32
      vertex 1.20208 -7.3 28.2021
    endloop
  endfacet
  facet normal 0 -1 0
    outer loop
      vertex 1.51471 -7.3 27.7718
      vertex 7 -7.3 32
      vertex 1.37533 -7.3 27.9992
    endloop
  endfacet
  facet normal 0 -1 0
    outer loop
      vertex 1.6168 -7.3 27.5253
      vertex 7 -7.3 32
      vertex 1.51471 -7.3 27.7718
    endloop
  endfacet
  facet normal 0 -1 0
    outer loop
      vertex 1.67907 -7.3 27.2659
      vertex 7 -7.3 32
      vertex 1.6168 -7.3 27.5253
    endloop
  endfacet
  facet normal 0 -1 0
    outer loop
      vertex 1.7 -7.3 27
      vertex 7 -7.3 32
      vertex 1.67907 -7.3 27.2659
    endloop
  endfacet
  facet normal 0 -1 0
    outer loop
      vertex 7 -7.3 22
      vertex 1.7 -7.3 27
      vertex 1.67907 -7.3 26.7341
    endloop
  endfacet
  facet normal 0 -1 0
    outer loop
      vertex 7 -7.3 22
      vertex 1.67907 -7.3 26.7341
      vertex 1.6168 -7.3 26.4747
    endloop
  endfacet
  facet normal 0 -1 0
    outer loop
      vertex 7 -7.3 22
      vertex 1.6168 -7.3 26.4747
      vertex 1.51471 -7.3 26.2282
    endloop
  endfacet
  facet normal 0 -1 0
    outer loop
      vertex 7 -7.3 22
      vertex 1.51471 -7.3 26.2282
      vertex 1.37533 -7.3 26.0008
    endloop
  endfacet
  facet normal 0 -1 0
    outer loop
      vertex 7 -7.3 22
      vertex 1.37533 -7.3 26.0008
      vertex 1.20208 -7.3 25.7979
    endloop
  endfacet
  facet normal 0 -1 0
    outer loop
      vertex 7 -7.3 22
      vertex 0 -7.3 25.3
      vertex -7 -7.3 22
    endloop
  endfacet
  facet normal 0 -1 0
    outer loop
      vertex 0 -7.3 25.3
      vertex 7 -7.3 22
      vertex 0.265938 -7.3 25.3209
    endloop
  endfacet
  facet normal 0 -1 0
    outer loop
      vertex 0.265938 -7.3 25.3209
      vertex 7 -7.3 22
      vertex 0.525329 -7.3 25.3832
    endloop
  endfacet
  facet normal 0 -1 0
    outer loop
      vertex 1.7 -7.3 27
      vertex 7 -7.3 22
      vertex 7 -7.3 32
    endloop
  endfacet
  facet normal 0 -1 0
    outer loop
      vertex 0.999234 -7.3 25.6247
      vertex 7 -7.3 22
      vertex 1.20208 -7.3 25.7979
    endloop
  endfacet
  facet normal 0 -1 0
    outer loop
      vertex 0.771784 -7.3 25.4853
      vertex 7 -7.3 22
      vertex 0.999234 -7.3 25.6247
    endloop
  endfacet
  facet normal 0 -1 0
    outer loop
      vertex 0.525329 -7.3 25.3832
      vertex 7 -7.3 22
      vertex 0.771784 -7.3 25.4853
    endloop
  endfacet
  facet normal 0 -1 0
    outer loop
      vertex -18.2282 -7.3 16.0147
      vertex -7 -7.3 22
      vertex -18.4747 -7.3 16.1168
    endloop
  endfacet
  facet normal 0 -1 0
    outer loop
      vertex 7 -7.3 22
      vertex 18.7341 -7.3 16.1791
      vertex 19 -7.3 16.2
    endloop
  endfacet
  facet normal 0 -1 0
    outer loop
      vertex -18.0008 -7.3 15.8753
      vertex -7 -7.3 22
      vertex -18.2282 -7.3 16.0147
    endloop
  endfacet
  facet normal 0 -1 0
    outer loop
      vertex 7 -7.3 22
      vertex 18.4747 -7.3 16.1168
      vertex 18.7341 -7.3 16.1791
    endloop
  endfacet
  facet normal 0 -1 0
    outer loop
      vertex -17.7979 -7.3 15.7021
      vertex -7 -7.3 22
      vertex -18.0008 -7.3 15.8753
    endloop
  endfacet
  facet normal 0 -1 0
    outer loop
      vertex 7 -7.3 22
      vertex 18.2282 -7.3 16.0147
      vertex 18.4747 -7.3 16.1168
    endloop
  endfacet
  facet normal 0 -1 0
    outer loop
      vertex -17.6247 -7.3 15.4992
      vertex -7 -7.3 22
      vertex -17.7979 -7.3 15.7021
    endloop
  endfacet
  facet normal 0 -1 0
    outer loop
      vertex 7 -7.3 22
      vertex 18.0008 -7.3 15.8753
      vertex 18.2282 -7.3 16.0147
    endloop
  endfacet
  facet normal 0 -1 0
    outer loop
      vertex -17.4853 -7.3 15.2718
      vertex -7 -7.3 22
      vertex -17.6247 -7.3 15.4992
    endloop
  endfacet
  facet normal 0 -1 0
    outer loop
      vertex 7 -7.3 22
      vertex 17.7979 -7.3 15.7021
      vertex 18.0008 -7.3 15.8753
    endloop
  endfacet
  facet normal 0 -1 0
    outer loop
      vertex -17.3832 -7.3 15.0253
      vertex -7 -7.3 22
      vertex -17.4853 -7.3 15.2718
    endloop
  endfacet
  facet normal 0 -1 0
    outer loop
      vertex 7 -7.3 22
      vertex 17.6247 -7.3 15.4992
      vertex 17.7979 -7.3 15.7021
    endloop
  endfacet
  facet normal 0 -1 0
    outer loop
      vertex -17.3209 -7.3 14.7659
      vertex -7 -7.3 22
      vertex -17.3832 -7.3 15.0253
    endloop
  endfacet
  facet normal 0 -1 0
    outer loop
      vertex 7 -7.3 22
      vertex 17.4853 -7.3 15.2718
      vertex 17.6247 -7.3 15.4992
    endloop
  endfacet
  facet normal 0 -1 0
    outer loop
      vertex -17.3 -7.3 14.5
      vertex -7 -7.3 22
      vertex -17.3209 -7.3 14.7659
    endloop
  endfacet
  facet normal 0 -1 0
    outer loop
      vertex 7 -7.3 22
      vertex 17.3832 -7.3 15.0253
      vertex 17.4853 -7.3 15.2718
    endloop
  endfacet
  facet normal 0 -1 0
    outer loop
      vertex -17.3209 -7.3 14.2341
      vertex -7 -7.3 22
      vertex -17.3 -7.3 14.5
    endloop
  endfacet
  facet normal 0 -1 0
    outer loop
      vertex 7 -7.3 22
      vertex 17.3209 -7.3 14.7659
      vertex 17.3832 -7.3 15.0253
    endloop
  endfacet
  facet normal 0 -1 0
    outer loop
      vertex -17.3832 -7.3 13.9747
      vertex -7 -7.3 22
      vertex -17.3209 -7.3 14.2341
    endloop
  endfacet
  facet normal 0 -1 0
    outer loop
      vertex 7 -7.3 22
      vertex 17.3 -7.3 14.5
      vertex 17.3209 -7.3 14.7659
    endloop
  endfacet
  facet normal 0 -1 0
    outer loop
      vertex -17.4853 -7.3 13.7282
      vertex -7 -7.3 22
      vertex -17.3832 -7.3 13.9747
    endloop
  endfacet
  facet normal 0 -1 0
    outer loop
      vertex 7 -7.3 22
      vertex 17.3209 -7.3 14.2341
      vertex 17.3 -7.3 14.5
    endloop
  endfacet
  facet normal 0 -1 0
    outer loop
      vertex -17.6247 -7.3 13.5008
      vertex -7 -7.3 22
      vertex -17.4853 -7.3 13.7282
    endloop
  endfacet
  facet normal 0 -1 0
    outer loop
      vertex 7 -7.3 22
      vertex 17.3832 -7.3 13.9747
      vertex 17.3209 -7.3 14.2341
    endloop
  endfacet
  facet normal 0 -1 -0
    outer loop
      vertex -7 -7.3 22
      vertex -17.6247 -7.3 13.5008
      vertex 7 -7.3 22
    endloop
  endfacet
  facet normal 0 -1 0
    outer loop
      vertex 7 -7.3 22
      vertex 17.4853 -7.3 13.7282
      vertex 17.3832 -7.3 13.9747
    endloop
  endfacet
  facet normal 0 -1 0
    outer loop
      vertex 17.6247 -7.3 13.5008
      vertex 7 -7.3 22
      vertex -17.6247 -7.3 13.5008
    endloop
  endfacet
  facet normal 0 -1 0
    outer loop
      vertex 7 -7.3 22
      vertex 17.6247 -7.3 13.5008
      vertex 17.4853 -7.3 13.7282
    endloop
  endfacet
  facet normal 0 -1 0
    outer loop
      vertex -17.7979 -7.3 13.2979
      vertex 17.6247 -7.3 13.5008
      vertex -17.6247 -7.3 13.5008
    endloop
  endfacet
  facet normal 0 -1 0
    outer loop
      vertex -17.7979 -7.3 13.2979
      vertex 17.7979 -7.3 13.2979
      vertex 17.6247 -7.3 13.5008
    endloop
  endfacet
  facet normal 0 -1 0
    outer loop
      vertex -18.0008 -7.3 13.1247
      vertex 17.7979 -7.3 13.2979
      vertex -17.7979 -7.3 13.2979
    endloop
  endfacet
  facet normal 0 -1 0
    outer loop
      vertex -18.0008 -7.3 13.1247
      vertex 18.0008 -7.3 13.1247
      vertex 17.7979 -7.3 13.2979
    endloop
  endfacet
  facet normal 0 -1 0
    outer loop
      vertex -29 -7.3 0
      vertex -18.0008 -7.3 13.1247
      vertex -18.2282 -7.3 12.9853
    endloop
  endfacet
  facet normal 0 -1 -0
    outer loop
      vertex -18.0008 -7.3 13.1247
      vertex -29 -7.3 0
      vertex 18.0008 -7.3 13.1247
    endloop
  endfacet
  facet normal 0 -1 0
    outer loop
      vertex -29 -7.3 0
      vertex -18.2282 -7.3 12.9853
      vertex -18.4747 -7.3 12.8832
    endloop
  endfacet
  facet normal 0 -1 0
    outer loop
      vertex 29 -7.3 0
      vertex 18.0008 -7.3 13.1247
      vertex -29 -7.3 0
    endloop
  endfacet
  facet normal 0 -1 0
    outer loop
      vertex -29 -7.3 0
      vertex -18.4747 -7.3 12.8832
      vertex -18.7341 -7.3 12.8209
    endloop
  endfacet
  facet normal 0 -1 0
    outer loop
      vertex 18.0008 -7.3 13.1247
      vertex 29 -7.3 0
      vertex 18.2282 -7.3 12.9853
    endloop
  endfacet
  facet normal 0 -1 0
    outer loop
      vertex -29 -7.3 0
      vertex -18.7341 -7.3 12.8209
      vertex -19 -7.3 12.8
    endloop
  endfacet
  facet normal 0 -1 0
    outer loop
      vertex 18.2282 -7.3 12.9853
      vertex 29 -7.3 0
      vertex 18.4747 -7.3 12.8832
    endloop
  endfacet
  facet normal 0 -1 0
    outer loop
      vertex -19 -7.3 16.2
      vertex -7 -7.3 22
      vertex -29 -7.3 22
    endloop
  endfacet
  facet normal 0 -1 0
    outer loop
      vertex -18.7341 -7.3 16.1791
      vertex -7 -7.3 22
      vertex -19 -7.3 16.2
    endloop
  endfacet
  facet normal 0 -1 0
    outer loop
      vertex -18.4747 -7.3 16.1168
      vertex -7 -7.3 22
      vertex -18.7341 -7.3 16.1791
    endloop
  endfacet
  facet normal 0 -1 0
    outer loop
      vertex -29 -7.3 22
      vertex -19.2659 -7.3 16.1791
      vertex -19 -7.3 16.2
    endloop
  endfacet
  facet normal 0 -1 0
    outer loop
      vertex -29 -7.3 22
      vertex -19.5253 -7.3 16.1168
      vertex -19.2659 -7.3 16.1791
    endloop
  endfacet
  facet normal 0 -1 0
    outer loop
      vertex -29 -7.3 22
      vertex -19.7718 -7.3 16.0147
      vertex -19.5253 -7.3 16.1168
    endloop
  endfacet
  facet normal 0 -1 0
    outer loop
      vertex -29 -7.3 22
      vertex -19.9992 -7.3 15.8753
      vertex -19.7718 -7.3 16.0147
    endloop
  endfacet
  facet normal 0 -1 0
    outer loop
      vertex -29 -7.3 22
      vertex -20.2021 -7.3 15.7021
      vertex -19.9992 -7.3 15.8753
    endloop
  endfacet
  facet normal 0 -1 0
    outer loop
      vertex -29 -7.3 22
      vertex -20.3753 -7.3 15.4992
      vertex -20.2021 -7.3 15.7021
    endloop
  endfacet
  facet normal 0 -1 0
    outer loop
      vertex -29 -7.3 22
      vertex -20.5147 -7.3 15.2718
      vertex -20.3753 -7.3 15.4992
    endloop
  endfacet
  facet normal 0 -1 0
    outer loop
      vertex -29 -7.3 22
      vertex -20.6168 -7.3 15.0253
      vertex -20.5147 -7.3 15.2718
    endloop
  endfacet
  facet normal 0 -1 0
    outer loop
      vertex -29 -7.3 22
      vertex -20.6791 -7.3 14.7659
      vertex -20.6168 -7.3 15.0253
    endloop
  endfacet
  facet normal 0 -1 0
    outer loop
      vertex -29 -7.3 22
      vertex -20.7 -7.3 14.5
      vertex -20.6791 -7.3 14.7659
    endloop
  endfacet
  facet normal 0 -1 0
    outer loop
      vertex -29 -7.3 22
      vertex -20.6791 -7.3 14.2341
      vertex -20.7 -7.3 14.5
    endloop
  endfacet
  facet normal 0 -1 0
    outer loop
      vertex -29 -7.3 22
      vertex -20.6168 -7.3 13.9747
      vertex -20.6791 -7.3 14.2341
    endloop
  endfacet
  facet normal 0 -1 0
    outer loop
      vertex -29 -7.3 0
      vertex -20.6168 -7.3 13.9747
      vertex -29 -7.3 22
    endloop
  endfacet
  facet normal 0 -1 -0
    outer loop
      vertex -20.6168 -7.3 13.9747
      vertex -29 -7.3 0
      vertex -20.5147 -7.3 13.7282
    endloop
  endfacet
  facet normal 0 -1 -0
    outer loop
      vertex -20.5147 -7.3 13.7282
      vertex -29 -7.3 0
      vertex -20.3753 -7.3 13.5008
    endloop
  endfacet
  facet normal 0 -1 0
    outer loop
      vertex 18.4747 -7.3 12.8832
      vertex 29 -7.3 0
      vertex 18.7341 -7.3 12.8209
    endloop
  endfacet
  facet normal 0 -1 -0
    outer loop
      vertex -19.2659 -7.3 12.8209
      vertex -29 -7.3 0
      vertex -19 -7.3 12.8
    endloop
  endfacet
  facet normal 0 -1 -0
    outer loop
      vertex -19.5253 -7.3 12.8832
      vertex -29 -7.3 0
      vertex -19.2659 -7.3 12.8209
    endloop
  endfacet
  facet normal 0 -1 -0
    outer loop
      vertex -19.7718 -7.3 12.9853
      vertex -29 -7.3 0
      vertex -19.5253 -7.3 12.8832
    endloop
  endfacet
  facet normal 0 -1 -0
    outer loop
      vertex -19.9992 -7.3 13.1247
      vertex -29 -7.3 0
      vertex -19.7718 -7.3 12.9853
    endloop
  endfacet
  facet normal 0 -1 -0
    outer loop
      vertex -20.2021 -7.3 13.2979
      vertex -29 -7.3 0
      vertex -19.9992 -7.3 13.1247
    endloop
  endfacet
  facet normal 0 -1 -0
    outer loop
      vertex -20.3753 -7.3 13.5008
      vertex -29 -7.3 0
      vertex -20.2021 -7.3 13.2979
    endloop
  endfacet
  facet normal 0 -1 0
    outer loop
      vertex 7 -7.3 22
      vertex 19 -7.3 16.2
      vertex 29 -7.3 22
    endloop
  endfacet
  facet normal 0 -1 0
    outer loop
      vertex 19.2659 -7.3 16.1791
      vertex 29 -7.3 22
      vertex 19 -7.3 16.2
    endloop
  endfacet
  facet normal 0 -1 0
    outer loop
      vertex 19.5253 -7.3 16.1168
      vertex 29 -7.3 22
      vertex 19.2659 -7.3 16.1791
    endloop
  endfacet
  facet normal 0 -1 0
    outer loop
      vertex 19.7718 -7.3 16.0147
      vertex 29 -7.3 22
      vertex 19.5253 -7.3 16.1168
    endloop
  endfacet
  facet normal 0 -1 0
    outer loop
      vertex 19.9992 -7.3 15.8753
      vertex 29 -7.3 22
      vertex 19.7718 -7.3 16.0147
    endloop
  endfacet
  facet normal 0 -1 0
    outer loop
      vertex 20.2021 -7.3 15.7021
      vertex 29 -7.3 22
      vertex 19.9992 -7.3 15.8753
    endloop
  endfacet
  facet normal 0 -1 0
    outer loop
      vertex 20.3753 -7.3 15.4992
      vertex 29 -7.3 22
      vertex 20.2021 -7.3 15.7021
    endloop
  endfacet
  facet normal 0 -1 0
    outer loop
      vertex 20.5147 -7.3 15.2718
      vertex 29 -7.3 22
      vertex 20.3753 -7.3 15.4992
    endloop
  endfacet
  facet normal 0 -1 0
    outer loop
      vertex 20.6168 -7.3 15.0253
      vertex 29 -7.3 22
      vertex 20.5147 -7.3 15.2718
    endloop
  endfacet
  facet normal 0 -1 0
    outer loop
      vertex 20.6791 -7.3 14.7659
      vertex 29 -7.3 22
      vertex 20.6168 -7.3 15.0253
    endloop
  endfacet
  facet normal 0 -1 0
    outer loop
      vertex 20.7 -7.3 14.5
      vertex 29 -7.3 22
      vertex 20.6791 -7.3 14.7659
    endloop
  endfacet
  facet normal 0 -1 0
    outer loop
      vertex 20.6791 -7.3 14.2341
      vertex 29 -7.3 22
      vertex 20.7 -7.3 14.5
    endloop
  endfacet
  facet normal 0 -1 0
    outer loop
      vertex 20.6168 -7.3 13.9747
      vertex 29 -7.3 22
      vertex 20.6791 -7.3 14.2341
    endloop
  endfacet
  facet normal 0 -1 0
    outer loop
      vertex 29 -7.3 0
      vertex 20.6168 -7.3 13.9747
      vertex 20.5147 -7.3 13.7282
    endloop
  endfacet
  facet normal 0 -1 0
    outer loop
      vertex 29 -7.3 0
      vertex 20.5147 -7.3 13.7282
      vertex 20.3753 -7.3 13.5008
    endloop
  endfacet
  facet normal 0 -1 0
    outer loop
      vertex 29 -7.3 0
      vertex 20.3753 -7.3 13.5008
      vertex 20.2021 -7.3 13.2979
    endloop
  endfacet
  facet normal 0 -1 0
    outer loop
      vertex 18.7341 -7.3 12.8209
      vertex 29 -7.3 0
      vertex 19 -7.3 12.8
    endloop
  endfacet
  facet normal 0 -1 0
    outer loop
      vertex 19 -7.3 12.8
      vertex 29 -7.3 0
      vertex 19.2659 -7.3 12.8209
    endloop
  endfacet
  facet normal 0 -1 0
    outer loop
      vertex 20.6168 -7.3 13.9747
      vertex 29 -7.3 0
      vertex 29 -7.3 22
    endloop
  endfacet
  facet normal 0 -1 0
    outer loop
      vertex 19.9992 -7.3 13.1247
      vertex 29 -7.3 0
      vertex 20.2021 -7.3 13.2979
    endloop
  endfacet
  facet normal 0 -1 0
    outer loop
      vertex 19.7718 -7.3 12.9853
      vertex 29 -7.3 0
      vertex 19.9992 -7.3 13.1247
    endloop
  endfacet
  facet normal 0 -1 0
    outer loop
      vertex 19.5253 -7.3 12.8832
      vertex 29 -7.3 0
      vertex 19.7718 -7.3 12.9853
    endloop
  endfacet
  facet normal 0 -1 0
    outer loop
      vertex 19.2659 -7.3 12.8209
      vertex 29 -7.3 0
      vertex 19.5253 -7.3 12.8832
    endloop
  endfacet
  facet normal 1 0 0
    outer loop
      vertex 7 3.9 24.5
      vertex 7 7.3 32
      vertex 7 3.9 32
    endloop
  endfacet
  facet normal 1 0 0
    outer loop
      vertex 7 7.3 32
      vertex 7 3.9 24.5
      vertex 7 7.3 22
    endloop
  endfacet
  facet normal 1 0 0
    outer loop
      vertex 7 7.3 22
      vertex 7 3.9 24.5
      vertex 7 3.9 22
    endloop
  endfacet
  facet normal -0 0 1
    outer loop
      vertex -7 7.3 32
      vertex 7 3.9 32
      vertex 7 7.3 32
    endloop
  endfacet
  facet normal 0 0 1
    outer loop
      vertex 7 3.9 32
      vertex -7 7.3 32
      vertex -7 3.9 32
    endloop
  endfacet
  facet normal -1 0 0
    outer loop
      vertex -7 3.9 24.5
      vertex -7 7.3 22
      vertex -7 3.9 22
    endloop
  endfacet
  facet normal -1 0 0
    outer loop
      vertex -7 7.3 22
      vertex -7 3.9 24.5
      vertex -7 7.3 32
    endloop
  endfacet
  facet normal -1 -0 0
    outer loop
      vertex -7 7.3 32
      vertex -7 3.9 24.5
      vertex -7 3.9 32
    endloop
  endfacet
  facet normal 0 -1 0
    outer loop
      vertex -7 3.9 32
      vertex 0 3.9 28.7
      vertex 7 3.9 32
    endloop
  endfacet
  facet normal 0 -1 0
    outer loop
      vertex -7 3.9 32
      vertex -0.265938 3.9 28.6791
      vertex 0 3.9 28.7
    endloop
  endfacet
  facet normal 0 -1 0
    outer loop
      vertex -7 3.9 32
      vertex -0.525329 3.9 28.6168
      vertex -0.265938 3.9 28.6791
    endloop
  endfacet
  facet normal 0 -1 0
    outer loop
      vertex -7 3.9 32
      vertex -0.771784 3.9 28.5147
      vertex -0.525329 3.9 28.6168
    endloop
  endfacet
  facet normal 0 -1 0
    outer loop
      vertex -7 3.9 32
      vertex -0.999234 3.9 28.3753
      vertex -0.771784 3.9 28.5147
    endloop
  endfacet
  facet normal 0 -1 0
    outer loop
      vertex -7 3.9 32
      vertex -1.20208 3.9 28.2021
      vertex -0.999234 3.9 28.3753
    endloop
  endfacet
  facet normal 0 -1 0
    outer loop
      vertex -7 3.9 32
      vertex -1.37533 3.9 27.9992
      vertex -1.20208 3.9 28.2021
    endloop
  endfacet
  facet normal 0 -1 0
    outer loop
      vertex -7 3.9 32
      vertex -1.51471 3.9 27.7718
      vertex -1.37533 3.9 27.9992
    endloop
  endfacet
  facet normal 0 -1 0
    outer loop
      vertex -7 3.9 32
      vertex -1.6168 3.9 27.5253
      vertex -1.51471 3.9 27.7718
    endloop
  endfacet
  facet normal 0 -1 0
    outer loop
      vertex -7 3.9 32
      vertex -1.67907 3.9 27.2659
      vertex -1.6168 3.9 27.5253
    endloop
  endfacet
  facet normal 0 -1 0
    outer loop
      vertex -7 3.9 24.5
      vertex -1.67907 3.9 27.2659
      vertex -7 3.9 32
    endloop
  endfacet
  facet normal 0 -1 0
    outer loop
      vertex -1.67907 3.9 27.2659
      vertex -7 3.9 24.5
      vertex -1.7 3.9 27
    endloop
  endfacet
  facet normal 0 -1 -0
    outer loop
      vertex -1.7 3.9 27
      vertex -7 3.9 24.5
      vertex -1.67907 3.9 26.7341
    endloop
  endfacet
  facet normal 0 -1 -0
    outer loop
      vertex -1.67907 3.9 26.7341
      vertex -7 3.9 24.5
      vertex -1.6168 3.9 26.4747
    endloop
  endfacet
  facet normal 0 -1 -0
    outer loop
      vertex -1.6168 3.9 26.4747
      vertex -7 3.9 24.5
      vertex -1.51471 3.9 26.2282
    endloop
  endfacet
  facet normal 0 -1 -0
    outer loop
      vertex -1.51471 3.9 26.2282
      vertex -7 3.9 24.5
      vertex -1.37533 3.9 26.0008
    endloop
  endfacet
  facet normal 0 -1 -0
    outer loop
      vertex -0.265938 3.9 25.3209
      vertex -7 3.9 24.5
      vertex 0 3.9 25.3
    endloop
  endfacet
  facet normal 0 -1 -0
    outer loop
      vertex -0.525329 3.9 25.3832
      vertex -7 3.9 24.5
      vertex -0.265938 3.9 25.3209
    endloop
  endfacet
  facet normal 0 -1 -0
    outer loop
      vertex -0.771784 3.9 25.4853
      vertex -7 3.9 24.5
      vertex -0.525329 3.9 25.3832
    endloop
  endfacet
  facet normal 0 -1 -0
    outer loop
      vertex -0.999234 3.9 25.6247
      vertex -7 3.9 24.5
      vertex -0.771784 3.9 25.4853
    endloop
  endfacet
  facet normal 0 -1 -0
    outer loop
      vertex -1.20208 3.9 25.7979
      vertex -7 3.9 24.5
      vertex -0.999234 3.9 25.6247
    endloop
  endfacet
  facet normal 0 -1 -0
    outer loop
      vertex -1.37533 3.9 26.0008
      vertex -7 3.9 24.5
      vertex -1.20208 3.9 25.7979
    endloop
  endfacet
  facet normal 0 -1 0
    outer loop
      vertex 0.265938 3.9 28.6791
      vertex 7 3.9 32
      vertex 0 3.9 28.7
    endloop
  endfacet
  facet normal 0 -1 0
    outer loop
      vertex 0.525329 3.9 28.6168
      vertex 7 3.9 32
      vertex 0.265938 3.9 28.6791
    endloop
  endfacet
  facet normal 0 -1 0
    outer loop
      vertex 0.771784 3.9 28.5147
      vertex 7 3.9 32
      vertex 0.525329 3.9 28.6168
    endloop
  endfacet
  facet normal 0 -1 0
    outer loop
      vertex 0.999234 3.9 28.3753
      vertex 7 3.9 32
      vertex 0.771784 3.9 28.5147
    endloop
  endfacet
  facet normal 0 -1 0
    outer loop
      vertex 1.20208 3.9 28.2021
      vertex 7 3.9 32
      vertex 0.999234 3.9 28.3753
    endloop
  endfacet
  facet normal 0 -1 0
    outer loop
      vertex 1.37533 3.9 27.9992
      vertex 7 3.9 32
      vertex 1.20208 3.9 28.2021
    endloop
  endfacet
  facet normal 0 -1 0
    outer loop
      vertex 1.51471 3.9 27.7718
      vertex 7 3.9 32
      vertex 1.37533 3.9 27.9992
    endloop
  endfacet
  facet normal 0 -1 0
    outer loop
      vertex 1.6168 3.9 27.5253
      vertex 7 3.9 32
      vertex 1.51471 3.9 27.7718
    endloop
  endfacet
  facet normal 0 -1 0
    outer loop
      vertex 1.67907 3.9 27.2659
      vertex 7 3.9 32
      vertex 1.6168 3.9 27.5253
    endloop
  endfacet
  facet normal 0 -1 0
    outer loop
      vertex 7 3.9 24.5
      vertex 1.67907 3.9 27.2659
      vertex 1.7 3.9 27
    endloop
  endfacet
  facet normal 0 -1 0
    outer loop
      vertex 7 3.9 24.5
      vertex 1.7 3.9 27
      vertex 1.67907 3.9 26.7341
    endloop
  endfacet
  facet normal 0 -1 0
    outer loop
      vertex 7 3.9 24.5
      vertex 1.67907 3.9 26.7341
      vertex 1.6168 3.9 26.4747
    endloop
  endfacet
  facet normal 0 -1 0
    outer loop
      vertex 7 3.9 24.5
      vertex 1.6168 3.9 26.4747
      vertex 1.51471 3.9 26.2282
    endloop
  endfacet
  facet normal 0 -1 0
    outer loop
      vertex 7 3.9 24.5
      vertex 1.51471 3.9 26.2282
      vertex 1.37533 3.9 26.0008
    endloop
  endfacet
  facet normal 0 -1 0
    outer loop
      vertex 7 3.9 24.5
      vertex 1.37533 3.9 26.0008
      vertex 1.20208 3.9 25.7979
    endloop
  endfacet
  facet normal 0 -1 0
    outer loop
      vertex 7 3.9 24.5
      vertex 0 3.9 25.3
      vertex -7 3.9 24.5
    endloop
  endfacet
  facet normal 0 -1 0
    outer loop
      vertex 1.67907 3.9 27.2659
      vertex 7 3.9 24.5
      vertex 7 3.9 32
    endloop
  endfacet
  facet normal 0 -1 0
    outer loop
      vertex 0.999234 3.9 25.6247
      vertex 7 3.9 24.5
      vertex 1.20208 3.9 25.7979
    endloop
  endfacet
  facet normal 0 -1 0
    outer loop
      vertex 0.771784 3.9 25.4853
      vertex 7 3.9 24.5
      vertex 0.999234 3.9 25.6247
    endloop
  endfacet
  facet normal 0 -1 0
    outer loop
      vertex 0.525329 3.9 25.3832
      vertex 7 3.9 24.5
      vertex 0.771784 3.9 25.4853
    endloop
  endfacet
  facet normal 0 -1 0
    outer loop
      vertex 0.265938 3.9 25.3209
      vertex 7 3.9 24.5
      vertex 0.525329 3.9 25.3832
    endloop
  endfacet
  facet normal 0 -1 0
    outer loop
      vertex 0 3.9 25.3
      vertex 7 3.9 24.5
      vertex 0.265938 3.9 25.3209
    endloop
  endfacet
  facet normal 0 -1 0
    outer loop
      vertex -18.2282 3.9 16.0147
      vertex -7 3.9 22
      vertex -18.4747 3.9 16.1168
    endloop
  endfacet
  facet normal 0 -1 0
    outer loop
      vertex 7 3.9 22
      vertex 18.7341 3.9 16.1791
      vertex 19 3.9 16.2
    endloop
  endfacet
  facet normal 0 -1 0
    outer loop
      vertex -18.0008 3.9 15.8753
      vertex -7 3.9 22
      vertex -18.2282 3.9 16.0147
    endloop
  endfacet
  facet normal 0 -1 0
    outer loop
      vertex 7 3.9 22
      vertex 18.4747 3.9 16.1168
      vertex 18.7341 3.9 16.1791
    endloop
  endfacet
  facet normal 0 -1 0
    outer loop
      vertex -17.7979 3.9 15.7021
      vertex -7 3.9 22
      vertex -18.0008 3.9 15.8753
    endloop
  endfacet
  facet normal 0 -1 0
    outer loop
      vertex 7 3.9 22
      vertex 18.2282 3.9 16.0147
      vertex 18.4747 3.9 16.1168
    endloop
  endfacet
  facet normal 0 -1 0
    outer loop
      vertex -17.6247 3.9 15.4992
      vertex -7 3.9 22
      vertex -17.7979 3.9 15.7021
    endloop
  endfacet
  facet normal 0 -1 0
    outer loop
      vertex 7 3.9 22
      vertex 18.0008 3.9 15.8753
      vertex 18.2282 3.9 16.0147
    endloop
  endfacet
  facet normal 0 -1 0
    outer loop
      vertex -17.4853 3.9 15.2718
      vertex -7 3.9 22
      vertex -17.6247 3.9 15.4992
    endloop
  endfacet
  facet normal 0 -1 0
    outer loop
      vertex 7 3.9 22
      vertex 17.7979 3.9 15.7021
      vertex 18.0008 3.9 15.8753
    endloop
  endfacet
  facet normal 0 -1 0
    outer loop
      vertex -17.3832 3.9 15.0253
      vertex -7 3.9 22
      vertex -17.4853 3.9 15.2718
    endloop
  endfacet
  facet normal 0 -1 0
    outer loop
      vertex 7 3.9 22
      vertex 17.6247 3.9 15.4992
      vertex 17.7979 3.9 15.7021
    endloop
  endfacet
  facet normal 0 -1 0
    outer loop
      vertex -17.3209 3.9 14.7659
      vertex -7 3.9 22
      vertex -17.3832 3.9 15.0253
    endloop
  endfacet
  facet normal 0 -1 0
    outer loop
      vertex 7 3.9 22
      vertex 17.4853 3.9 15.2718
      vertex 17.6247 3.9 15.4992
    endloop
  endfacet
  facet normal 0 -1 0
    outer loop
      vertex -17.3 3.9 14.5
      vertex -7 3.9 22
      vertex -17.3209 3.9 14.7659
    endloop
  endfacet
  facet normal 0 -1 0
    outer loop
      vertex 7 3.9 22
      vertex 17.3832 3.9 15.0253
      vertex 17.4853 3.9 15.2718
    endloop
  endfacet
  facet normal 0 -1 0
    outer loop
      vertex -17.3209 3.9 14.2341
      vertex -7 3.9 22
      vertex -17.3 3.9 14.5
    endloop
  endfacet
  facet normal 0 -1 0
    outer loop
      vertex 7 3.9 22
      vertex 17.3209 3.9 14.7659
      vertex 17.3832 3.9 15.0253
    endloop
  endfacet
  facet normal 0 -1 0
    outer loop
      vertex -17.3832 3.9 13.9747
      vertex -7 3.9 22
      vertex -17.3209 3.9 14.2341
    endloop
  endfacet
  facet normal 0 -1 0
    outer loop
      vertex 7 3.9 22
      vertex 17.3 3.9 14.5
      vertex 17.3209 3.9 14.7659
    endloop
  endfacet
  facet normal 0 -1 0
    outer loop
      vertex -17.4853 3.9 13.7282
      vertex -7 3.9 22
      vertex -17.3832 3.9 13.9747
    endloop
  endfacet
  facet normal 0 -1 0
    outer loop
      vertex 7 3.9 22
      vertex 17.3209 3.9 14.2341
      vertex 17.3 3.9 14.5
    endloop
  endfacet
  facet normal 0 -1 0
    outer loop
      vertex -17.6247 3.9 13.5008
      vertex -7 3.9 22
      vertex -17.4853 3.9 13.7282
    endloop
  endfacet
  facet normal 0 -1 0
    outer loop
      vertex 7 3.9 22
      vertex 17.3832 3.9 13.9747
      vertex 17.3209 3.9 14.2341
    endloop
  endfacet
  facet normal 0 -1 -0
    outer loop
      vertex -7 3.9 22
      vertex -17.6247 3.9 13.5008
      vertex 7 3.9 22
    endloop
  endfacet
  facet normal 0 -1 0
    outer loop
      vertex 7 3.9 22
      vertex 17.4853 3.9 13.7282
      vertex 17.3832 3.9 13.9747
    endloop
  endfacet
  facet normal 0 -1 0
    outer loop
      vertex 17.6247 3.9 13.5008
      vertex 7 3.9 22
      vertex -17.6247 3.9 13.5008
    endloop
  endfacet
  facet normal 0 -1 0
    outer loop
      vertex 7 3.9 22
      vertex 17.6247 3.9 13.5008
      vertex 17.4853 3.9 13.7282
    endloop
  endfacet
  facet normal 0 -1 0
    outer loop
      vertex -17.7979 3.9 13.2979
      vertex 17.6247 3.9 13.5008
      vertex -17.6247 3.9 13.5008
    endloop
  endfacet
  facet normal 0 -1 0
    outer loop
      vertex -17.7979 3.9 13.2979
      vertex 17.7979 3.9 13.2979
      vertex 17.6247 3.9 13.5008
    endloop
  endfacet
  facet normal 0 -1 0
    outer loop
      vertex -18.0008 3.9 13.1247
      vertex 17.7979 3.9 13.2979
      vertex -17.7979 3.9 13.2979
    endloop
  endfacet
  facet normal 0 -1 0
    outer loop
      vertex -18.0008 3.9 13.1247
      vertex 18.0008 3.9 13.1247
      vertex 17.7979 3.9 13.2979
    endloop
  endfacet
  facet normal 0 -1 0
    outer loop
      vertex -18.2282 3.9 12.9853
      vertex 18.0008 3.9 13.1247
      vertex -18.0008 3.9 13.1247
    endloop
  endfacet
  facet normal 0 -1 0
    outer loop
      vertex -18.2282 3.9 12.9853
      vertex 18.2282 3.9 12.9853
      vertex 18.0008 3.9 13.1247
    endloop
  endfacet
  facet normal 0 -1 0
    outer loop
      vertex -29 3.9 2.5
      vertex -18.2282 3.9 12.9853
      vertex -18.4747 3.9 12.8832
    endloop
  endfacet
  facet normal 0 -1 -0
    outer loop
      vertex -18.2282 3.9 12.9853
      vertex -29 3.9 2.5
      vertex 18.2282 3.9 12.9853
    endloop
  endfacet
  facet normal 0 -1 0
    outer loop
      vertex -29 3.9 2.5
      vertex -18.4747 3.9 12.8832
      vertex -18.7341 3.9 12.8209
    endloop
  endfacet
  facet normal 0 -1 0
    outer loop
      vertex 29 3.9 2.5
      vertex 18.2282 3.9 12.9853
      vertex -29 3.9 2.5
    endloop
  endfacet
  facet normal 0 -1 0
    outer loop
      vertex -29 3.9 2.5
      vertex -18.7341 3.9 12.8209
      vertex -19 3.9 12.8
    endloop
  endfacet
  facet normal 0 -1 0
    outer loop
      vertex 18.2282 3.9 12.9853
      vertex 29 3.9 2.5
      vertex 18.4747 3.9 12.8832
    endloop
  endfacet
  facet normal 0 -1 0
    outer loop
      vertex -19 3.9 16.2
      vertex -7 3.9 22
      vertex -29 3.9 22
    endloop
  endfacet
  facet normal 0 -1 0
    outer loop
      vertex -18.7341 3.9 16.1791
      vertex -7 3.9 22
      vertex -19 3.9 16.2
    endloop
  endfacet
  facet normal 0 -1 0
    outer loop
      vertex -18.4747 3.9 16.1168
      vertex -7 3.9 22
      vertex -18.7341 3.9 16.1791
    endloop
  endfacet
  facet normal 0 -1 0
    outer loop
      vertex -29 3.9 22
      vertex -19.2659 3.9 16.1791
      vertex -19 3.9 16.2
    endloop
  endfacet
  facet normal 0 -1 0
    outer loop
      vertex -29 3.9 22
      vertex -19.5253 3.9 16.1168
      vertex -19.2659 3.9 16.1791
    endloop
  endfacet
  facet normal 0 -1 0
    outer loop
      vertex -29 3.9 22
      vertex -19.7718 3.9 16.0147
      vertex -19.5253 3.9 16.1168
    endloop
  endfacet
  facet normal 0 -1 0
    outer loop
      vertex -29 3.9 22
      vertex -19.9992 3.9 15.8753
      vertex -19.7718 3.9 16.0147
    endloop
  endfacet
  facet normal 0 -1 0
    outer loop
      vertex -29 3.9 22
      vertex -20.2021 3.9 15.7021
      vertex -19.9992 3.9 15.8753
    endloop
  endfacet
  facet normal 0 -1 0
    outer loop
      vertex -29 3.9 22
      vertex -20.3753 3.9 15.4992
      vertex -20.2021 3.9 15.7021
    endloop
  endfacet
  facet normal 0 -1 0
    outer loop
      vertex -29 3.9 22
      vertex -20.5147 3.9 15.2718
      vertex -20.3753 3.9 15.4992
    endloop
  endfacet
  facet normal 0 -1 0
    outer loop
      vertex -29 3.9 22
      vertex -20.6168 3.9 15.0253
      vertex -20.5147 3.9 15.2718
    endloop
  endfacet
  facet normal 0 -1 0
    outer loop
      vertex -29 3.9 22
      vertex -20.6791 3.9 14.7659
      vertex -20.6168 3.9 15.0253
    endloop
  endfacet
  facet normal 0 -1 0
    outer loop
      vertex -29 3.9 22
      vertex -20.7 3.9 14.5
      vertex -20.6791 3.9 14.7659
    endloop
  endfacet
  facet normal 0 -1 0
    outer loop
      vertex -29 3.9 22
      vertex -20.6791 3.9 14.2341
      vertex -20.7 3.9 14.5
    endloop
  endfacet
  facet normal 0 -1 0
    outer loop
      vertex -29 3.9 2.5
      vertex -20.6791 3.9 14.2341
      vertex -29 3.9 22
    endloop
  endfacet
  facet normal 0 -1 -0
    outer loop
      vertex -20.6791 3.9 14.2341
      vertex -29 3.9 2.5
      vertex -20.6168 3.9 13.9747
    endloop
  endfacet
  facet normal 0 -1 -0
    outer loop
      vertex -20.6168 3.9 13.9747
      vertex -29 3.9 2.5
      vertex -20.5147 3.9 13.7282
    endloop
  endfacet
  facet normal 0 -1 -0
    outer loop
      vertex -20.5147 3.9 13.7282
      vertex -29 3.9 2.5
      vertex -20.3753 3.9 13.5008
    endloop
  endfacet
  facet normal 0 -1 0
    outer loop
      vertex 18.4747 3.9 12.8832
      vertex 29 3.9 2.5
      vertex 18.7341 3.9 12.8209
    endloop
  endfacet
  facet normal 0 -1 -0
    outer loop
      vertex -19.2659 3.9 12.8209
      vertex -29 3.9 2.5
      vertex -19 3.9 12.8
    endloop
  endfacet
  facet normal 0 -1 -0
    outer loop
      vertex -19.5253 3.9 12.8832
      vertex -29 3.9 2.5
      vertex -19.2659 3.9 12.8209
    endloop
  endfacet
  facet normal 0 -1 -0
    outer loop
      vertex -19.7718 3.9 12.9853
      vertex -29 3.9 2.5
      vertex -19.5253 3.9 12.8832
    endloop
  endfacet
  facet normal 0 -1 -0
    outer loop
      vertex -19.9992 3.9 13.1247
      vertex -29 3.9 2.5
      vertex -19.7718 3.9 12.9853
    endloop
  endfacet
  facet normal 0 -1 -0
    outer loop
      vertex -20.2021 3.9 13.2979
      vertex -29 3.9 2.5
      vertex -19.9992 3.9 13.1247
    endloop
  endfacet
  facet normal 0 -1 -0
    outer loop
      vertex -20.3753 3.9 13.5008
      vertex -29 3.9 2.5
      vertex -20.2021 3.9 13.2979
    endloop
  endfacet
  facet normal 0 -1 0
    outer loop
      vertex -7 3.9 22
      vertex 7 3.9 24.5
      vertex -7 3.9 24.5
    endloop
  endfacet
  facet normal 0 -1 -0
    outer loop
      vertex 7 3.9 24.5
      vertex -7 3.9 22
      vertex 7 3.9 22
    endloop
  endfacet
  facet normal 0 -1 0
    outer loop
      vertex 7 3.9 22
      vertex 19 3.9 16.2
      vertex 29 3.9 22
    endloop
  endfacet
  facet normal 0 -1 0
    outer loop
      vertex 19.2659 3.9 16.1791
      vertex 29 3.9 22
      vertex 19 3.9 16.2
    endloop
  endfacet
  facet normal 0 -1 0
    outer loop
      vertex 19.5253 3.9 16.1168
      vertex 29 3.9 22
      vertex 19.2659 3.9 16.1791
    endloop
  endfacet
  facet normal 0 -1 0
    outer loop
      vertex 19.7718 3.9 16.0147
      vertex 29 3.9 22
      vertex 19.5253 3.9 16.1168
    endloop
  endfacet
  facet normal 0 -1 0
    outer loop
      vertex 19.9992 3.9 15.8753
      vertex 29 3.9 22
      vertex 19.7718 3.9 16.0147
    endloop
  endfacet
  facet normal 0 -1 0
    outer loop
      vertex 20.2021 3.9 15.7021
      vertex 29 3.9 22
      vertex 19.9992 3.9 15.8753
    endloop
  endfacet
  facet normal 0 -1 0
    outer loop
      vertex 20.3753 3.9 15.4992
      vertex 29 3.9 22
      vertex 20.2021 3.9 15.7021
    endloop
  endfacet
  facet normal 0 -1 0
    outer loop
      vertex 20.5147 3.9 15.2718
      vertex 29 3.9 22
      vertex 20.3753 3.9 15.4992
    endloop
  endfacet
  facet normal 0 -1 0
    outer loop
      vertex 20.6168 3.9 15.0253
      vertex 29 3.9 22
      vertex 20.5147 3.9 15.2718
    endloop
  endfacet
  facet normal 0 -1 0
    outer loop
      vertex 20.6791 3.9 14.7659
      vertex 29 3.9 22
      vertex 20.6168 3.9 15.0253
    endloop
  endfacet
  facet normal 0 -1 0
    outer loop
      vertex 20.7 3.9 14.5
      vertex 29 3.9 22
      vertex 20.6791 3.9 14.7659
    endloop
  endfacet
  facet normal 0 -1 0
    outer loop
      vertex 20.6791 3.9 14.2341
      vertex 29 3.9 22
      vertex 20.7 3.9 14.5
    endloop
  endfacet
  facet normal 0 -1 0
    outer loop
      vertex 29 3.9 2.5
      vertex 20.6791 3.9 14.2341
      vertex 20.6168 3.9 13.9747
    endloop
  endfacet
  facet normal 0 -1 0
    outer loop
      vertex 29 3.9 2.5
      vertex 20.6168 3.9 13.9747
      vertex 20.5147 3.9 13.7282
    endloop
  endfacet
  facet normal 0 -1 0
    outer loop
      vertex 29 3.9 2.5
      vertex 20.5147 3.9 13.7282
      vertex 20.3753 3.9 13.5008
    endloop
  endfacet
  facet normal 0 -1 0
    outer loop
      vertex 29 3.9 2.5
      vertex 20.3753 3.9 13.5008
      vertex 20.2021 3.9 13.2979
    endloop
  endfacet
  facet normal 0 -1 0
    outer loop
      vertex 18.7341 3.9 12.8209
      vertex 29 3.9 2.5
      vertex 19 3.9 12.8
    endloop
  endfacet
  facet normal 0 -1 0
    outer loop
      vertex 20.6791 3.9 14.2341
      vertex 29 3.9 2.5
      vertex 29 3.9 22
    endloop
  endfacet
  facet normal 0 -1 0
    outer loop
      vertex 19.9992 3.9 13.1247
      vertex 29 3.9 2.5
      vertex 20.2021 3.9 13.2979
    endloop
  endfacet
  facet normal 0 -1 0
    outer loop
      vertex 19.7718 3.9 12.9853
      vertex 29 3.9 2.5
      vertex 19.9992 3.9 13.1247
    endloop
  endfacet
  facet normal 0 -1 0
    outer loop
      vertex 19.5253 3.9 12.8832
      vertex 29 3.9 2.5
      vertex 19.7718 3.9 12.9853
    endloop
  endfacet
  facet normal 0 -1 0
    outer loop
      vertex 19.2659 3.9 12.8209
      vertex 29 3.9 2.5
      vertex 19.5253 3.9 12.8832
    endloop
  endfacet
  facet normal 0 -1 0
    outer loop
      vertex 19 3.9 12.8
      vertex 29 3.9 2.5
      vertex 19.2659 3.9 12.8209
    endloop
  endfacet
  facet normal 1 -0 0
    outer loop
      vertex 7 -7.3 32
      vertex 7 -3.9 24.5
      vertex 7 -3.9 32
    endloop
  endfacet
  facet normal 1 0 0
    outer loop
      vertex 7 -7.3 22
      vertex 7 -3.9 24.5
      vertex 7 -7.3 32
    endloop
  endfacet
  facet normal 1 0 0
    outer loop
      vertex 7 -3.9 24.5
      vertex 7 -7.3 22
      vertex 7 -3.9 22
    endloop
  endfacet
  facet normal -0 0 1
    outer loop
      vertex -7 -3.9 32
      vertex 7 -7.3 32
      vertex 7 -3.9 32
    endloop
  endfacet
  facet normal 0 0 1
    outer loop
      vertex 7 -7.3 32
      vertex -7 -3.9 32
      vertex -7 -7.3 32
    endloop
  endfacet
  facet normal -1 0 0
    outer loop
      vertex -7 -7.3 22
      vertex -7 -3.9 24.5
      vertex -7 -3.9 22
    endloop
  endfacet
  facet normal -1 0 0
    outer loop
      vertex -7 -7.3 32
      vertex -7 -3.9 24.5
      vertex -7 -7.3 22
    endloop
  endfacet
  facet normal -1 0 0
    outer loop
      vertex -7 -3.9 24.5
      vertex -7 -7.3 32
      vertex -7 -3.9 32
    endloop
  endfacet
  facet normal 0 1 0
    outer loop
      vertex 7 -3.9 32
      vertex 0 -3.9 28.7
      vertex -7 -3.9 32
    endloop
  endfacet
  facet normal 0 1 0
    outer loop
      vertex 7 -3.9 32
      vertex 0.265938 -3.9 28.6791
      vertex 0 -3.9 28.7
    endloop
  endfacet
  facet normal 0 1 0
    outer loop
      vertex 7 -3.9 32
      vertex 0.525329 -3.9 28.6168
      vertex 0.265938 -3.9 28.6791
    endloop
  endfacet
  facet normal 0 1 0
    outer loop
      vertex 7 -3.9 32
      vertex 0.771784 -3.9 28.5147
      vertex 0.525329 -3.9 28.6168
    endloop
  endfacet
  facet normal 0 1 0
    outer loop
      vertex 7 -3.9 32
      vertex 0.999234 -3.9 28.3753
      vertex 0.771784 -3.9 28.5147
    endloop
  endfacet
  facet normal 0 1 0
    outer loop
      vertex 7 -3.9 32
      vertex 1.20208 -3.9 28.2021
      vertex 0.999234 -3.9 28.3753
    endloop
  endfacet
  facet normal 0 1 0
    outer loop
      vertex 7 -3.9 32
      vertex 1.37533 -3.9 27.9992
      vertex 1.20208 -3.9 28.2021
    endloop
  endfacet
  facet normal 0 1 0
    outer loop
      vertex 7 -3.9 32
      vertex 1.51471 -3.9 27.7718
      vertex 1.37533 -3.9 27.9992
    endloop
  endfacet
  facet normal 0 1 0
    outer loop
      vertex 7 -3.9 32
      vertex 1.6168 -3.9 27.5253
      vertex 1.51471 -3.9 27.7718
    endloop
  endfacet
  facet normal 0 1 0
    outer loop
      vertex 7 -3.9 32
      vertex 1.67907 -3.9 27.2659
      vertex 1.6168 -3.9 27.5253
    endloop
  endfacet
  facet normal 0 1 -0
    outer loop
      vertex 7 -3.9 24.5
      vertex 1.67907 -3.9 27.2659
      vertex 7 -3.9 32
    endloop
  endfacet
  facet normal 0 1 0
    outer loop
      vertex 1.67907 -3.9 27.2659
      vertex 7 -3.9 24.5
      vertex 1.7 -3.9 27
    endloop
  endfacet
  facet normal 0 1 0
    outer loop
      vertex 1.7 -3.9 27
      vertex 7 -3.9 24.5
      vertex 1.67907 -3.9 26.7341
    endloop
  endfacet
  facet normal 0 1 0
    outer loop
      vertex 1.67907 -3.9 26.7341
      vertex 7 -3.9 24.5
      vertex 1.6168 -3.9 26.4747
    endloop
  endfacet
  facet normal 0 1 0
    outer loop
      vertex 1.6168 -3.9 26.4747
      vertex 7 -3.9 24.5
      vertex 1.51471 -3.9 26.2282
    endloop
  endfacet
  facet normal 0 1 0
    outer loop
      vertex 1.51471 -3.9 26.2282
      vertex 7 -3.9 24.5
      vertex 1.37533 -3.9 26.0008
    endloop
  endfacet
  facet normal 0 1 0
    outer loop
      vertex 0.265938 -3.9 25.3209
      vertex 7 -3.9 24.5
      vertex 0 -3.9 25.3
    endloop
  endfacet
  facet normal 0 1 0
    outer loop
      vertex 0.525329 -3.9 25.3832
      vertex 7 -3.9 24.5
      vertex 0.265938 -3.9 25.3209
    endloop
  endfacet
  facet normal 0 1 0
    outer loop
      vertex 0.771784 -3.9 25.4853
      vertex 7 -3.9 24.5
      vertex 0.525329 -3.9 25.3832
    endloop
  endfacet
  facet normal 0 1 0
    outer loop
      vertex 0.999234 -3.9 25.6247
      vertex 7 -3.9 24.5
      vertex 0.771784 -3.9 25.4853
    endloop
  endfacet
  facet normal 0 1 0
    outer loop
      vertex 1.20208 -3.9 25.7979
      vertex 7 -3.9 24.5
      vertex 0.999234 -3.9 25.6247
    endloop
  endfacet
  facet normal 0 1 0
    outer loop
      vertex 1.37533 -3.9 26.0008
      vertex 7 -3.9 24.5
      vertex 1.20208 -3.9 25.7979
    endloop
  endfacet
  facet normal 0 1 -0
    outer loop
      vertex -0.265938 -3.9 28.6791
      vertex -7 -3.9 32
      vertex 0 -3.9 28.7
    endloop
  endfacet
  facet normal 0 1 -0
    outer loop
      vertex -0.525329 -3.9 28.6168
      vertex -7 -3.9 32
      vertex -0.265938 -3.9 28.6791
    endloop
  endfacet
  facet normal 0 1 -0
    outer loop
      vertex -0.771784 -3.9 28.5147
      vertex -7 -3.9 32
      vertex -0.525329 -3.9 28.6168
    endloop
  endfacet
  facet normal 0 1 -0
    outer loop
      vertex -0.999234 -3.9 28.3753
      vertex -7 -3.9 32
      vertex -0.771784 -3.9 28.5147
    endloop
  endfacet
  facet normal 0 1 -0
    outer loop
      vertex -1.20208 -3.9 28.2021
      vertex -7 -3.9 32
      vertex -0.999234 -3.9 28.3753
    endloop
  endfacet
  facet normal 0 1 -0
    outer loop
      vertex -1.37533 -3.9 27.9992
      vertex -7 -3.9 32
      vertex -1.20208 -3.9 28.2021
    endloop
  endfacet
  facet normal 0 1 -0
    outer loop
      vertex -1.51471 -3.9 27.7718
      vertex -7 -3.9 32
      vertex -1.37533 -3.9 27.9992
    endloop
  endfacet
  facet normal 0 1 -0
    outer loop
      vertex -1.6168 -3.9 27.5253
      vertex -7 -3.9 32
      vertex -1.51471 -3.9 27.7718
    endloop
  endfacet
  facet normal 0 1 -0
    outer loop
      vertex -1.67907 -3.9 27.2659
      vertex -7 -3.9 32
      vertex -1.6168 -3.9 27.5253
    endloop
  endfacet
  facet normal 0 1 0
    outer loop
      vertex -7 -3.9 24.5
      vertex -1.67907 -3.9 27.2659
      vertex -1.7 -3.9 27
    endloop
  endfacet
  facet normal 0 1 0
    outer loop
      vertex -7 -3.9 24.5
      vertex -1.7 -3.9 27
      vertex -1.67907 -3.9 26.7341
    endloop
  endfacet
  facet normal 0 1 0
    outer loop
      vertex -7 -3.9 24.5
      vertex -1.67907 -3.9 26.7341
      vertex -1.6168 -3.9 26.4747
    endloop
  endfacet
  facet normal 0 1 0
    outer loop
      vertex -7 -3.9 24.5
      vertex -1.6168 -3.9 26.4747
      vertex -1.51471 -3.9 26.2282
    endloop
  endfacet
  facet normal 0 1 0
    outer loop
      vertex -7 -3.9 24.5
      vertex -1.51471 -3.9 26.2282
      vertex -1.37533 -3.9 26.0008
    endloop
  endfacet
  facet normal 0 1 0
    outer loop
      vertex -7 -3.9 24.5
      vertex -1.37533 -3.9 26.0008
      vertex -1.20208 -3.9 25.7979
    endloop
  endfacet
  facet normal 0 1 0
    outer loop
      vertex -7 -3.9 24.5
      vertex 0 -3.9 25.3
      vertex 7 -3.9 24.5
    endloop
  endfacet
  facet normal 0 1 0
    outer loop
      vertex -1.67907 -3.9 27.2659
      vertex -7 -3.9 24.5
      vertex -7 -3.9 32
    endloop
  endfacet
  facet normal 0 1 0
    outer loop
      vertex -0.999234 -3.9 25.6247
      vertex -7 -3.9 24.5
      vertex -1.20208 -3.9 25.7979
    endloop
  endfacet
  facet normal 0 1 0
    outer loop
      vertex -0.771784 -3.9 25.4853
      vertex -7 -3.9 24.5
      vertex -0.999234 -3.9 25.6247
    endloop
  endfacet
  facet normal 0 1 0
    outer loop
      vertex -0.525329 -3.9 25.3832
      vertex -7 -3.9 24.5
      vertex -0.771784 -3.9 25.4853
    endloop
  endfacet
  facet normal 0 1 0
    outer loop
      vertex -0.265938 -3.9 25.3209
      vertex -7 -3.9 24.5
      vertex -0.525329 -3.9 25.3832
    endloop
  endfacet
  facet normal 0 1 0
    outer loop
      vertex 0 -3.9 25.3
      vertex -7 -3.9 24.5
      vertex -0.265938 -3.9 25.3209
    endloop
  endfacet
  facet normal 0 1 -0
    outer loop
      vertex 18.2282 -3.9 16.0147
      vertex 7 -3.9 22
      vertex 18.4747 -3.9 16.1168
    endloop
  endfacet
  facet normal 0 1 0
    outer loop
      vertex -7 -3.9 22
      vertex -18.7341 -3.9 16.1791
      vertex -19 -3.9 16.2
    endloop
  endfacet
  facet normal 0 1 -0
    outer loop
      vertex 18.0008 -3.9 15.8753
      vertex 7 -3.9 22
      vertex 18.2282 -3.9 16.0147
    endloop
  endfacet
  facet normal 0 1 0
    outer loop
      vertex -7 -3.9 22
      vertex -18.4747 -3.9 16.1168
      vertex -18.7341 -3.9 16.1791
    endloop
  endfacet
  facet normal 0 1 -0
    outer loop
      vertex 17.7979 -3.9 15.7021
      vertex 7 -3.9 22
      vertex 18.0008 -3.9 15.8753
    endloop
  endfacet
  facet normal 0 1 0
    outer loop
      vertex -7 -3.9 22
      vertex -18.2282 -3.9 16.0147
      vertex -18.4747 -3.9 16.1168
    endloop
  endfacet
  facet normal 0 1 -0
    outer loop
      vertex 17.6247 -3.9 15.4992
      vertex 7 -3.9 22
      vertex 17.7979 -3.9 15.7021
    endloop
  endfacet
  facet normal 0 1 0
    outer loop
      vertex -7 -3.9 22
      vertex -18.0008 -3.9 15.8753
      vertex -18.2282 -3.9 16.0147
    endloop
  endfacet
  facet normal 0 1 -0
    outer loop
      vertex 17.4853 -3.9 15.2718
      vertex 7 -3.9 22
      vertex 17.6247 -3.9 15.4992
    endloop
  endfacet
  facet normal 0 1 0
    outer loop
      vertex -7 -3.9 22
      vertex -17.7979 -3.9 15.7021
      vertex -18.0008 -3.9 15.8753
    endloop
  endfacet
  facet normal 0 1 -0
    outer loop
      vertex 17.3832 -3.9 15.0253
      vertex 7 -3.9 22
      vertex 17.4853 -3.9 15.2718
    endloop
  endfacet
  facet normal 0 1 0
    outer loop
      vertex -7 -3.9 22
      vertex -17.6247 -3.9 15.4992
      vertex -17.7979 -3.9 15.7021
    endloop
  endfacet
  facet normal 0 1 -0
    outer loop
      vertex 17.3209 -3.9 14.7659
      vertex 7 -3.9 22
      vertex 17.3832 -3.9 15.0253
    endloop
  endfacet
  facet normal 0 1 0
    outer loop
      vertex -7 -3.9 22
      vertex -17.4853 -3.9 15.2718
      vertex -17.6247 -3.9 15.4992
    endloop
  endfacet
  facet normal 0 1 -0
    outer loop
      vertex 17.3 -3.9 14.5
      vertex 7 -3.9 22
      vertex 17.3209 -3.9 14.7659
    endloop
  endfacet
  facet normal 0 1 0
    outer loop
      vertex -7 -3.9 22
      vertex -17.3832 -3.9 15.0253
      vertex -17.4853 -3.9 15.2718
    endloop
  endfacet
  facet normal 0 1 0
    outer loop
      vertex 17.3209 -3.9 14.2341
      vertex 7 -3.9 22
      vertex 17.3 -3.9 14.5
    endloop
  endfacet
  facet normal 0 1 0
    outer loop
      vertex -7 -3.9 22
      vertex -17.3209 -3.9 14.7659
      vertex -17.3832 -3.9 15.0253
    endloop
  endfacet
  facet normal 0 1 0
    outer loop
      vertex 17.3832 -3.9 13.9747
      vertex 7 -3.9 22
      vertex 17.3209 -3.9 14.2341
    endloop
  endfacet
  facet normal 0 1 0
    outer loop
      vertex -7 -3.9 22
      vertex -17.3 -3.9 14.5
      vertex -17.3209 -3.9 14.7659
    endloop
  endfacet
  facet normal 0 1 0
    outer loop
      vertex 17.4853 -3.9 13.7282
      vertex 7 -3.9 22
      vertex 17.3832 -3.9 13.9747
    endloop
  endfacet
  facet normal 0 1 0
    outer loop
      vertex -7 -3.9 22
      vertex -17.3209 -3.9 14.2341
      vertex -17.3 -3.9 14.5
    endloop
  endfacet
  facet normal 0 1 0
    outer loop
      vertex 17.6247 -3.9 13.5008
      vertex 7 -3.9 22
      vertex 17.4853 -3.9 13.7282
    endloop
  endfacet
  facet normal 0 1 0
    outer loop
      vertex -7 -3.9 22
      vertex -17.3832 -3.9 13.9747
      vertex -17.3209 -3.9 14.2341
    endloop
  endfacet
  facet normal 0 1 0
    outer loop
      vertex 7 -3.9 22
      vertex 17.6247 -3.9 13.5008
      vertex -7 -3.9 22
    endloop
  endfacet
  facet normal 0 1 0
    outer loop
      vertex -7 -3.9 22
      vertex -17.4853 -3.9 13.7282
      vertex -17.3832 -3.9 13.9747
    endloop
  endfacet
  facet normal 0 1 0
    outer loop
      vertex -17.6247 -3.9 13.5008
      vertex -7 -3.9 22
      vertex 17.6247 -3.9 13.5008
    endloop
  endfacet
  facet normal 0 1 0
    outer loop
      vertex -7 -3.9 22
      vertex -17.6247 -3.9 13.5008
      vertex -17.4853 -3.9 13.7282
    endloop
  endfacet
  facet normal 0 1 0
    outer loop
      vertex 17.7979 -3.9 13.2979
      vertex -17.6247 -3.9 13.5008
      vertex 17.6247 -3.9 13.5008
    endloop
  endfacet
  facet normal 0 1 0
    outer loop
      vertex 17.7979 -3.9 13.2979
      vertex -17.7979 -3.9 13.2979
      vertex -17.6247 -3.9 13.5008
    endloop
  endfacet
  facet normal 0 1 0
    outer loop
      vertex 18.0008 -3.9 13.1247
      vertex -17.7979 -3.9 13.2979
      vertex 17.7979 -3.9 13.2979
    endloop
  endfacet
  facet normal 0 1 0
    outer loop
      vertex 18.0008 -3.9 13.1247
      vertex -18.0008 -3.9 13.1247
      vertex -17.7979 -3.9 13.2979
    endloop
  endfacet
  facet normal 0 1 0
    outer loop
      vertex 18.2282 -3.9 12.9853
      vertex -18.0008 -3.9 13.1247
      vertex 18.0008 -3.9 13.1247
    endloop
  endfacet
  facet normal 0 1 0
    outer loop
      vertex 18.2282 -3.9 12.9853
      vertex -18.2282 -3.9 12.9853
      vertex -18.0008 -3.9 13.1247
    endloop
  endfacet
  facet normal 0 1 0
    outer loop
      vertex 29 -3.9 2.5
      vertex 18.2282 -3.9 12.9853
      vertex 18.4747 -3.9 12.8832
    endloop
  endfacet
  facet normal 0 1 0
    outer loop
      vertex 18.2282 -3.9 12.9853
      vertex 29 -3.9 2.5
      vertex -18.2282 -3.9 12.9853
    endloop
  endfacet
  facet normal 0 1 0
    outer loop
      vertex 29 -3.9 2.5
      vertex 18.4747 -3.9 12.8832
      vertex 18.7341 -3.9 12.8209
    endloop
  endfacet
  facet normal 0 1 0
    outer loop
      vertex -29 -3.9 2.5
      vertex -18.2282 -3.9 12.9853
      vertex 29 -3.9 2.5
    endloop
  endfacet
  facet normal 0 1 0
    outer loop
      vertex 29 -3.9 2.5
      vertex 18.7341 -3.9 12.8209
      vertex 19 -3.9 12.8
    endloop
  endfacet
  facet normal 0 1 0
    outer loop
      vertex -18.2282 -3.9 12.9853
      vertex -29 -3.9 2.5
      vertex -18.4747 -3.9 12.8832
    endloop
  endfacet
  facet normal 0 1 -0
    outer loop
      vertex 19 -3.9 16.2
      vertex 7 -3.9 22
      vertex 29 -3.9 22
    endloop
  endfacet
  facet normal 0 1 -0
    outer loop
      vertex 18.7341 -3.9 16.1791
      vertex 7 -3.9 22
      vertex 19 -3.9 16.2
    endloop
  endfacet
  facet normal 0 1 -0
    outer loop
      vertex 18.4747 -3.9 16.1168
      vertex 7 -3.9 22
      vertex 18.7341 -3.9 16.1791
    endloop
  endfacet
  facet normal 0 1 0
    outer loop
      vertex 29 -3.9 22
      vertex 19.2659 -3.9 16.1791
      vertex 19 -3.9 16.2
    endloop
  endfacet
  facet normal 0 1 0
    outer loop
      vertex 29 -3.9 22
      vertex 19.5253 -3.9 16.1168
      vertex 19.2659 -3.9 16.1791
    endloop
  endfacet
  facet normal 0 1 0
    outer loop
      vertex 29 -3.9 22
      vertex 19.7718 -3.9 16.0147
      vertex 19.5253 -3.9 16.1168
    endloop
  endfacet
  facet normal 0 1 0
    outer loop
      vertex 29 -3.9 22
      vertex 19.9992 -3.9 15.8753
      vertex 19.7718 -3.9 16.0147
    endloop
  endfacet
  facet normal 0 1 0
    outer loop
      vertex 29 -3.9 22
      vertex 20.2021 -3.9 15.7021
      vertex 19.9992 -3.9 15.8753
    endloop
  endfacet
  facet normal 0 1 0
    outer loop
      vertex 29 -3.9 22
      vertex 20.3753 -3.9 15.4992
      vertex 20.2021 -3.9 15.7021
    endloop
  endfacet
  facet normal 0 1 0
    outer loop
      vertex 29 -3.9 22
      vertex 20.5147 -3.9 15.2718
      vertex 20.3753 -3.9 15.4992
    endloop
  endfacet
  facet normal 0 1 0
    outer loop
      vertex 29 -3.9 22
      vertex 20.6168 -3.9 15.0253
      vertex 20.5147 -3.9 15.2718
    endloop
  endfacet
  facet normal 0 1 0
    outer loop
      vertex 29 -3.9 22
      vertex 20.6791 -3.9 14.7659
      vertex 20.6168 -3.9 15.0253
    endloop
  endfacet
  facet normal 0 1 0
    outer loop
      vertex 29 -3.9 22
      vertex 20.7 -3.9 14.5
      vertex 20.6791 -3.9 14.7659
    endloop
  endfacet
  facet normal 0 1 0
    outer loop
      vertex 29 -3.9 22
      vertex 20.6791 -3.9 14.2341
      vertex 20.7 -3.9 14.5
    endloop
  endfacet
  facet normal 0 1 -0
    outer loop
      vertex 29 -3.9 2.5
      vertex 20.6791 -3.9 14.2341
      vertex 29 -3.9 22
    endloop
  endfacet
  facet normal 0 1 0
    outer loop
      vertex 20.6791 -3.9 14.2341
      vertex 29 -3.9 2.5
      vertex 20.6168 -3.9 13.9747
    endloop
  endfacet
  facet normal 0 1 0
    outer loop
      vertex 20.6168 -3.9 13.9747
      vertex 29 -3.9 2.5
      vertex 20.5147 -3.9 13.7282
    endloop
  endfacet
  facet normal 0 1 0
    outer loop
      vertex 20.5147 -3.9 13.7282
      vertex 29 -3.9 2.5
      vertex 20.3753 -3.9 13.5008
    endloop
  endfacet
  facet normal 0 1 0
    outer loop
      vertex -18.4747 -3.9 12.8832
      vertex -29 -3.9 2.5
      vertex -18.7341 -3.9 12.8209
    endloop
  endfacet
  facet normal 0 1 0
    outer loop
      vertex 19.2659 -3.9 12.8209
      vertex 29 -3.9 2.5
      vertex 19 -3.9 12.8
    endloop
  endfacet
  facet normal 0 1 0
    outer loop
      vertex 19.5253 -3.9 12.8832
      vertex 29 -3.9 2.5
      vertex 19.2659 -3.9 12.8209
    endloop
  endfacet
  facet normal 0 1 0
    outer loop
      vertex 19.7718 -3.9 12.9853
      vertex 29 -3.9 2.5
      vertex 19.5253 -3.9 12.8832
    endloop
  endfacet
  facet normal 0 1 0
    outer loop
      vertex 19.9992 -3.9 13.1247
      vertex 29 -3.9 2.5
      vertex 19.7718 -3.9 12.9853
    endloop
  endfacet
  facet normal 0 1 0
    outer loop
      vertex 20.2021 -3.9 13.2979
      vertex 29 -3.9 2.5
      vertex 19.9992 -3.9 13.1247
    endloop
  endfacet
  facet normal 0 1 0
    outer loop
      vertex 20.3753 -3.9 13.5008
      vertex 29 -3.9 2.5
      vertex 20.2021 -3.9 13.2979
    endloop
  endfacet
  facet normal 0 1 -0
    outer loop
      vertex 7 -3.9 22
      vertex -7 -3.9 24.5
      vertex 7 -3.9 24.5
    endloop
  endfacet
  facet normal 0 1 0
    outer loop
      vertex -7 -3.9 24.5
      vertex 7 -3.9 22
      vertex -7 -3.9 22
    endloop
  endfacet
  facet normal 0 1 0
    outer loop
      vertex -7 -3.9 22
      vertex -19 -3.9 16.2
      vertex -29 -3.9 22
    endloop
  endfacet
  facet normal 0 1 -0
    outer loop
      vertex -19.2659 -3.9 16.1791
      vertex -29 -3.9 22
      vertex -19 -3.9 16.2
    endloop
  endfacet
  facet normal 0 1 -0
    outer loop
      vertex -19.5253 -3.9 16.1168
      vertex -29 -3.9 22
      vertex -19.2659 -3.9 16.1791
    endloop
  endfacet
  facet normal 0 1 -0
    outer loop
      vertex -19.7718 -3.9 16.0147
      vertex -29 -3.9 22
      vertex -19.5253 -3.9 16.1168
    endloop
  endfacet
  facet normal 0 1 -0
    outer loop
      vertex -19.9992 -3.9 15.8753
      vertex -29 -3.9 22
      vertex -19.7718 -3.9 16.0147
    endloop
  endfacet
  facet normal 0 1 -0
    outer loop
      vertex -20.2021 -3.9 15.7021
      vertex -29 -3.9 22
      vertex -19.9992 -3.9 15.8753
    endloop
  endfacet
  facet normal 0 1 -0
    outer loop
      vertex -20.3753 -3.9 15.4992
      vertex -29 -3.9 22
      vertex -20.2021 -3.9 15.7021
    endloop
  endfacet
  facet normal 0 1 -0
    outer loop
      vertex -20.5147 -3.9 15.2718
      vertex -29 -3.9 22
      vertex -20.3753 -3.9 15.4992
    endloop
  endfacet
  facet normal 0 1 -0
    outer loop
      vertex -20.6168 -3.9 15.0253
      vertex -29 -3.9 22
      vertex -20.5147 -3.9 15.2718
    endloop
  endfacet
  facet normal 0 1 -0
    outer loop
      vertex -20.6791 -3.9 14.7659
      vertex -29 -3.9 22
      vertex -20.6168 -3.9 15.0253
    endloop
  endfacet
  facet normal 0 1 -0
    outer loop
      vertex -20.7 -3.9 14.5
      vertex -29 -3.9 22
      vertex -20.6791 -3.9 14.7659
    endloop
  endfacet
  facet normal 0 1 0
    outer loop
      vertex -20.6791 -3.9 14.2341
      vertex -29 -3.9 22
      vertex -20.7 -3.9 14.5
    endloop
  endfacet
  facet normal 0 1 0
    outer loop
      vertex -29 -3.9 2.5
      vertex -20.6791 -3.9 14.2341
      vertex -20.6168 -3.9 13.9747
    endloop
  endfacet
  facet normal 0 1 0
    outer loop
      vertex -29 -3.9 2.5
      vertex -20.6168 -3.9 13.9747
      vertex -20.5147 -3.9 13.7282
    endloop
  endfacet
  facet normal 0 1 0
    outer loop
      vertex -29 -3.9 2.5
      vertex -20.5147 -3.9 13.7282
      vertex -20.3753 -3.9 13.5008
    endloop
  endfacet
  facet normal 0 1 0
    outer loop
      vertex -29 -3.9 2.5
      vertex -20.3753 -3.9 13.5008
      vertex -20.2021 -3.9 13.2979
    endloop
  endfacet
  facet normal 0 1 0
    outer loop
      vertex -18.7341 -3.9 12.8209
      vertex -29 -3.9 2.5
      vertex -19 -3.9 12.8
    endloop
  endfacet
  facet normal 0 1 0
    outer loop
      vertex -20.6791 -3.9 14.2341
      vertex -29 -3.9 2.5
      vertex -29 -3.9 22
    endloop
  endfacet
  facet normal 0 1 0
    outer loop
      vertex -19.9992 -3.9 13.1247
      vertex -29 -3.9 2.5
      vertex -20.2021 -3.9 13.2979
    endloop
  endfacet
  facet normal 0 1 0
    outer loop
      vertex -19.7718 -3.9 12.9853
      vertex -29 -3.9 2.5
      vertex -19.9992 -3.9 13.1247
    endloop
  endfacet
  facet normal 0 1 0
    outer loop
      vertex -19.5253 -3.9 12.8832
      vertex -29 -3.9 2.5
      vertex -19.7718 -3.9 12.9853
    endloop
  endfacet
  facet normal 0 1 0
    outer loop
      vertex -19.2659 -3.9 12.8209
      vertex -29 -3.9 2.5
      vertex -19.5253 -3.9 12.8832
    endloop
  endfacet
  facet normal 0 1 0
    outer loop
      vertex -19 -3.9 12.8
      vertex -29 -3.9 2.5
      vertex -19.2659 -3.9 12.8209
    endloop
  endfacet
  facet normal -0 0 1
    outer loop
      vertex -29 3.9 2.5
      vertex 29 -3.9 2.5
      vertex 29 3.9 2.5
    endloop
  endfacet
  facet normal 0 0 1
    outer loop
      vertex 29 -3.9 2.5
      vertex -29 3.9 2.5
      vertex -29 -3.9 2.5
    endloop
  endfacet
  facet normal -0.649247 0 -0.760578
    outer loop
      vertex 19.9992 -7.3 15.8753
      vertex 20.2021 -3.9 15.7021
      vertex 20.2021 -7.3 15.7021
    endloop
  endfacet
  facet normal -0.649247 0 -0.760578
    outer loop
      vertex 20.2021 -3.9 15.7021
      vertex 19.9992 -7.3 15.8753
      vertex 19.9992 -3.9 15.8753
    endloop
  endfacet
  facet normal -0.649247 0 -0.760578
    outer loop
      vertex 19.9992 3.9 15.8753
      vertex 20.2021 4.05 15.7021
      vertex 20.2021 3.9 15.7021
    endloop
  endfacet
  facet normal -0.649247 0 -0.760578
    outer loop
      vertex 20.2021 4.05 15.7021
      vertex 19.9992 3.9 15.8753
      vertex 19.9992 4.05 15.8753
    endloop
  endfacet
  facet normal 0.760578 0 -0.649247
    outer loop
      vertex 17.7979 -7.3 15.7021
      vertex 17.6247 -3.9 15.4992
      vertex 17.7979 -3.9 15.7021
    endloop
  endfacet
  facet normal 0.760578 0 -0.649247
    outer loop
      vertex 17.6247 -3.9 15.4992
      vertex 17.7979 -7.3 15.7021
      vertex 17.6247 -7.3 15.4992
    endloop
  endfacet
  facet normal 0.760578 0 -0.649247
    outer loop
      vertex 17.7979 3.9 15.7021
      vertex 17.6247 4.05 15.4992
      vertex 17.7979 4.05 15.7021
    endloop
  endfacet
  facet normal 0.760578 0 -0.649247
    outer loop
      vertex 17.6247 4.05 15.4992
      vertex 17.7979 3.9 15.7021
      vertex 17.6247 3.9 15.4992
    endloop
  endfacet
  facet normal 0.852558 0 -0.522632
    outer loop
      vertex 17.6247 -7.3 15.4992
      vertex 17.4853 -3.9 15.2718
      vertex 17.6247 -3.9 15.4992
    endloop
  endfacet
  facet normal 0.852558 0 -0.522632
    outer loop
      vertex 17.4853 -3.9 15.2718
      vertex 17.6247 -7.3 15.4992
      vertex 17.4853 -7.3 15.2718
    endloop
  endfacet
  facet normal 0.852558 0 -0.522632
    outer loop
      vertex 17.6247 3.9 15.4992
      vertex 17.4853 4.05 15.2718
      vertex 17.6247 4.05 15.4992
    endloop
  endfacet
  facet normal 0.852558 0 -0.522632
    outer loop
      vertex 17.4853 4.05 15.2718
      vertex 17.6247 3.9 15.4992
      vertex 17.4853 3.9 15.2718
    endloop
  endfacet
  facet normal -0.522632 0 0.852558
    outer loop
      vertex 19.7718 -3.9 12.9853
      vertex 19.9992 -7.3 13.1247
      vertex 19.9992 -3.9 13.1247
    endloop
  endfacet
  facet normal -0.522632 0 0.852558
    outer loop
      vertex 19.9992 -7.3 13.1247
      vertex 19.7718 -3.9 12.9853
      vertex 19.7718 -7.3 12.9853
    endloop
  endfacet
  facet normal -0.522632 0 0.852558
    outer loop
      vertex 19.7718 4.05 12.9853
      vertex 19.9992 3.9 13.1247
      vertex 19.9992 4.05 13.1247
    endloop
  endfacet
  facet normal -0.522632 0 0.852558
    outer loop
      vertex 19.9992 3.9 13.1247
      vertex 19.7718 4.05 12.9853
      vertex 19.7718 3.9 12.9853
    endloop
  endfacet
  facet normal 0.97235 0 -0.233529
    outer loop
      vertex 17.3832 -7.3 15.0253
      vertex 17.3209 -3.9 14.7659
      vertex 17.3832 -3.9 15.0253
    endloop
  endfacet
  facet normal 0.97235 0 -0.233529
    outer loop
      vertex 17.3209 -3.9 14.7659
      vertex 17.3832 -7.3 15.0253
      vertex 17.3209 -7.3 14.7659
    endloop
  endfacet
  facet normal 0.97235 0 -0.233529
    outer loop
      vertex 17.3832 3.9 15.0253
      vertex 17.3209 4.05 14.7659
      vertex 17.3832 4.05 15.0253
    endloop
  endfacet
  facet normal 0.97235 0 -0.233529
    outer loop
      vertex 17.3209 4.05 14.7659
      vertex 17.3832 3.9 15.0253
      vertex 17.3209 3.9 14.7659
    endloop
  endfacet
  facet normal -0.923884 0 -0.382672
    outer loop
      vertex 20.6168 -7.3 15.0253
      vertex 20.5147 -3.9 15.2718
      vertex 20.6168 -3.9 15.0253
    endloop
  endfacet
  facet normal -0.923884 -0 -0.382672
    outer loop
      vertex 20.5147 -3.9 15.2718
      vertex 20.6168 -7.3 15.0253
      vertex 20.5147 -7.3 15.2718
    endloop
  endfacet
  facet normal -0.923884 0 -0.382672
    outer loop
      vertex 20.6168 3.9 15.0253
      vertex 20.5147 4.05 15.2718
      vertex 20.6168 4.05 15.0253
    endloop
  endfacet
  facet normal -0.923884 -0 -0.382672
    outer loop
      vertex 20.5147 4.05 15.2718
      vertex 20.6168 3.9 15.0253
      vertex 20.5147 3.9 15.2718
    endloop
  endfacet
  facet normal -0.996925 0 -0.0783593
    outer loop
      vertex 20.7 -7.3 14.5
      vertex 20.6791 -3.9 14.7659
      vertex 20.7 -3.9 14.5
    endloop
  endfacet
  facet normal -0.996925 -0 -0.0783593
    outer loop
      vertex 20.6791 -3.9 14.7659
      vertex 20.7 -7.3 14.5
      vertex 20.6791 -7.3 14.7659
    endloop
  endfacet
  facet normal -0.996925 0 -0.0783593
    outer loop
      vertex 20.7 3.9 14.5
      vertex 20.6791 4.05 14.7659
      vertex 20.7 4.05 14.5
    endloop
  endfacet
  facet normal -0.996925 -0 -0.0783593
    outer loop
      vertex 20.6791 4.05 14.7659
      vertex 20.7 3.9 14.5
      vertex 20.6791 3.9 14.7659
    endloop
  endfacet
  facet normal -0.233529 0 0.97235
    outer loop
      vertex 19.2659 -3.9 12.8209
      vertex 19.5253 -7.3 12.8832
      vertex 19.5253 -3.9 12.8832
    endloop
  endfacet
  facet normal -0.233529 0 0.97235
    outer loop
      vertex 19.5253 -7.3 12.8832
      vertex 19.2659 -3.9 12.8209
      vertex 19.2659 -7.3 12.8209
    endloop
  endfacet
  facet normal -0.233529 0 0.97235
    outer loop
      vertex 19.2659 4.05 12.8209
      vertex 19.5253 3.9 12.8832
      vertex 19.5253 4.05 12.8832
    endloop
  endfacet
  facet normal -0.233529 0 0.97235
    outer loop
      vertex 19.5253 3.9 12.8832
      vertex 19.2659 4.05 12.8209
      vertex 19.2659 3.9 12.8209
    endloop
  endfacet
  facet normal -0.382672 0 0.923884
    outer loop
      vertex 19.5253 -3.9 12.8832
      vertex 19.7718 -7.3 12.9853
      vertex 19.7718 -3.9 12.9853
    endloop
  endfacet
  facet normal -0.382672 0 0.923884
    outer loop
      vertex 19.7718 -7.3 12.9853
      vertex 19.5253 -3.9 12.8832
      vertex 19.5253 -7.3 12.8832
    endloop
  endfacet
  facet normal -0.382672 0 0.923884
    outer loop
      vertex 19.5253 4.05 12.8832
      vertex 19.7718 3.9 12.9853
      vertex 19.7718 4.05 12.9853
    endloop
  endfacet
  facet normal -0.382672 0 0.923884
    outer loop
      vertex 19.7718 3.9 12.9853
      vertex 19.5253 4.05 12.8832
      vertex 19.5253 3.9 12.8832
    endloop
  endfacet
  facet normal 0.649247 0 0.760578
    outer loop
      vertex 17.7979 -3.9 13.2979
      vertex 18.0008 -7.3 13.1247
      vertex 18.0008 -3.9 13.1247
    endloop
  endfacet
  facet normal 0.649247 0 0.760578
    outer loop
      vertex 18.0008 -7.3 13.1247
      vertex 17.7979 -3.9 13.2979
      vertex 17.7979 -7.3 13.2979
    endloop
  endfacet
  facet normal 0.649247 0 0.760578
    outer loop
      vertex 17.7979 4.05 13.2979
      vertex 18.0008 3.9 13.1247
      vertex 18.0008 4.05 13.1247
    endloop
  endfacet
  facet normal 0.649247 0 0.760578
    outer loop
      vertex 18.0008 3.9 13.1247
      vertex 17.7979 4.05 13.2979
      vertex 17.7979 3.9 13.2979
    endloop
  endfacet
  facet normal -0.97235 0 -0.233529
    outer loop
      vertex 20.6791 -7.3 14.7659
      vertex 20.6168 -3.9 15.0253
      vertex 20.6791 -3.9 14.7659
    endloop
  endfacet
  facet normal -0.97235 -0 -0.233529
    outer loop
      vertex 20.6168 -3.9 15.0253
      vertex 20.6791 -7.3 14.7659
      vertex 20.6168 -7.3 15.0253
    endloop
  endfacet
  facet normal -0.97235 0 -0.233529
    outer loop
      vertex 20.6791 3.9 14.7659
      vertex 20.6168 4.05 15.0253
      vertex 20.6791 4.05 14.7659
    endloop
  endfacet
  facet normal -0.97235 -0 -0.233529
    outer loop
      vertex 20.6168 4.05 15.0253
      vertex 20.6791 3.9 14.7659
      vertex 20.6168 3.9 15.0253
    endloop
  endfacet
  facet normal -0.923884 0 0.382672
    outer loop
      vertex 20.5147 -7.3 13.7282
      vertex 20.6168 -3.9 13.9747
      vertex 20.5147 -3.9 13.7282
    endloop
  endfacet
  facet normal -0.923884 0 0.382672
    outer loop
      vertex 20.6168 -3.9 13.9747
      vertex 20.5147 -7.3 13.7282
      vertex 20.6168 -7.3 13.9747
    endloop
  endfacet
  facet normal -0.923884 0 0.382672
    outer loop
      vertex 20.5147 3.9 13.7282
      vertex 20.6168 4.05 13.9747
      vertex 20.5147 4.05 13.7282
    endloop
  endfacet
  facet normal -0.923884 0 0.382672
    outer loop
      vertex 20.6168 4.05 13.9747
      vertex 20.5147 3.9 13.7282
      vertex 20.6168 3.9 13.9747
    endloop
  endfacet
  facet normal -0.382672 0 -0.923884
    outer loop
      vertex 19.5253 -7.3 16.1168
      vertex 19.7718 -3.9 16.0147
      vertex 19.7718 -7.3 16.0147
    endloop
  endfacet
  facet normal -0.382672 0 -0.923884
    outer loop
      vertex 19.7718 -3.9 16.0147
      vertex 19.5253 -7.3 16.1168
      vertex 19.5253 -3.9 16.1168
    endloop
  endfacet
  facet normal -0.382672 0 -0.923884
    outer loop
      vertex 19.5253 3.9 16.1168
      vertex 19.7718 4.05 16.0147
      vertex 19.7718 3.9 16.0147
    endloop
  endfacet
  facet normal -0.382672 0 -0.923884
    outer loop
      vertex 19.7718 4.05 16.0147
      vertex 19.5253 3.9 16.1168
      vertex 19.5253 4.05 16.1168
    endloop
  endfacet
  facet normal 0.233529 0 -0.97235
    outer loop
      vertex 18.4747 -7.3 16.1168
      vertex 18.7341 -3.9 16.1791
      vertex 18.7341 -7.3 16.1791
    endloop
  endfacet
  facet normal 0.233529 0 -0.97235
    outer loop
      vertex 18.7341 -3.9 16.1791
      vertex 18.4747 -7.3 16.1168
      vertex 18.4747 -3.9 16.1168
    endloop
  endfacet
  facet normal 0.233529 0 -0.97235
    outer loop
      vertex 18.4747 3.9 16.1168
      vertex 18.7341 4.05 16.1791
      vertex 18.7341 3.9 16.1791
    endloop
  endfacet
  facet normal 0.233529 0 -0.97235
    outer loop
      vertex 18.7341 4.05 16.1791
      vertex 18.4747 3.9 16.1168
      vertex 18.4747 4.05 16.1168
    endloop
  endfacet
  facet normal 0.649247 0 -0.760578
    outer loop
      vertex 17.7979 -7.3 15.7021
      vertex 18.0008 -3.9 15.8753
      vertex 18.0008 -7.3 15.8753
    endloop
  endfacet
  facet normal 0.649247 0 -0.760578
    outer loop
      vertex 18.0008 -3.9 15.8753
      vertex 17.7979 -7.3 15.7021
      vertex 17.7979 -3.9 15.7021
    endloop
  endfacet
  facet normal 0.649247 0 -0.760578
    outer loop
      vertex 17.7979 3.9 15.7021
      vertex 18.0008 4.05 15.8753
      vertex 18.0008 3.9 15.8753
    endloop
  endfacet
  facet normal 0.649247 0 -0.760578
    outer loop
      vertex 18.0008 4.05 15.8753
      vertex 17.7979 3.9 15.7021
      vertex 17.7979 4.05 15.7021
    endloop
  endfacet
  facet normal 0.852558 -0 0.522632
    outer loop
      vertex 17.4853 -7.3 13.7282
      vertex 17.6247 -3.9 13.5008
      vertex 17.4853 -3.9 13.7282
    endloop
  endfacet
  facet normal 0.852558 0 0.522632
    outer loop
      vertex 17.6247 -3.9 13.5008
      vertex 17.4853 -7.3 13.7282
      vertex 17.6247 -7.3 13.5008
    endloop
  endfacet
  facet normal 0.852558 -0 0.522632
    outer loop
      vertex 17.4853 3.9 13.7282
      vertex 17.6247 4.05 13.5008
      vertex 17.4853 4.05 13.7282
    endloop
  endfacet
  facet normal 0.852558 0 0.522632
    outer loop
      vertex 17.6247 4.05 13.5008
      vertex 17.4853 3.9 13.7282
      vertex 17.6247 3.9 13.5008
    endloop
  endfacet
  facet normal -0.760578 0 -0.649247
    outer loop
      vertex 20.3753 -7.3 15.4992
      vertex 20.2021 -3.9 15.7021
      vertex 20.3753 -3.9 15.4992
    endloop
  endfacet
  facet normal -0.760578 -0 -0.649247
    outer loop
      vertex 20.2021 -3.9 15.7021
      vertex 20.3753 -7.3 15.4992
      vertex 20.2021 -7.3 15.7021
    endloop
  endfacet
  facet normal -0.760578 0 -0.649247
    outer loop
      vertex 20.3753 3.9 15.4992
      vertex 20.2021 4.05 15.7021
      vertex 20.3753 4.05 15.4992
    endloop
  endfacet
  facet normal -0.760578 -0 -0.649247
    outer loop
      vertex 20.2021 4.05 15.7021
      vertex 20.3753 3.9 15.4992
      vertex 20.2021 3.9 15.7021
    endloop
  endfacet
  facet normal 0.97235 -0 0.233529
    outer loop
      vertex 17.3209 -7.3 14.2341
      vertex 17.3832 -3.9 13.9747
      vertex 17.3209 -3.9 14.2341
    endloop
  endfacet
  facet normal 0.97235 0 0.233529
    outer loop
      vertex 17.3832 -3.9 13.9747
      vertex 17.3209 -7.3 14.2341
      vertex 17.3832 -7.3 13.9747
    endloop
  endfacet
  facet normal 0.97235 -0 0.233529
    outer loop
      vertex 17.3209 3.9 14.2341
      vertex 17.3832 4.05 13.9747
      vertex 17.3209 4.05 14.2341
    endloop
  endfacet
  facet normal 0.97235 0 0.233529
    outer loop
      vertex 17.3832 4.05 13.9747
      vertex 17.3209 3.9 14.2341
      vertex 17.3832 3.9 13.9747
    endloop
  endfacet
  facet normal 0.0783593 0 0.996925
    outer loop
      vertex 18.7341 -3.9 12.8209
      vertex 19 -7.3 12.8
      vertex 19 -3.9 12.8
    endloop
  endfacet
  facet normal 0.0783593 0 0.996925
    outer loop
      vertex 19 -7.3 12.8
      vertex 18.7341 -3.9 12.8209
      vertex 18.7341 -7.3 12.8209
    endloop
  endfacet
  facet normal 0.0783593 0 0.996925
    outer loop
      vertex 18.7341 4.05 12.8209
      vertex 19 3.9 12.8
      vertex 19 4.05 12.8
    endloop
  endfacet
  facet normal 0.0783593 0 0.996925
    outer loop
      vertex 19 3.9 12.8
      vertex 18.7341 4.05 12.8209
      vertex 18.7341 3.9 12.8209
    endloop
  endfacet
  facet normal 0.233529 0 0.97235
    outer loop
      vertex 18.4747 -3.9 12.8832
      vertex 18.7341 -7.3 12.8209
      vertex 18.7341 -3.9 12.8209
    endloop
  endfacet
  facet normal 0.233529 0 0.97235
    outer loop
      vertex 18.7341 -7.3 12.8209
      vertex 18.4747 -3.9 12.8832
      vertex 18.4747 -7.3 12.8832
    endloop
  endfacet
  facet normal 0.233529 0 0.97235
    outer loop
      vertex 18.4747 4.05 12.8832
      vertex 18.7341 3.9 12.8209
      vertex 18.7341 4.05 12.8209
    endloop
  endfacet
  facet normal 0.233529 0 0.97235
    outer loop
      vertex 18.7341 3.9 12.8209
      vertex 18.4747 4.05 12.8832
      vertex 18.4747 3.9 12.8832
    endloop
  endfacet
  facet normal -0.522632 0 -0.852558
    outer loop
      vertex 19.7718 -7.3 16.0147
      vertex 19.9992 -3.9 15.8753
      vertex 19.9992 -7.3 15.8753
    endloop
  endfacet
  facet normal -0.522632 0 -0.852558
    outer loop
      vertex 19.9992 -3.9 15.8753
      vertex 19.7718 -7.3 16.0147
      vertex 19.7718 -3.9 16.0147
    endloop
  endfacet
  facet normal -0.522632 0 -0.852558
    outer loop
      vertex 19.7718 3.9 16.0147
      vertex 19.9992 4.05 15.8753
      vertex 19.9992 3.9 15.8753
    endloop
  endfacet
  facet normal -0.522632 0 -0.852558
    outer loop
      vertex 19.9992 4.05 15.8753
      vertex 19.7718 3.9 16.0147
      vertex 19.7718 4.05 16.0147
    endloop
  endfacet
  facet normal -0.649247 0 0.760578
    outer loop
      vertex 19.9992 -3.9 13.1247
      vertex 20.2021 -7.3 13.2979
      vertex 20.2021 -3.9 13.2979
    endloop
  endfacet
  facet normal -0.649247 0 0.760578
    outer loop
      vertex 20.2021 -7.3 13.2979
      vertex 19.9992 -3.9 13.1247
      vertex 19.9992 -7.3 13.1247
    endloop
  endfacet
  facet normal -0.649247 0 0.760578
    outer loop
      vertex 19.9992 4.05 13.1247
      vertex 20.2021 3.9 13.2979
      vertex 20.2021 4.05 13.2979
    endloop
  endfacet
  facet normal -0.649247 0 0.760578
    outer loop
      vertex 20.2021 3.9 13.2979
      vertex 19.9992 4.05 13.1247
      vertex 19.9992 3.9 13.1247
    endloop
  endfacet
  facet normal 0.996925 -0 0.0783593
    outer loop
      vertex 17.3 -7.3 14.5
      vertex 17.3209 -3.9 14.2341
      vertex 17.3 -3.9 14.5
    endloop
  endfacet
  facet normal 0.996925 0 0.0783593
    outer loop
      vertex 17.3209 -3.9 14.2341
      vertex 17.3 -7.3 14.5
      vertex 17.3209 -7.3 14.2341
    endloop
  endfacet
  facet normal 0.996925 -0 0.0783593
    outer loop
      vertex 17.3 3.9 14.5
      vertex 17.3209 4.05 14.2341
      vertex 17.3 4.05 14.5
    endloop
  endfacet
  facet normal 0.996925 0 0.0783593
    outer loop
      vertex 17.3209 4.05 14.2341
      vertex 17.3 3.9 14.5
      vertex 17.3209 3.9 14.2341
    endloop
  endfacet
  facet normal -0.852558 0 -0.522632
    outer loop
      vertex 20.5147 -7.3 15.2718
      vertex 20.3753 -3.9 15.4992
      vertex 20.5147 -3.9 15.2718
    endloop
  endfacet
  facet normal -0.852558 -0 -0.522632
    outer loop
      vertex 20.3753 -3.9 15.4992
      vertex 20.5147 -7.3 15.2718
      vertex 20.3753 -7.3 15.4992
    endloop
  endfacet
  facet normal -0.852558 0 -0.522632
    outer loop
      vertex 20.5147 3.9 15.2718
      vertex 20.3753 4.05 15.4992
      vertex 20.5147 4.05 15.2718
    endloop
  endfacet
  facet normal -0.852558 -0 -0.522632
    outer loop
      vertex 20.3753 4.05 15.4992
      vertex 20.5147 3.9 15.2718
      vertex 20.3753 3.9 15.4992
    endloop
  endfacet
  facet normal -0.0783593 0 0.996925
    outer loop
      vertex 19 -3.9 12.8
      vertex 19.2659 -7.3 12.8209
      vertex 19.2659 -3.9 12.8209
    endloop
  endfacet
  facet normal -0.0783593 0 0.996925
    outer loop
      vertex 19.2659 -7.3 12.8209
      vertex 19 -3.9 12.8
      vertex 19 -7.3 12.8
    endloop
  endfacet
  facet normal -0.0783593 0 0.996925
    outer loop
      vertex 19 4.05 12.8
      vertex 19.2659 3.9 12.8209
      vertex 19.2659 4.05 12.8209
    endloop
  endfacet
  facet normal -0.0783593 0 0.996925
    outer loop
      vertex 19.2659 3.9 12.8209
      vertex 19 4.05 12.8
      vertex 19 3.9 12.8
    endloop
  endfacet
  facet normal -0.760578 0 0.649247
    outer loop
      vertex 20.2021 -7.3 13.2979
      vertex 20.3753 -3.9 13.5008
      vertex 20.2021 -3.9 13.2979
    endloop
  endfacet
  facet normal -0.760578 0 0.649247
    outer loop
      vertex 20.3753 -3.9 13.5008
      vertex 20.2021 -7.3 13.2979
      vertex 20.3753 -7.3 13.5008
    endloop
  endfacet
  facet normal -0.760578 0 0.649247
    outer loop
      vertex 20.2021 3.9 13.2979
      vertex 20.3753 4.05 13.5008
      vertex 20.2021 4.05 13.2979
    endloop
  endfacet
  facet normal -0.760578 0 0.649247
    outer loop
      vertex 20.3753 4.05 13.5008
      vertex 20.2021 3.9 13.2979
      vertex 20.3753 3.9 13.5008
    endloop
  endfacet
  facet normal 0.0783593 0 -0.996925
    outer loop
      vertex 18.7341 -7.3 16.1791
      vertex 19 -3.9 16.2
      vertex 19 -7.3 16.2
    endloop
  endfacet
  facet normal 0.0783593 0 -0.996925
    outer loop
      vertex 19 -3.9 16.2
      vertex 18.7341 -7.3 16.1791
      vertex 18.7341 -3.9 16.1791
    endloop
  endfacet
  facet normal 0.0783593 0 -0.996925
    outer loop
      vertex 18.7341 3.9 16.1791
      vertex 19 4.05 16.2
      vertex 19 3.9 16.2
    endloop
  endfacet
  facet normal 0.0783593 0 -0.996925
    outer loop
      vertex 19 4.05 16.2
      vertex 18.7341 3.9 16.1791
      vertex 18.7341 4.05 16.1791
    endloop
  endfacet
  facet normal -0.996925 0 0.0783593
    outer loop
      vertex 20.6791 -7.3 14.2341
      vertex 20.7 -3.9 14.5
      vertex 20.6791 -3.9 14.2341
    endloop
  endfacet
  facet normal -0.996925 0 0.0783593
    outer loop
      vertex 20.7 -3.9 14.5
      vertex 20.6791 -7.3 14.2341
      vertex 20.7 -7.3 14.5
    endloop
  endfacet
  facet normal -0.996925 0 0.0783593
    outer loop
      vertex 20.6791 3.9 14.2341
      vertex 20.7 4.05 14.5
      vertex 20.6791 4.05 14.2341
    endloop
  endfacet
  facet normal -0.996925 0 0.0783593
    outer loop
      vertex 20.7 4.05 14.5
      vertex 20.6791 3.9 14.2341
      vertex 20.7 3.9 14.5
    endloop
  endfacet
  facet normal 0.382672 0 -0.923884
    outer loop
      vertex 18.2282 -7.3 16.0147
      vertex 18.4747 -3.9 16.1168
      vertex 18.4747 -7.3 16.1168
    endloop
  endfacet
  facet normal 0.382672 0 -0.923884
    outer loop
      vertex 18.4747 -3.9 16.1168
      vertex 18.2282 -7.3 16.0147
      vertex 18.2282 -3.9 16.0147
    endloop
  endfacet
  facet normal 0.382672 0 -0.923884
    outer loop
      vertex 18.2282 3.9 16.0147
      vertex 18.4747 4.05 16.1168
      vertex 18.4747 3.9 16.1168
    endloop
  endfacet
  facet normal 0.382672 0 -0.923884
    outer loop
      vertex 18.4747 4.05 16.1168
      vertex 18.2282 3.9 16.0147
      vertex 18.2282 4.05 16.0147
    endloop
  endfacet
  facet normal -0.97235 0 0.233529
    outer loop
      vertex 20.6168 -7.3 13.9747
      vertex 20.6791 -3.9 14.2341
      vertex 20.6168 -3.9 13.9747
    endloop
  endfacet
  facet normal -0.97235 0 0.233529
    outer loop
      vertex 20.6791 -3.9 14.2341
      vertex 20.6168 -7.3 13.9747
      vertex 20.6791 -7.3 14.2341
    endloop
  endfacet
  facet normal -0.97235 0 0.233529
    outer loop
      vertex 20.6168 3.9 13.9747
      vertex 20.6791 4.05 14.2341
      vertex 20.6168 4.05 13.9747
    endloop
  endfacet
  facet normal -0.97235 0 0.233529
    outer loop
      vertex 20.6791 4.05 14.2341
      vertex 20.6168 3.9 13.9747
      vertex 20.6791 3.9 14.2341
    endloop
  endfacet
  facet normal -0.852558 0 0.522632
    outer loop
      vertex 20.3753 -7.3 13.5008
      vertex 20.5147 -3.9 13.7282
      vertex 20.3753 -3.9 13.5008
    endloop
  endfacet
  facet normal -0.852558 0 0.522632
    outer loop
      vertex 20.5147 -3.9 13.7282
      vertex 20.3753 -7.3 13.5008
      vertex 20.5147 -7.3 13.7282
    endloop
  endfacet
  facet normal -0.852558 0 0.522632
    outer loop
      vertex 20.3753 3.9 13.5008
      vertex 20.5147 4.05 13.7282
      vertex 20.3753 4.05 13.5008
    endloop
  endfacet
  facet normal -0.852558 0 0.522632
    outer loop
      vertex 20.5147 4.05 13.7282
      vertex 20.3753 3.9 13.5008
      vertex 20.5147 3.9 13.7282
    endloop
  endfacet
  facet normal 0.522632 0 -0.852558
    outer loop
      vertex 18.0008 -7.3 15.8753
      vertex 18.2282 -3.9 16.0147
      vertex 18.2282 -7.3 16.0147
    endloop
  endfacet
  facet normal 0.522632 0 -0.852558
    outer loop
      vertex 18.2282 -3.9 16.0147
      vertex 18.0008 -7.3 15.8753
      vertex 18.0008 -3.9 15.8753
    endloop
  endfacet
  facet normal 0.522632 0 -0.852558
    outer loop
      vertex 18.0008 3.9 15.8753
      vertex 18.2282 4.05 16.0147
      vertex 18.2282 3.9 16.0147
    endloop
  endfacet
  facet normal 0.522632 0 -0.852558
    outer loop
      vertex 18.2282 4.05 16.0147
      vertex 18.0008 3.9 15.8753
      vertex 18.0008 4.05 15.8753
    endloop
  endfacet
  facet normal 0.923884 -0 0.382672
    outer loop
      vertex 17.3832 -7.3 13.9747
      vertex 17.4853 -3.9 13.7282
      vertex 17.3832 -3.9 13.9747
    endloop
  endfacet
  facet normal 0.923884 0 0.382672
    outer loop
      vertex 17.4853 -3.9 13.7282
      vertex 17.3832 -7.3 13.9747
      vertex 17.4853 -7.3 13.7282
    endloop
  endfacet
  facet normal 0.923884 -0 0.382672
    outer loop
      vertex 17.3832 3.9 13.9747
      vertex 17.4853 4.05 13.7282
      vertex 17.3832 4.05 13.9747
    endloop
  endfacet
  facet normal 0.923884 0 0.382672
    outer loop
      vertex 17.4853 4.05 13.7282
      vertex 17.3832 3.9 13.9747
      vertex 17.4853 3.9 13.7282
    endloop
  endfacet
  facet normal 0.760578 -0 0.649247
    outer loop
      vertex 17.6247 -7.3 13.5008
      vertex 17.7979 -3.9 13.2979
      vertex 17.6247 -3.9 13.5008
    endloop
  endfacet
  facet normal 0.760578 0 0.649247
    outer loop
      vertex 17.7979 -3.9 13.2979
      vertex 17.6247 -7.3 13.5008
      vertex 17.7979 -7.3 13.2979
    endloop
  endfacet
  facet normal 0.760578 -0 0.649247
    outer loop
      vertex 17.6247 3.9 13.5008
      vertex 17.7979 4.05 13.2979
      vertex 17.6247 4.05 13.5008
    endloop
  endfacet
  facet normal 0.760578 0 0.649247
    outer loop
      vertex 17.7979 4.05 13.2979
      vertex 17.6247 3.9 13.5008
      vertex 17.7979 3.9 13.2979
    endloop
  endfacet
  facet normal 0.996925 0 -0.0783593
    outer loop
      vertex 17.3209 -7.3 14.7659
      vertex 17.3 -3.9 14.5
      vertex 17.3209 -3.9 14.7659
    endloop
  endfacet
  facet normal 0.996925 0 -0.0783593
    outer loop
      vertex 17.3 -3.9 14.5
      vertex 17.3209 -7.3 14.7659
      vertex 17.3 -7.3 14.5
    endloop
  endfacet
  facet normal 0.996925 0 -0.0783593
    outer loop
      vertex 17.3209 3.9 14.7659
      vertex 17.3 4.05 14.5
      vertex 17.3209 4.05 14.7659
    endloop
  endfacet
  facet normal 0.996925 0 -0.0783593
    outer loop
      vertex 17.3 4.05 14.5
      vertex 17.3209 3.9 14.7659
      vertex 17.3 3.9 14.5
    endloop
  endfacet
  facet normal -0.233529 0 -0.97235
    outer loop
      vertex 19.2659 -7.3 16.1791
      vertex 19.5253 -3.9 16.1168
      vertex 19.5253 -7.3 16.1168
    endloop
  endfacet
  facet normal -0.233529 0 -0.97235
    outer loop
      vertex 19.5253 -3.9 16.1168
      vertex 19.2659 -7.3 16.1791
      vertex 19.2659 -3.9 16.1791
    endloop
  endfacet
  facet normal -0.233529 0 -0.97235
    outer loop
      vertex 19.2659 3.9 16.1791
      vertex 19.5253 4.05 16.1168
      vertex 19.5253 3.9 16.1168
    endloop
  endfacet
  facet normal -0.233529 0 -0.97235
    outer loop
      vertex 19.5253 4.05 16.1168
      vertex 19.2659 3.9 16.1791
      vertex 19.2659 4.05 16.1791
    endloop
  endfacet
  facet normal -0.0783593 0 -0.996925
    outer loop
      vertex 19 -7.3 16.2
      vertex 19.2659 -3.9 16.1791
      vertex 19.2659 -7.3 16.1791
    endloop
  endfacet
  facet normal -0.0783593 0 -0.996925
    outer loop
      vertex 19.2659 -3.9 16.1791
      vertex 19 -7.3 16.2
      vertex 19 -3.9 16.2
    endloop
  endfacet
  facet normal -0.0783593 0 -0.996925
    outer loop
      vertex 19 3.9 16.2
      vertex 19.2659 4.05 16.1791
      vertex 19.2659 3.9 16.1791
    endloop
  endfacet
  facet normal -0.0783593 0 -0.996925
    outer loop
      vertex 19.2659 4.05 16.1791
      vertex 19 3.9 16.2
      vertex 19 4.05 16.2
    endloop
  endfacet
  facet normal 0.923884 0 -0.382672
    outer loop
      vertex 17.4853 -7.3 15.2718
      vertex 17.3832 -3.9 15.0253
      vertex 17.4853 -3.9 15.2718
    endloop
  endfacet
  facet normal 0.923884 0 -0.382672
    outer loop
      vertex 17.3832 -3.9 15.0253
      vertex 17.4853 -7.3 15.2718
      vertex 17.3832 -7.3 15.0253
    endloop
  endfacet
  facet normal 0.923884 0 -0.382672
    outer loop
      vertex 17.4853 3.9 15.2718
      vertex 17.3832 4.05 15.0253
      vertex 17.4853 4.05 15.2718
    endloop
  endfacet
  facet normal 0.923884 0 -0.382672
    outer loop
      vertex 17.3832 4.05 15.0253
      vertex 17.4853 3.9 15.2718
      vertex 17.3832 3.9 15.0253
    endloop
  endfacet
  facet normal 0.522632 0 0.852558
    outer loop
      vertex 18.0008 -3.9 13.1247
      vertex 18.2282 -7.3 12.9853
      vertex 18.2282 -3.9 12.9853
    endloop
  endfacet
  facet normal 0.522632 0 0.852558
    outer loop
      vertex 18.2282 -7.3 12.9853
      vertex 18.0008 -3.9 13.1247
      vertex 18.0008 -7.3 13.1247
    endloop
  endfacet
  facet normal 0.522632 0 0.852558
    outer loop
      vertex 18.0008 4.05 13.1247
      vertex 18.2282 3.9 12.9853
      vertex 18.2282 4.05 12.9853
    endloop
  endfacet
  facet normal 0.522632 0 0.852558
    outer loop
      vertex 18.2282 3.9 12.9853
      vertex 18.0008 4.05 13.1247
      vertex 18.0008 3.9 13.1247
    endloop
  endfacet
  facet normal 0.382672 0 0.923884
    outer loop
      vertex 18.2282 -3.9 12.9853
      vertex 18.4747 -7.3 12.8832
      vertex 18.4747 -3.9 12.8832
    endloop
  endfacet
  facet normal 0.382672 0 0.923884
    outer loop
      vertex 18.4747 -7.3 12.8832
      vertex 18.2282 -3.9 12.9853
      vertex 18.2282 -7.3 12.9853
    endloop
  endfacet
  facet normal 0.382672 0 0.923884
    outer loop
      vertex 18.2282 4.05 12.9853
      vertex 18.4747 3.9 12.8832
      vertex 18.4747 4.05 12.8832
    endloop
  endfacet
  facet normal 0.382672 0 0.923884
    outer loop
      vertex 18.4747 3.9 12.8832
      vertex 18.2282 4.05 12.9853
      vertex 18.2282 3.9 12.9853
    endloop
  endfacet
  facet normal -0.97235 0 -0.233529
    outer loop
      vertex -17.3209 -7.3 14.7659
      vertex -17.3832 -3.9 15.0253
      vertex -17.3209 -3.9 14.7659
    endloop
  endfacet
  facet normal -0.97235 -0 -0.233529
    outer loop
      vertex -17.3832 -3.9 15.0253
      vertex -17.3209 -7.3 14.7659
      vertex -17.3832 -7.3 15.0253
    endloop
  endfacet
  facet normal -0.97235 0 -0.233529
    outer loop
      vertex -17.3209 3.9 14.7659
      vertex -17.3832 4.05 15.0253
      vertex -17.3209 4.05 14.7659
    endloop
  endfacet
  facet normal -0.97235 -0 -0.233529
    outer loop
      vertex -17.3832 4.05 15.0253
      vertex -17.3209 3.9 14.7659
      vertex -17.3832 3.9 15.0253
    endloop
  endfacet
  facet normal -0.996925 0 -0.0783593
    outer loop
      vertex -17.3 -7.3 14.5
      vertex -17.3209 -3.9 14.7659
      vertex -17.3 -3.9 14.5
    endloop
  endfacet
  facet normal -0.996925 -0 -0.0783593
    outer loop
      vertex -17.3209 -3.9 14.7659
      vertex -17.3 -7.3 14.5
      vertex -17.3209 -7.3 14.7659
    endloop
  endfacet
  facet normal -0.996925 0 -0.0783593
    outer loop
      vertex -17.3 3.9 14.5
      vertex -17.3209 4.05 14.7659
      vertex -17.3 4.05 14.5
    endloop
  endfacet
  facet normal -0.996925 -0 -0.0783593
    outer loop
      vertex -17.3209 4.05 14.7659
      vertex -17.3 3.9 14.5
      vertex -17.3209 3.9 14.7659
    endloop
  endfacet
  facet normal -0.760578 0 -0.649247
    outer loop
      vertex -17.6247 -7.3 15.4992
      vertex -17.7979 -3.9 15.7021
      vertex -17.6247 -3.9 15.4992
    endloop
  endfacet
  facet normal -0.760578 -0 -0.649247
    outer loop
      vertex -17.7979 -3.9 15.7021
      vertex -17.6247 -7.3 15.4992
      vertex -17.7979 -7.3 15.7021
    endloop
  endfacet
  facet normal -0.760578 0 -0.649247
    outer loop
      vertex -17.6247 3.9 15.4992
      vertex -17.7979 4.05 15.7021
      vertex -17.6247 4.05 15.4992
    endloop
  endfacet
  facet normal -0.760578 -0 -0.649247
    outer loop
      vertex -17.7979 4.05 15.7021
      vertex -17.6247 3.9 15.4992
      vertex -17.7979 3.9 15.7021
    endloop
  endfacet
  facet normal -0.0783593 0 0.996925
    outer loop
      vertex -19 -3.9 12.8
      vertex -18.7341 -7.3 12.8209
      vertex -18.7341 -3.9 12.8209
    endloop
  endfacet
  facet normal -0.0783593 0 0.996925
    outer loop
      vertex -18.7341 -7.3 12.8209
      vertex -19 -3.9 12.8
      vertex -19 -7.3 12.8
    endloop
  endfacet
  facet normal -0.0783593 0 0.996925
    outer loop
      vertex -19 4.05 12.8
      vertex -18.7341 3.9 12.8209
      vertex -18.7341 4.05 12.8209
    endloop
  endfacet
  facet normal -0.0783593 0 0.996925
    outer loop
      vertex -18.7341 3.9 12.8209
      vertex -19 4.05 12.8
      vertex -19 3.9 12.8
    endloop
  endfacet
  facet normal 0.382672 0 0.923884
    outer loop
      vertex -19.7718 -3.9 12.9853
      vertex -19.5253 -7.3 12.8832
      vertex -19.5253 -3.9 12.8832
    endloop
  endfacet
  facet normal 0.382672 0 0.923884
    outer loop
      vertex -19.5253 -7.3 12.8832
      vertex -19.7718 -3.9 12.9853
      vertex -19.7718 -7.3 12.9853
    endloop
  endfacet
  facet normal 0.382672 0 0.923884
    outer loop
      vertex -19.7718 4.05 12.9853
      vertex -19.5253 3.9 12.8832
      vertex -19.5253 4.05 12.8832
    endloop
  endfacet
  facet normal 0.382672 0 0.923884
    outer loop
      vertex -19.5253 3.9 12.8832
      vertex -19.7718 4.05 12.9853
      vertex -19.7718 3.9 12.9853
    endloop
  endfacet
  facet normal -0.923884 0 -0.382672
    outer loop
      vertex -17.3832 -7.3 15.0253
      vertex -17.4853 -3.9 15.2718
      vertex -17.3832 -3.9 15.0253
    endloop
  endfacet
  facet normal -0.923884 -0 -0.382672
    outer loop
      vertex -17.4853 -3.9 15.2718
      vertex -17.3832 -7.3 15.0253
      vertex -17.4853 -7.3 15.2718
    endloop
  endfacet
  facet normal -0.923884 0 -0.382672
    outer loop
      vertex -17.3832 3.9 15.0253
      vertex -17.4853 4.05 15.2718
      vertex -17.3832 4.05 15.0253
    endloop
  endfacet
  facet normal -0.923884 -0 -0.382672
    outer loop
      vertex -17.4853 4.05 15.2718
      vertex -17.3832 3.9 15.0253
      vertex -17.4853 3.9 15.2718
    endloop
  endfacet
  facet normal -0.97235 0 0.233529
    outer loop
      vertex -17.3832 -7.3 13.9747
      vertex -17.3209 -3.9 14.2341
      vertex -17.3832 -3.9 13.9747
    endloop
  endfacet
  facet normal -0.97235 0 0.233529
    outer loop
      vertex -17.3209 -3.9 14.2341
      vertex -17.3832 -7.3 13.9747
      vertex -17.3209 -7.3 14.2341
    endloop
  endfacet
  facet normal -0.97235 0 0.233529
    outer loop
      vertex -17.3832 3.9 13.9747
      vertex -17.3209 4.05 14.2341
      vertex -17.3832 4.05 13.9747
    endloop
  endfacet
  facet normal -0.97235 0 0.233529
    outer loop
      vertex -17.3209 4.05 14.2341
      vertex -17.3832 3.9 13.9747
      vertex -17.3209 3.9 14.2341
    endloop
  endfacet
  facet normal 0.996925 0 -0.0783593
    outer loop
      vertex -20.6791 -7.3 14.7659
      vertex -20.7 -3.9 14.5
      vertex -20.6791 -3.9 14.7659
    endloop
  endfacet
  facet normal 0.996925 0 -0.0783593
    outer loop
      vertex -20.7 -3.9 14.5
      vertex -20.6791 -7.3 14.7659
      vertex -20.7 -7.3 14.5
    endloop
  endfacet
  facet normal 0.996925 0 -0.0783593
    outer loop
      vertex -20.6791 3.9 14.7659
      vertex -20.7 4.05 14.5
      vertex -20.6791 4.05 14.7659
    endloop
  endfacet
  facet normal 0.996925 0 -0.0783593
    outer loop
      vertex -20.7 4.05 14.5
      vertex -20.6791 3.9 14.7659
      vertex -20.7 3.9 14.5
    endloop
  endfacet
  facet normal -0.382672 0 0.923884
    outer loop
      vertex -18.4747 -3.9 12.8832
      vertex -18.2282 -7.3 12.9853
      vertex -18.2282 -3.9 12.9853
    endloop
  endfacet
  facet normal -0.382672 0 0.923884
    outer loop
      vertex -18.2282 -7.3 12.9853
      vertex -18.4747 -3.9 12.8832
      vertex -18.4747 -7.3 12.8832
    endloop
  endfacet
  facet normal -0.382672 0 0.923884
    outer loop
      vertex -18.4747 4.05 12.8832
      vertex -18.2282 3.9 12.9853
      vertex -18.2282 4.05 12.9853
    endloop
  endfacet
  facet normal -0.382672 0 0.923884
    outer loop
      vertex -18.2282 3.9 12.9853
      vertex -18.4747 4.05 12.8832
      vertex -18.4747 3.9 12.8832
    endloop
  endfacet
  facet normal -0.996925 0 0.0783593
    outer loop
      vertex -17.3209 -7.3 14.2341
      vertex -17.3 -3.9 14.5
      vertex -17.3209 -3.9 14.2341
    endloop
  endfacet
  facet normal -0.996925 0 0.0783593
    outer loop
      vertex -17.3 -3.9 14.5
      vertex -17.3209 -7.3 14.2341
      vertex -17.3 -7.3 14.5
    endloop
  endfacet
  facet normal -0.996925 0 0.0783593
    outer loop
      vertex -17.3209 3.9 14.2341
      vertex -17.3 4.05 14.5
      vertex -17.3209 4.05 14.2341
    endloop
  endfacet
  facet normal -0.996925 0 0.0783593
    outer loop
      vertex -17.3 4.05 14.5
      vertex -17.3209 3.9 14.2341
      vertex -17.3 3.9 14.5
    endloop
  endfacet
  facet normal 0.0783593 0 -0.996925
    outer loop
      vertex -19.2659 -7.3 16.1791
      vertex -19 -3.9 16.2
      vertex -19 -7.3 16.2
    endloop
  endfacet
  facet normal 0.0783593 0 -0.996925
    outer loop
      vertex -19 -3.9 16.2
      vertex -19.2659 -7.3 16.1791
      vertex -19.2659 -3.9 16.1791
    endloop
  endfacet
  facet normal 0.0783593 0 -0.996925
    outer loop
      vertex -19.2659 3.9 16.1791
      vertex -19 4.05 16.2
      vertex -19 3.9 16.2
    endloop
  endfacet
  facet normal 0.0783593 0 -0.996925
    outer loop
      vertex -19 4.05 16.2
      vertex -19.2659 3.9 16.1791
      vertex -19.2659 4.05 16.1791
    endloop
  endfacet
  facet normal -0.522632 0 -0.852558
    outer loop
      vertex -18.2282 -7.3 16.0147
      vertex -18.0008 -3.9 15.8753
      vertex -18.0008 -7.3 15.8753
    endloop
  endfacet
  facet normal -0.522632 0 -0.852558
    outer loop
      vertex -18.0008 -3.9 15.8753
      vertex -18.2282 -7.3 16.0147
      vertex -18.2282 -3.9 16.0147
    endloop
  endfacet
  facet normal -0.522632 0 -0.852558
    outer loop
      vertex -18.2282 3.9 16.0147
      vertex -18.0008 4.05 15.8753
      vertex -18.0008 3.9 15.8753
    endloop
  endfacet
  facet normal -0.522632 0 -0.852558
    outer loop
      vertex -18.0008 4.05 15.8753
      vertex -18.2282 3.9 16.0147
      vertex -18.2282 4.05 16.0147
    endloop
  endfacet
  facet normal -0.382672 0 -0.923884
    outer loop
      vertex -18.4747 -7.3 16.1168
      vertex -18.2282 -3.9 16.0147
      vertex -18.2282 -7.3 16.0147
    endloop
  endfacet
  facet normal -0.382672 0 -0.923884
    outer loop
      vertex -18.2282 -3.9 16.0147
      vertex -18.4747 -7.3 16.1168
      vertex -18.4747 -3.9 16.1168
    endloop
  endfacet
  facet normal -0.382672 0 -0.923884
    outer loop
      vertex -18.4747 3.9 16.1168
      vertex -18.2282 4.05 16.0147
      vertex -18.2282 3.9 16.0147
    endloop
  endfacet
  facet normal -0.382672 0 -0.923884
    outer loop
      vertex -18.2282 4.05 16.0147
      vertex -18.4747 3.9 16.1168
      vertex -18.4747 4.05 16.1168
    endloop
  endfacet
  facet normal 0.97235 0 -0.233529
    outer loop
      vertex -20.6168 -7.3 15.0253
      vertex -20.6791 -3.9 14.7659
      vertex -20.6168 -3.9 15.0253
    endloop
  endfacet
  facet normal 0.97235 0 -0.233529
    outer loop
      vertex -20.6791 -3.9 14.7659
      vertex -20.6168 -7.3 15.0253
      vertex -20.6791 -7.3 14.7659
    endloop
  endfacet
  facet normal 0.97235 0 -0.233529
    outer loop
      vertex -20.6168 3.9 15.0253
      vertex -20.6791 4.05 14.7659
      vertex -20.6168 4.05 15.0253
    endloop
  endfacet
  facet normal 0.97235 0 -0.233529
    outer loop
      vertex -20.6791 4.05 14.7659
      vertex -20.6168 3.9 15.0253
      vertex -20.6791 3.9 14.7659
    endloop
  endfacet
  facet normal 0.923884 0 -0.382672
    outer loop
      vertex -20.5147 -7.3 15.2718
      vertex -20.6168 -3.9 15.0253
      vertex -20.5147 -3.9 15.2718
    endloop
  endfacet
  facet normal 0.923884 0 -0.382672
    outer loop
      vertex -20.6168 -3.9 15.0253
      vertex -20.5147 -7.3 15.2718
      vertex -20.6168 -7.3 15.0253
    endloop
  endfacet
  facet normal 0.923884 0 -0.382672
    outer loop
      vertex -20.5147 3.9 15.2718
      vertex -20.6168 4.05 15.0253
      vertex -20.5147 4.05 15.2718
    endloop
  endfacet
  facet normal 0.923884 0 -0.382672
    outer loop
      vertex -20.6168 4.05 15.0253
      vertex -20.5147 3.9 15.2718
      vertex -20.6168 3.9 15.0253
    endloop
  endfacet
  facet normal 0.649247 0 -0.760578
    outer loop
      vertex -20.2021 -7.3 15.7021
      vertex -19.9992 -3.9 15.8753
      vertex -19.9992 -7.3 15.8753
    endloop
  endfacet
  facet normal 0.649247 0 -0.760578
    outer loop
      vertex -19.9992 -3.9 15.8753
      vertex -20.2021 -7.3 15.7021
      vertex -20.2021 -3.9 15.7021
    endloop
  endfacet
  facet normal 0.649247 0 -0.760578
    outer loop
      vertex -20.2021 3.9 15.7021
      vertex -19.9992 4.05 15.8753
      vertex -19.9992 3.9 15.8753
    endloop
  endfacet
  facet normal 0.649247 0 -0.760578
    outer loop
      vertex -19.9992 4.05 15.8753
      vertex -20.2021 3.9 15.7021
      vertex -20.2021 4.05 15.7021
    endloop
  endfacet
  facet normal 0.760578 -0 0.649247
    outer loop
      vertex -20.3753 -7.3 13.5008
      vertex -20.2021 -3.9 13.2979
      vertex -20.3753 -3.9 13.5008
    endloop
  endfacet
  facet normal 0.760578 0 0.649247
    outer loop
      vertex -20.2021 -3.9 13.2979
      vertex -20.3753 -7.3 13.5008
      vertex -20.2021 -7.3 13.2979
    endloop
  endfacet
  facet normal 0.760578 -0 0.649247
    outer loop
      vertex -20.3753 3.9 13.5008
      vertex -20.2021 4.05 13.2979
      vertex -20.3753 4.05 13.5008
    endloop
  endfacet
  facet normal 0.760578 0 0.649247
    outer loop
      vertex -20.2021 4.05 13.2979
      vertex -20.3753 3.9 13.5008
      vertex -20.2021 3.9 13.2979
    endloop
  endfacet
  facet normal 0.0783593 0 0.996925
    outer loop
      vertex -19.2659 -3.9 12.8209
      vertex -19 -7.3 12.8
      vertex -19 -3.9 12.8
    endloop
  endfacet
  facet normal 0.0783593 0 0.996925
    outer loop
      vertex -19 -7.3 12.8
      vertex -19.2659 -3.9 12.8209
      vertex -19.2659 -7.3 12.8209
    endloop
  endfacet
  facet normal 0.0783593 0 0.996925
    outer loop
      vertex -19.2659 4.05 12.8209
      vertex -19 3.9 12.8
      vertex -19 4.05 12.8
    endloop
  endfacet
  facet normal 0.0783593 0 0.996925
    outer loop
      vertex -19 3.9 12.8
      vertex -19.2659 4.05 12.8209
      vertex -19.2659 3.9 12.8209
    endloop
  endfacet
  facet normal 0.522632 0 0.852558
    outer loop
      vertex -19.9992 -3.9 13.1247
      vertex -19.7718 -7.3 12.9853
      vertex -19.7718 -3.9 12.9853
    endloop
  endfacet
  facet normal 0.522632 0 0.852558
    outer loop
      vertex -19.7718 -7.3 12.9853
      vertex -19.9992 -3.9 13.1247
      vertex -19.9992 -7.3 13.1247
    endloop
  endfacet
  facet normal 0.522632 0 0.852558
    outer loop
      vertex -19.9992 4.05 13.1247
      vertex -19.7718 3.9 12.9853
      vertex -19.7718 4.05 12.9853
    endloop
  endfacet
  facet normal 0.522632 0 0.852558
    outer loop
      vertex -19.7718 3.9 12.9853
      vertex -19.9992 4.05 13.1247
      vertex -19.9992 3.9 13.1247
    endloop
  endfacet
  facet normal 0.382672 0 -0.923884
    outer loop
      vertex -19.7718 -7.3 16.0147
      vertex -19.5253 -3.9 16.1168
      vertex -19.5253 -7.3 16.1168
    endloop
  endfacet
  facet normal 0.382672 0 -0.923884
    outer loop
      vertex -19.5253 -3.9 16.1168
      vertex -19.7718 -7.3 16.0147
      vertex -19.7718 -3.9 16.0147
    endloop
  endfacet
  facet normal 0.382672 0 -0.923884
    outer loop
      vertex -19.7718 3.9 16.0147
      vertex -19.5253 4.05 16.1168
      vertex -19.5253 3.9 16.1168
    endloop
  endfacet
  facet normal 0.382672 0 -0.923884
    outer loop
      vertex -19.5253 4.05 16.1168
      vertex -19.7718 3.9 16.0147
      vertex -19.7718 4.05 16.0147
    endloop
  endfacet
  facet normal 0.233529 0 0.97235
    outer loop
      vertex -19.5253 -3.9 12.8832
      vertex -19.2659 -7.3 12.8209
      vertex -19.2659 -3.9 12.8209
    endloop
  endfacet
  facet normal 0.233529 0 0.97235
    outer loop
      vertex -19.2659 -7.3 12.8209
      vertex -19.5253 -3.9 12.8832
      vertex -19.5253 -7.3 12.8832
    endloop
  endfacet
  facet normal 0.233529 0 0.97235
    outer loop
      vertex -19.5253 4.05 12.8832
      vertex -19.2659 3.9 12.8209
      vertex -19.2659 4.05 12.8209
    endloop
  endfacet
  facet normal 0.233529 0 0.97235
    outer loop
      vertex -19.2659 3.9 12.8209
      vertex -19.5253 4.05 12.8832
      vertex -19.5253 3.9 12.8832
    endloop
  endfacet
  facet normal -0.233529 0 0.97235
    outer loop
      vertex -18.7341 -3.9 12.8209
      vertex -18.4747 -7.3 12.8832
      vertex -18.4747 -3.9 12.8832
    endloop
  endfacet
  facet normal -0.233529 0 0.97235
    outer loop
      vertex -18.4747 -7.3 12.8832
      vertex -18.7341 -3.9 12.8209
      vertex -18.7341 -7.3 12.8209
    endloop
  endfacet
  facet normal -0.233529 0 0.97235
    outer loop
      vertex -18.7341 4.05 12.8209
      vertex -18.4747 3.9 12.8832
      vertex -18.4747 4.05 12.8832
    endloop
  endfacet
  facet normal -0.233529 0 0.97235
    outer loop
      vertex -18.4747 3.9 12.8832
      vertex -18.7341 4.05 12.8209
      vertex -18.7341 3.9 12.8209
    endloop
  endfacet
  facet normal -0.649247 0 -0.760578
    outer loop
      vertex -18.0008 -7.3 15.8753
      vertex -17.7979 -3.9 15.7021
      vertex -17.7979 -7.3 15.7021
    endloop
  endfacet
  facet normal -0.649247 0 -0.760578
    outer loop
      vertex -17.7979 -3.9 15.7021
      vertex -18.0008 -7.3 15.8753
      vertex -18.0008 -3.9 15.8753
    endloop
  endfacet
  facet normal -0.649247 0 -0.760578
    outer loop
      vertex -18.0008 3.9 15.8753
      vertex -17.7979 4.05 15.7021
      vertex -17.7979 3.9 15.7021
    endloop
  endfacet
  facet normal -0.649247 0 -0.760578
    outer loop
      vertex -17.7979 4.05 15.7021
      vertex -18.0008 3.9 15.8753
      vertex -18.0008 4.05 15.8753
    endloop
  endfacet
  facet normal -0.852558 0 0.522632
    outer loop
      vertex -17.6247 -7.3 13.5008
      vertex -17.4853 -3.9 13.7282
      vertex -17.6247 -3.9 13.5008
    endloop
  endfacet
  facet normal -0.852558 0 0.522632
    outer loop
      vertex -17.4853 -3.9 13.7282
      vertex -17.6247 -7.3 13.5008
      vertex -17.4853 -7.3 13.7282
    endloop
  endfacet
  facet normal -0.852558 0 0.522632
    outer loop
      vertex -17.6247 3.9 13.5008
      vertex -17.4853 4.05 13.7282
      vertex -17.6247 4.05 13.5008
    endloop
  endfacet
  facet normal -0.852558 0 0.522632
    outer loop
      vertex -17.4853 4.05 13.7282
      vertex -17.6247 3.9 13.5008
      vertex -17.4853 3.9 13.7282
    endloop
  endfacet
  facet normal 0.233529 0 -0.97235
    outer loop
      vertex -19.5253 -7.3 16.1168
      vertex -19.2659 -3.9 16.1791
      vertex -19.2659 -7.3 16.1791
    endloop
  endfacet
  facet normal 0.233529 0 -0.97235
    outer loop
      vertex -19.2659 -3.9 16.1791
      vertex -19.5253 -7.3 16.1168
      vertex -19.5253 -3.9 16.1168
    endloop
  endfacet
  facet normal 0.233529 0 -0.97235
    outer loop
      vertex -19.5253 3.9 16.1168
      vertex -19.2659 4.05 16.1791
      vertex -19.2659 3.9 16.1791
    endloop
  endfacet
  facet normal 0.233529 0 -0.97235
    outer loop
      vertex -19.2659 4.05 16.1791
      vertex -19.5253 3.9 16.1168
      vertex -19.5253 4.05 16.1168
    endloop
  endfacet
  facet normal 0.97235 -0 0.233529
    outer loop
      vertex -20.6791 -7.3 14.2341
      vertex -20.6168 -3.9 13.9747
      vertex -20.6791 -3.9 14.2341
    endloop
  endfacet
  facet normal 0.97235 0 0.233529
    outer loop
      vertex -20.6168 -3.9 13.9747
      vertex -20.6791 -7.3 14.2341
      vertex -20.6168 -7.3 13.9747
    endloop
  endfacet
  facet normal 0.97235 -0 0.233529
    outer loop
      vertex -20.6791 3.9 14.2341
      vertex -20.6168 4.05 13.9747
      vertex -20.6791 4.05 14.2341
    endloop
  endfacet
  facet normal 0.97235 0 0.233529
    outer loop
      vertex -20.6168 4.05 13.9747
      vertex -20.6791 3.9 14.2341
      vertex -20.6168 3.9 13.9747
    endloop
  endfacet
  facet normal -0.760578 0 0.649247
    outer loop
      vertex -17.7979 -7.3 13.2979
      vertex -17.6247 -3.9 13.5008
      vertex -17.7979 -3.9 13.2979
    endloop
  endfacet
  facet normal -0.760578 0 0.649247
    outer loop
      vertex -17.6247 -3.9 13.5008
      vertex -17.7979 -7.3 13.2979
      vertex -17.6247 -7.3 13.5008
    endloop
  endfacet
  facet normal -0.760578 0 0.649247
    outer loop
      vertex -17.7979 3.9 13.2979
      vertex -17.6247 4.05 13.5008
      vertex -17.7979 4.05 13.2979
    endloop
  endfacet
  facet normal -0.760578 0 0.649247
    outer loop
      vertex -17.6247 4.05 13.5008
      vertex -17.7979 3.9 13.2979
      vertex -17.6247 3.9 13.5008
    endloop
  endfacet
  facet normal -0.233529 0 -0.97235
    outer loop
      vertex -18.7341 -7.3 16.1791
      vertex -18.4747 -3.9 16.1168
      vertex -18.4747 -7.3 16.1168
    endloop
  endfacet
  facet normal -0.233529 0 -0.97235
    outer loop
      vertex -18.4747 -3.9 16.1168
      vertex -18.7341 -7.3 16.1791
      vertex -18.7341 -3.9 16.1791
    endloop
  endfacet
  facet normal -0.233529 0 -0.97235
    outer loop
      vertex -18.7341 3.9 16.1791
      vertex -18.4747 4.05 16.1168
      vertex -18.4747 3.9 16.1168
    endloop
  endfacet
  facet normal -0.233529 0 -0.97235
    outer loop
      vertex -18.4747 4.05 16.1168
      vertex -18.7341 3.9 16.1791
      vertex -18.7341 4.05 16.1791
    endloop
  endfacet
  facet normal 0.760578 0 -0.649247
    outer loop
      vertex -20.2021 -7.3 15.7021
      vertex -20.3753 -3.9 15.4992
      vertex -20.2021 -3.9 15.7021
    endloop
  endfacet
  facet normal 0.760578 0 -0.649247
    outer loop
      vertex -20.3753 -3.9 15.4992
      vertex -20.2021 -7.3 15.7021
      vertex -20.3753 -7.3 15.4992
    endloop
  endfacet
  facet normal 0.760578 0 -0.649247
    outer loop
      vertex -20.2021 3.9 15.7021
      vertex -20.3753 4.05 15.4992
      vertex -20.2021 4.05 15.7021
    endloop
  endfacet
  facet normal 0.760578 0 -0.649247
    outer loop
      vertex -20.3753 4.05 15.4992
      vertex -20.2021 3.9 15.7021
      vertex -20.3753 3.9 15.4992
    endloop
  endfacet
  facet normal -0.852558 0 -0.522632
    outer loop
      vertex -17.4853 -7.3 15.2718
      vertex -17.6247 -3.9 15.4992
      vertex -17.4853 -3.9 15.2718
    endloop
  endfacet
  facet normal -0.852558 -0 -0.522632
    outer loop
      vertex -17.6247 -3.9 15.4992
      vertex -17.4853 -7.3 15.2718
      vertex -17.6247 -7.3 15.4992
    endloop
  endfacet
  facet normal -0.852558 0 -0.522632
    outer loop
      vertex -17.4853 3.9 15.2718
      vertex -17.6247 4.05 15.4992
      vertex -17.4853 4.05 15.2718
    endloop
  endfacet
  facet normal -0.852558 -0 -0.522632
    outer loop
      vertex -17.6247 4.05 15.4992
      vertex -17.4853 3.9 15.2718
      vertex -17.6247 3.9 15.4992
    endloop
  endfacet
  facet normal 0.522632 0 -0.852558
    outer loop
      vertex -19.9992 -7.3 15.8753
      vertex -19.7718 -3.9 16.0147
      vertex -19.7718 -7.3 16.0147
    endloop
  endfacet
  facet normal 0.522632 0 -0.852558
    outer loop
      vertex -19.7718 -3.9 16.0147
      vertex -19.9992 -7.3 15.8753
      vertex -19.9992 -3.9 15.8753
    endloop
  endfacet
  facet normal 0.522632 0 -0.852558
    outer loop
      vertex -19.9992 3.9 15.8753
      vertex -19.7718 4.05 16.0147
      vertex -19.7718 3.9 16.0147
    endloop
  endfacet
  facet normal 0.522632 0 -0.852558
    outer loop
      vertex -19.7718 4.05 16.0147
      vertex -19.9992 3.9 15.8753
      vertex -19.9992 4.05 15.8753
    endloop
  endfacet
  facet normal 0.852558 -0 0.522632
    outer loop
      vertex -20.5147 -7.3 13.7282
      vertex -20.3753 -3.9 13.5008
      vertex -20.5147 -3.9 13.7282
    endloop
  endfacet
  facet normal 0.852558 0 0.522632
    outer loop
      vertex -20.3753 -3.9 13.5008
      vertex -20.5147 -7.3 13.7282
      vertex -20.3753 -7.3 13.5008
    endloop
  endfacet
  facet normal 0.852558 -0 0.522632
    outer loop
      vertex -20.5147 3.9 13.7282
      vertex -20.3753 4.05 13.5008
      vertex -20.5147 4.05 13.7282
    endloop
  endfacet
  facet normal 0.852558 0 0.522632
    outer loop
      vertex -20.3753 4.05 13.5008
      vertex -20.5147 3.9 13.7282
      vertex -20.3753 3.9 13.5008
    endloop
  endfacet
  facet normal 0.649247 0 0.760578
    outer loop
      vertex -20.2021 -3.9 13.2979
      vertex -19.9992 -7.3 13.1247
      vertex -19.9992 -3.9 13.1247
    endloop
  endfacet
  facet normal 0.649247 0 0.760578
    outer loop
      vertex -19.9992 -7.3 13.1247
      vertex -20.2021 -3.9 13.2979
      vertex -20.2021 -7.3 13.2979
    endloop
  endfacet
  facet normal 0.649247 0 0.760578
    outer loop
      vertex -20.2021 4.05 13.2979
      vertex -19.9992 3.9 13.1247
      vertex -19.9992 4.05 13.1247
    endloop
  endfacet
  facet normal 0.649247 0 0.760578
    outer loop
      vertex -19.9992 3.9 13.1247
      vertex -20.2021 4.05 13.2979
      vertex -20.2021 3.9 13.2979
    endloop
  endfacet
  facet normal 0.923884 -0 0.382672
    outer loop
      vertex -20.6168 -7.3 13.9747
      vertex -20.5147 -3.9 13.7282
      vertex -20.6168 -3.9 13.9747
    endloop
  endfacet
  facet normal 0.923884 0 0.382672
    outer loop
      vertex -20.5147 -3.9 13.7282
      vertex -20.6168 -7.3 13.9747
      vertex -20.5147 -7.3 13.7282
    endloop
  endfacet
  facet normal 0.923884 -0 0.382672
    outer loop
      vertex -20.6168 3.9 13.9747
      vertex -20.5147 4.05 13.7282
      vertex -20.6168 4.05 13.9747
    endloop
  endfacet
  facet normal 0.923884 0 0.382672
    outer loop
      vertex -20.5147 4.05 13.7282
      vertex -20.6168 3.9 13.9747
      vertex -20.5147 3.9 13.7282
    endloop
  endfacet
  facet normal -0.923884 0 0.382672
    outer loop
      vertex -17.4853 -7.3 13.7282
      vertex -17.3832 -3.9 13.9747
      vertex -17.4853 -3.9 13.7282
    endloop
  endfacet
  facet normal -0.923884 0 0.382672
    outer loop
      vertex -17.3832 -3.9 13.9747
      vertex -17.4853 -7.3 13.7282
      vertex -17.3832 -7.3 13.9747
    endloop
  endfacet
  facet normal -0.923884 0 0.382672
    outer loop
      vertex -17.4853 3.9 13.7282
      vertex -17.3832 4.05 13.9747
      vertex -17.4853 4.05 13.7282
    endloop
  endfacet
  facet normal -0.923884 0 0.382672
    outer loop
      vertex -17.3832 4.05 13.9747
      vertex -17.4853 3.9 13.7282
      vertex -17.3832 3.9 13.9747
    endloop
  endfacet
  facet normal 0.996925 -0 0.0783593
    outer loop
      vertex -20.7 -7.3 14.5
      vertex -20.6791 -3.9 14.2341
      vertex -20.7 -3.9 14.5
    endloop
  endfacet
  facet normal 0.996925 0 0.0783593
    outer loop
      vertex -20.6791 -3.9 14.2341
      vertex -20.7 -7.3 14.5
      vertex -20.6791 -7.3 14.2341
    endloop
  endfacet
  facet normal 0.996925 -0 0.0783593
    outer loop
      vertex -20.7 3.9 14.5
      vertex -20.6791 4.05 14.2341
      vertex -20.7 4.05 14.5
    endloop
  endfacet
  facet normal 0.996925 0 0.0783593
    outer loop
      vertex -20.6791 4.05 14.2341
      vertex -20.7 3.9 14.5
      vertex -20.6791 3.9 14.2341
    endloop
  endfacet
  facet normal -0.522632 0 0.852558
    outer loop
      vertex -18.2282 -3.9 12.9853
      vertex -18.0008 -7.3 13.1247
      vertex -18.0008 -3.9 13.1247
    endloop
  endfacet
  facet normal -0.522632 0 0.852558
    outer loop
      vertex -18.0008 -7.3 13.1247
      vertex -18.2282 -3.9 12.9853
      vertex -18.2282 -7.3 12.9853
    endloop
  endfacet
  facet normal -0.522632 0 0.852558
    outer loop
      vertex -18.2282 4.05 12.9853
      vertex -18.0008 3.9 13.1247
      vertex -18.0008 4.05 13.1247
    endloop
  endfacet
  facet normal -0.522632 0 0.852558
    outer loop
      vertex -18.0008 3.9 13.1247
      vertex -18.2282 4.05 12.9853
      vertex -18.2282 3.9 12.9853
    endloop
  endfacet
  facet normal -0.649247 0 0.760578
    outer loop
      vertex -18.0008 -3.9 13.1247
      vertex -17.7979 -7.3 13.2979
      vertex -17.7979 -3.9 13.2979
    endloop
  endfacet
  facet normal -0.649247 0 0.760578
    outer loop
      vertex -17.7979 -7.3 13.2979
      vertex -18.0008 -3.9 13.1247
      vertex -18.0008 -7.3 13.1247
    endloop
  endfacet
  facet normal -0.649247 0 0.760578
    outer loop
      vertex -18.0008 4.05 13.1247
      vertex -17.7979 3.9 13.2979
      vertex -17.7979 4.05 13.2979
    endloop
  endfacet
  facet normal -0.649247 0 0.760578
    outer loop
      vertex -17.7979 3.9 13.2979
      vertex -18.0008 4.05 13.1247
      vertex -18.0008 3.9 13.1247
    endloop
  endfacet
  facet normal 0.852558 0 -0.522632
    outer loop
      vertex -20.3753 -7.3 15.4992
      vertex -20.5147 -3.9 15.2718
      vertex -20.3753 -3.9 15.4992
    endloop
  endfacet
  facet normal 0.852558 0 -0.522632
    outer loop
      vertex -20.5147 -3.9 15.2718
      vertex -20.3753 -7.3 15.4992
      vertex -20.5147 -7.3 15.2718
    endloop
  endfacet
  facet normal 0.852558 0 -0.522632
    outer loop
      vertex -20.3753 3.9 15.4992
      vertex -20.5147 4.05 15.2718
      vertex -20.3753 4.05 15.4992
    endloop
  endfacet
  facet normal 0.852558 0 -0.522632
    outer loop
      vertex -20.5147 4.05 15.2718
      vertex -20.3753 3.9 15.4992
      vertex -20.5147 3.9 15.2718
    endloop
  endfacet
  facet normal -0.0783593 0 -0.996925
    outer loop
      vertex -19 -7.3 16.2
      vertex -18.7341 -3.9 16.1791
      vertex -18.7341 -7.3 16.1791
    endloop
  endfacet
  facet normal -0.0783593 0 -0.996925
    outer loop
      vertex -18.7341 -3.9 16.1791
      vertex -19 -7.3 16.2
      vertex -19 -3.9 16.2
    endloop
  endfacet
  facet normal -0.0783593 0 -0.996925
    outer loop
      vertex -19 3.9 16.2
      vertex -18.7341 4.05 16.1791
      vertex -18.7341 3.9 16.1791
    endloop
  endfacet
  facet normal -0.0783593 0 -0.996925
    outer loop
      vertex -18.7341 4.05 16.1791
      vertex -19 3.9 16.2
      vertex -19 4.05 16.2
    endloop
  endfacet
  facet normal 0.499997 0 -0.866027
    outer loop
      vertex 16.2287 4.05 16.1
      vertex 19 7.3 17.7
      vertex 19 4.05 17.7
    endloop
  endfacet
  facet normal 0.499997 0 -0.866027
    outer loop
      vertex 19 7.3 17.7
      vertex 16.2287 4.05 16.1
      vertex 16.2287 7.3 16.1
    endloop
  endfacet
  facet normal 0.499997 0 0.866027
    outer loop
      vertex 16.2287 7.3 12.9
      vertex 19 4.05 11.3
      vertex 19 7.3 11.3
    endloop
  endfacet
  facet normal 0.499997 0 0.866027
    outer loop
      vertex 19 4.05 11.3
      vertex 16.2287 7.3 12.9
      vertex 16.2287 4.05 12.9
    endloop
  endfacet
  facet normal -1 0 0
    outer loop
      vertex 21.7713 4.05 12.9
      vertex 21.7713 7.3 16.1
      vertex 21.7713 7.3 12.9
    endloop
  endfacet
  facet normal -1 -0 0
    outer loop
      vertex 21.7713 7.3 16.1
      vertex 21.7713 4.05 12.9
      vertex 21.7713 4.05 16.1
    endloop
  endfacet
  facet normal -0.499997 0 -0.866027
    outer loop
      vertex 19 4.05 17.7
      vertex 21.7713 7.3 16.1
      vertex 21.7713 4.05 16.1
    endloop
  endfacet
  facet normal -0.499997 0 -0.866027
    outer loop
      vertex 21.7713 7.3 16.1
      vertex 19 4.05 17.7
      vertex 19 7.3 17.7
    endloop
  endfacet
  facet normal 1 -0 0
    outer loop
      vertex 16.2287 4.05 16.1
      vertex 16.2287 7.3 12.9
      vertex 16.2287 7.3 16.1
    endloop
  endfacet
  facet normal 1 0 0
    outer loop
      vertex 16.2287 7.3 12.9
      vertex 16.2287 4.05 16.1
      vertex 16.2287 4.05 12.9
    endloop
  endfacet
  facet normal -0.499997 0 0.866027
    outer loop
      vertex 19 7.3 11.3
      vertex 21.7713 4.05 12.9
      vertex 21.7713 7.3 12.9
    endloop
  endfacet
  facet normal -0.499997 0 0.866027
    outer loop
      vertex 21.7713 4.05 12.9
      vertex 19 7.3 11.3
      vertex 19 4.05 11.3
    endloop
  endfacet
  facet normal 0 1 0
    outer loop
      vertex 19 4.05 17.7
      vertex 19.2659 4.05 16.1791
      vertex 19 4.05 16.2
    endloop
  endfacet
  facet normal 0 1 0
    outer loop
      vertex 19 4.05 17.7
      vertex 19.5253 4.05 16.1168
      vertex 19.2659 4.05 16.1791
    endloop
  endfacet
  facet normal 0 1 -0
    outer loop
      vertex 19.7718 4.05 16.0147
      vertex 19 4.05 17.7
      vertex 21.7713 4.05 16.1
    endloop
  endfacet
  facet normal 0 1 0
    outer loop
      vertex 19 4.05 17.7
      vertex 19.7718 4.05 16.0147
      vertex 19.5253 4.05 16.1168
    endloop
  endfacet
  facet normal 0 1 0
    outer loop
      vertex 21.7713 4.05 16.1
      vertex 19.9992 4.05 15.8753
      vertex 19.7718 4.05 16.0147
    endloop
  endfacet
  facet normal 0 1 0
    outer loop
      vertex 21.7713 4.05 16.1
      vertex 20.2021 4.05 15.7021
      vertex 19.9992 4.05 15.8753
    endloop
  endfacet
  facet normal 0 1 0
    outer loop
      vertex 21.7713 4.05 16.1
      vertex 20.3753 4.05 15.4992
      vertex 20.2021 4.05 15.7021
    endloop
  endfacet
  facet normal 0 1 0
    outer loop
      vertex 21.7713 4.05 16.1
      vertex 20.5147 4.05 15.2718
      vertex 20.3753 4.05 15.4992
    endloop
  endfacet
  facet normal 0 1 0
    outer loop
      vertex 21.7713 4.05 16.1
      vertex 20.6168 4.05 15.0253
      vertex 20.5147 4.05 15.2718
    endloop
  endfacet
  facet normal 0 1 0
    outer loop
      vertex 21.7713 4.05 16.1
      vertex 20.6791 4.05 14.7659
      vertex 20.6168 4.05 15.0253
    endloop
  endfacet
  facet normal 0 1 0
    outer loop
      vertex 21.7713 4.05 16.1
      vertex 20.7 4.05 14.5
      vertex 20.6791 4.05 14.7659
    endloop
  endfacet
  facet normal 0 1 -0
    outer loop
      vertex 21.7713 4.05 12.9
      vertex 20.7 4.05 14.5
      vertex 21.7713 4.05 16.1
    endloop
  endfacet
  facet normal 0 1 0
    outer loop
      vertex 20.7 4.05 14.5
      vertex 21.7713 4.05 12.9
      vertex 20.6791 4.05 14.2341
    endloop
  endfacet
  facet normal 0 1 0
    outer loop
      vertex 20.6791 4.05 14.2341
      vertex 21.7713 4.05 12.9
      vertex 20.6168 4.05 13.9747
    endloop
  endfacet
  facet normal 0 1 0
    outer loop
      vertex 20.6168 4.05 13.9747
      vertex 21.7713 4.05 12.9
      vertex 20.5147 4.05 13.7282
    endloop
  endfacet
  facet normal 0 1 0
    outer loop
      vertex 21.7713 4.05 12.9
      vertex 20.3753 4.05 13.5008
      vertex 20.5147 4.05 13.7282
    endloop
  endfacet
  facet normal 0 1 0
    outer loop
      vertex 21.7713 4.05 12.9
      vertex 20.2021 4.05 13.2979
      vertex 20.3753 4.05 13.5008
    endloop
  endfacet
  facet normal 0 1 0
    outer loop
      vertex 21.7713 4.05 12.9
      vertex 19.9992 4.05 13.1247
      vertex 20.2021 4.05 13.2979
    endloop
  endfacet
  facet normal 0 1 0
    outer loop
      vertex 21.7713 4.05 12.9
      vertex 19.7718 4.05 12.9853
      vertex 19.9992 4.05 13.1247
    endloop
  endfacet
  facet normal 0 1 0
    outer loop
      vertex 19 4.05 11.3
      vertex 19.7718 4.05 12.9853
      vertex 21.7713 4.05 12.9
    endloop
  endfacet
  facet normal 0 1 0
    outer loop
      vertex 19.7718 4.05 12.9853
      vertex 19 4.05 11.3
      vertex 19.5253 4.05 12.8832
    endloop
  endfacet
  facet normal 0 1 0
    outer loop
      vertex 19.5253 4.05 12.8832
      vertex 19 4.05 11.3
      vertex 19.2659 4.05 12.8209
    endloop
  endfacet
  facet normal 0 1 0
    outer loop
      vertex 19.2659 4.05 12.8209
      vertex 19 4.05 11.3
      vertex 19 4.05 12.8
    endloop
  endfacet
  facet normal 0 1 0
    outer loop
      vertex 18.7341 4.05 16.1791
      vertex 19 4.05 17.7
      vertex 19 4.05 16.2
    endloop
  endfacet
  facet normal 0 1 0
    outer loop
      vertex 18.4747 4.05 16.1168
      vertex 19 4.05 17.7
      vertex 18.7341 4.05 16.1791
    endloop
  endfacet
  facet normal 0 1 0
    outer loop
      vertex 18.2282 4.05 16.0147
      vertex 19 4.05 17.7
      vertex 18.4747 4.05 16.1168
    endloop
  endfacet
  facet normal 0 1 0
    outer loop
      vertex 19 4.05 17.7
      vertex 18.2282 4.05 16.0147
      vertex 16.2287 4.05 16.1
    endloop
  endfacet
  facet normal 0 1 -0
    outer loop
      vertex 18.0008 4.05 15.8753
      vertex 16.2287 4.05 16.1
      vertex 18.2282 4.05 16.0147
    endloop
  endfacet
  facet normal 0 1 -0
    outer loop
      vertex 17.7979 4.05 15.7021
      vertex 16.2287 4.05 16.1
      vertex 18.0008 4.05 15.8753
    endloop
  endfacet
  facet normal 0 1 -0
    outer loop
      vertex 17.6247 4.05 15.4992
      vertex 16.2287 4.05 16.1
      vertex 17.7979 4.05 15.7021
    endloop
  endfacet
  facet normal 0 1 -0
    outer loop
      vertex 17.4853 4.05 15.2718
      vertex 16.2287 4.05 16.1
      vertex 17.6247 4.05 15.4992
    endloop
  endfacet
  facet normal 0 1 -0
    outer loop
      vertex 17.3832 4.05 15.0253
      vertex 16.2287 4.05 16.1
      vertex 17.4853 4.05 15.2718
    endloop
  endfacet
  facet normal 0 1 -0
    outer loop
      vertex 17.3209 4.05 14.7659
      vertex 16.2287 4.05 16.1
      vertex 17.3832 4.05 15.0253
    endloop
  endfacet
  facet normal 0 1 -0
    outer loop
      vertex 17.3 4.05 14.5
      vertex 16.2287 4.05 16.1
      vertex 17.3209 4.05 14.7659
    endloop
  endfacet
  facet normal 0 1 0
    outer loop
      vertex 16.2287 4.05 12.9
      vertex 17.3 4.05 14.5
      vertex 17.3209 4.05 14.2341
    endloop
  endfacet
  facet normal 0 1 0
    outer loop
      vertex 16.2287 4.05 12.9
      vertex 17.3209 4.05 14.2341
      vertex 17.3832 4.05 13.9747
    endloop
  endfacet
  facet normal 0 1 0
    outer loop
      vertex 16.2287 4.05 12.9
      vertex 17.3832 4.05 13.9747
      vertex 17.4853 4.05 13.7282
    endloop
  endfacet
  facet normal 0 1 0
    outer loop
      vertex 17.3 4.05 14.5
      vertex 16.2287 4.05 12.9
      vertex 16.2287 4.05 16.1
    endloop
  endfacet
  facet normal 0 1 0
    outer loop
      vertex 17.6247 4.05 13.5008
      vertex 16.2287 4.05 12.9
      vertex 17.4853 4.05 13.7282
    endloop
  endfacet
  facet normal 0 1 0
    outer loop
      vertex 17.7979 4.05 13.2979
      vertex 16.2287 4.05 12.9
      vertex 17.6247 4.05 13.5008
    endloop
  endfacet
  facet normal 0 1 0
    outer loop
      vertex 18.0008 4.05 13.1247
      vertex 16.2287 4.05 12.9
      vertex 17.7979 4.05 13.2979
    endloop
  endfacet
  facet normal 0 1 0
    outer loop
      vertex 18.2282 4.05 12.9853
      vertex 16.2287 4.05 12.9
      vertex 18.0008 4.05 13.1247
    endloop
  endfacet
  facet normal 0 1 0
    outer loop
      vertex 19 4.05 11.3
      vertex 18.2282 4.05 12.9853
      vertex 18.4747 4.05 12.8832
    endloop
  endfacet
  facet normal 0 1 0
    outer loop
      vertex 19 4.05 11.3
      vertex 18.4747 4.05 12.8832
      vertex 18.7341 4.05 12.8209
    endloop
  endfacet
  facet normal 0 1 -0
    outer loop
      vertex 19 4.05 11.3
      vertex 18.7341 4.05 12.8209
      vertex 19 4.05 12.8
    endloop
  endfacet
  facet normal 0 1 0
    outer loop
      vertex 18.2282 4.05 12.9853
      vertex 19 4.05 11.3
      vertex 16.2287 4.05 12.9
    endloop
  endfacet
  facet normal -0.499997 0 -0.866027
    outer loop
      vertex -19 4.05 17.7
      vertex -16.2287 7.3 16.1
      vertex -16.2287 4.05 16.1
    endloop
  endfacet
  facet normal -0.499997 0 -0.866027
    outer loop
      vertex -16.2287 7.3 16.1
      vertex -19 4.05 17.7
      vertex -19 7.3 17.7
    endloop
  endfacet
  facet normal 0 1 0
    outer loop
      vertex -19 4.05 17.7
      vertex -18.7341 4.05 16.1791
      vertex -19 4.05 16.2
    endloop
  endfacet
  facet normal 0 1 0
    outer loop
      vertex -19 4.05 17.7
      vertex -18.4747 4.05 16.1168
      vertex -18.7341 4.05 16.1791
    endloop
  endfacet
  facet normal 0 1 -0
    outer loop
      vertex -18.2282 4.05 16.0147
      vertex -19 4.05 17.7
      vertex -16.2287 4.05 16.1
    endloop
  endfacet
  facet normal 0 1 0
    outer loop
      vertex -19 4.05 17.7
      vertex -18.2282 4.05 16.0147
      vertex -18.4747 4.05 16.1168
    endloop
  endfacet
  facet normal 0 1 0
    outer loop
      vertex -16.2287 4.05 16.1
      vertex -18.0008 4.05 15.8753
      vertex -18.2282 4.05 16.0147
    endloop
  endfacet
  facet normal 0 1 0
    outer loop
      vertex -16.2287 4.05 16.1
      vertex -17.7979 4.05 15.7021
      vertex -18.0008 4.05 15.8753
    endloop
  endfacet
  facet normal 0 1 0
    outer loop
      vertex -16.2287 4.05 16.1
      vertex -17.6247 4.05 15.4992
      vertex -17.7979 4.05 15.7021
    endloop
  endfacet
  facet normal 0 1 0
    outer loop
      vertex -16.2287 4.05 16.1
      vertex -17.4853 4.05 15.2718
      vertex -17.6247 4.05 15.4992
    endloop
  endfacet
  facet normal 0 1 0
    outer loop
      vertex -16.2287 4.05 16.1
      vertex -17.3832 4.05 15.0253
      vertex -17.4853 4.05 15.2718
    endloop
  endfacet
  facet normal 0 1 0
    outer loop
      vertex -16.2287 4.05 16.1
      vertex -17.3209 4.05 14.7659
      vertex -17.3832 4.05 15.0253
    endloop
  endfacet
  facet normal 0 1 0
    outer loop
      vertex -16.2287 4.05 16.1
      vertex -17.3 4.05 14.5
      vertex -17.3209 4.05 14.7659
    endloop
  endfacet
  facet normal 0 1 -0
    outer loop
      vertex -16.2287 4.05 12.9
      vertex -17.3 4.05 14.5
      vertex -16.2287 4.05 16.1
    endloop
  endfacet
  facet normal 0 1 0
    outer loop
      vertex -17.3 4.05 14.5
      vertex -16.2287 4.05 12.9
      vertex -17.3209 4.05 14.2341
    endloop
  endfacet
  facet normal 0 1 0
    outer loop
      vertex -17.3209 4.05 14.2341
      vertex -16.2287 4.05 12.9
      vertex -17.3832 4.05 13.9747
    endloop
  endfacet
  facet normal 0 1 0
    outer loop
      vertex -17.3832 4.05 13.9747
      vertex -16.2287 4.05 12.9
      vertex -17.4853 4.05 13.7282
    endloop
  endfacet
  facet normal 0 1 0
    outer loop
      vertex -16.2287 4.05 12.9
      vertex -17.6247 4.05 13.5008
      vertex -17.4853 4.05 13.7282
    endloop
  endfacet
  facet normal 0 1 0
    outer loop
      vertex -16.2287 4.05 12.9
      vertex -17.7979 4.05 13.2979
      vertex -17.6247 4.05 13.5008
    endloop
  endfacet
  facet normal 0 1 0
    outer loop
      vertex -16.2287 4.05 12.9
      vertex -18.0008 4.05 13.1247
      vertex -17.7979 4.05 13.2979
    endloop
  endfacet
  facet normal 0 1 0
    outer loop
      vertex -16.2287 4.05 12.9
      vertex -18.2282 4.05 12.9853
      vertex -18.0008 4.05 13.1247
    endloop
  endfacet
  facet normal 0 1 0
    outer loop
      vertex -19 4.05 11.3
      vertex -18.2282 4.05 12.9853
      vertex -16.2287 4.05 12.9
    endloop
  endfacet
  facet normal 0 1 0
    outer loop
      vertex -18.2282 4.05 12.9853
      vertex -19 4.05 11.3
      vertex -18.4747 4.05 12.8832
    endloop
  endfacet
  facet normal 0 1 0
    outer loop
      vertex -18.4747 4.05 12.8832
      vertex -19 4.05 11.3
      vertex -18.7341 4.05 12.8209
    endloop
  endfacet
  facet normal 0 1 0
    outer loop
      vertex -18.7341 4.05 12.8209
      vertex -19 4.05 11.3
      vertex -19 4.05 12.8
    endloop
  endfacet
  facet normal 0 1 0
    outer loop
      vertex -19.2659 4.05 16.1791
      vertex -19 4.05 17.7
      vertex -19 4.05 16.2
    endloop
  endfacet
  facet normal 0 1 0
    outer loop
      vertex -19.5253 4.05 16.1168
      vertex -19 4.05 17.7
      vertex -19.2659 4.05 16.1791
    endloop
  endfacet
  facet normal 0 1 0
    outer loop
      vertex -19.7718 4.05 16.0147
      vertex -19 4.05 17.7
      vertex -19.5253 4.05 16.1168
    endloop
  endfacet
  facet normal 0 1 0
    outer loop
      vertex -19 4.05 17.7
      vertex -19.7718 4.05 16.0147
      vertex -21.7713 4.05 16.1
    endloop
  endfacet
  facet normal 0 1 -0
    outer loop
      vertex -19.9992 4.05 15.8753
      vertex -21.7713 4.05 16.1
      vertex -19.7718 4.05 16.0147
    endloop
  endfacet
  facet normal 0 1 -0
    outer loop
      vertex -20.2021 4.05 15.7021
      vertex -21.7713 4.05 16.1
      vertex -19.9992 4.05 15.8753
    endloop
  endfacet
  facet normal 0 1 -0
    outer loop
      vertex -20.3753 4.05 15.4992
      vertex -21.7713 4.05 16.1
      vertex -20.2021 4.05 15.7021
    endloop
  endfacet
  facet normal 0 1 -0
    outer loop
      vertex -20.5147 4.05 15.2718
      vertex -21.7713 4.05 16.1
      vertex -20.3753 4.05 15.4992
    endloop
  endfacet
  facet normal 0 1 -0
    outer loop
      vertex -20.6168 4.05 15.0253
      vertex -21.7713 4.05 16.1
      vertex -20.5147 4.05 15.2718
    endloop
  endfacet
  facet normal 0 1 -0
    outer loop
      vertex -20.6791 4.05 14.7659
      vertex -21.7713 4.05 16.1
      vertex -20.6168 4.05 15.0253
    endloop
  endfacet
  facet normal 0 1 -0
    outer loop
      vertex -20.7 4.05 14.5
      vertex -21.7713 4.05 16.1
      vertex -20.6791 4.05 14.7659
    endloop
  endfacet
  facet normal 0 1 0
    outer loop
      vertex -21.7713 4.05 12.9
      vertex -20.7 4.05 14.5
      vertex -20.6791 4.05 14.2341
    endloop
  endfacet
  facet normal 0 1 0
    outer loop
      vertex -21.7713 4.05 12.9
      vertex -20.6791 4.05 14.2341
      vertex -20.6168 4.05 13.9747
    endloop
  endfacet
  facet normal 0 1 0
    outer loop
      vertex -21.7713 4.05 12.9
      vertex -20.6168 4.05 13.9747
      vertex -20.5147 4.05 13.7282
    endloop
  endfacet
  facet normal 0 1 0
    outer loop
      vertex -20.7 4.05 14.5
      vertex -21.7713 4.05 12.9
      vertex -21.7713 4.05 16.1
    endloop
  endfacet
  facet normal 0 1 0
    outer loop
      vertex -20.3753 4.05 13.5008
      vertex -21.7713 4.05 12.9
      vertex -20.5147 4.05 13.7282
    endloop
  endfacet
  facet normal 0 1 0
    outer loop
      vertex -20.2021 4.05 13.2979
      vertex -21.7713 4.05 12.9
      vertex -20.3753 4.05 13.5008
    endloop
  endfacet
  facet normal 0 1 0
    outer loop
      vertex -19.9992 4.05 13.1247
      vertex -21.7713 4.05 12.9
      vertex -20.2021 4.05 13.2979
    endloop
  endfacet
  facet normal 0 1 0
    outer loop
      vertex -19.7718 4.05 12.9853
      vertex -21.7713 4.05 12.9
      vertex -19.9992 4.05 13.1247
    endloop
  endfacet
  facet normal 0 1 0
    outer loop
      vertex -19 4.05 11.3
      vertex -19.7718 4.05 12.9853
      vertex -19.5253 4.05 12.8832
    endloop
  endfacet
  facet normal 0 1 0
    outer loop
      vertex -19 4.05 11.3
      vertex -19.5253 4.05 12.8832
      vertex -19.2659 4.05 12.8209
    endloop
  endfacet
  facet normal 0 1 -0
    outer loop
      vertex -19 4.05 11.3
      vertex -19.2659 4.05 12.8209
      vertex -19 4.05 12.8
    endloop
  endfacet
  facet normal 0 1 0
    outer loop
      vertex -19.7718 4.05 12.9853
      vertex -19 4.05 11.3
      vertex -21.7713 4.05 12.9
    endloop
  endfacet
  facet normal 0.499997 0 -0.866027
    outer loop
      vertex -21.7713 4.05 16.1
      vertex -19 7.3 17.7
      vertex -19 4.05 17.7
    endloop
  endfacet
  facet normal 0.499997 0 -0.866027
    outer loop
      vertex -19 7.3 17.7
      vertex -21.7713 4.05 16.1
      vertex -21.7713 7.3 16.1
    endloop
  endfacet
  facet normal 0.499997 0 0.866027
    outer loop
      vertex -21.7713 7.3 12.9
      vertex -19 4.05 11.3
      vertex -19 7.3 11.3
    endloop
  endfacet
  facet normal 0.499997 0 0.866027
    outer loop
      vertex -19 4.05 11.3
      vertex -21.7713 7.3 12.9
      vertex -21.7713 4.05 12.9
    endloop
  endfacet
  facet normal -1 0 0
    outer loop
      vertex -16.2287 4.05 12.9
      vertex -16.2287 7.3 16.1
      vertex -16.2287 7.3 12.9
    endloop
  endfacet
  facet normal -1 -0 0
    outer loop
      vertex -16.2287 7.3 16.1
      vertex -16.2287 4.05 12.9
      vertex -16.2287 4.05 16.1
    endloop
  endfacet
  facet normal 1 -0 0
    outer loop
      vertex -21.7713 4.05 16.1
      vertex -21.7713 7.3 12.9
      vertex -21.7713 7.3 16.1
    endloop
  endfacet
  facet normal 1 0 0
    outer loop
      vertex -21.7713 7.3 12.9
      vertex -21.7713 4.05 16.1
      vertex -21.7713 4.05 12.9
    endloop
  endfacet
  facet normal -0.499997 0 0.866027
    outer loop
      vertex -19 7.3 11.3
      vertex -16.2287 4.05 12.9
      vertex -16.2287 7.3 12.9
    endloop
  endfacet
  facet normal -0.499997 0 0.866027
    outer loop
      vertex -16.2287 4.05 12.9
      vertex -19 7.3 11.3
      vertex -19 4.05 11.3
    endloop
  endfacet
  facet normal -0.649346 0 -0.760493
    outer loop
      vertex 0.999234 -7.3 28.3753
      vertex 1.20208 -3.9 28.2021
      vertex 1.20208 -7.3 28.2021
    endloop
  endfacet
  facet normal -0.649346 0 -0.760493
    outer loop
      vertex 1.20208 -3.9 28.2021
      vertex 0.999234 -7.3 28.3753
      vertex 0.999234 -3.9 28.3753
    endloop
  endfacet
  facet normal -0.649346 0 -0.760493
    outer loop
      vertex 0.999234 3.9 28.3753
      vertex 1.20208 4.05 28.2021
      vertex 1.20208 3.9 28.2021
    endloop
  endfacet
  facet normal -0.649346 0 -0.760493
    outer loop
      vertex 1.20208 4.05 28.2021
      vertex 0.999234 3.9 28.3753
      vertex 0.999234 4.05 28.3753
    endloop
  endfacet
  facet normal 0.760485 0 -0.649355
    outer loop
      vertex -1.20208 -7.3 28.2021
      vertex -1.37533 -3.9 27.9992
      vertex -1.20208 -3.9 28.2021
    endloop
  endfacet
  facet normal 0.760485 0 -0.649355
    outer loop
      vertex -1.37533 -3.9 27.9992
      vertex -1.20208 -7.3 28.2021
      vertex -1.37533 -7.3 27.9992
    endloop
  endfacet
  facet normal 0.760485 0 -0.649355
    outer loop
      vertex -1.20208 3.9 28.2021
      vertex -1.37533 4.05 27.9992
      vertex -1.20208 4.05 28.2021
    endloop
  endfacet
  facet normal 0.760485 0 -0.649355
    outer loop
      vertex -1.37533 4.05 27.9992
      vertex -1.20208 3.9 28.2021
      vertex -1.37533 3.9 27.9992
    endloop
  endfacet
  facet normal 0.852592 0 -0.522578
    outer loop
      vertex -1.37533 -7.3 27.9992
      vertex -1.51471 -3.9 27.7718
      vertex -1.37533 -3.9 27.9992
    endloop
  endfacet
  facet normal 0.852592 0 -0.522578
    outer loop
      vertex -1.51471 -3.9 27.7718
      vertex -1.37533 -7.3 27.9992
      vertex -1.51471 -7.3 27.7718
    endloop
  endfacet
  facet normal 0.852592 0 -0.522578
    outer loop
      vertex -1.37533 3.9 27.9992
      vertex -1.51471 4.05 27.7718
      vertex -1.37533 4.05 27.9992
    endloop
  endfacet
  facet normal 0.852592 0 -0.522578
    outer loop
      vertex -1.51471 4.05 27.7718
      vertex -1.37533 3.9 27.9992
      vertex -1.51471 3.9 27.7718
    endloop
  endfacet
  facet normal -0.522549 0 0.852609
    outer loop
      vertex 0.771784 -3.9 25.4853
      vertex 0.999234 -7.3 25.6247
      vertex 0.999234 -3.9 25.6247
    endloop
  endfacet
  facet normal -0.522549 0 0.852609
    outer loop
      vertex 0.999234 -7.3 25.6247
      vertex 0.771784 -3.9 25.4853
      vertex 0.771784 -7.3 25.4853
    endloop
  endfacet
  facet normal -0.522549 0 0.852609
    outer loop
      vertex 0.771784 4.05 25.4853
      vertex 0.999234 3.9 25.6247
      vertex 0.999234 4.05 25.6247
    endloop
  endfacet
  facet normal -0.522549 0 0.852609
    outer loop
      vertex 0.999234 3.9 25.6247
      vertex 0.771784 4.05 25.4853
      vertex 0.771784 3.9 25.4853
    endloop
  endfacet
  facet normal 0.972375 0 -0.233423
    outer loop
      vertex -1.6168 -7.3 27.5253
      vertex -1.67907 -3.9 27.2659
      vertex -1.6168 -3.9 27.5253
    endloop
  endfacet
  facet normal 0.972375 0 -0.233423
    outer loop
      vertex -1.67907 -3.9 27.2659
      vertex -1.6168 -7.3 27.5253
      vertex -1.67907 -7.3 27.2659
    endloop
  endfacet
  facet normal 0.972375 0 -0.233423
    outer loop
      vertex -1.6168 3.9 27.5253
      vertex -1.67907 4.05 27.2659
      vertex -1.6168 4.05 27.5253
    endloop
  endfacet
  facet normal 0.972375 0 -0.233423
    outer loop
      vertex -1.67907 4.05 27.2659
      vertex -1.6168 3.9 27.5253
      vertex -1.67907 3.9 27.2659
    endloop
  endfacet
  facet normal -0.923898 0 -0.38264
    outer loop
      vertex 1.6168 -7.3 27.5253
      vertex 1.51471 -3.9 27.7718
      vertex 1.6168 -3.9 27.5253
    endloop
  endfacet
  facet normal -0.923898 -0 -0.38264
    outer loop
      vertex 1.51471 -3.9 27.7718
      vertex 1.6168 -7.3 27.5253
      vertex 1.51471 -7.3 27.7718
    endloop
  endfacet
  facet normal -0.923898 0 -0.38264
    outer loop
      vertex 1.6168 3.9 27.5253
      vertex 1.51471 4.05 27.7718
      vertex 1.6168 4.05 27.5253
    endloop
  endfacet
  facet normal -0.923898 -0 -0.38264
    outer loop
      vertex 1.51471 4.05 27.7718
      vertex 1.6168 3.9 27.5253
      vertex 1.51471 3.9 27.7718
    endloop
  endfacet
  facet normal -0.996916 0 -0.0784711
    outer loop
      vertex 1.7 -7.3 27
      vertex 1.67907 -3.9 27.2659
      vertex 1.7 -3.9 27
    endloop
  endfacet
  facet normal -0.996916 -0 -0.0784711
    outer loop
      vertex 1.67907 -3.9 27.2659
      vertex 1.7 -7.3 27
      vertex 1.67907 -7.3 27.2659
    endloop
  endfacet
  facet normal -0.996916 0 -0.0784711
    outer loop
      vertex 1.7 3.9 27
      vertex 1.67907 4.05 27.2659
      vertex 1.7 4.05 27
    endloop
  endfacet
  facet normal -0.996916 -0 -0.0784711
    outer loop
      vertex 1.67907 4.05 27.2659
      vertex 1.7 3.9 27
      vertex 1.67907 3.9 27.2659
    endloop
  endfacet
  facet normal -0.233537 0 0.972348
    outer loop
      vertex 0.265938 -3.9 25.3209
      vertex 0.525329 -7.3 25.3832
      vertex 0.525329 -3.9 25.3832
    endloop
  endfacet
  facet normal -0.233537 0 0.972348
    outer loop
      vertex 0.525329 -7.3 25.3832
      vertex 0.265938 -3.9 25.3209
      vertex 0.265938 -7.3 25.3209
    endloop
  endfacet
  facet normal -0.233537 0 0.972348
    outer loop
      vertex 0.265938 4.05 25.3209
      vertex 0.525329 3.9 25.3832
      vertex 0.525329 4.05 25.3832
    endloop
  endfacet
  facet normal -0.233537 0 0.972348
    outer loop
      vertex 0.525329 3.9 25.3832
      vertex 0.265938 4.05 25.3209
      vertex 0.265938 3.9 25.3209
    endloop
  endfacet
  facet normal -0.382731 0 0.92386
    outer loop
      vertex 0.525329 -3.9 25.3832
      vertex 0.771784 -7.3 25.4853
      vertex 0.771784 -3.9 25.4853
    endloop
  endfacet
  facet normal -0.382731 0 0.92386
    outer loop
      vertex 0.771784 -7.3 25.4853
      vertex 0.525329 -3.9 25.3832
      vertex 0.525329 -7.3 25.3832
    endloop
  endfacet
  facet normal -0.382731 0 0.92386
    outer loop
      vertex 0.525329 4.05 25.3832
      vertex 0.771784 3.9 25.4853
      vertex 0.771784 4.05 25.4853
    endloop
  endfacet
  facet normal -0.382731 0 0.92386
    outer loop
      vertex 0.771784 3.9 25.4853
      vertex 0.525329 4.05 25.3832
      vertex 0.525329 3.9 25.3832
    endloop
  endfacet
  facet normal 0.649346 0 0.760493
    outer loop
      vertex -1.20208 -3.9 25.7979
      vertex -0.999234 -7.3 25.6247
      vertex -0.999234 -3.9 25.6247
    endloop
  endfacet
  facet normal 0.649346 0 0.760493
    outer loop
      vertex -0.999234 -7.3 25.6247
      vertex -1.20208 -3.9 25.7979
      vertex -1.20208 -7.3 25.7979
    endloop
  endfacet
  facet normal 0.649346 0 0.760493
    outer loop
      vertex -1.20208 4.05 25.7979
      vertex -0.999234 3.9 25.6247
      vertex -0.999234 4.05 25.6247
    endloop
  endfacet
  facet normal 0.649346 0 0.760493
    outer loop
      vertex -0.999234 3.9 25.6247
      vertex -1.20208 4.05 25.7979
      vertex -1.20208 3.9 25.7979
    endloop
  endfacet
  facet normal -0.972375 0 -0.233423
    outer loop
      vertex 1.67907 -7.3 27.2659
      vertex 1.6168 -3.9 27.5253
      vertex 1.67907 -3.9 27.2659
    endloop
  endfacet
  facet normal -0.972375 -0 -0.233423
    outer loop
      vertex 1.6168 -3.9 27.5253
      vertex 1.67907 -7.3 27.2659
      vertex 1.6168 -7.3 27.5253
    endloop
  endfacet
  facet normal -0.972375 0 -0.233423
    outer loop
      vertex 1.67907 3.9 27.2659
      vertex 1.6168 4.05 27.5253
      vertex 1.67907 4.05 27.2659
    endloop
  endfacet
  facet normal -0.972375 -0 -0.233423
    outer loop
      vertex 1.6168 4.05 27.5253
      vertex 1.67907 3.9 27.2659
      vertex 1.6168 3.9 27.5253
    endloop
  endfacet
  facet normal -0.923898 0 0.38264
    outer loop
      vertex 1.51471 -7.3 26.2282
      vertex 1.6168 -3.9 26.4747
      vertex 1.51471 -3.9 26.2282
    endloop
  endfacet
  facet normal -0.923898 0 0.38264
    outer loop
      vertex 1.6168 -3.9 26.4747
      vertex 1.51471 -7.3 26.2282
      vertex 1.6168 -7.3 26.4747
    endloop
  endfacet
  facet normal -0.923898 0 0.38264
    outer loop
      vertex 1.51471 3.9 26.2282
      vertex 1.6168 4.05 26.4747
      vertex 1.51471 4.05 26.2282
    endloop
  endfacet
  facet normal -0.923898 0 0.38264
    outer loop
      vertex 1.6168 4.05 26.4747
      vertex 1.51471 3.9 26.2282
      vertex 1.6168 3.9 26.4747
    endloop
  endfacet
  facet normal -0.382731 0 -0.92386
    outer loop
      vertex 0.525329 -7.3 28.6168
      vertex 0.771784 -3.9 28.5147
      vertex 0.771784 -7.3 28.5147
    endloop
  endfacet
  facet normal -0.382731 0 -0.92386
    outer loop
      vertex 0.771784 -3.9 28.5147
      vertex 0.525329 -7.3 28.6168
      vertex 0.525329 -3.9 28.6168
    endloop
  endfacet
  facet normal -0.382731 0 -0.92386
    outer loop
      vertex 0.525329 3.9 28.6168
      vertex 0.771784 4.05 28.5147
      vertex 0.771784 3.9 28.5147
    endloop
  endfacet
  facet normal -0.382731 0 -0.92386
    outer loop
      vertex 0.771784 4.05 28.5147
      vertex 0.525329 3.9 28.6168
      vertex 0.525329 4.05 28.6168
    endloop
  endfacet
  facet normal 0.233537 0 -0.972348
    outer loop
      vertex -0.525329 -7.3 28.6168
      vertex -0.265938 -3.9 28.6791
      vertex -0.265938 -7.3 28.6791
    endloop
  endfacet
  facet normal 0.233537 0 -0.972348
    outer loop
      vertex -0.265938 -3.9 28.6791
      vertex -0.525329 -7.3 28.6168
      vertex -0.525329 -3.9 28.6168
    endloop
  endfacet
  facet normal 0.233537 0 -0.972348
    outer loop
      vertex -0.525329 3.9 28.6168
      vertex -0.265938 4.05 28.6791
      vertex -0.265938 3.9 28.6791
    endloop
  endfacet
  facet normal 0.233537 0 -0.972348
    outer loop
      vertex -0.265938 4.05 28.6791
      vertex -0.525329 3.9 28.6168
      vertex -0.525329 4.05 28.6168
    endloop
  endfacet
  facet normal 0.649346 0 -0.760493
    outer loop
      vertex -1.20208 -7.3 28.2021
      vertex -0.999234 -3.9 28.3753
      vertex -0.999234 -7.3 28.3753
    endloop
  endfacet
  facet normal 0.649346 0 -0.760493
    outer loop
      vertex -0.999234 -3.9 28.3753
      vertex -1.20208 -7.3 28.2021
      vertex -1.20208 -3.9 28.2021
    endloop
  endfacet
  facet normal 0.649346 0 -0.760493
    outer loop
      vertex -1.20208 3.9 28.2021
      vertex -0.999234 4.05 28.3753
      vertex -0.999234 3.9 28.3753
    endloop
  endfacet
  facet normal 0.649346 0 -0.760493
    outer loop
      vertex -0.999234 4.05 28.3753
      vertex -1.20208 3.9 28.2021
      vertex -1.20208 4.05 28.2021
    endloop
  endfacet
  facet normal 0.852592 -0 0.522578
    outer loop
      vertex -1.51471 -7.3 26.2282
      vertex -1.37533 -3.9 26.0008
      vertex -1.51471 -3.9 26.2282
    endloop
  endfacet
  facet normal 0.852592 0 0.522578
    outer loop
      vertex -1.37533 -3.9 26.0008
      vertex -1.51471 -7.3 26.2282
      vertex -1.37533 -7.3 26.0008
    endloop
  endfacet
  facet normal 0.852592 -0 0.522578
    outer loop
      vertex -1.51471 3.9 26.2282
      vertex -1.37533 4.05 26.0008
      vertex -1.51471 4.05 26.2282
    endloop
  endfacet
  facet normal 0.852592 0 0.522578
    outer loop
      vertex -1.37533 4.05 26.0008
      vertex -1.51471 3.9 26.2282
      vertex -1.37533 3.9 26.0008
    endloop
  endfacet
  facet normal -0.760485 0 -0.649355
    outer loop
      vertex 1.37533 -7.3 27.9992
      vertex 1.20208 -3.9 28.2021
      vertex 1.37533 -3.9 27.9992
    endloop
  endfacet
  facet normal -0.760485 -0 -0.649355
    outer loop
      vertex 1.20208 -3.9 28.2021
      vertex 1.37533 -7.3 27.9992
      vertex 1.20208 -7.3 28.2021
    endloop
  endfacet
  facet normal -0.760485 0 -0.649355
    outer loop
      vertex 1.37533 3.9 27.9992
      vertex 1.20208 4.05 28.2021
      vertex 1.37533 4.05 27.9992
    endloop
  endfacet
  facet normal -0.760485 -0 -0.649355
    outer loop
      vertex 1.20208 4.05 28.2021
      vertex 1.37533 3.9 27.9992
      vertex 1.20208 3.9 28.2021
    endloop
  endfacet
  facet normal 0.972375 -0 0.233423
    outer loop
      vertex -1.67907 -7.3 26.7341
      vertex -1.6168 -3.9 26.4747
      vertex -1.67907 -3.9 26.7341
    endloop
  endfacet
  facet normal 0.972375 0 0.233423
    outer loop
      vertex -1.6168 -3.9 26.4747
      vertex -1.67907 -7.3 26.7341
      vertex -1.6168 -7.3 26.4747
    endloop
  endfacet
  facet normal 0.972375 -0 0.233423
    outer loop
      vertex -1.67907 3.9 26.7341
      vertex -1.6168 4.05 26.4747
      vertex -1.67907 4.05 26.7341
    endloop
  endfacet
  facet normal 0.972375 0 0.233423
    outer loop
      vertex -1.6168 4.05 26.4747
      vertex -1.67907 3.9 26.7341
      vertex -1.6168 3.9 26.4747
    endloop
  endfacet
  facet normal 0.0783482 0 0.996926
    outer loop
      vertex -0.265938 -3.9 25.3209
      vertex 0 -7.3 25.3
      vertex 0 -3.9 25.3
    endloop
  endfacet
  facet normal 0.0783482 0 0.996926
    outer loop
      vertex 0 -7.3 25.3
      vertex -0.265938 -3.9 25.3209
      vertex -0.265938 -7.3 25.3209
    endloop
  endfacet
  facet normal 0.0783482 0 0.996926
    outer loop
      vertex -0.265938 4.05 25.3209
      vertex 0 3.9 25.3
      vertex 0 4.05 25.3
    endloop
  endfacet
  facet normal 0.0783482 0 0.996926
    outer loop
      vertex 0 3.9 25.3
      vertex -0.265938 4.05 25.3209
      vertex -0.265938 3.9 25.3209
    endloop
  endfacet
  facet normal 0.233537 0 0.972348
    outer loop
      vertex -0.525329 -3.9 25.3832
      vertex -0.265938 -7.3 25.3209
      vertex -0.265938 -3.9 25.3209
    endloop
  endfacet
  facet normal 0.233537 0 0.972348
    outer loop
      vertex -0.265938 -7.3 25.3209
      vertex -0.525329 -3.9 25.3832
      vertex -0.525329 -7.3 25.3832
    endloop
  endfacet
  facet normal 0.233537 0 0.972348
    outer loop
      vertex -0.525329 4.05 25.3832
      vertex -0.265938 3.9 25.3209
      vertex -0.265938 4.05 25.3209
    endloop
  endfacet
  facet normal 0.233537 0 0.972348
    outer loop
      vertex -0.265938 3.9 25.3209
      vertex -0.525329 4.05 25.3832
      vertex -0.525329 3.9 25.3832
    endloop
  endfacet
  facet normal -0.522549 0 -0.852609
    outer loop
      vertex 0.771784 -7.3 28.5147
      vertex 0.999234 -3.9 28.3753
      vertex 0.999234 -7.3 28.3753
    endloop
  endfacet
  facet normal -0.522549 0 -0.852609
    outer loop
      vertex 0.999234 -3.9 28.3753
      vertex 0.771784 -7.3 28.5147
      vertex 0.771784 -3.9 28.5147
    endloop
  endfacet
  facet normal -0.522549 0 -0.852609
    outer loop
      vertex 0.771784 3.9 28.5147
      vertex 0.999234 4.05 28.3753
      vertex 0.999234 3.9 28.3753
    endloop
  endfacet
  facet normal -0.522549 0 -0.852609
    outer loop
      vertex 0.999234 4.05 28.3753
      vertex 0.771784 3.9 28.5147
      vertex 0.771784 4.05 28.5147
    endloop
  endfacet
  facet normal -0.649346 0 0.760493
    outer loop
      vertex 0.999234 -3.9 25.6247
      vertex 1.20208 -7.3 25.7979
      vertex 1.20208 -3.9 25.7979
    endloop
  endfacet
  facet normal -0.649346 0 0.760493
    outer loop
      vertex 1.20208 -7.3 25.7979
      vertex 0.999234 -3.9 25.6247
      vertex 0.999234 -7.3 25.6247
    endloop
  endfacet
  facet normal -0.649346 0 0.760493
    outer loop
      vertex 0.999234 4.05 25.6247
      vertex 1.20208 3.9 25.7979
      vertex 1.20208 4.05 25.7979
    endloop
  endfacet
  facet normal -0.649346 0 0.760493
    outer loop
      vertex 1.20208 3.9 25.7979
      vertex 0.999234 4.05 25.6247
      vertex 0.999234 3.9 25.6247
    endloop
  endfacet
  facet normal 0.996916 -0 0.0784711
    outer loop
      vertex -1.7 -7.3 27
      vertex -1.67907 -3.9 26.7341
      vertex -1.7 -3.9 27
    endloop
  endfacet
  facet normal 0.996916 0 0.0784711
    outer loop
      vertex -1.67907 -3.9 26.7341
      vertex -1.7 -7.3 27
      vertex -1.67907 -7.3 26.7341
    endloop
  endfacet
  facet normal 0.996916 -0 0.0784711
    outer loop
      vertex -1.7 3.9 27
      vertex -1.67907 4.05 26.7341
      vertex -1.7 4.05 27
    endloop
  endfacet
  facet normal 0.996916 0 0.0784711
    outer loop
      vertex -1.67907 4.05 26.7341
      vertex -1.7 3.9 27
      vertex -1.67907 3.9 26.7341
    endloop
  endfacet
  facet normal -0.852592 0 -0.522578
    outer loop
      vertex 1.51471 -7.3 27.7718
      vertex 1.37533 -3.9 27.9992
      vertex 1.51471 -3.9 27.7718
    endloop
  endfacet
  facet normal -0.852592 -0 -0.522578
    outer loop
      vertex 1.37533 -3.9 27.9992
      vertex 1.51471 -7.3 27.7718
      vertex 1.37533 -7.3 27.9992
    endloop
  endfacet
  facet normal -0.852592 0 -0.522578
    outer loop
      vertex 1.51471 3.9 27.7718
      vertex 1.37533 4.05 27.9992
      vertex 1.51471 4.05 27.7718
    endloop
  endfacet
  facet normal -0.852592 -0 -0.522578
    outer loop
      vertex 1.37533 4.05 27.9992
      vertex 1.51471 3.9 27.7718
      vertex 1.37533 3.9 27.9992
    endloop
  endfacet
  facet normal -0.0783482 0 0.996926
    outer loop
      vertex 0 -3.9 25.3
      vertex 0.265938 -7.3 25.3209
      vertex 0.265938 -3.9 25.3209
    endloop
  endfacet
  facet normal -0.0783482 0 0.996926
    outer loop
      vertex 0.265938 -7.3 25.3209
      vertex 0 -3.9 25.3
      vertex 0 -7.3 25.3
    endloop
  endfacet
  facet normal -0.0783482 0 0.996926
    outer loop
      vertex 0 4.05 25.3
      vertex 0.265938 3.9 25.3209
      vertex 0.265938 4.05 25.3209
    endloop
  endfacet
  facet normal -0.0783482 0 0.996926
    outer loop
      vertex 0.265938 3.9 25.3209
      vertex 0 4.05 25.3
      vertex 0 3.9 25.3
    endloop
  endfacet
  facet normal -0.760485 0 0.649355
    outer loop
      vertex 1.20208 -7.3 25.7979
      vertex 1.37533 -3.9 26.0008
      vertex 1.20208 -3.9 25.7979
    endloop
  endfacet
  facet normal -0.760485 0 0.649355
    outer loop
      vertex 1.37533 -3.9 26.0008
      vertex 1.20208 -7.3 25.7979
      vertex 1.37533 -7.3 26.0008
    endloop
  endfacet
  facet normal -0.760485 0 0.649355
    outer loop
      vertex 1.20208 3.9 25.7979
      vertex 1.37533 4.05 26.0008
      vertex 1.20208 4.05 25.7979
    endloop
  endfacet
  facet normal -0.760485 0 0.649355
    outer loop
      vertex 1.37533 4.05 26.0008
      vertex 1.20208 3.9 25.7979
      vertex 1.37533 3.9 26.0008
    endloop
  endfacet
  facet normal 0.0783482 0 -0.996926
    outer loop
      vertex -0.265938 -7.3 28.6791
      vertex 0 -3.9 28.7
      vertex 0 -7.3 28.7
    endloop
  endfacet
  facet normal 0.0783482 0 -0.996926
    outer loop
      vertex 0 -3.9 28.7
      vertex -0.265938 -7.3 28.6791
      vertex -0.265938 -3.9 28.6791
    endloop
  endfacet
  facet normal 0.0783482 0 -0.996926
    outer loop
      vertex -0.265938 3.9 28.6791
      vertex 0 4.05 28.7
      vertex 0 3.9 28.7
    endloop
  endfacet
  facet normal 0.0783482 0 -0.996926
    outer loop
      vertex 0 4.05 28.7
      vertex -0.265938 3.9 28.6791
      vertex -0.265938 4.05 28.6791
    endloop
  endfacet
  facet normal -0.996916 0 0.0784711
    outer loop
      vertex 1.67907 -7.3 26.7341
      vertex 1.7 -3.9 27
      vertex 1.67907 -3.9 26.7341
    endloop
  endfacet
  facet normal -0.996916 0 0.0784711
    outer loop
      vertex 1.7 -3.9 27
      vertex 1.67907 -7.3 26.7341
      vertex 1.7 -7.3 27
    endloop
  endfacet
  facet normal -0.996916 0 0.0784711
    outer loop
      vertex 1.67907 3.9 26.7341
      vertex 1.7 4.05 27
      vertex 1.67907 4.05 26.7341
    endloop
  endfacet
  facet normal -0.996916 0 0.0784711
    outer loop
      vertex 1.7 4.05 27
      vertex 1.67907 3.9 26.7341
      vertex 1.7 3.9 27
    endloop
  endfacet
  facet normal 0.382731 0 -0.92386
    outer loop
      vertex -0.771784 -7.3 28.5147
      vertex -0.525329 -3.9 28.6168
      vertex -0.525329 -7.3 28.6168
    endloop
  endfacet
  facet normal 0.382731 0 -0.92386
    outer loop
      vertex -0.525329 -3.9 28.6168
      vertex -0.771784 -7.3 28.5147
      vertex -0.771784 -3.9 28.5147
    endloop
  endfacet
  facet normal 0.382731 0 -0.92386
    outer loop
      vertex -0.771784 3.9 28.5147
      vertex -0.525329 4.05 28.6168
      vertex -0.525329 3.9 28.6168
    endloop
  endfacet
  facet normal 0.382731 0 -0.92386
    outer loop
      vertex -0.525329 4.05 28.6168
      vertex -0.771784 3.9 28.5147
      vertex -0.771784 4.05 28.5147
    endloop
  endfacet
  facet normal -0.972375 0 0.233423
    outer loop
      vertex 1.6168 -7.3 26.4747
      vertex 1.67907 -3.9 26.7341
      vertex 1.6168 -3.9 26.4747
    endloop
  endfacet
  facet normal -0.972375 0 0.233423
    outer loop
      vertex 1.67907 -3.9 26.7341
      vertex 1.6168 -7.3 26.4747
      vertex 1.67907 -7.3 26.7341
    endloop
  endfacet
  facet normal -0.972375 0 0.233423
    outer loop
      vertex 1.6168 3.9 26.4747
      vertex 1.67907 4.05 26.7341
      vertex 1.6168 4.05 26.4747
    endloop
  endfacet
  facet normal -0.972375 0 0.233423
    outer loop
      vertex 1.67907 4.05 26.7341
      vertex 1.6168 3.9 26.4747
      vertex 1.67907 3.9 26.7341
    endloop
  endfacet
  facet normal -0.852592 0 0.522578
    outer loop
      vertex 1.37533 -7.3 26.0008
      vertex 1.51471 -3.9 26.2282
      vertex 1.37533 -3.9 26.0008
    endloop
  endfacet
  facet normal -0.852592 0 0.522578
    outer loop
      vertex 1.51471 -3.9 26.2282
      vertex 1.37533 -7.3 26.0008
      vertex 1.51471 -7.3 26.2282
    endloop
  endfacet
  facet normal -0.852592 0 0.522578
    outer loop
      vertex 1.37533 3.9 26.0008
      vertex 1.51471 4.05 26.2282
      vertex 1.37533 4.05 26.0008
    endloop
  endfacet
  facet normal -0.852592 0 0.522578
    outer loop
      vertex 1.51471 4.05 26.2282
      vertex 1.37533 3.9 26.0008
      vertex 1.51471 3.9 26.2282
    endloop
  endfacet
  facet normal 0.522549 0 -0.852609
    outer loop
      vertex -0.999234 -7.3 28.3753
      vertex -0.771784 -3.9 28.5147
      vertex -0.771784 -7.3 28.5147
    endloop
  endfacet
  facet normal 0.522549 0 -0.852609
    outer loop
      vertex -0.771784 -3.9 28.5147
      vertex -0.999234 -7.3 28.3753
      vertex -0.999234 -3.9 28.3753
    endloop
  endfacet
  facet normal 0.522549 0 -0.852609
    outer loop
      vertex -0.999234 3.9 28.3753
      vertex -0.771784 4.05 28.5147
      vertex -0.771784 3.9 28.5147
    endloop
  endfacet
  facet normal 0.522549 0 -0.852609
    outer loop
      vertex -0.771784 4.05 28.5147
      vertex -0.999234 3.9 28.3753
      vertex -0.999234 4.05 28.3753
    endloop
  endfacet
  facet normal 0.923898 -0 0.38264
    outer loop
      vertex -1.6168 -7.3 26.4747
      vertex -1.51471 -3.9 26.2282
      vertex -1.6168 -3.9 26.4747
    endloop
  endfacet
  facet normal 0.923898 0 0.38264
    outer loop
      vertex -1.51471 -3.9 26.2282
      vertex -1.6168 -7.3 26.4747
      vertex -1.51471 -7.3 26.2282
    endloop
  endfacet
  facet normal 0.923898 -0 0.38264
    outer loop
      vertex -1.6168 3.9 26.4747
      vertex -1.51471 4.05 26.2282
      vertex -1.6168 4.05 26.4747
    endloop
  endfacet
  facet normal 0.923898 0 0.38264
    outer loop
      vertex -1.51471 4.05 26.2282
      vertex -1.6168 3.9 26.4747
      vertex -1.51471 3.9 26.2282
    endloop
  endfacet
  facet normal 0.760485 -0 0.649355
    outer loop
      vertex -1.37533 -7.3 26.0008
      vertex -1.20208 -3.9 25.7979
      vertex -1.37533 -3.9 26.0008
    endloop
  endfacet
  facet normal 0.760485 0 0.649355
    outer loop
      vertex -1.20208 -3.9 25.7979
      vertex -1.37533 -7.3 26.0008
      vertex -1.20208 -7.3 25.7979
    endloop
  endfacet
  facet normal 0.760485 -0 0.649355
    outer loop
      vertex -1.37533 3.9 26.0008
      vertex -1.20208 4.05 25.7979
      vertex -1.37533 4.05 26.0008
    endloop
  endfacet
  facet normal 0.760485 0 0.649355
    outer loop
      vertex -1.20208 4.05 25.7979
      vertex -1.37533 3.9 26.0008
      vertex -1.20208 3.9 25.7979
    endloop
  endfacet
  facet normal 0.996916 0 -0.0784711
    outer loop
      vertex -1.67907 -7.3 27.2659
      vertex -1.7 -3.9 27
      vertex -1.67907 -3.9 27.2659
    endloop
  endfacet
  facet normal 0.996916 0 -0.0784711
    outer loop
      vertex -1.7 -3.9 27
      vertex -1.67907 -7.3 27.2659
      vertex -1.7 -7.3 27
    endloop
  endfacet
  facet normal 0.996916 0 -0.0784711
    outer loop
      vertex -1.67907 3.9 27.2659
      vertex -1.7 4.05 27
      vertex -1.67907 4.05 27.2659
    endloop
  endfacet
  facet normal 0.996916 0 -0.0784711
    outer loop
      vertex -1.7 4.05 27
      vertex -1.67907 3.9 27.2659
      vertex -1.7 3.9 27
    endloop
  endfacet
  facet normal -0.233537 0 -0.972348
    outer loop
      vertex 0.265938 -7.3 28.6791
      vertex 0.525329 -3.9 28.6168
      vertex 0.525329 -7.3 28.6168
    endloop
  endfacet
  facet normal -0.233537 0 -0.972348
    outer loop
      vertex 0.525329 -3.9 28.6168
      vertex 0.265938 -7.3 28.6791
      vertex 0.265938 -3.9 28.6791
    endloop
  endfacet
  facet normal -0.233537 0 -0.972348
    outer loop
      vertex 0.265938 3.9 28.6791
      vertex 0.525329 4.05 28.6168
      vertex 0.525329 3.9 28.6168
    endloop
  endfacet
  facet normal -0.233537 0 -0.972348
    outer loop
      vertex 0.525329 4.05 28.6168
      vertex 0.265938 3.9 28.6791
      vertex 0.265938 4.05 28.6791
    endloop
  endfacet
  facet normal -0.0783482 0 -0.996926
    outer loop
      vertex 0 -7.3 28.7
      vertex 0.265938 -3.9 28.6791
      vertex 0.265938 -7.3 28.6791
    endloop
  endfacet
  facet normal -0.0783482 0 -0.996926
    outer loop
      vertex 0.265938 -3.9 28.6791
      vertex 0 -7.3 28.7
      vertex 0 -3.9 28.7
    endloop
  endfacet
  facet normal -0.0783482 0 -0.996926
    outer loop
      vertex 0 3.9 28.7
      vertex 0.265938 4.05 28.6791
      vertex 0.265938 3.9 28.6791
    endloop
  endfacet
  facet normal -0.0783482 0 -0.996926
    outer loop
      vertex 0.265938 4.05 28.6791
      vertex 0 3.9 28.7
      vertex 0 4.05 28.7
    endloop
  endfacet
  facet normal 0.923898 0 -0.38264
    outer loop
      vertex -1.51471 -7.3 27.7718
      vertex -1.6168 -3.9 27.5253
      vertex -1.51471 -3.9 27.7718
    endloop
  endfacet
  facet normal 0.923898 0 -0.38264
    outer loop
      vertex -1.6168 -3.9 27.5253
      vertex -1.51471 -7.3 27.7718
      vertex -1.6168 -7.3 27.5253
    endloop
  endfacet
  facet normal 0.923898 0 -0.38264
    outer loop
      vertex -1.51471 3.9 27.7718
      vertex -1.6168 4.05 27.5253
      vertex -1.51471 4.05 27.7718
    endloop
  endfacet
  facet normal 0.923898 0 -0.38264
    outer loop
      vertex -1.6168 4.05 27.5253
      vertex -1.51471 3.9 27.7718
      vertex -1.6168 3.9 27.5253
    endloop
  endfacet
  facet normal 0.522549 0 0.852609
    outer loop
      vertex -0.999234 -3.9 25.6247
      vertex -0.771784 -7.3 25.4853
      vertex -0.771784 -3.9 25.4853
    endloop
  endfacet
  facet normal 0.522549 0 0.852609
    outer loop
      vertex -0.771784 -7.3 25.4853
      vertex -0.999234 -3.9 25.6247
      vertex -0.999234 -7.3 25.6247
    endloop
  endfacet
  facet normal 0.522549 0 0.852609
    outer loop
      vertex -0.999234 4.05 25.6247
      vertex -0.771784 3.9 25.4853
      vertex -0.771784 4.05 25.4853
    endloop
  endfacet
  facet normal 0.522549 0 0.852609
    outer loop
      vertex -0.771784 3.9 25.4853
      vertex -0.999234 4.05 25.6247
      vertex -0.999234 3.9 25.6247
    endloop
  endfacet
  facet normal 0.382731 0 0.92386
    outer loop
      vertex -0.771784 -3.9 25.4853
      vertex -0.525329 -7.3 25.3832
      vertex -0.525329 -3.9 25.3832
    endloop
  endfacet
  facet normal 0.382731 0 0.92386
    outer loop
      vertex -0.525329 -7.3 25.3832
      vertex -0.771784 -3.9 25.4853
      vertex -0.771784 -7.3 25.4853
    endloop
  endfacet
  facet normal 0.382731 0 0.92386
    outer loop
      vertex -0.771784 4.05 25.4853
      vertex -0.525329 3.9 25.3832
      vertex -0.525329 4.05 25.3832
    endloop
  endfacet
  facet normal 0.382731 0 0.92386
    outer loop
      vertex -0.525329 3.9 25.3832
      vertex -0.771784 4.05 25.4853
      vertex -0.771784 3.9 25.4853
    endloop
  endfacet
  facet normal 0.5 0 -0.866025
    outer loop
      vertex -2.77128 4.05 28.6
      vertex 0 7.3 30.2
      vertex 0 4.05 30.2
    endloop
  endfacet
  facet normal 0.5 0 -0.866025
    outer loop
      vertex 0 7.3 30.2
      vertex -2.77128 4.05 28.6
      vertex -2.77128 7.3 28.6
    endloop
  endfacet
  facet normal 0.5 0 0.866025
    outer loop
      vertex -2.77128 7.3 25.4
      vertex 0 4.05 23.8
      vertex 0 7.3 23.8
    endloop
  endfacet
  facet normal 0.5 0 0.866025
    outer loop
      vertex 0 4.05 23.8
      vertex -2.77128 7.3 25.4
      vertex -2.77128 4.05 25.4
    endloop
  endfacet
  facet normal -1 0 0
    outer loop
      vertex 2.77128 4.05 25.4
      vertex 2.77128 7.3 28.6
      vertex 2.77128 7.3 25.4
    endloop
  endfacet
  facet normal -1 -0 0
    outer loop
      vertex 2.77128 7.3 28.6
      vertex 2.77128 4.05 25.4
      vertex 2.77128 4.05 28.6
    endloop
  endfacet
  facet normal -0.5 0 -0.866025
    outer loop
      vertex 0 4.05 30.2
      vertex 2.77128 7.3 28.6
      vertex 2.77128 4.05 28.6
    endloop
  endfacet
  facet normal -0.5 0 -0.866025
    outer loop
      vertex 2.77128 7.3 28.6
      vertex 0 4.05 30.2
      vertex 0 7.3 30.2
    endloop
  endfacet
  facet normal 1 -0 0
    outer loop
      vertex -2.77128 4.05 28.6
      vertex -2.77128 7.3 25.4
      vertex -2.77128 7.3 28.6
    endloop
  endfacet
  facet normal 1 0 0
    outer loop
      vertex -2.77128 7.3 25.4
      vertex -2.77128 4.05 28.6
      vertex -2.77128 4.05 25.4
    endloop
  endfacet
  facet normal -0.5 0 0.866025
    outer loop
      vertex 0 7.3 23.8
      vertex 2.77128 4.05 25.4
      vertex 2.77128 7.3 25.4
    endloop
  endfacet
  facet normal -0.5 0 0.866025
    outer loop
      vertex 2.77128 4.05 25.4
      vertex 0 7.3 23.8
      vertex 0 4.05 23.8
    endloop
  endfacet
  facet normal 0 1 0
    outer loop
      vertex 0 4.05 30.2
      vertex 0.265938 4.05 28.6791
      vertex 0 4.05 28.7
    endloop
  endfacet
  facet normal 0 1 0
    outer loop
      vertex 0 4.05 30.2
      vertex 0.525329 4.05 28.6168
      vertex 0.265938 4.05 28.6791
    endloop
  endfacet
  facet normal 0 1 -0
    outer loop
      vertex 0.771784 4.05 28.5147
      vertex 0 4.05 30.2
      vertex 2.77128 4.05 28.6
    endloop
  endfacet
  facet normal 0 1 0
    outer loop
      vertex 0 4.05 30.2
      vertex 0.771784 4.05 28.5147
      vertex 0.525329 4.05 28.6168
    endloop
  endfacet
  facet normal 0 1 0
    outer loop
      vertex 2.77128 4.05 28.6
      vertex 0.999234 4.05 28.3753
      vertex 0.771784 4.05 28.5147
    endloop
  endfacet
  facet normal 0 1 0
    outer loop
      vertex 2.77128 4.05 28.6
      vertex 1.20208 4.05 28.2021
      vertex 0.999234 4.05 28.3753
    endloop
  endfacet
  facet normal 0 1 0
    outer loop
      vertex 2.77128 4.05 28.6
      vertex 1.37533 4.05 27.9992
      vertex 1.20208 4.05 28.2021
    endloop
  endfacet
  facet normal 0 1 0
    outer loop
      vertex 2.77128 4.05 28.6
      vertex 1.51471 4.05 27.7718
      vertex 1.37533 4.05 27.9992
    endloop
  endfacet
  facet normal 0 1 0
    outer loop
      vertex 2.77128 4.05 28.6
      vertex 1.6168 4.05 27.5253
      vertex 1.51471 4.05 27.7718
    endloop
  endfacet
  facet normal 0 1 0
    outer loop
      vertex 2.77128 4.05 28.6
      vertex 1.67907 4.05 27.2659
      vertex 1.6168 4.05 27.5253
    endloop
  endfacet
  facet normal 0 1 0
    outer loop
      vertex 2.77128 4.05 28.6
      vertex 1.7 4.05 27
      vertex 1.67907 4.05 27.2659
    endloop
  endfacet
  facet normal 0 1 -0
    outer loop
      vertex 2.77128 4.05 25.4
      vertex 1.7 4.05 27
      vertex 2.77128 4.05 28.6
    endloop
  endfacet
  facet normal 0 1 0
    outer loop
      vertex 1.7 4.05 27
      vertex 2.77128 4.05 25.4
      vertex 1.67907 4.05 26.7341
    endloop
  endfacet
  facet normal 0 1 0
    outer loop
      vertex 1.67907 4.05 26.7341
      vertex 2.77128 4.05 25.4
      vertex 1.6168 4.05 26.4747
    endloop
  endfacet
  facet normal 0 1 0
    outer loop
      vertex 1.6168 4.05 26.4747
      vertex 2.77128 4.05 25.4
      vertex 1.51471 4.05 26.2282
    endloop
  endfacet
  facet normal 0 1 0
    outer loop
      vertex 2.77128 4.05 25.4
      vertex 1.37533 4.05 26.0008
      vertex 1.51471 4.05 26.2282
    endloop
  endfacet
  facet normal 0 1 0
    outer loop
      vertex 2.77128 4.05 25.4
      vertex 1.20208 4.05 25.7979
      vertex 1.37533 4.05 26.0008
    endloop
  endfacet
  facet normal 0 1 0
    outer loop
      vertex 2.77128 4.05 25.4
      vertex 0.999234 4.05 25.6247
      vertex 1.20208 4.05 25.7979
    endloop
  endfacet
  facet normal 0 1 0
    outer loop
      vertex 2.77128 4.05 25.4
      vertex 0.771784 4.05 25.4853
      vertex 0.999234 4.05 25.6247
    endloop
  endfacet
  facet normal 0 1 0
    outer loop
      vertex 0 4.05 23.8
      vertex 0.771784 4.05 25.4853
      vertex 2.77128 4.05 25.4
    endloop
  endfacet
  facet normal 0 1 0
    outer loop
      vertex 0.771784 4.05 25.4853
      vertex 0 4.05 23.8
      vertex 0.525329 4.05 25.3832
    endloop
  endfacet
  facet normal 0 1 0
    outer loop
      vertex 0.525329 4.05 25.3832
      vertex 0 4.05 23.8
      vertex 0.265938 4.05 25.3209
    endloop
  endfacet
  facet normal 0 1 0
    outer loop
      vertex 0.265938 4.05 25.3209
      vertex 0 4.05 23.8
      vertex 0 4.05 25.3
    endloop
  endfacet
  facet normal 0 1 0
    outer loop
      vertex -0.265938 4.05 28.6791
      vertex 0 4.05 30.2
      vertex 0 4.05 28.7
    endloop
  endfacet
  facet normal 0 1 0
    outer loop
      vertex -0.525329 4.05 28.6168
      vertex 0 4.05 30.2
      vertex -0.265938 4.05 28.6791
    endloop
  endfacet
  facet normal 0 1 0
    outer loop
      vertex -0.771784 4.05 28.5147
      vertex 0 4.05 30.2
      vertex -0.525329 4.05 28.6168
    endloop
  endfacet
  facet normal 0 1 0
    outer loop
      vertex 0 4.05 30.2
      vertex -0.771784 4.05 28.5147
      vertex -2.77128 4.05 28.6
    endloop
  endfacet
  facet normal 0 1 -0
    outer loop
      vertex -0.999234 4.05 28.3753
      vertex -2.77128 4.05 28.6
      vertex -0.771784 4.05 28.5147
    endloop
  endfacet
  facet normal 0 1 -0
    outer loop
      vertex -1.20208 4.05 28.2021
      vertex -2.77128 4.05 28.6
      vertex -0.999234 4.05 28.3753
    endloop
  endfacet
  facet normal 0 1 -0
    outer loop
      vertex -1.37533 4.05 27.9992
      vertex -2.77128 4.05 28.6
      vertex -1.20208 4.05 28.2021
    endloop
  endfacet
  facet normal 0 1 -0
    outer loop
      vertex -1.51471 4.05 27.7718
      vertex -2.77128 4.05 28.6
      vertex -1.37533 4.05 27.9992
    endloop
  endfacet
  facet normal 0 1 -0
    outer loop
      vertex -1.6168 4.05 27.5253
      vertex -2.77128 4.05 28.6
      vertex -1.51471 4.05 27.7718
    endloop
  endfacet
  facet normal 0 1 -0
    outer loop
      vertex -1.67907 4.05 27.2659
      vertex -2.77128 4.05 28.6
      vertex -1.6168 4.05 27.5253
    endloop
  endfacet
  facet normal 0 1 -0
    outer loop
      vertex -1.7 4.05 27
      vertex -2.77128 4.05 28.6
      vertex -1.67907 4.05 27.2659
    endloop
  endfacet
  facet normal 0 1 0
    outer loop
      vertex -2.77128 4.05 25.4
      vertex -1.7 4.05 27
      vertex -1.67907 4.05 26.7341
    endloop
  endfacet
  facet normal 0 1 0
    outer loop
      vertex -2.77128 4.05 25.4
      vertex -1.67907 4.05 26.7341
      vertex -1.6168 4.05 26.4747
    endloop
  endfacet
  facet normal 0 1 0
    outer loop
      vertex -2.77128 4.05 25.4
      vertex -1.6168 4.05 26.4747
      vertex -1.51471 4.05 26.2282
    endloop
  endfacet
  facet normal 0 1 0
    outer loop
      vertex -1.7 4.05 27
      vertex -2.77128 4.05 25.4
      vertex -2.77128 4.05 28.6
    endloop
  endfacet
  facet normal 0 1 0
    outer loop
      vertex -1.37533 4.05 26.0008
      vertex -2.77128 4.05 25.4
      vertex -1.51471 4.05 26.2282
    endloop
  endfacet
  facet normal 0 1 0
    outer loop
      vertex -1.20208 4.05 25.7979
      vertex -2.77128 4.05 25.4
      vertex -1.37533 4.05 26.0008
    endloop
  endfacet
  facet normal 0 1 0
    outer loop
      vertex -0.999234 4.05 25.6247
      vertex -2.77128 4.05 25.4
      vertex -1.20208 4.05 25.7979
    endloop
  endfacet
  facet normal 0 1 0
    outer loop
      vertex -0.771784 4.05 25.4853
      vertex -2.77128 4.05 25.4
      vertex -0.999234 4.05 25.6247
    endloop
  endfacet
  facet normal 0 1 0
    outer loop
      vertex 0 4.05 23.8
      vertex -0.771784 4.05 25.4853
      vertex -0.525329 4.05 25.3832
    endloop
  endfacet
  facet normal 0 1 0
    outer loop
      vertex 0 4.05 23.8
      vertex -0.525329 4.05 25.3832
      vertex -0.265938 4.05 25.3209
    endloop
  endfacet
  facet normal 0 1 -0
    outer loop
      vertex 0 4.05 23.8
      vertex -0.265938 4.05 25.3209
      vertex 0 4.05 25.3
    endloop
  endfacet
  facet normal 0 1 0
    outer loop
      vertex -0.771784 4.05 25.4853
      vertex 0 4.05 23.8
      vertex -2.77128 4.05 25.4
    endloop
  endfacet
  facet normal 0 0 -1
    outer loop
      vertex -8 -2 0.599999
      vertex 2 2 0.599999
      vertex 2 -2 0.599999
    endloop
  endfacet
  facet normal -0 0 -1
    outer loop
      vertex 2 2 0.599999
      vertex -8 -2 0.599999
      vertex -8 2 0.599999
    endloop
  endfacet
  facet normal 0 0 -1
    outer loop
      vertex 2 -2 0.599999
      vertex 8 0 0.599999
      vertex 2 -4.5 0.599999
    endloop
  endfacet
  facet normal 0 0 -1
    outer loop
      vertex 2 2 0.599999
      vertex 8 0 0.599999
      vertex 2 -2 0.599999
    endloop
  endfacet
  facet normal 0 0 -1
    outer loop
      vertex 8 0 0.599999
      vertex 2 2 0.599999
      vertex 2 4.5 0.599999
    endloop
  endfacet
  facet normal -0.6 -0.8 0
    outer loop
      vertex 2 4.5 0
      vertex 8 0 0.599999
      vertex 2 4.5 0.599999
    endloop
  endfacet
  facet normal -0.6 -0.8 -0
    outer loop
      vertex 8 0 0.599999
      vertex 2 4.5 0
      vertex 8 0 0
    endloop
  endfacet
  facet normal 1 -0 0
    outer loop
      vertex 2 2 0.599999
      vertex 2 4.5 0
      vertex 2 4.5 0.599999
    endloop
  endfacet
  facet normal 1 0 0
    outer loop
      vertex 2 4.5 0
      vertex 2 2 0.599999
      vertex 2 2 0
    endloop
  endfacet
  facet normal 0 -1 0
    outer loop
      vertex -8 2 0
      vertex 2 2 0.599999
      vertex -8 2 0.599999
    endloop
  endfacet
  facet normal 0 -1 -0
    outer loop
      vertex 2 2 0.599999
      vertex -8 2 0
      vertex 2 2 0
    endloop
  endfacet
  facet normal 1 -0 0
    outer loop
      vertex -8 -2 0.599999
      vertex -8 2 0
      vertex -8 2 0.599999
    endloop
  endfacet
  facet normal 1 0 0
    outer loop
      vertex -8 2 0
      vertex -8 -2 0.599999
      vertex -8 -2 0
    endloop
  endfacet
  facet normal 0 1 -0
    outer loop
      vertex 2 -2 0
      vertex -8 -2 0.599999
      vertex 2 -2 0.599999
    endloop
  endfacet
  facet normal 0 1 0
    outer loop
      vertex -8 -2 0.599999
      vertex 2 -2 0
      vertex -8 -2 0
    endloop
  endfacet
  facet normal 1 -0 0
    outer loop
      vertex 2 -4.5 0.599999
      vertex 2 -2 0
      vertex 2 -2 0.599999
    endloop
  endfacet
  facet normal 1 0 0
    outer loop
      vertex 2 -2 0
      vertex 2 -4.5 0.599999
      vertex 2 -4.5 0
    endloop
  endfacet
  facet normal -0.6 0.8 0
    outer loop
      vertex 8 0 0
      vertex 2 -4.5 0.599999
      vertex 8 0 0.599999
    endloop
  endfacet
  facet normal -0.6 0.8 0
    outer loop
      vertex 2 -4.5 0.599999
      vertex 8 0 0
      vertex 2 -4.5 0
    endloop
  endfacet
endsolid OpenSCAD_Model
