solid OpenSCAD_Model
  facet normal 0.987688 0.156439 0
    outer loop
      vertex -7.11582 1.50061 2.76655
      vertex -7.24038 2.28703 0.599999
      vertex -7.24038 2.28703 2.76655
    endloop
  endfacet
  facet normal 0.987689 0.156431 -0
    outer loop
      vertex -7.06026 1.14981 0.599999
      vertex -7.11582 1.50061 2.76655
      vertex -7.06026 1.14981 2.76655
    endloop
  endfacet
  facet normal 0.987688 0.156436 -8.62999e-07
    outer loop
      vertex -7.11582 1.50061 2.76655
      vertex -7.06026 1.14981 0.599999
      vertex -7.24038 2.28703 0.599999
    endloop
  endfacet
  facet normal 0.987689 0.156431 0
    outer loop
      vertex -7.24038 2.28703 6.6
      vertex -7.18482 1.93623 4.43345
      vertex -7.24038 2.28703 4.43345
    endloop
  endfacet
  facet normal 0.987688 0.156436 -8.62999e-07
    outer loop
      vertex -7.06026 1.14981 6.6
      vertex -7.18482 1.93623 4.43345
      vertex -7.24038 2.28703 6.6
    endloop
  endfacet
  facet normal 0.987688 0.156439 0
    outer loop
      vertex -7.18482 1.93623 4.43345
      vertex -7.06026 1.14981 6.6
      vertex -7.06026 1.14981 4.43345
    endloop
  endfacet
  facet normal 0.99863 0.0523349 0
    outer loop
      vertex -7.01859 0.354683 2.76655
      vertex -7.06026 1.14981 0.599999
      vertex -7.06026 1.14981 2.76655
    endloop
  endfacet
  facet normal 0.998629 0.0523412 -0
    outer loop
      vertex -7 0 0.599999
      vertex -7.01859 0.354683 2.76655
      vertex -7 0 2.76655
    endloop
  endfacet
  facet normal 0.998629 0.0523368 7.09678e-07
    outer loop
      vertex -7.01859 0.354683 2.76655
      vertex -7 0 0.599999
      vertex -7.06026 1.14981 0.599999
    endloop
  endfacet
  facet normal 0.998629 0.0523416 0
    outer loop
      vertex -7.06026 1.14981 6.6
      vertex -7.04167 0.79513 4.43345
      vertex -7.06026 1.14981 4.43345
    endloop
  endfacet
  facet normal 0.998629 0.0523368 7.82148e-07
    outer loop
      vertex -7 0 6.6
      vertex -7.04167 0.79513 4.43345
      vertex -7.06026 1.14981 6.6
    endloop
  endfacet
  facet normal 0.99863 0.0523347 0
    outer loop
      vertex -7.04167 0.79513 4.43345
      vertex -7 0 6.6
      vertex -7 0 4.43345
    endloop
  endfacet
  facet normal 0.358339 -0.933591 0
    outer loop
      vertex -13.8575 -10.1763 4.43345
      vertex -14.6008 -10.4616 6.6
      vertex -14.6008 -10.4616 4.43345
    endloop
  endfacet
  facet normal 0.358356 -0.933585 6.65866e-06
    outer loop
      vertex -14.6008 -10.4616 6.6
      vertex -13.8575 -10.1763 4.43345
      vertex -13.5259 -10.049 6.6
    endloop
  endfacet
  facet normal 0.358394 -0.93357 0
    outer loop
      vertex -13.5259 -10.049 6.6
      vertex -13.8575 -10.1763 4.43345
      vertex -13.5259 -10.049 4.43345
    endloop
  endfacet
  facet normal 0.358394 -0.93357 0
    outer loop
      vertex -14.6008 -10.4616 2.76655
      vertex -14.6008 -10.4616 0.599999
      vertex -14.2692 -10.3343 2.76655
    endloop
  endfacet
  facet normal 0.358356 -0.933585 6.65865e-06
    outer loop
      vertex -13.5259 -10.049 0.599999
      vertex -14.2692 -10.3343 2.76655
      vertex -14.6008 -10.4616 0.599999
    endloop
  endfacet
  facet normal 0.358339 -0.933591 0
    outer loop
      vertex -14.2692 -10.3343 2.76655
      vertex -13.5259 -10.049 0.599999
      vertex -13.5259 -10.049 2.76655
    endloop
  endfacet
  facet normal 0.629309 -0.777155 0
    outer loop
      vertex -10.9156 -8.39811 4.43345
      vertex -11.5344 -8.89919 6.6
      vertex -11.5344 -8.89919 4.43345
    endloop
  endfacet
  facet normal 0.629323 -0.777144 6.45245e-06
    outer loop
      vertex -11.5344 -8.89919 6.6
      vertex -10.9156 -8.39811 4.43345
      vertex -10.6396 -8.17459 6.6
    endloop
  endfacet
  facet normal 0.629354 -0.777119 0
    outer loop
      vertex -10.6396 -8.17459 6.6
      vertex -10.9156 -8.39811 4.43345
      vertex -10.6396 -8.17459 4.43345
    endloop
  endfacet
  facet normal 0.629216 -0.77723 0
    outer loop
      vertex -11.5344 -8.89919 0.599999
      vertex -11.2583 -8.67567 2.76655
      vertex -11.5344 -8.89919 2.76655
    endloop
  endfacet
  facet normal 0.629323 -0.777144 -2.25948e-05
    outer loop
      vertex -10.6396 -8.17459 0.599999
      vertex -11.2583 -8.67567 2.76655
      vertex -11.5344 -8.89919 0.599999
    endloop
  endfacet
  facet normal 0.629371 -0.777105 0
    outer loop
      vertex -11.2583 -8.67567 2.76655
      vertex -10.6396 -8.17459 0.599999
      vertex -10.6396 -8.17459 2.76655
    endloop
  endfacet
  facet normal 0.987689 -0.156431 0
    outer loop
      vertex -7.06026 -1.14981 6.6
      vertex -7.11582 -1.50061 4.43345
      vertex -7.06026 -1.14981 4.43345
    endloop
  endfacet
  facet normal 0.987688 -0.156436 8.62999e-07
    outer loop
      vertex -7.24038 -2.28703 6.6
      vertex -7.11582 -1.50061 4.43345
      vertex -7.06026 -1.14981 6.6
    endloop
  endfacet
  facet normal 0.987688 -0.156439 0
    outer loop
      vertex -7.11582 -1.50061 4.43345
      vertex -7.24038 -2.28703 6.6
      vertex -7.24038 -2.28703 4.43345
    endloop
  endfacet
  facet normal 0.987688 -0.156439 0
    outer loop
      vertex -7.18482 -1.93623 2.76655
      vertex -7.06026 -1.14981 0.599999
      vertex -7.06026 -1.14981 2.76655
    endloop
  endfacet
  facet normal 0.987689 -0.156431 0
    outer loop
      vertex -7.24038 -2.28703 0.599999
      vertex -7.18482 -1.93623 2.76655
      vertex -7.24038 -2.28703 2.76655
    endloop
  endfacet
  facet normal 0.987688 -0.156436 8.62999e-07
    outer loop
      vertex -7.18482 -1.93623 2.76655
      vertex -7.24038 -2.28703 0.599999
      vertex -7.06026 -1.14981 0.599999
    endloop
  endfacet
  facet normal -0.358394 0.93357 0
    outer loop
      vertex -21.3992 10.4616 2.76655
      vertex -21.3992 10.4616 0.599999
      vertex -21.7308 10.3343 2.76655
    endloop
  endfacet
  facet normal -0.358356 0.933585 6.65865e-06
    outer loop
      vertex -22.4741 10.049 0.599999
      vertex -21.7308 10.3343 2.76655
      vertex -21.3992 10.4616 0.599999
    endloop
  endfacet
  facet normal -0.358339 0.933591 0
    outer loop
      vertex -21.7308 10.3343 2.76655
      vertex -22.4741 10.049 0.599999
      vertex -22.4741 10.049 2.76655
    endloop
  endfacet
  facet normal -0.358339 0.933591 0
    outer loop
      vertex -22.1425 10.1763 4.43345
      vertex -21.3992 10.4616 6.6
      vertex -21.3992 10.4616 4.43345
    endloop
  endfacet
  facet normal -0.358356 0.933585 6.65866e-06
    outer loop
      vertex -21.3992 10.4616 6.6
      vertex -22.1425 10.1763 4.43345
      vertex -22.4741 10.049 6.6
    endloop
  endfacet
  facet normal -0.358394 0.93357 0
    outer loop
      vertex -22.4741 10.049 6.6
      vertex -22.1425 10.1763 4.43345
      vertex -22.4741 10.049 4.43345
    endloop
  endfacet
  facet normal 0.156422 0.98769 2.58488e-05
    outer loop
      vertex -16.4994 10.8842 4.43345
      vertex -16.8502 10.9397 6.6
      vertex -15.713 10.7596 6.6
    endloop
  endfacet
  facet normal 0.156266 0.987715 0
    outer loop
      vertex -16.8502 10.9397 6.6
      vertex -16.4994 10.8842 4.43345
      vertex -16.8502 10.9397 4.43345
    endloop
  endfacet
  facet normal 0.156491 0.987679 0
    outer loop
      vertex -16.4994 10.8842 4.43345
      vertex -15.713 10.7596 6.6
      vertex -15.713 10.7596 4.43345
    endloop
  endfacet
  facet normal 0.156541 0.987671 -0
    outer loop
      vertex -15.713 10.7596 0.599999
      vertex -16.0638 10.8152 2.76655
      vertex -15.713 10.7596 2.76655
    endloop
  endfacet
  facet normal 0.156422 0.98769 -1.97394e-05
    outer loop
      vertex -16.8502 10.9397 0.599999
      vertex -16.0638 10.8152 2.76655
      vertex -15.713 10.7596 0.599999
    endloop
  endfacet
  facet normal 0.156369 0.987699 0
    outer loop
      vertex -16.0638 10.8152 2.76655
      vertex -16.8502 10.9397 0.599999
      vertex -16.8502 10.9397 2.76655
    endloop
  endfacet
  facet normal 0.258843 -0.965919 0
    outer loop
      vertex -14.9439 -10.5535 4.43345
      vertex -15.713 -10.7596 6.6
      vertex -15.713 -10.7596 4.43345
    endloop
  endfacet
  facet normal 0.258808 -0.965929 -1.30761e-05
    outer loop
      vertex -15.713 -10.7596 6.6
      vertex -14.9439 -10.5535 4.43345
      vertex -14.6008 -10.4616 6.6
    endloop
  endfacet
  facet normal 0.258731 -0.965949 0
    outer loop
      vertex -14.6008 -10.4616 6.6
      vertex -14.9439 -10.5535 4.43345
      vertex -14.6008 -10.4616 4.43345
    endloop
  endfacet
  facet normal 0.258731 -0.965949 0
    outer loop
      vertex -15.713 -10.7596 0.599999
      vertex -15.3699 -10.6677 2.76655
      vertex -15.713 -10.7596 2.76655
    endloop
  endfacet
  facet normal 0.258808 -0.965929 -1.30761e-05
    outer loop
      vertex -14.6008 -10.4616 0.599999
      vertex -15.3699 -10.6677 2.76655
      vertex -15.713 -10.7596 0.599999
    endloop
  endfacet
  facet normal 0.258843 -0.965919 0
    outer loop
      vertex -15.3699 -10.6677 2.76655
      vertex -14.6008 -10.4616 0.599999
      vertex -14.6008 -10.4616 2.76655
    endloop
  endfacet
  facet normal 0.998629 -0.0523412 0
    outer loop
      vertex -7 0 6.6
      vertex -7.01859 -0.354683 4.43345
      vertex -7 0 4.43345
    endloop
  endfacet
  facet normal 0.998629 -0.0523368 -7.09678e-07
    outer loop
      vertex -7.06026 -1.14981 6.6
      vertex -7.01859 -0.354683 4.43345
      vertex -7 0 6.6
    endloop
  endfacet
  facet normal 0.99863 -0.0523349 0
    outer loop
      vertex -7.01859 -0.354683 4.43345
      vertex -7.06026 -1.14981 6.6
      vertex -7.06026 -1.14981 4.43345
    endloop
  endfacet
  facet normal 0.99863 -0.0523347 0
    outer loop
      vertex -7.04167 -0.79513 2.76655
      vertex -7 0 0.599999
      vertex -7 0 2.76655
    endloop
  endfacet
  facet normal 0.998629 -0.0523416 0
    outer loop
      vertex -7.06026 -1.14981 0.599999
      vertex -7.04167 -0.79513 2.76655
      vertex -7.06026 -1.14981 2.76655
    endloop
  endfacet
  facet normal 0.998629 -0.0523368 -7.82148e-07
    outer loop
      vertex -7.04167 -0.79513 2.76655
      vertex -7.06026 -1.14981 0.599999
      vertex -7 0 0.599999
    endloop
  endfacet
  facet normal -0.987699 -0.156365 0
    outer loop
      vertex -28.8152 -1.93623 4.43345
      vertex -28.9397 -1.14981 6.6
      vertex -28.9397 -1.14981 4.43345
    endloop
  endfacet
  facet normal -0.987671 -0.156541 -0
    outer loop
      vertex -28.7596 -2.28703 6.6
      vertex -28.8152 -1.93623 4.43345
      vertex -28.7596 -2.28703 4.43345
    endloop
  endfacet
  facet normal -0.987691 -0.156419 2.01848e-05
    outer loop
      vertex -28.8152 -1.93623 4.43345
      vertex -28.7596 -2.28703 6.6
      vertex -28.9397 -1.14981 6.6
    endloop
  endfacet
  facet normal -0.987715 -0.156266 0
    outer loop
      vertex -28.9397 -1.14981 0.599999
      vertex -28.8842 -1.50061 2.76655
      vertex -28.9397 -1.14981 2.76655
    endloop
  endfacet
  facet normal -0.987691 -0.156419 -2.54034e-05
    outer loop
      vertex -28.7596 -2.28703 0.599999
      vertex -28.8842 -1.50061 2.76655
      vertex -28.9397 -1.14981 0.599999
    endloop
  endfacet
  facet normal -0.98768 -0.156488 0
    outer loop
      vertex -28.8842 -1.50061 2.76655
      vertex -28.7596 -2.28703 0.599999
      vertex -28.7596 -2.28703 2.76655
    endloop
  endfacet
  facet normal -0.156422 -0.98769 2.58488e-05
    outer loop
      vertex -19.5006 -10.8842 4.43345
      vertex -19.1498 -10.9397 6.6
      vertex -20.287 -10.7596 6.6
    endloop
  endfacet
  facet normal -0.156266 -0.987715 -0
    outer loop
      vertex -19.1498 -10.9397 6.6
      vertex -19.5006 -10.8842 4.43345
      vertex -19.1498 -10.9397 4.43345
    endloop
  endfacet
  facet normal -0.156491 -0.987679 0
    outer loop
      vertex -19.5006 -10.8842 4.43345
      vertex -20.287 -10.7596 6.6
      vertex -20.287 -10.7596 4.43345
    endloop
  endfacet
  facet normal -0.156541 -0.987671 0
    outer loop
      vertex -20.287 -10.7596 0.599999
      vertex -19.9362 -10.8152 2.76655
      vertex -20.287 -10.7596 2.76655
    endloop
  endfacet
  facet normal -0.156422 -0.98769 -1.97394e-05
    outer loop
      vertex -19.1498 -10.9397 0.599999
      vertex -19.9362 -10.8152 2.76655
      vertex -20.287 -10.7596 0.599999
    endloop
  endfacet
  facet normal -0.156369 -0.987699 0
    outer loop
      vertex -19.9362 -10.8152 2.76655
      vertex -19.1498 -10.9397 0.599999
      vertex -19.1498 -10.9397 2.76655
    endloop
  endfacet
  facet normal 0.258731 0.965949 -0
    outer loop
      vertex -14.6008 10.4616 0.599999
      vertex -14.9439 10.5535 2.76655
      vertex -14.6008 10.4616 2.76655
    endloop
  endfacet
  facet normal 0.258808 0.965929 1.30761e-05
    outer loop
      vertex -15.713 10.7596 0.599999
      vertex -14.9439 10.5535 2.76655
      vertex -14.6008 10.4616 0.599999
    endloop
  endfacet
  facet normal 0.258843 0.965919 0
    outer loop
      vertex -14.9439 10.5535 2.76655
      vertex -15.713 10.7596 0.599999
      vertex -15.713 10.7596 2.76655
    endloop
  endfacet
  facet normal 0.258843 0.965919 0
    outer loop
      vertex -15.3699 10.6677 4.43345
      vertex -14.6008 10.4616 6.6
      vertex -14.6008 10.4616 4.43345
    endloop
  endfacet
  facet normal 0.258808 0.965929 1.30761e-05
    outer loop
      vertex -14.6008 10.4616 6.6
      vertex -15.3699 10.6677 4.43345
      vertex -15.713 10.7596 6.6
    endloop
  endfacet
  facet normal 0.258731 0.965949 0
    outer loop
      vertex -15.713 10.7596 6.6
      vertex -15.3699 10.6677 4.43345
      vertex -15.713 10.7596 4.43345
    endloop
  endfacet
  facet normal -0.544617 0.838685 0
    outer loop
      vertex -24.1678 9.09263 4.43345
      vertex -23.5 9.52628 6.6
      vertex -23.5 9.52628 4.43345
    endloop
  endfacet
  facet normal -0.544652 0.838662 1.53387e-05
    outer loop
      vertex -23.5 9.52628 6.6
      vertex -24.1678 9.09263 4.43345
      vertex -24.4656 8.89919 6.6
    endloop
  endfacet
  facet normal -0.544731 0.838611 0
    outer loop
      vertex -24.4656 8.89919 6.6
      vertex -24.1678 9.09263 4.43345
      vertex -24.4656 8.89919 4.43345
    endloop
  endfacet
  facet normal -0.544602 0.838694 0
    outer loop
      vertex -23.5 9.52628 0.599999
      vertex -23.7979 9.33284 2.76655
      vertex -23.5 9.52628 2.76655
    endloop
  endfacet
  facet normal -0.544652 0.838662 -9.80046e-06
    outer loop
      vertex -24.4656 8.89919 0.599999
      vertex -23.7979 9.33284 2.76655
      vertex -23.5 9.52628 0.599999
    endloop
  endfacet
  facet normal -0.544675 0.838647 0
    outer loop
      vertex -23.7979 9.33284 2.76655
      vertex -24.4656 8.89919 0.599999
      vertex -24.4656 8.89919 2.76655
    endloop
  endfacet
  facet normal -0.453935 0.891035 0
    outer loop
      vertex -22.4741 10.049 0.599999
      vertex -22.7906 9.88776 2.76655
      vertex -22.4741 10.049 2.76655
    endloop
  endfacet
  facet normal -0.453989 0.891007 -9.92723e-06
    outer loop
      vertex -23.5 9.52628 0.599999
      vertex -22.7906 9.88776 2.76655
      vertex -22.4741 10.049 0.599999
    endloop
  endfacet
  facet normal -0.454013 0.890995 0
    outer loop
      vertex -22.7906 9.88776 2.76655
      vertex -23.5 9.52628 0.599999
      vertex -23.5 9.52628 2.76655
    endloop
  endfacet
  facet normal -0.453989 0.891007 -9.92724e-06
    outer loop
      vertex -23.1835 9.68752 4.43345
      vertex -23.5 9.52628 6.6
      vertex -22.4741 10.049 6.6
    endloop
  endfacet
  facet normal -0.453935 0.891035 0
    outer loop
      vertex -23.5 9.52628 6.6
      vertex -23.1835 9.68752 4.43345
      vertex -23.5 9.52628 4.43345
    endloop
  endfacet
  facet normal -0.454013 0.890995 0
    outer loop
      vertex -23.1835 9.68752 4.43345
      vertex -22.4741 10.049 6.6
      vertex -22.4741 10.049 4.43345
    endloop
  endfacet
  facet normal -0.933563 -0.358413 0
    outer loop
      vertex -28.4616 -3.39919 0.599999
      vertex -28.3343 -3.73077 2.76655
      vertex -28.4616 -3.39919 2.76655
    endloop
  endfacet
  facet normal -0.933586 -0.358353 1.0477e-05
    outer loop
      vertex -28.049 -4.4741 0.599999
      vertex -28.3343 -3.73077 2.76655
      vertex -28.4616 -3.39919 0.599999
    endloop
  endfacet
  facet normal -0.933596 -0.358327 0
    outer loop
      vertex -28.3343 -3.73077 2.76655
      vertex -28.049 -4.4741 0.599999
      vertex -28.049 -4.4741 2.76655
    endloop
  endfacet
  facet normal -0.933596 -0.358327 0
    outer loop
      vertex -28.1763 -4.14252 4.43345
      vertex -28.4616 -3.39919 6.6
      vertex -28.4616 -3.39919 4.43345
    endloop
  endfacet
  facet normal -0.933563 -0.358413 -0
    outer loop
      vertex -28.049 -4.4741 6.6
      vertex -28.1763 -4.14252 4.43345
      vertex -28.049 -4.4741 4.43345
    endloop
  endfacet
  facet normal -0.933586 -0.358353 1.0477e-05
    outer loop
      vertex -28.1763 -4.14252 4.43345
      vertex -28.049 -4.4741 6.6
      vertex -28.4616 -3.39919 6.6
    endloop
  endfacet
  facet normal 0.544617 -0.838685 0
    outer loop
      vertex -11.8322 -9.09263 4.43345
      vertex -12.5 -9.52628 6.6
      vertex -12.5 -9.52628 4.43345
    endloop
  endfacet
  facet normal 0.544652 -0.838662 1.53387e-05
    outer loop
      vertex -12.5 -9.52628 6.6
      vertex -11.8322 -9.09263 4.43345
      vertex -11.5344 -8.89919 6.6
    endloop
  endfacet
  facet normal 0.544731 -0.838611 0
    outer loop
      vertex -11.5344 -8.89919 6.6
      vertex -11.8322 -9.09263 4.43345
      vertex -11.5344 -8.89919 4.43345
    endloop
  endfacet
  facet normal 0.544602 -0.838694 0
    outer loop
      vertex -12.5 -9.52628 0.599999
      vertex -12.2021 -9.33284 2.76655
      vertex -12.5 -9.52628 2.76655
    endloop
  endfacet
  facet normal 0.544652 -0.838662 -9.80046e-06
    outer loop
      vertex -11.5344 -8.89919 0.599999
      vertex -12.2021 -9.33284 2.76655
      vertex -12.5 -9.52628 0.599999
    endloop
  endfacet
  facet normal 0.544675 -0.838647 0
    outer loop
      vertex -12.2021 -9.33284 2.76655
      vertex -11.5344 -8.89919 0.599999
      vertex -11.5344 -8.89919 2.76655
    endloop
  endfacet
  facet normal 0.96593 -0.258805 0
    outer loop
      vertex -7.24038 -2.28703 6.6
      vertex -7.3323 -2.6301 4.43345
      vertex -7.24038 -2.28703 4.43345
    endloop
  endfacet
  facet normal 0.965926 -0.258817 2.04959e-06
    outer loop
      vertex -7.53838 -3.39919 6.6
      vertex -7.3323 -2.6301 4.43345
      vertex -7.24038 -2.28703 6.6
    endloop
  endfacet
  facet normal 0.965925 -0.258823 0
    outer loop
      vertex -7.3323 -2.6301 4.43345
      vertex -7.53838 -3.39919 6.6
      vertex -7.53838 -3.39919 4.43345
    endloop
  endfacet
  facet normal 0.965928 -0.258811 0
    outer loop
      vertex -7.44645 -3.05612 2.76655
      vertex -7.24038 -2.28703 0.599999
      vertex -7.24038 -2.28703 2.76655
    endloop
  endfacet
  facet normal 0.965923 -0.258831 0
    outer loop
      vertex -7.53838 -3.39919 0.599999
      vertex -7.44645 -3.05612 2.76655
      vertex -7.53838 -3.39919 2.76655
    endloop
  endfacet
  facet normal 0.965926 -0.258817 -2.40877e-06
    outer loop
      vertex -7.44645 -3.05612 2.76655
      vertex -7.53838 -3.39919 0.599999
      vertex -7.24038 -2.28703 0.599999
    endloop
  endfacet
  facet normal 0.629354 0.777119 -0
    outer loop
      vertex -10.6396 8.17459 0.599999
      vertex -10.9156 8.39811 2.76655
      vertex -10.6396 8.17459 2.76655
    endloop
  endfacet
  facet normal 0.629323 0.777144 -6.45245e-06
    outer loop
      vertex -11.5344 8.89919 0.599999
      vertex -10.9156 8.39811 2.76655
      vertex -10.6396 8.17459 0.599999
    endloop
  endfacet
  facet normal 0.629309 0.777155 0
    outer loop
      vertex -10.9156 8.39811 2.76655
      vertex -11.5344 8.89919 0.599999
      vertex -11.5344 8.89919 2.76655
    endloop
  endfacet
  facet normal 0.629323 0.777144 2.25948e-05
    outer loop
      vertex -11.2583 8.67567 4.43345
      vertex -11.5344 8.89919 6.6
      vertex -10.6396 8.17459 6.6
    endloop
  endfacet
  facet normal 0.629216 0.77723 0
    outer loop
      vertex -11.5344 8.89919 6.6
      vertex -11.2583 8.67567 4.43345
      vertex -11.5344 8.89919 4.43345
    endloop
  endfacet
  facet normal 0.629371 0.777105 0
    outer loop
      vertex -11.2583 8.67567 4.43345
      vertex -10.6396 8.17459 6.6
      vertex -10.6396 8.17459 4.43345
    endloop
  endfacet
  facet normal -0.258843 -0.965919 0
    outer loop
      vertex -20.6301 -10.6677 4.43345
      vertex -21.3992 -10.4616 6.6
      vertex -21.3992 -10.4616 4.43345
    endloop
  endfacet
  facet normal -0.258808 -0.965929 1.30761e-05
    outer loop
      vertex -21.3992 -10.4616 6.6
      vertex -20.6301 -10.6677 4.43345
      vertex -20.287 -10.7596 6.6
    endloop
  endfacet
  facet normal -0.258731 -0.965949 -0
    outer loop
      vertex -20.287 -10.7596 6.6
      vertex -20.6301 -10.6677 4.43345
      vertex -20.287 -10.7596 4.43345
    endloop
  endfacet
  facet normal -0.258731 -0.965949 0
    outer loop
      vertex -21.3992 -10.4616 0.599999
      vertex -21.0561 -10.5535 2.76655
      vertex -21.3992 -10.4616 2.76655
    endloop
  endfacet
  facet normal -0.258808 -0.965929 1.30761e-05
    outer loop
      vertex -20.287 -10.7596 0.599999
      vertex -21.0561 -10.5535 2.76655
      vertex -21.3992 -10.4616 0.599999
    endloop
  endfacet
  facet normal -0.258843 -0.965919 0
    outer loop
      vertex -21.0561 -10.5535 2.76655
      vertex -20.287 -10.7596 0.599999
      vertex -20.287 -10.7596 2.76655
    endloop
  endfacet
  facet normal 0.838669 0.544641 0
    outer loop
      vertex -9.10081 6.46564 6.6
      vertex -8.90737 6.16777 4.43345
      vertex -9.10081 6.46564 4.43345
    endloop
  endfacet
  facet normal 0.838672 0.544637 8.43159e-07
    outer loop
      vertex -8.47372 5.5 6.6
      vertex -8.90737 6.16777 4.43345
      vertex -9.10081 6.46564 6.6
    endloop
  endfacet
  facet normal 0.838673 0.544635 0
    outer loop
      vertex -8.90737 6.16777 4.43345
      vertex -8.47372 5.5 6.6
      vertex -8.47372 5.5 4.43345
    endloop
  endfacet
  facet normal 0.838673 0.544635 0
    outer loop
      vertex -8.66716 5.79787 2.76655
      vertex -9.10081 6.46564 0.599999
      vertex -9.10081 6.46564 2.76655
    endloop
  endfacet
  facet normal 0.838669 0.544641 -0
    outer loop
      vertex -8.47372 5.5 0.599999
      vertex -8.66716 5.79787 2.76655
      vertex -8.47372 5.5 2.76655
    endloop
  endfacet
  facet normal 0.838672 0.544637 8.43159e-07
    outer loop
      vertex -8.66716 5.79787 2.76655
      vertex -8.47372 5.5 0.599999
      vertex -9.10081 6.46564 0.599999
    endloop
  endfacet
  facet normal 0.454013 0.890995 0
    outer loop
      vertex -13.2094 9.88776 4.43345
      vertex -12.5 9.52628 6.6
      vertex -12.5 9.52628 4.43345
    endloop
  endfacet
  facet normal 0.453989 0.891007 9.92724e-06
    outer loop
      vertex -12.5 9.52628 6.6
      vertex -13.2094 9.88776 4.43345
      vertex -13.5259 10.049 6.6
    endloop
  endfacet
  facet normal 0.453935 0.891035 0
    outer loop
      vertex -13.5259 10.049 6.6
      vertex -13.2094 9.88776 4.43345
      vertex -13.5259 10.049 4.43345
    endloop
  endfacet
  facet normal 0.453935 0.891035 0
    outer loop
      vertex -12.5 9.52628 2.76655
      vertex -12.5 9.52628 0.599999
      vertex -12.8165 9.68752 2.76655
    endloop
  endfacet
  facet normal 0.453989 0.891007 9.92723e-06
    outer loop
      vertex -13.5259 10.049 0.599999
      vertex -12.8165 9.68752 2.76655
      vertex -12.5 9.52628 0.599999
    endloop
  endfacet
  facet normal 0.454013 0.890995 0
    outer loop
      vertex -12.8165 9.68752 2.76655
      vertex -13.5259 10.049 0.599999
      vertex -13.5259 10.049 2.76655
    endloop
  endfacet
  facet normal 0.777141 0.629326 0
    outer loop
      vertex -9.82541 7.36044 6.6
      vertex -9.60189 7.08442 4.43345
      vertex -9.82541 7.36044 4.43345
    endloop
  endfacet
  facet normal 0.777144 0.629323 6.43e-07
    outer loop
      vertex -9.10081 6.46564 6.6
      vertex -9.60189 7.08442 4.43345
      vertex -9.82541 7.36044 6.6
    endloop
  endfacet
  facet normal 0.777145 0.629322 0
    outer loop
      vertex -9.60189 7.08442 4.43345
      vertex -9.10081 6.46564 6.6
      vertex -9.10081 6.46564 4.43345
    endloop
  endfacet
  facet normal 0.777145 0.629322 0
    outer loop
      vertex -9.32433 6.74166 2.76655
      vertex -9.82541 7.36044 0.599999
      vertex -9.82541 7.36044 2.76655
    endloop
  endfacet
  facet normal 0.777141 0.629326 -0
    outer loop
      vertex -9.10081 6.46564 0.599999
      vertex -9.32433 6.74166 2.76655
      vertex -9.10081 6.46564 2.76655
    endloop
  endfacet
  facet normal 0.777144 0.629323 6.43e-07
    outer loop
      vertex -9.32433 6.74166 2.76655
      vertex -9.10081 6.46564 0.599999
      vertex -9.82541 7.36044 0.599999
    endloop
  endfacet
  facet normal -0.838645 -0.544679 0
    outer loop
      vertex -27.0926 -6.16777 4.43345
      vertex -27.5263 -5.5 6.6
      vertex -27.5263 -5.5 4.43345
    endloop
  endfacet
  facet normal -0.838721 -0.544562 -0
    outer loop
      vertex -26.8992 -6.46564 6.6
      vertex -27.0926 -6.16777 4.43345
      vertex -26.8992 -6.46564 4.43345
    endloop
  endfacet
  facet normal -0.838668 -0.544643 -1.58349e-05
    outer loop
      vertex -27.0926 -6.16777 4.43345
      vertex -26.8992 -6.46564 6.6
      vertex -27.5263 -5.5 6.6
    endloop
  endfacet
  facet normal -0.838592 -0.54476 0
    outer loop
      vertex -27.5263 -5.5 0.599999
      vertex -27.3328 -5.79787 2.76655
      vertex -27.5263 -5.5 2.76655
    endloop
  endfacet
  facet normal -0.838668 -0.544643 2.2875e-05
    outer loop
      vertex -26.8992 -6.46564 0.599999
      vertex -27.3328 -5.79787 2.76655
      vertex -27.5263 -5.5 0.599999
    endloop
  endfacet
  facet normal -0.838702 -0.544591 0
    outer loop
      vertex -27.3328 -5.79787 2.76655
      vertex -26.8992 -6.46564 0.599999
      vertex -26.8992 -6.46564 2.76655
    endloop
  endfacet
  facet normal -0.98768 0.156488 0
    outer loop
      vertex -28.8842 1.50061 4.43345
      vertex -28.7596 2.28703 6.6
      vertex -28.7596 2.28703 4.43345
    endloop
  endfacet
  facet normal -0.987715 0.156266 0
    outer loop
      vertex -28.9397 1.14981 6.6
      vertex -28.8842 1.50061 4.43345
      vertex -28.9397 1.14981 4.43345
    endloop
  endfacet
  facet normal -0.987691 0.156419 2.54034e-05
    outer loop
      vertex -28.8842 1.50061 4.43345
      vertex -28.9397 1.14981 6.6
      vertex -28.7596 2.28703 6.6
    endloop
  endfacet
  facet normal -0.987671 0.156541 0
    outer loop
      vertex -28.7596 2.28703 0.599999
      vertex -28.8152 1.93623 2.76655
      vertex -28.7596 2.28703 2.76655
    endloop
  endfacet
  facet normal -0.987691 0.156419 -2.01848e-05
    outer loop
      vertex -28.9397 1.14981 0.599999
      vertex -28.8152 1.93623 2.76655
      vertex -28.7596 2.28703 0.599999
    endloop
  endfacet
  facet normal -0.987699 0.156365 0
    outer loop
      vertex -28.8152 1.93623 2.76655
      vertex -28.9397 1.14981 0.599999
      vertex -28.9397 1.14981 2.76655
    endloop
  endfacet
  facet normal 0.707089 -0.707124 0
    outer loop
      vertex -10.6396 -8.17459 2.76655
      vertex -9.82541 -7.36044 0.599999
      vertex -9.82541 -7.36044 2.76655
    endloop
  endfacet
  facet normal 0.707089 -0.707124 0
    outer loop
      vertex -9.82541 -7.36044 0.599999
      vertex -10.6396 -8.17459 2.76655
      vertex -10.6396 -8.17459 0.599999
    endloop
  endfacet
  facet normal 0.707089 -0.707124 0
    outer loop
      vertex -10.6396 -8.17459 6.6
      vertex -9.82541 -7.36044 4.43345
      vertex -9.82541 -7.36044 6.6
    endloop
  endfacet
  facet normal 0.707089 -0.707124 0
    outer loop
      vertex -9.82541 -7.36044 4.43345
      vertex -10.6396 -8.17459 6.6
      vertex -10.6396 -8.17459 4.43345
    endloop
  endfacet
  facet normal -0.838721 0.544562 0
    outer loop
      vertex -26.8992 6.46564 0.599999
      vertex -27.0926 6.16777 2.76655
      vertex -26.8992 6.46564 2.76655
    endloop
  endfacet
  facet normal -0.838668 0.544643 1.58349e-05
    outer loop
      vertex -27.5263 5.5 0.599999
      vertex -27.0926 6.16777 2.76655
      vertex -26.8992 6.46564 0.599999
    endloop
  endfacet
  facet normal -0.838645 0.544679 0
    outer loop
      vertex -27.0926 6.16777 2.76655
      vertex -27.5263 5.5 0.599999
      vertex -27.5263 5.5 2.76655
    endloop
  endfacet
  facet normal -0.838702 0.544591 0
    outer loop
      vertex -27.3328 5.79787 4.43345
      vertex -26.8992 6.46564 6.6
      vertex -26.8992 6.46564 4.43345
    endloop
  endfacet
  facet normal -0.838592 0.54476 0
    outer loop
      vertex -27.5263 5.5 6.6
      vertex -27.3328 5.79787 4.43345
      vertex -27.5263 5.5 4.43345
    endloop
  endfacet
  facet normal -0.838668 0.544643 -2.2875e-05
    outer loop
      vertex -27.3328 5.79787 4.43345
      vertex -27.5263 5.5 6.6
      vertex -26.8992 6.46564 6.6
    endloop
  endfacet
  facet normal -0.707085 -0.707128 0
    outer loop
      vertex -26.1746 -7.36044 4.43345
      vertex -25.3604 -8.17459 6.6
      vertex -26.1746 -7.36044 6.6
    endloop
  endfacet
  facet normal -0.707085 -0.707128 0
    outer loop
      vertex -25.3604 -8.17459 4.43345
      vertex -25.3604 -8.17459 6.6
      vertex -26.1746 -7.36044 4.43345
    endloop
  endfacet
  facet normal -0.707085 -0.707128 0
    outer loop
      vertex -26.1746 -7.36044 0.599999
      vertex -25.3604 -8.17459 2.76655
      vertex -26.1746 -7.36044 2.76655
    endloop
  endfacet
  facet normal -0.707085 -0.707128 0
    outer loop
      vertex -25.3604 -8.17459 0.599999
      vertex -25.3604 -8.17459 2.76655
      vertex -26.1746 -7.36044 0.599999
    endloop
  endfacet
  facet normal 0.544731 0.838611 -0
    outer loop
      vertex -11.5344 8.89919 0.599999
      vertex -11.8322 9.09263 2.76655
      vertex -11.5344 8.89919 2.76655
    endloop
  endfacet
  facet normal 0.544652 0.838662 -1.53387e-05
    outer loop
      vertex -12.5 9.52628 0.599999
      vertex -11.8322 9.09263 2.76655
      vertex -11.5344 8.89919 0.599999
    endloop
  endfacet
  facet normal 0.544617 0.838685 0
    outer loop
      vertex -11.8322 9.09263 2.76655
      vertex -12.5 9.52628 0.599999
      vertex -12.5 9.52628 2.76655
    endloop
  endfacet
  facet normal 0.544675 0.838647 0
    outer loop
      vertex -12.2021 9.33284 4.43345
      vertex -11.5344 8.89919 6.6
      vertex -11.5344 8.89919 4.43345
    endloop
  endfacet
  facet normal 0.544652 0.838662 9.80046e-06
    outer loop
      vertex -11.5344 8.89919 6.6
      vertex -12.2021 9.33284 4.43345
      vertex -12.5 9.52628 6.6
    endloop
  endfacet
  facet normal 0.544602 0.838694 0
    outer loop
      vertex -12.5 9.52628 6.6
      vertex -12.2021 9.33284 4.43345
      vertex -12.5 9.52628 4.43345
    endloop
  endfacet
  facet normal 0.0523719 -0.998628 -8.53871e-07
    outer loop
      vertex -18 -11 6.6
      vertex -17.2049 -10.9583 4.43345
      vertex -16.8502 -10.9397 6.6
    endloop
  endfacet
  facet normal 0.0523743 -0.998628 0
    outer loop
      vertex -17.2049 -10.9583 4.43345
      vertex -18 -11 6.6
      vertex -18 -11 4.43345
    endloop
  endfacet
  facet normal 0.0523667 -0.998628 0
    outer loop
      vertex -16.8502 -10.9397 6.6
      vertex -17.2049 -10.9583 4.43345
      vertex -16.8502 -10.9397 4.43345
    endloop
  endfacet
  facet normal 0.0523667 -0.998628 0
    outer loop
      vertex -18 -11 0.599999
      vertex -17.6453 -10.9814 2.76655
      vertex -18 -11 2.76655
    endloop
  endfacet
  facet normal 0.0523719 -0.998628 -8.5387e-07
    outer loop
      vertex -16.8502 -10.9397 0.599999
      vertex -17.6453 -10.9814 2.76655
      vertex -18 -11 0.599999
    endloop
  endfacet
  facet normal 0.0523743 -0.998628 0
    outer loop
      vertex -17.6453 -10.9814 2.76655
      vertex -16.8502 -10.9397 0.599999
      vertex -16.8502 -10.9397 2.76655
    endloop
  endfacet
  facet normal 0.891012 0.453981 0
    outer loop
      vertex -8.47372 5.5 6.6
      vertex -8.31248 5.18354 4.43345
      vertex -8.47372 5.5 4.43345
    endloop
  endfacet
  facet normal 0.891007 0.453989 -1.54545e-06
    outer loop
      vertex -7.951 4.4741 6.6
      vertex -8.31248 5.18354 4.43345
      vertex -8.47372 5.5 6.6
    endloop
  endfacet
  facet normal 0.891005 0.453993 0
    outer loop
      vertex -8.31248 5.18354 4.43345
      vertex -7.951 4.4741 6.6
      vertex -7.951 4.4741 4.43345
    endloop
  endfacet
  facet normal 0.891005 0.453993 0
    outer loop
      vertex -8.11224 4.79056 2.76655
      vertex -8.47372 5.5 0.599999
      vertex -8.47372 5.5 2.76655
    endloop
  endfacet
  facet normal 0.891012 0.453981 -0
    outer loop
      vertex -7.951 4.4741 0.599999
      vertex -8.11224 4.79056 2.76655
      vertex -7.951 4.4741 2.76655
    endloop
  endfacet
  facet normal 0.891007 0.453989 -1.54545e-06
    outer loop
      vertex -8.11224 4.79056 2.76655
      vertex -7.951 4.4741 0.599999
      vertex -8.47372 5.5 0.599999
    endloop
  endfacet
  facet normal -0.965919 -0.258846 0
    outer loop
      vertex -28.5535 -3.05612 4.43345
      vertex -28.7596 -2.28703 6.6
      vertex -28.7596 -2.28703 4.43345
    endloop
  endfacet
  facet normal -0.965944 -0.258753 -0
    outer loop
      vertex -28.4616 -3.39919 6.6
      vertex -28.5535 -3.05612 4.43345
      vertex -28.4616 -3.39919 4.43345
    endloop
  endfacet
  facet normal -0.965926 -0.258817 -1.09663e-05
    outer loop
      vertex -28.5535 -3.05612 4.43345
      vertex -28.4616 -3.39919 6.6
      vertex -28.7596 -2.28703 6.6
    endloop
  endfacet
  facet normal -0.965944 -0.258753 0
    outer loop
      vertex -28.7596 -2.28703 0.599999
      vertex -28.6677 -2.6301 2.76655
      vertex -28.7596 -2.28703 2.76655
    endloop
  endfacet
  facet normal -0.965926 -0.258817 -1.09663e-05
    outer loop
      vertex -28.4616 -3.39919 0.599999
      vertex -28.6677 -2.6301 2.76655
      vertex -28.7596 -2.28703 0.599999
    endloop
  endfacet
  facet normal -0.965919 -0.258846 0
    outer loop
      vertex -28.6677 -2.6301 2.76655
      vertex -28.4616 -3.39919 0.599999
      vertex -28.4616 -3.39919 2.76655
    endloop
  endfacet
  facet normal 0.707089 0.707124 0
    outer loop
      vertex -9.82541 7.36044 6.6
      vertex -10.6396 8.17459 4.43345
      vertex -10.6396 8.17459 6.6
    endloop
  endfacet
  facet normal 0.707089 0.707124 0
    outer loop
      vertex -10.6396 8.17459 4.43345
      vertex -9.82541 7.36044 6.6
      vertex -9.82541 7.36044 4.43345
    endloop
  endfacet
  facet normal 0.707089 0.707124 0
    outer loop
      vertex -9.82541 7.36044 2.76655
      vertex -10.6396 8.17459 0.599999
      vertex -10.6396 8.17459 2.76655
    endloop
  endfacet
  facet normal 0.707089 0.707124 0
    outer loop
      vertex -10.6396 8.17459 0.599999
      vertex -9.82541 7.36044 2.76655
      vertex -9.82541 7.36044 0.599999
    endloop
  endfacet
  facet normal -0.707085 0.707128 0
    outer loop
      vertex -25.3604 8.17459 6.6
      vertex -25.3604 8.17459 4.43345
      vertex -26.1746 7.36044 6.6
    endloop
  endfacet
  facet normal -0.707085 0.707128 0
    outer loop
      vertex -26.1746 7.36044 6.6
      vertex -25.3604 8.17459 4.43345
      vertex -26.1746 7.36044 4.43345
    endloop
  endfacet
  facet normal -0.707085 0.707128 0
    outer loop
      vertex -25.3604 8.17459 2.76655
      vertex -25.3604 8.17459 0.599999
      vertex -26.1746 7.36044 2.76655
    endloop
  endfacet
  facet normal -0.707085 0.707128 0
    outer loop
      vertex -26.1746 7.36044 2.76655
      vertex -25.3604 8.17459 0.599999
      vertex -26.1746 7.36044 0.599999
    endloop
  endfacet
  facet normal -0.890995 -0.454013 0
    outer loop
      vertex -27.6875 -5.18354 4.43345
      vertex -28.049 -4.4741 6.6
      vertex -28.049 -4.4741 4.43345
    endloop
  endfacet
  facet normal -0.891057 -0.453891 -0
    outer loop
      vertex -27.5263 -5.5 6.6
      vertex -27.6875 -5.18354 4.43345
      vertex -27.5263 -5.5 4.43345
    endloop
  endfacet
  facet normal -0.891014 -0.453975 -1.54586e-05
    outer loop
      vertex -27.6875 -5.18354 4.43345
      vertex -27.5263 -5.5 6.6
      vertex -28.049 -4.4741 6.6
    endloop
  endfacet
  facet normal -0.891057 -0.453891 0
    outer loop
      vertex -28.049 -4.4741 0.599999
      vertex -27.8878 -4.79056 2.76655
      vertex -28.049 -4.4741 2.76655
    endloop
  endfacet
  facet normal -0.891014 -0.453975 -1.54586e-05
    outer loop
      vertex -27.5263 -5.5 0.599999
      vertex -27.8878 -4.79056 2.76655
      vertex -28.049 -4.4741 0.599999
    endloop
  endfacet
  facet normal -0.890995 -0.454013 0
    outer loop
      vertex -27.8878 -4.79056 2.76655
      vertex -27.5263 -5.5 0.599999
      vertex -27.5263 -5.5 2.76655
    endloop
  endfacet
  facet normal 0.777145 -0.629322 0
    outer loop
      vertex -9.60189 -7.08442 2.76655
      vertex -9.10081 -6.46564 0.599999
      vertex -9.10081 -6.46564 2.76655
    endloop
  endfacet
  facet normal 0.777141 -0.629326 0
    outer loop
      vertex -9.82541 -7.36044 0.599999
      vertex -9.60189 -7.08442 2.76655
      vertex -9.82541 -7.36044 2.76655
    endloop
  endfacet
  facet normal 0.777144 -0.629323 -6.43e-07
    outer loop
      vertex -9.60189 -7.08442 2.76655
      vertex -9.82541 -7.36044 0.599999
      vertex -9.10081 -6.46564 0.599999
    endloop
  endfacet
  facet normal 0.777141 -0.629326 0
    outer loop
      vertex -9.10081 -6.46564 6.6
      vertex -9.32433 -6.74166 4.43345
      vertex -9.10081 -6.46564 4.43345
    endloop
  endfacet
  facet normal 0.777144 -0.629323 -6.43e-07
    outer loop
      vertex -9.82541 -7.36044 6.6
      vertex -9.32433 -6.74166 4.43345
      vertex -9.10081 -6.46564 6.6
    endloop
  endfacet
  facet normal 0.777145 -0.629322 0
    outer loop
      vertex -9.32433 -6.74166 4.43345
      vertex -9.82541 -7.36044 6.6
      vertex -9.82541 -7.36044 4.43345
    endloop
  endfacet
  facet normal 0.453989 -0.891007 -9.92724e-06
    outer loop
      vertex -12.8165 -9.68752 4.43345
      vertex -12.5 -9.52628 6.6
      vertex -13.5259 -10.049 6.6
    endloop
  endfacet
  facet normal 0.453935 -0.891035 0
    outer loop
      vertex -12.5 -9.52628 6.6
      vertex -12.8165 -9.68752 4.43345
      vertex -12.5 -9.52628 4.43345
    endloop
  endfacet
  facet normal 0.454013 -0.890995 0
    outer loop
      vertex -12.8165 -9.68752 4.43345
      vertex -13.5259 -10.049 6.6
      vertex -13.5259 -10.049 4.43345
    endloop
  endfacet
  facet normal 0.453935 -0.891035 0
    outer loop
      vertex -13.5259 -10.049 0.599999
      vertex -13.2094 -9.88776 2.76655
      vertex -13.5259 -10.049 2.76655
    endloop
  endfacet
  facet normal 0.453989 -0.891007 -9.92723e-06
    outer loop
      vertex -12.5 -9.52628 0.599999
      vertex -13.2094 -9.88776 2.76655
      vertex -13.5259 -10.049 0.599999
    endloop
  endfacet
  facet normal 0.454013 -0.890995 0
    outer loop
      vertex -13.2094 -9.88776 2.76655
      vertex -12.5 -9.52628 0.599999
      vertex -12.5 -9.52628 2.76655
    endloop
  endfacet
  facet normal 0.358356 0.933585 -6.65866e-06
    outer loop
      vertex -14.2692 10.3343 4.43345
      vertex -14.6008 10.4616 6.6
      vertex -13.5259 10.049 6.6
    endloop
  endfacet
  facet normal 0.358339 0.933591 0
    outer loop
      vertex -14.2692 10.3343 4.43345
      vertex -13.5259 10.049 6.6
      vertex -13.5259 10.049 4.43345
    endloop
  endfacet
  facet normal 0.358394 0.93357 0
    outer loop
      vertex -14.6008 10.4616 6.6
      vertex -14.2692 10.3343 4.43345
      vertex -14.6008 10.4616 4.43345
    endloop
  endfacet
  facet normal 0.358394 0.93357 -0
    outer loop
      vertex -13.5259 10.049 0.599999
      vertex -13.8575 10.1763 2.76655
      vertex -13.5259 10.049 2.76655
    endloop
  endfacet
  facet normal 0.358356 0.933585 -6.65865e-06
    outer loop
      vertex -14.6008 10.4616 0.599999
      vertex -13.8575 10.1763 2.76655
      vertex -13.5259 10.049 0.599999
    endloop
  endfacet
  facet normal 0.358339 0.933591 0
    outer loop
      vertex -13.8575 10.1763 2.76655
      vertex -14.6008 10.4616 0.599999
      vertex -14.6008 10.4616 2.76655
    endloop
  endfacet
  facet normal 0.891005 -0.453993 0
    outer loop
      vertex -8.31248 -5.18354 2.76655
      vertex -7.951 -4.4741 0.599999
      vertex -7.951 -4.4741 2.76655
    endloop
  endfacet
  facet normal 0.891012 -0.453981 0
    outer loop
      vertex -8.47372 -5.5 0.599999
      vertex -8.31248 -5.18354 2.76655
      vertex -8.47372 -5.5 2.76655
    endloop
  endfacet
  facet normal 0.891007 -0.453989 1.54545e-06
    outer loop
      vertex -8.31248 -5.18354 2.76655
      vertex -8.47372 -5.5 0.599999
      vertex -7.951 -4.4741 0.599999
    endloop
  endfacet
  facet normal 0.891012 -0.453981 0
    outer loop
      vertex -7.951 -4.4741 6.6
      vertex -8.11224 -4.79056 4.43345
      vertex -7.951 -4.4741 4.43345
    endloop
  endfacet
  facet normal 0.891007 -0.453989 1.54545e-06
    outer loop
      vertex -8.47372 -5.5 6.6
      vertex -8.11224 -4.79056 4.43345
      vertex -7.951 -4.4741 6.6
    endloop
  endfacet
  facet normal 0.891005 -0.453993 0
    outer loop
      vertex -8.11224 -4.79056 4.43345
      vertex -8.47372 -5.5 6.6
      vertex -8.47372 -5.5 4.43345
    endloop
  endfacet
  facet normal 0.838673 -0.544635 0
    outer loop
      vertex -8.90737 -6.16777 2.76655
      vertex -8.47372 -5.5 0.599999
      vertex -8.47372 -5.5 2.76655
    endloop
  endfacet
  facet normal 0.838669 -0.544641 0
    outer loop
      vertex -9.10081 -6.46564 0.599999
      vertex -8.90737 -6.16777 2.76655
      vertex -9.10081 -6.46564 2.76655
    endloop
  endfacet
  facet normal 0.838672 -0.544637 -8.43159e-07
    outer loop
      vertex -8.90737 -6.16777 2.76655
      vertex -9.10081 -6.46564 0.599999
      vertex -8.47372 -5.5 0.599999
    endloop
  endfacet
  facet normal 0.838669 -0.544641 0
    outer loop
      vertex -8.47372 -5.5 6.6
      vertex -8.66716 -5.79787 4.43345
      vertex -8.47372 -5.5 4.43345
    endloop
  endfacet
  facet normal 0.838672 -0.544637 -8.43159e-07
    outer loop
      vertex -9.10081 -6.46564 6.6
      vertex -8.66716 -5.79787 4.43345
      vertex -8.47372 -5.5 6.6
    endloop
  endfacet
  facet normal 0.838673 -0.544635 0
    outer loop
      vertex -8.66716 -5.79787 4.43345
      vertex -9.10081 -6.46564 6.6
      vertex -9.10081 -6.46564 4.43345
    endloop
  endfacet
  facet normal 0.156369 -0.987699 0
    outer loop
      vertex -16.0638 -10.8152 4.43345
      vertex -16.8502 -10.9397 6.6
      vertex -16.8502 -10.9397 4.43345
    endloop
  endfacet
  facet normal 0.156422 -0.98769 1.97394e-05
    outer loop
      vertex -16.8502 -10.9397 6.6
      vertex -16.0638 -10.8152 4.43345
      vertex -15.713 -10.7596 6.6
    endloop
  endfacet
  facet normal 0.156541 -0.987671 0
    outer loop
      vertex -15.713 -10.7596 6.6
      vertex -16.0638 -10.8152 4.43345
      vertex -15.713 -10.7596 4.43345
    endloop
  endfacet
  facet normal 0.156266 -0.987715 0
    outer loop
      vertex -16.8502 -10.9397 0.599999
      vertex -16.4994 -10.8842 2.76655
      vertex -16.8502 -10.9397 2.76655
    endloop
  endfacet
  facet normal 0.156422 -0.98769 -2.58488e-05
    outer loop
      vertex -15.713 -10.7596 0.599999
      vertex -16.4994 -10.8842 2.76655
      vertex -16.8502 -10.9397 0.599999
    endloop
  endfacet
  facet normal 0.156491 -0.987679 0
    outer loop
      vertex -16.4994 -10.8842 2.76655
      vertex -15.713 -10.7596 0.599999
      vertex -15.713 -10.7596 2.76655
    endloop
  endfacet
  facet normal 0.933582 0.358364 0
    outer loop
      vertex -7.951 4.4741 6.6
      vertex -7.82372 4.14252 4.43345
      vertex -7.951 4.4741 4.43345
    endloop
  endfacet
  facet normal 0.93358 0.358368 -7.99669e-07
    outer loop
      vertex -7.53838 3.39919 6.6
      vertex -7.82372 4.14252 4.43345
      vertex -7.951 4.4741 6.6
    endloop
  endfacet
  facet normal 0.933579 0.358371 0
    outer loop
      vertex -7.82372 4.14252 4.43345
      vertex -7.53838 3.39919 6.6
      vertex -7.53838 3.39919 4.43345
    endloop
  endfacet
  facet normal 0.933579 0.358371 0
    outer loop
      vertex -7.66566 3.73077 2.76655
      vertex -7.951 4.4741 0.599999
      vertex -7.951 4.4741 2.76655
    endloop
  endfacet
  facet normal 0.933582 0.358364 -0
    outer loop
      vertex -7.53838 3.39919 0.599999
      vertex -7.66566 3.73077 2.76655
      vertex -7.53838 3.39919 2.76655
    endloop
  endfacet
  facet normal 0.93358 0.358368 -7.99668e-07
    outer loop
      vertex -7.66566 3.73077 2.76655
      vertex -7.53838 3.39919 0.599999
      vertex -7.951 4.4741 0.599999
    endloop
  endfacet
  facet normal 0 0 -1
    outer loop
      vertex -14.5 0 0.599999
      vertex -7 0 0.599999
      vertex -7.06026 -1.14981 0.599999
    endloop
  endfacet
  facet normal 0 0 -1
    outer loop
      vertex -14.5192 -0.365849 0.599999
      vertex -7.06026 -1.14981 0.599999
      vertex -7.24038 -2.28703 0.599999
    endloop
  endfacet
  facet normal 0 0 -1
    outer loop
      vertex -7 0 0.599999
      vertex -14.5 0 0.599999
      vertex -7.06026 1.14981 0.599999
    endloop
  endfacet
  facet normal 0 0 -1
    outer loop
      vertex -14.5765 -0.727691 0.599999
      vertex -7.24038 -2.28703 0.599999
      vertex -7.53838 -3.39919 0.599999
    endloop
  endfacet
  facet normal 0 0 -1
    outer loop
      vertex -14.5192 0.365849 0.599999
      vertex -7.06026 1.14981 0.599999
      vertex -14.5 0 0.599999
    endloop
  endfacet
  facet normal 0 0 -1
    outer loop
      vertex -14.6713 -1.08156 0.599999
      vertex -7.53838 -3.39919 0.599999
      vertex -7.951 -4.4741 0.599999
    endloop
  endfacet
  facet normal -0 0 -1
    outer loop
      vertex -7.06026 1.14981 0.599999
      vertex -14.5192 0.365849 0.599999
      vertex -7.24038 2.28703 0.599999
    endloop
  endfacet
  facet normal 0 0 -1
    outer loop
      vertex -14.8026 -1.42358 0.599999
      vertex -7.951 -4.4741 0.599999
      vertex -8.47372 -5.5 0.599999
    endloop
  endfacet
  facet normal 0 0 -1
    outer loop
      vertex -14.5765 0.727691 0.599999
      vertex -7.24038 2.28703 0.599999
      vertex -14.5192 0.365849 0.599999
    endloop
  endfacet
  facet normal 0 0 -1
    outer loop
      vertex -14.9689 -1.75 0.599999
      vertex -8.47372 -5.5 0.599999
      vertex -9.10081 -6.46564 0.599999
    endloop
  endfacet
  facet normal -0 0 -1
    outer loop
      vertex -7.24038 2.28703 0.599999
      vertex -14.5765 0.727691 0.599999
      vertex -7.53838 3.39919 0.599999
    endloop
  endfacet
  facet normal 0 0 -1
    outer loop
      vertex -15.1684 -2.05725 0.599999
      vertex -9.10081 -6.46564 0.599999
      vertex -9.82541 -7.36044 0.599999
    endloop
  endfacet
  facet normal 0 0 -1
    outer loop
      vertex -14.6713 1.08156 0.599999
      vertex -7.53838 3.39919 0.599999
      vertex -14.5765 0.727691 0.599999
    endloop
  endfacet
  facet normal 0 0 -1
    outer loop
      vertex -15.399 -2.34196 0.599999
      vertex -9.82541 -7.36044 0.599999
      vertex -10.6396 -8.17459 0.599999
    endloop
  endfacet
  facet normal -0 0 -1
    outer loop
      vertex -7.53838 3.39919 0.599999
      vertex -14.6713 1.08156 0.599999
      vertex -7.951 4.4741 0.599999
    endloop
  endfacet
  facet normal 0 0 -1
    outer loop
      vertex -15.658 -2.60101 0.599999
      vertex -10.6396 -8.17459 0.599999
      vertex -11.5344 -8.89919 0.599999
    endloop
  endfacet
  facet normal 0 0 -1
    outer loop
      vertex -14.8026 1.42358 0.599999
      vertex -7.951 4.4741 0.599999
      vertex -14.6713 1.08156 0.599999
    endloop
  endfacet
  facet normal 0 0 -1
    outer loop
      vertex -15.9428 -2.83156 0.599999
      vertex -11.5344 -8.89919 0.599999
      vertex -12.5 -9.52628 0.599999
    endloop
  endfacet
  facet normal -0 0 -1
    outer loop
      vertex -7.951 4.4741 0.599999
      vertex -14.8026 1.42358 0.599999
      vertex -8.47372 5.5 0.599999
    endloop
  endfacet
  facet normal 0 0 -1
    outer loop
      vertex -16.25 -3.03109 0.599999
      vertex -12.5 -9.52628 0.599999
      vertex -13.5259 -10.049 0.599999
    endloop
  endfacet
  facet normal 0 0 -1
    outer loop
      vertex -14.9689 1.75 0.599999
      vertex -8.47372 5.5 0.599999
      vertex -14.8026 1.42358 0.599999
    endloop
  endfacet
  facet normal -0 0 -1
    outer loop
      vertex -8.47372 5.5 0.599999
      vertex -14.9689 1.75 0.599999
      vertex -9.10081 6.46564 0.599999
    endloop
  endfacet
  facet normal 0 0 -1
    outer loop
      vertex -7.06026 -1.14981 0.599999
      vertex -14.5192 -0.365849 0.599999
      vertex -14.5 0 0.599999
    endloop
  endfacet
  facet normal 0 0 -1
    outer loop
      vertex -7.24038 -2.28703 0.599999
      vertex -14.5765 -0.727691 0.599999
      vertex -14.5192 -0.365849 0.599999
    endloop
  endfacet
  facet normal 0 0 -1
    outer loop
      vertex -16.5764 -3.19741 0.599999
      vertex -13.5259 -10.049 0.599999
      vertex -14.6008 -10.4616 0.599999
    endloop
  endfacet
  facet normal 0 0 -1
    outer loop
      vertex -7.53838 -3.39919 0.599999
      vertex -14.6713 -1.08156 0.599999
      vertex -14.5765 -0.727691 0.599999
    endloop
  endfacet
  facet normal 0 0 -1
    outer loop
      vertex -7.951 -4.4741 0.599999
      vertex -14.8026 -1.42358 0.599999
      vertex -14.6713 -1.08156 0.599999
    endloop
  endfacet
  facet normal 0 0 -1
    outer loop
      vertex -8.47372 -5.5 0.599999
      vertex -14.9689 -1.75 0.599999
      vertex -14.8026 -1.42358 0.599999
    endloop
  endfacet
  facet normal 0 0 -1
    outer loop
      vertex -9.10081 -6.46564 0.599999
      vertex -15.1684 -2.05725 0.599999
      vertex -14.9689 -1.75 0.599999
    endloop
  endfacet
  facet normal 0 0 -1
    outer loop
      vertex -9.82541 -7.36044 0.599999
      vertex -15.399 -2.34196 0.599999
      vertex -15.1684 -2.05725 0.599999
    endloop
  endfacet
  facet normal 0 0 -1
    outer loop
      vertex -10.6396 -8.17459 0.599999
      vertex -15.658 -2.60101 0.599999
      vertex -15.399 -2.34196 0.599999
    endloop
  endfacet
  facet normal 0 0 -1
    outer loop
      vertex -16.9184 -3.3287 0.599999
      vertex -14.6008 -10.4616 0.599999
      vertex -15.713 -10.7596 0.599999
    endloop
  endfacet
  facet normal 0 0 -1
    outer loop
      vertex -11.5344 -8.89919 0.599999
      vertex -15.9428 -2.83156 0.599999
      vertex -15.658 -2.60101 0.599999
    endloop
  endfacet
  facet normal 0 0 -1
    outer loop
      vertex -12.5 -9.52628 0.599999
      vertex -16.25 -3.03109 0.599999
      vertex -15.9428 -2.83156 0.599999
    endloop
  endfacet
  facet normal 0 0 -1
    outer loop
      vertex -13.5259 -10.049 0.599999
      vertex -16.5764 -3.19741 0.599999
      vertex -16.25 -3.03109 0.599999
    endloop
  endfacet
  facet normal 0 0 -1
    outer loop
      vertex -17.2723 -3.42352 0.599999
      vertex -15.713 -10.7596 0.599999
      vertex -16.8502 -10.9397 0.599999
    endloop
  endfacet
  facet normal 0 0 -1
    outer loop
      vertex -14.6008 -10.4616 0.599999
      vertex -16.9184 -3.3287 0.599999
      vertex -16.5764 -3.19741 0.599999
    endloop
  endfacet
  facet normal 0 0 -1
    outer loop
      vertex -15.713 -10.7596 0.599999
      vertex -17.2723 -3.42352 0.599999
      vertex -16.9184 -3.3287 0.599999
    endloop
  endfacet
  facet normal 0 0 -1
    outer loop
      vertex -16.8502 -10.9397 0.599999
      vertex -17.6342 -3.48083 0.599999
      vertex -17.2723 -3.42352 0.599999
    endloop
  endfacet
  facet normal 0 0 -1
    outer loop
      vertex -18 -11 0.599999
      vertex -17.6342 -3.48083 0.599999
      vertex -16.8502 -10.9397 0.599999
    endloop
  endfacet
  facet normal 0 0 -1
    outer loop
      vertex -18 -11 0.599999
      vertex -18 -3.5 0.599999
      vertex -17.6342 -3.48083 0.599999
    endloop
  endfacet
  facet normal 0 0 -1
    outer loop
      vertex -18 -11 0.599999
      vertex -18.3658 -3.48083 0.599999
      vertex -18 -3.5 0.599999
    endloop
  endfacet
  facet normal 0 0 -1
    outer loop
      vertex -19.1498 -10.9397 0.599999
      vertex -18.3658 -3.48083 0.599999
      vertex -18 -11 0.599999
    endloop
  endfacet
  facet normal -0 0 -1
    outer loop
      vertex -18.3658 -3.48083 0.599999
      vertex -19.1498 -10.9397 0.599999
      vertex -18.7277 -3.42352 0.599999
    endloop
  endfacet
  facet normal 0 0 -1
    outer loop
      vertex -20.287 -10.7596 0.599999
      vertex -18.7277 -3.42352 0.599999
      vertex -19.1498 -10.9397 0.599999
    endloop
  endfacet
  facet normal -0 0 -1
    outer loop
      vertex -18.7277 -3.42352 0.599999
      vertex -20.287 -10.7596 0.599999
      vertex -19.0816 -3.3287 0.599999
    endloop
  endfacet
  facet normal 0 0 -1
    outer loop
      vertex -21.3992 -10.4616 0.599999
      vertex -19.0816 -3.3287 0.599999
      vertex -20.287 -10.7596 0.599999
    endloop
  endfacet
  facet normal -0 0 -1
    outer loop
      vertex -19.0816 -3.3287 0.599999
      vertex -21.3992 -10.4616 0.599999
      vertex -19.4236 -3.19741 0.599999
    endloop
  endfacet
  facet normal 0 0 -1
    outer loop
      vertex -22.4741 -10.049 0.599999
      vertex -19.4236 -3.19741 0.599999
      vertex -21.3992 -10.4616 0.599999
    endloop
  endfacet
  facet normal -0 0 -1
    outer loop
      vertex -19.4236 -3.19741 0.599999
      vertex -22.4741 -10.049 0.599999
      vertex -19.75 -3.03109 0.599999
    endloop
  endfacet
  facet normal 0 0 -1
    outer loop
      vertex -23.5 -9.52628 0.599999
      vertex -19.75 -3.03109 0.599999
      vertex -22.4741 -10.049 0.599999
    endloop
  endfacet
  facet normal -0 0 -1
    outer loop
      vertex -19.75 -3.03109 0.599999
      vertex -23.5 -9.52628 0.599999
      vertex -20.0572 -2.83156 0.599999
    endloop
  endfacet
  facet normal 0 0 -1
    outer loop
      vertex -24.4656 -8.89919 0.599999
      vertex -20.0572 -2.83156 0.599999
      vertex -23.5 -9.52628 0.599999
    endloop
  endfacet
  facet normal -0 0 -1
    outer loop
      vertex -20.0572 -2.83156 0.599999
      vertex -24.4656 -8.89919 0.599999
      vertex -20.342 -2.60101 0.599999
    endloop
  endfacet
  facet normal 0 0 -1
    outer loop
      vertex -25.3604 -8.17459 0.599999
      vertex -20.342 -2.60101 0.599999
      vertex -24.4656 -8.89919 0.599999
    endloop
  endfacet
  facet normal -0 0 -1
    outer loop
      vertex -20.342 -2.60101 0.599999
      vertex -25.3604 -8.17459 0.599999
      vertex -20.601 -2.34196 0.599999
    endloop
  endfacet
  facet normal 0 0 -1
    outer loop
      vertex -26.1746 -7.36044 0.599999
      vertex -20.601 -2.34196 0.599999
      vertex -25.3604 -8.17459 0.599999
    endloop
  endfacet
  facet normal -0 0 -1
    outer loop
      vertex -20.601 -2.34196 0.599999
      vertex -26.1746 -7.36044 0.599999
      vertex -20.8316 -2.05725 0.599999
    endloop
  endfacet
  facet normal 0 0 -1
    outer loop
      vertex -26.8992 -6.46564 0.599999
      vertex -20.8316 -2.05725 0.599999
      vertex -26.1746 -7.36044 0.599999
    endloop
  endfacet
  facet normal -0 0 -1
    outer loop
      vertex -20.8316 -2.05725 0.599999
      vertex -26.8992 -6.46564 0.599999
      vertex -21.0311 -1.75 0.599999
    endloop
  endfacet
  facet normal 0 0 -1
    outer loop
      vertex -15.1684 2.05725 0.599999
      vertex -9.10081 6.46564 0.599999
      vertex -14.9689 1.75 0.599999
    endloop
  endfacet
  facet normal -0 0 -1
    outer loop
      vertex -9.10081 6.46564 0.599999
      vertex -15.1684 2.05725 0.599999
      vertex -9.82541 7.36044 0.599999
    endloop
  endfacet
  facet normal 0 0 -1
    outer loop
      vertex -15.399 2.34196 0.599999
      vertex -9.82541 7.36044 0.599999
      vertex -15.1684 2.05725 0.599999
    endloop
  endfacet
  facet normal -0 0 -1
    outer loop
      vertex -9.82541 7.36044 0.599999
      vertex -15.399 2.34196 0.599999
      vertex -10.6396 8.17459 0.599999
    endloop
  endfacet
  facet normal 0 0 -1
    outer loop
      vertex -15.658 2.60101 0.599999
      vertex -10.6396 8.17459 0.599999
      vertex -15.399 2.34196 0.599999
    endloop
  endfacet
  facet normal -0 0 -1
    outer loop
      vertex -10.6396 8.17459 0.599999
      vertex -15.658 2.60101 0.599999
      vertex -11.5344 8.89919 0.599999
    endloop
  endfacet
  facet normal 0 0 -1
    outer loop
      vertex -15.9428 2.83156 0.599999
      vertex -11.5344 8.89919 0.599999
      vertex -15.658 2.60101 0.599999
    endloop
  endfacet
  facet normal -0 0 -1
    outer loop
      vertex -11.5344 8.89919 0.599999
      vertex -15.9428 2.83156 0.599999
      vertex -12.5 9.52628 0.599999
    endloop
  endfacet
  facet normal 0 0 -1
    outer loop
      vertex -16.25 3.03109 0.599999
      vertex -12.5 9.52628 0.599999
      vertex -15.9428 2.83156 0.599999
    endloop
  endfacet
  facet normal -0 0 -1
    outer loop
      vertex -12.5 9.52628 0.599999
      vertex -16.25 3.03109 0.599999
      vertex -13.5259 10.049 0.599999
    endloop
  endfacet
  facet normal 0 0 -1
    outer loop
      vertex -16.5764 3.19741 0.599999
      vertex -13.5259 10.049 0.599999
      vertex -16.25 3.03109 0.599999
    endloop
  endfacet
  facet normal -0 0 -1
    outer loop
      vertex -13.5259 10.049 0.599999
      vertex -16.5764 3.19741 0.599999
      vertex -14.6008 10.4616 0.599999
    endloop
  endfacet
  facet normal 0 0 -1
    outer loop
      vertex -16.9184 3.3287 0.599999
      vertex -14.6008 10.4616 0.599999
      vertex -16.5764 3.19741 0.599999
    endloop
  endfacet
  facet normal -0 0 -1
    outer loop
      vertex -14.6008 10.4616 0.599999
      vertex -16.9184 3.3287 0.599999
      vertex -15.713 10.7596 0.599999
    endloop
  endfacet
  facet normal 0 0 -1
    outer loop
      vertex -17.2723 3.42352 0.599999
      vertex -15.713 10.7596 0.599999
      vertex -16.9184 3.3287 0.599999
    endloop
  endfacet
  facet normal -0 0 -1
    outer loop
      vertex -15.713 10.7596 0.599999
      vertex -17.2723 3.42352 0.599999
      vertex -16.8502 10.9397 0.599999
    endloop
  endfacet
  facet normal 0 0 -1
    outer loop
      vertex -17.6342 3.48083 0.599999
      vertex -16.8502 10.9397 0.599999
      vertex -17.2723 3.42352 0.599999
    endloop
  endfacet
  facet normal 0 0 -1
    outer loop
      vertex -18 3.5 0.599999
      vertex -16.8502 10.9397 0.599999
      vertex -17.6342 3.48083 0.599999
    endloop
  endfacet
  facet normal 0 0 -1
    outer loop
      vertex -18 3.5 0.599999
      vertex -18 11 0.599999
      vertex -16.8502 10.9397 0.599999
    endloop
  endfacet
  facet normal 0 0 -1
    outer loop
      vertex -18.3658 3.48083 0.599999
      vertex -18 11 0.599999
      vertex -18 3.5 0.599999
    endloop
  endfacet
  facet normal 0 0 -1
    outer loop
      vertex -19.1498 10.9397 0.599999
      vertex -18.3658 3.48083 0.599999
      vertex -18.7277 3.42352 0.599999
    endloop
  endfacet
  facet normal 0 0 -1
    outer loop
      vertex -20.287 10.7596 0.599999
      vertex -18.7277 3.42352 0.599999
      vertex -19.0816 3.3287 0.599999
    endloop
  endfacet
  facet normal 0 0 -1
    outer loop
      vertex -18.3658 3.48083 0.599999
      vertex -19.1498 10.9397 0.599999
      vertex -18 11 0.599999
    endloop
  endfacet
  facet normal 0 0 -1
    outer loop
      vertex -21.3992 10.4616 0.599999
      vertex -19.0816 3.3287 0.599999
      vertex -19.4236 3.19741 0.599999
    endloop
  endfacet
  facet normal 0 0 -1
    outer loop
      vertex -22.4741 10.049 0.599999
      vertex -19.4236 3.19741 0.599999
      vertex -19.75 3.03109 0.599999
    endloop
  endfacet
  facet normal 0 0 -1
    outer loop
      vertex -23.5 9.52628 0.599999
      vertex -19.75 3.03109 0.599999
      vertex -20.0572 2.83156 0.599999
    endloop
  endfacet
  facet normal 0 0 -1
    outer loop
      vertex -18.7277 3.42352 0.599999
      vertex -20.287 10.7596 0.599999
      vertex -19.1498 10.9397 0.599999
    endloop
  endfacet
  facet normal 0 0 -1
    outer loop
      vertex -24.4656 8.89919 0.599999
      vertex -20.0572 2.83156 0.599999
      vertex -20.342 2.60101 0.599999
    endloop
  endfacet
  facet normal 0 0 -1
    outer loop
      vertex -25.3604 8.17459 0.599999
      vertex -20.342 2.60101 0.599999
      vertex -20.601 2.34196 0.599999
    endloop
  endfacet
  facet normal 0 0 -1
    outer loop
      vertex -26.1746 7.36044 0.599999
      vertex -20.601 2.34196 0.599999
      vertex -20.8316 2.05725 0.599999
    endloop
  endfacet
  facet normal 0 0 -1
    outer loop
      vertex -26.8992 6.46564 0.599999
      vertex -20.8316 2.05725 0.599999
      vertex -21.0311 1.75 0.599999
    endloop
  endfacet
  facet normal 0 0 -1
    outer loop
      vertex -27.5263 5.5 0.599999
      vertex -21.0311 1.75 0.599999
      vertex -21.1974 1.42358 0.599999
    endloop
  endfacet
  facet normal 0 0 -1
    outer loop
      vertex -28.049 4.4741 0.599999
      vertex -21.1974 1.42358 0.599999
      vertex -21.3287 1.08156 0.599999
    endloop
  endfacet
  facet normal 0 0 -1
    outer loop
      vertex -19.0816 3.3287 0.599999
      vertex -21.3992 10.4616 0.599999
      vertex -20.287 10.7596 0.599999
    endloop
  endfacet
  facet normal 0 0 -1
    outer loop
      vertex -28.4616 3.39919 0.599999
      vertex -21.3287 1.08156 0.599999
      vertex -21.4235 0.727691 0.599999
    endloop
  endfacet
  facet normal 0 0 -1
    outer loop
      vertex -28.7596 2.28703 0.599999
      vertex -21.4235 0.727691 0.599999
      vertex -21.4808 0.365849 0.599999
    endloop
  endfacet
  facet normal 0 0 -1
    outer loop
      vertex -28.9397 1.14981 0.599999
      vertex -21.4808 0.365849 0.599999
      vertex -21.5 0 0.599999
    endloop
  endfacet
  facet normal 0 0 -1
    outer loop
      vertex -27.5263 -5.5 0.599999
      vertex -21.0311 -1.75 0.599999
      vertex -26.8992 -6.46564 0.599999
    endloop
  endfacet
  facet normal 0 0 -1
    outer loop
      vertex -19.4236 3.19741 0.599999
      vertex -22.4741 10.049 0.599999
      vertex -21.3992 10.4616 0.599999
    endloop
  endfacet
  facet normal -0 0 -1
    outer loop
      vertex -21.0311 -1.75 0.599999
      vertex -27.5263 -5.5 0.599999
      vertex -21.1974 -1.42358 0.599999
    endloop
  endfacet
  facet normal 0 0 -1
    outer loop
      vertex -19.75 3.03109 0.599999
      vertex -23.5 9.52628 0.599999
      vertex -22.4741 10.049 0.599999
    endloop
  endfacet
  facet normal 0 0 -1
    outer loop
      vertex -28.049 -4.4741 0.599999
      vertex -21.1974 -1.42358 0.599999
      vertex -27.5263 -5.5 0.599999
    endloop
  endfacet
  facet normal 0 0 -1
    outer loop
      vertex -20.0572 2.83156 0.599999
      vertex -24.4656 8.89919 0.599999
      vertex -23.5 9.52628 0.599999
    endloop
  endfacet
  facet normal -0 0 -1
    outer loop
      vertex -21.1974 -1.42358 0.599999
      vertex -28.049 -4.4741 0.599999
      vertex -21.3287 -1.08156 0.599999
    endloop
  endfacet
  facet normal 0 0 -1
    outer loop
      vertex -20.342 2.60101 0.599999
      vertex -25.3604 8.17459 0.599999
      vertex -24.4656 8.89919 0.599999
    endloop
  endfacet
  facet normal 0 0 -1
    outer loop
      vertex -28.4616 -3.39919 0.599999
      vertex -21.3287 -1.08156 0.599999
      vertex -28.049 -4.4741 0.599999
    endloop
  endfacet
  facet normal 0 0 -1
    outer loop
      vertex -20.601 2.34196 0.599999
      vertex -26.1746 7.36044 0.599999
      vertex -25.3604 8.17459 0.599999
    endloop
  endfacet
  facet normal -0 0 -1
    outer loop
      vertex -21.3287 -1.08156 0.599999
      vertex -28.4616 -3.39919 0.599999
      vertex -21.4235 -0.727691 0.599999
    endloop
  endfacet
  facet normal 0 0 -1
    outer loop
      vertex -20.8316 2.05725 0.599999
      vertex -26.8992 6.46564 0.599999
      vertex -26.1746 7.36044 0.599999
    endloop
  endfacet
  facet normal 0 0 -1
    outer loop
      vertex -28.7596 -2.28703 0.599999
      vertex -21.4235 -0.727691 0.599999
      vertex -28.4616 -3.39919 0.599999
    endloop
  endfacet
  facet normal 0 0 -1
    outer loop
      vertex -21.0311 1.75 0.599999
      vertex -27.5263 5.5 0.599999
      vertex -26.8992 6.46564 0.599999
    endloop
  endfacet
  facet normal -0 0 -1
    outer loop
      vertex -21.4235 -0.727691 0.599999
      vertex -28.7596 -2.28703 0.599999
      vertex -21.4808 -0.365849 0.599999
    endloop
  endfacet
  facet normal 0 0 -1
    outer loop
      vertex -21.1974 1.42358 0.599999
      vertex -28.049 4.4741 0.599999
      vertex -27.5263 5.5 0.599999
    endloop
  endfacet
  facet normal 0 0 -1
    outer loop
      vertex -28.9397 -1.14981 0.599999
      vertex -21.4808 -0.365849 0.599999
      vertex -28.7596 -2.28703 0.599999
    endloop
  endfacet
  facet normal 0 0 -1
    outer loop
      vertex -21.3287 1.08156 0.599999
      vertex -28.4616 3.39919 0.599999
      vertex -28.049 4.4741 0.599999
    endloop
  endfacet
  facet normal -0 0 -1
    outer loop
      vertex -21.4808 -0.365849 0.599999
      vertex -28.9397 -1.14981 0.599999
      vertex -21.5 0 0.599999
    endloop
  endfacet
  facet normal 0 0 -1
    outer loop
      vertex -21.4235 0.727691 0.599999
      vertex -28.7596 2.28703 0.599999
      vertex -28.4616 3.39919 0.599999
    endloop
  endfacet
  facet normal 0 0 -1
    outer loop
      vertex -29 0 0.599999
      vertex -21.5 0 0.599999
      vertex -28.9397 -1.14981 0.599999
    endloop
  endfacet
  facet normal 0 0 -1
    outer loop
      vertex -21.4808 0.365849 0.599999
      vertex -28.9397 1.14981 0.599999
      vertex -28.7596 2.28703 0.599999
    endloop
  endfacet
  facet normal 0 0 -1
    outer loop
      vertex -21.5 0 0.599999
      vertex -29 0 0.599999
      vertex -28.9397 1.14981 0.599999
    endloop
  endfacet
  facet normal -0.258731 0.965949 0
    outer loop
      vertex -20.287 10.7596 0.599999
      vertex -20.6301 10.6677 2.76655
      vertex -20.287 10.7596 2.76655
    endloop
  endfacet
  facet normal -0.258808 0.965929 -1.30761e-05
    outer loop
      vertex -21.3992 10.4616 0.599999
      vertex -20.6301 10.6677 2.76655
      vertex -20.287 10.7596 0.599999
    endloop
  endfacet
  facet normal -0.258843 0.965919 0
    outer loop
      vertex -20.6301 10.6677 2.76655
      vertex -21.3992 10.4616 0.599999
      vertex -21.3992 10.4616 2.76655
    endloop
  endfacet
  facet normal -0.258843 0.965919 0
    outer loop
      vertex -21.0561 10.5535 4.43345
      vertex -20.287 10.7596 6.6
      vertex -20.287 10.7596 4.43345
    endloop
  endfacet
  facet normal -0.258808 0.965929 -1.30761e-05
    outer loop
      vertex -20.287 10.7596 6.6
      vertex -21.0561 10.5535 4.43345
      vertex -21.3992 10.4616 6.6
    endloop
  endfacet
  facet normal -0.258731 0.965949 0
    outer loop
      vertex -21.3992 10.4616 6.6
      vertex -21.0561 10.5535 4.43345
      vertex -21.3992 10.4616 4.43345
    endloop
  endfacet
  facet normal -0.0523743 -0.998628 0
    outer loop
      vertex -18.3547 -10.9814 4.43345
      vertex -19.1498 -10.9397 6.6
      vertex -19.1498 -10.9397 4.43345
    endloop
  endfacet
  facet normal -0.0523719 -0.998628 8.53871e-07
    outer loop
      vertex -19.1498 -10.9397 6.6
      vertex -18.3547 -10.9814 4.43345
      vertex -18 -11 6.6
    endloop
  endfacet
  facet normal -0.0523667 -0.998628 -0
    outer loop
      vertex -18 -11 6.6
      vertex -18.3547 -10.9814 4.43345
      vertex -18 -11 4.43345
    endloop
  endfacet
  facet normal -0.0523667 -0.998628 0
    outer loop
      vertex -19.1498 -10.9397 0.599999
      vertex -18.7951 -10.9583 2.76655
      vertex -19.1498 -10.9397 2.76655
    endloop
  endfacet
  facet normal -0.0523719 -0.998628 8.5387e-07
    outer loop
      vertex -18 -11 0.599999
      vertex -18.7951 -10.9583 2.76655
      vertex -19.1498 -10.9397 0.599999
    endloop
  endfacet
  facet normal -0.0523743 -0.998628 0
    outer loop
      vertex -18.7951 -10.9583 2.76655
      vertex -18 -11 0.599999
      vertex -18 -11 2.76655
    endloop
  endfacet
  facet normal -0.777133 0.629337 0
    outer loop
      vertex -26.6757 6.74166 4.43345
      vertex -26.1746 7.36044 6.6
      vertex -26.1746 7.36044 4.43345
    endloop
  endfacet
  facet normal -0.777169 0.629292 0
    outer loop
      vertex -26.8992 6.46564 6.6
      vertex -26.6757 6.74166 4.43345
      vertex -26.8992 6.46564 4.43345
    endloop
  endfacet
  facet normal -0.777144 0.629323 6.53102e-06
    outer loop
      vertex -26.6757 6.74166 4.43345
      vertex -26.8992 6.46564 6.6
      vertex -26.1746 7.36044 6.6
    endloop
  endfacet
  facet normal -0.777169 0.629292 0
    outer loop
      vertex -26.1746 7.36044 0.599999
      vertex -26.3981 7.08442 2.76655
      vertex -26.1746 7.36044 2.76655
    endloop
  endfacet
  facet normal -0.777144 0.629323 6.53102e-06
    outer loop
      vertex -26.8992 6.46564 0.599999
      vertex -26.3981 7.08442 2.76655
      vertex -26.1746 7.36044 0.599999
    endloop
  endfacet
  facet normal -0.777133 0.629337 0
    outer loop
      vertex -26.3981 7.08442 2.76655
      vertex -26.8992 6.46564 0.599999
      vertex -26.8992 6.46564 2.76655
    endloop
  endfacet
  facet normal -0.453935 -0.891035 -0
    outer loop
      vertex -23.5 -9.52628 2.76655
      vertex -23.5 -9.52628 0.599999
      vertex -23.1835 -9.68752 2.76655
    endloop
  endfacet
  facet normal -0.453989 -0.891007 9.92723e-06
    outer loop
      vertex -22.4741 -10.049 0.599999
      vertex -23.1835 -9.68752 2.76655
      vertex -23.5 -9.52628 0.599999
    endloop
  endfacet
  facet normal -0.454013 -0.890995 0
    outer loop
      vertex -23.1835 -9.68752 2.76655
      vertex -22.4741 -10.049 0.599999
      vertex -22.4741 -10.049 2.76655
    endloop
  endfacet
  facet normal -0.454013 -0.890995 0
    outer loop
      vertex -22.7906 -9.88776 4.43345
      vertex -23.5 -9.52628 6.6
      vertex -23.5 -9.52628 4.43345
    endloop
  endfacet
  facet normal -0.453989 -0.891007 9.92724e-06
    outer loop
      vertex -23.5 -9.52628 6.6
      vertex -22.7906 -9.88776 4.43345
      vertex -22.4741 -10.049 6.6
    endloop
  endfacet
  facet normal -0.453935 -0.891035 -0
    outer loop
      vertex -22.4741 -10.049 6.6
      vertex -22.7906 -9.88776 4.43345
      vertex -22.4741 -10.049 4.43345
    endloop
  endfacet
  facet normal -0.156369 0.987699 0
    outer loop
      vertex -19.9362 10.8152 4.43345
      vertex -19.1498 10.9397 6.6
      vertex -19.1498 10.9397 4.43345
    endloop
  endfacet
  facet normal -0.156422 0.98769 1.97394e-05
    outer loop
      vertex -19.1498 10.9397 6.6
      vertex -19.9362 10.8152 4.43345
      vertex -20.287 10.7596 6.6
    endloop
  endfacet
  facet normal -0.156541 0.987671 0
    outer loop
      vertex -20.287 10.7596 6.6
      vertex -19.9362 10.8152 4.43345
      vertex -20.287 10.7596 4.43345
    endloop
  endfacet
  facet normal -0.156266 0.987715 0
    outer loop
      vertex -19.1498 10.9397 0.599999
      vertex -19.5006 10.8842 2.76655
      vertex -19.1498 10.9397 2.76655
    endloop
  endfacet
  facet normal -0.156422 0.98769 -2.58488e-05
    outer loop
      vertex -20.287 10.7596 0.599999
      vertex -19.5006 10.8842 2.76655
      vertex -19.1498 10.9397 0.599999
    endloop
  endfacet
  facet normal -0.156491 0.987679 0
    outer loop
      vertex -19.5006 10.8842 2.76655
      vertex -20.287 10.7596 0.599999
      vertex -20.287 10.7596 2.76655
    endloop
  endfacet
  facet normal 0.0523743 0.998628 0
    outer loop
      vertex -17.6453 10.9814 4.43345
      vertex -16.8502 10.9397 6.6
      vertex -16.8502 10.9397 4.43345
    endloop
  endfacet
  facet normal 0.0523719 0.998628 8.53871e-07
    outer loop
      vertex -16.8502 10.9397 6.6
      vertex -17.6453 10.9814 4.43345
      vertex -18 11 6.6
    endloop
  endfacet
  facet normal 0.0523667 0.998628 0
    outer loop
      vertex -18 11 6.6
      vertex -17.6453 10.9814 4.43345
      vertex -18 11 4.43345
    endloop
  endfacet
  facet normal 0.0523667 0.998628 -0
    outer loop
      vertex -16.8502 10.9397 0.599999
      vertex -17.2049 10.9583 2.76655
      vertex -16.8502 10.9397 2.76655
    endloop
  endfacet
  facet normal 0.0523719 0.998628 8.5387e-07
    outer loop
      vertex -18 11 0.599999
      vertex -17.2049 10.9583 2.76655
      vertex -16.8502 10.9397 0.599999
    endloop
  endfacet
  facet normal 0.0523743 0.998628 0
    outer loop
      vertex -17.2049 10.9583 2.76655
      vertex -18 11 0.599999
      vertex -18 11 2.76655
    endloop
  endfacet
  facet normal 0.965925 0.258823 0
    outer loop
      vertex -7.3323 2.6301 2.76655
      vertex -7.53838 3.39919 0.599999
      vertex -7.53838 3.39919 2.76655
    endloop
  endfacet
  facet normal 0.96593 0.258805 -0
    outer loop
      vertex -7.24038 2.28703 0.599999
      vertex -7.3323 2.6301 2.76655
      vertex -7.24038 2.28703 2.76655
    endloop
  endfacet
  facet normal 0.965926 0.258817 -2.04959e-06
    outer loop
      vertex -7.3323 2.6301 2.76655
      vertex -7.24038 2.28703 0.599999
      vertex -7.53838 3.39919 0.599999
    endloop
  endfacet
  facet normal 0.965923 0.258831 0
    outer loop
      vertex -7.53838 3.39919 6.6
      vertex -7.44645 3.05612 4.43345
      vertex -7.53838 3.39919 4.43345
    endloop
  endfacet
  facet normal 0.965926 0.258817 2.40877e-06
    outer loop
      vertex -7.24038 2.28703 6.6
      vertex -7.44645 3.05612 4.43345
      vertex -7.53838 3.39919 6.6
    endloop
  endfacet
  facet normal 0.965928 0.258811 0
    outer loop
      vertex -7.44645 3.05612 4.43345
      vertex -7.24038 2.28703 6.6
      vertex -7.24038 2.28703 4.43345
    endloop
  endfacet
  facet normal -0.629309 0.777155 0
    outer loop
      vertex -25.0844 8.39811 4.43345
      vertex -24.4656 8.89919 6.6
      vertex -24.4656 8.89919 4.43345
    endloop
  endfacet
  facet normal -0.629323 0.777144 6.45245e-06
    outer loop
      vertex -24.4656 8.89919 6.6
      vertex -25.0844 8.39811 4.43345
      vertex -25.3604 8.17459 6.6
    endloop
  endfacet
  facet normal -0.629354 0.777119 0
    outer loop
      vertex -25.3604 8.17459 6.6
      vertex -25.0844 8.39811 4.43345
      vertex -25.3604 8.17459 4.43345
    endloop
  endfacet
  facet normal -0.629216 0.77723 0
    outer loop
      vertex -24.4656 8.89919 0.599999
      vertex -24.7417 8.67567 2.76655
      vertex -24.4656 8.89919 2.76655
    endloop
  endfacet
  facet normal -0.629323 0.777144 -2.25948e-05
    outer loop
      vertex -25.3604 8.17459 0.599999
      vertex -24.7417 8.67567 2.76655
      vertex -24.4656 8.89919 0.599999
    endloop
  endfacet
  facet normal -0.629371 0.777105 0
    outer loop
      vertex -24.7417 8.67567 2.76655
      vertex -25.3604 8.17459 0.599999
      vertex -25.3604 8.17459 2.76655
    endloop
  endfacet
  facet normal -0.933596 0.358327 0
    outer loop
      vertex -28.3343 3.73077 4.43345
      vertex -28.049 4.4741 6.6
      vertex -28.049 4.4741 4.43345
    endloop
  endfacet
  facet normal -0.933563 0.358413 0
    outer loop
      vertex -28.4616 3.39919 6.6
      vertex -28.3343 3.73077 4.43345
      vertex -28.4616 3.39919 4.43345
    endloop
  endfacet
  facet normal -0.933586 0.358353 -1.0477e-05
    outer loop
      vertex -28.3343 3.73077 4.43345
      vertex -28.4616 3.39919 6.6
      vertex -28.049 4.4741 6.6
    endloop
  endfacet
  facet normal -0.933563 0.358413 0
    outer loop
      vertex -28.049 4.4741 0.599999
      vertex -28.1763 4.14252 2.76655
      vertex -28.049 4.4741 2.76655
    endloop
  endfacet
  facet normal -0.933586 0.358353 -1.0477e-05
    outer loop
      vertex -28.4616 3.39919 0.599999
      vertex -28.1763 4.14252 2.76655
      vertex -28.049 4.4741 0.599999
    endloop
  endfacet
  facet normal -0.933596 0.358327 0
    outer loop
      vertex -28.1763 4.14252 2.76655
      vertex -28.4616 3.39919 0.599999
      vertex -28.4616 3.39919 2.76655
    endloop
  endfacet
  facet normal -0.0523719 0.998628 -8.53871e-07
    outer loop
      vertex -18 11 6.6
      vertex -18.7951 10.9583 4.43345
      vertex -19.1498 10.9397 6.6
    endloop
  endfacet
  facet normal -0.0523743 0.998628 0
    outer loop
      vertex -18.7951 10.9583 4.43345
      vertex -18 11 6.6
      vertex -18 11 4.43345
    endloop
  endfacet
  facet normal -0.0523667 0.998628 0
    outer loop
      vertex -19.1498 10.9397 6.6
      vertex -18.7951 10.9583 4.43345
      vertex -19.1498 10.9397 4.43345
    endloop
  endfacet
  facet normal -0.0523667 0.998628 0
    outer loop
      vertex -18 11 0.599999
      vertex -18.3547 10.9814 2.76655
      vertex -18 11 2.76655
    endloop
  endfacet
  facet normal -0.0523719 0.998628 -8.5387e-07
    outer loop
      vertex -19.1498 10.9397 0.599999
      vertex -18.3547 10.9814 2.76655
      vertex -18 11 0.599999
    endloop
  endfacet
  facet normal -0.0523743 0.998628 0
    outer loop
      vertex -18.3547 10.9814 2.76655
      vertex -19.1498 10.9397 0.599999
      vertex -19.1498 10.9397 2.76655
    endloop
  endfacet
  facet normal -0.965919 0.258846 0
    outer loop
      vertex -28.6677 2.6301 4.43345
      vertex -28.4616 3.39919 6.6
      vertex -28.4616 3.39919 4.43345
    endloop
  endfacet
  facet normal -0.965944 0.258753 0
    outer loop
      vertex -28.7596 2.28703 6.6
      vertex -28.6677 2.6301 4.43345
      vertex -28.7596 2.28703 4.43345
    endloop
  endfacet
  facet normal -0.965926 0.258817 1.09663e-05
    outer loop
      vertex -28.6677 2.6301 4.43345
      vertex -28.7596 2.28703 6.6
      vertex -28.4616 3.39919 6.6
    endloop
  endfacet
  facet normal -0.965944 0.258753 0
    outer loop
      vertex -28.4616 3.39919 0.599999
      vertex -28.5535 3.05612 2.76655
      vertex -28.4616 3.39919 2.76655
    endloop
  endfacet
  facet normal -0.965926 0.258817 1.09663e-05
    outer loop
      vertex -28.7596 2.28703 0.599999
      vertex -28.5535 3.05612 2.76655
      vertex -28.4616 3.39919 0.599999
    endloop
  endfacet
  facet normal -0.965919 0.258846 0
    outer loop
      vertex -28.5535 3.05612 2.76655
      vertex -28.7596 2.28703 0.599999
      vertex -28.7596 2.28703 2.76655
    endloop
  endfacet
  facet normal -0.998628 -0.0523723 0
    outer loop
      vertex -28.9583 -0.79513 4.43345
      vertex -29 0 6.6
      vertex -29 0 4.43345
    endloop
  endfacet
  facet normal -0.998628 -0.0523697 -0
    outer loop
      vertex -28.9397 -1.14981 6.6
      vertex -28.9583 -0.79513 4.43345
      vertex -28.9397 -1.14981 4.43345
    endloop
  endfacet
  facet normal -0.998628 -0.0523715 -2.95846e-07
    outer loop
      vertex -28.9583 -0.79513 4.43345
      vertex -28.9397 -1.14981 6.6
      vertex -29 0 6.6
    endloop
  endfacet
  facet normal -0.998628 -0.0523692 0
    outer loop
      vertex -29 0 0.599999
      vertex -28.9814 -0.354683 2.76655
      vertex -29 0 2.76655
    endloop
  endfacet
  facet normal -0.998628 -0.0523715 -3.68364e-07
    outer loop
      vertex -28.9397 -1.14981 0.599999
      vertex -28.9814 -0.354683 2.76655
      vertex -29 0 0.599999
    endloop
  endfacet
  facet normal -0.998628 -0.0523725 0
    outer loop
      vertex -28.9814 -0.354683 2.76655
      vertex -28.9397 -1.14981 0.599999
      vertex -28.9397 -1.14981 2.76655
    endloop
  endfacet
  facet normal -0.777169 -0.629292 0
    outer loop
      vertex -26.8992 -6.46564 0.599999
      vertex -26.6757 -6.74166 2.76655
      vertex -26.8992 -6.46564 2.76655
    endloop
  endfacet
  facet normal -0.777144 -0.629323 -6.53102e-06
    outer loop
      vertex -26.1746 -7.36044 0.599999
      vertex -26.6757 -6.74166 2.76655
      vertex -26.8992 -6.46564 0.599999
    endloop
  endfacet
  facet normal -0.777133 -0.629337 0
    outer loop
      vertex -26.6757 -6.74166 2.76655
      vertex -26.1746 -7.36044 0.599999
      vertex -26.1746 -7.36044 2.76655
    endloop
  endfacet
  facet normal -0.777133 -0.629337 0
    outer loop
      vertex -26.3981 -7.08442 4.43345
      vertex -26.8992 -6.46564 6.6
      vertex -26.8992 -6.46564 4.43345
    endloop
  endfacet
  facet normal -0.777169 -0.629292 -0
    outer loop
      vertex -26.1746 -7.36044 6.6
      vertex -26.3981 -7.08442 4.43345
      vertex -26.1746 -7.36044 4.43345
    endloop
  endfacet
  facet normal -0.777144 -0.629323 -6.53102e-06
    outer loop
      vertex -26.3981 -7.08442 4.43345
      vertex -26.1746 -7.36044 6.6
      vertex -26.8992 -6.46564 6.6
    endloop
  endfacet
  facet normal -0.629323 -0.777144 2.25948e-05
    outer loop
      vertex -24.7417 -8.67567 4.43345
      vertex -24.4656 -8.89919 6.6
      vertex -25.3604 -8.17459 6.6
    endloop
  endfacet
  facet normal -0.629216 -0.77723 -0
    outer loop
      vertex -24.4656 -8.89919 6.6
      vertex -24.7417 -8.67567 4.43345
      vertex -24.4656 -8.89919 4.43345
    endloop
  endfacet
  facet normal -0.629371 -0.777105 0
    outer loop
      vertex -24.7417 -8.67567 4.43345
      vertex -25.3604 -8.17459 6.6
      vertex -25.3604 -8.17459 4.43345
    endloop
  endfacet
  facet normal -0.629354 -0.777119 0
    outer loop
      vertex -25.3604 -8.17459 0.599999
      vertex -25.0844 -8.39811 2.76655
      vertex -25.3604 -8.17459 2.76655
    endloop
  endfacet
  facet normal -0.629323 -0.777144 -6.45245e-06
    outer loop
      vertex -24.4656 -8.89919 0.599999
      vertex -25.0844 -8.39811 2.76655
      vertex -25.3604 -8.17459 0.599999
    endloop
  endfacet
  facet normal -0.629309 -0.777155 0
    outer loop
      vertex -25.0844 -8.39811 2.76655
      vertex -24.4656 -8.89919 0.599999
      vertex -24.4656 -8.89919 2.76655
    endloop
  endfacet
  facet normal 0.933579 -0.358371 0
    outer loop
      vertex -7.82372 -4.14252 2.76655
      vertex -7.53838 -3.39919 0.599999
      vertex -7.53838 -3.39919 2.76655
    endloop
  endfacet
  facet normal 0.933582 -0.358364 0
    outer loop
      vertex -7.951 -4.4741 0.599999
      vertex -7.82372 -4.14252 2.76655
      vertex -7.951 -4.4741 2.76655
    endloop
  endfacet
  facet normal 0.93358 -0.358368 7.99668e-07
    outer loop
      vertex -7.82372 -4.14252 2.76655
      vertex -7.951 -4.4741 0.599999
      vertex -7.53838 -3.39919 0.599999
    endloop
  endfacet
  facet normal 0.933582 -0.358364 0
    outer loop
      vertex -7.53838 -3.39919 6.6
      vertex -7.66566 -3.73077 4.43345
      vertex -7.53838 -3.39919 4.43345
    endloop
  endfacet
  facet normal 0.93358 -0.358368 7.99669e-07
    outer loop
      vertex -7.951 -4.4741 6.6
      vertex -7.66566 -3.73077 4.43345
      vertex -7.53838 -3.39919 6.6
    endloop
  endfacet
  facet normal 0.933579 -0.358371 0
    outer loop
      vertex -7.66566 -3.73077 4.43345
      vertex -7.951 -4.4741 6.6
      vertex -7.951 -4.4741 4.43345
    endloop
  endfacet
  facet normal -0.544731 -0.838611 0
    outer loop
      vertex -24.4656 -8.89919 0.599999
      vertex -24.1678 -9.09263 2.76655
      vertex -24.4656 -8.89919 2.76655
    endloop
  endfacet
  facet normal -0.544652 -0.838662 -1.53387e-05
    outer loop
      vertex -23.5 -9.52628 0.599999
      vertex -24.1678 -9.09263 2.76655
      vertex -24.4656 -8.89919 0.599999
    endloop
  endfacet
  facet normal -0.544617 -0.838685 0
    outer loop
      vertex -24.1678 -9.09263 2.76655
      vertex -23.5 -9.52628 0.599999
      vertex -23.5 -9.52628 2.76655
    endloop
  endfacet
  facet normal -0.544675 -0.838647 0
    outer loop
      vertex -23.7979 -9.33284 4.43345
      vertex -24.4656 -8.89919 6.6
      vertex -24.4656 -8.89919 4.43345
    endloop
  endfacet
  facet normal -0.544652 -0.838662 9.80046e-06
    outer loop
      vertex -24.4656 -8.89919 6.6
      vertex -23.7979 -9.33284 4.43345
      vertex -23.5 -9.52628 6.6
    endloop
  endfacet
  facet normal -0.544602 -0.838694 -0
    outer loop
      vertex -23.5 -9.52628 6.6
      vertex -23.7979 -9.33284 4.43345
      vertex -23.5 -9.52628 4.43345
    endloop
  endfacet
  facet normal -0.358356 -0.933585 -6.65866e-06
    outer loop
      vertex -21.7308 -10.3343 4.43345
      vertex -21.3992 -10.4616 6.6
      vertex -22.4741 -10.049 6.6
    endloop
  endfacet
  facet normal -0.358339 -0.933591 0
    outer loop
      vertex -21.7308 -10.3343 4.43345
      vertex -22.4741 -10.049 6.6
      vertex -22.4741 -10.049 4.43345
    endloop
  endfacet
  facet normal -0.358394 -0.93357 -0
    outer loop
      vertex -21.3992 -10.4616 6.6
      vertex -21.7308 -10.3343 4.43345
      vertex -21.3992 -10.4616 4.43345
    endloop
  endfacet
  facet normal -0.358394 -0.93357 0
    outer loop
      vertex -22.4741 -10.049 0.599999
      vertex -22.1425 -10.1763 2.76655
      vertex -22.4741 -10.049 2.76655
    endloop
  endfacet
  facet normal -0.358356 -0.933585 -6.65865e-06
    outer loop
      vertex -21.3992 -10.4616 0.599999
      vertex -22.1425 -10.1763 2.76655
      vertex -22.4741 -10.049 0.599999
    endloop
  endfacet
  facet normal -0.358339 -0.933591 0
    outer loop
      vertex -22.1425 -10.1763 2.76655
      vertex -21.3992 -10.4616 0.599999
      vertex -21.3992 -10.4616 2.76655
    endloop
  endfacet
  facet normal -0.998628 0.0523725 0
    outer loop
      vertex -28.9814 0.354683 4.43345
      vertex -28.9397 1.14981 6.6
      vertex -28.9397 1.14981 4.43345
    endloop
  endfacet
  facet normal -0.998628 0.0523692 0
    outer loop
      vertex -29 0 6.6
      vertex -28.9814 0.354683 4.43345
      vertex -29 0 4.43345
    endloop
  endfacet
  facet normal -0.998628 0.0523715 3.68364e-07
    outer loop
      vertex -28.9814 0.354683 4.43345
      vertex -29 0 6.6
      vertex -28.9397 1.14981 6.6
    endloop
  endfacet
  facet normal -0.998628 0.0523697 0
    outer loop
      vertex -28.9397 1.14981 0.599999
      vertex -28.9583 0.79513 2.76655
      vertex -28.9397 1.14981 2.76655
    endloop
  endfacet
  facet normal -0.998628 0.0523715 2.95845e-07
    outer loop
      vertex -29 0 0.599999
      vertex -28.9583 0.79513 2.76655
      vertex -28.9397 1.14981 0.599999
    endloop
  endfacet
  facet normal -0.998628 0.0523723 0
    outer loop
      vertex -28.9583 0.79513 2.76655
      vertex -29 0 0.599999
      vertex -29 0 2.76655
    endloop
  endfacet
  facet normal 0 0 1
    outer loop
      vertex -14.5 0 6.6
      vertex -7 0 6.6
      vertex -7.06026 1.14981 6.6
    endloop
  endfacet
  facet normal 0 0 1
    outer loop
      vertex -14.5192 0.365849 6.6
      vertex -7.06026 1.14981 6.6
      vertex -7.24038 2.28703 6.6
    endloop
  endfacet
  facet normal 0 0 1
    outer loop
      vertex -7 0 6.6
      vertex -14.5 0 6.6
      vertex -7.06026 -1.14981 6.6
    endloop
  endfacet
  facet normal 0 0 1
    outer loop
      vertex -14.5765 0.727691 6.6
      vertex -7.24038 2.28703 6.6
      vertex -7.53838 3.39919 6.6
    endloop
  endfacet
  facet normal -0 0 1
    outer loop
      vertex -14.5192 -0.365849 6.6
      vertex -7.06026 -1.14981 6.6
      vertex -14.5 0 6.6
    endloop
  endfacet
  facet normal 0 0 1
    outer loop
      vertex -14.6713 1.08156 6.6
      vertex -7.53838 3.39919 6.6
      vertex -7.951 4.4741 6.6
    endloop
  endfacet
  facet normal 0 0 1
    outer loop
      vertex -7.06026 -1.14981 6.6
      vertex -14.5192 -0.365849 6.6
      vertex -7.24038 -2.28703 6.6
    endloop
  endfacet
  facet normal 0 0 1
    outer loop
      vertex -14.8026 1.42358 6.6
      vertex -7.951 4.4741 6.6
      vertex -8.47372 5.5 6.6
    endloop
  endfacet
  facet normal -0 0 1
    outer loop
      vertex -14.5765 -0.727691 6.6
      vertex -7.24038 -2.28703 6.6
      vertex -14.5192 -0.365849 6.6
    endloop
  endfacet
  facet normal 0 0 1
    outer loop
      vertex -14.9689 1.75 6.6
      vertex -8.47372 5.5 6.6
      vertex -9.10081 6.46564 6.6
    endloop
  endfacet
  facet normal 0 0 1
    outer loop
      vertex -7.24038 -2.28703 6.6
      vertex -14.5765 -0.727691 6.6
      vertex -7.53838 -3.39919 6.6
    endloop
  endfacet
  facet normal 0 0 1
    outer loop
      vertex -15.1684 2.05725 6.6
      vertex -9.10081 6.46564 6.6
      vertex -9.82541 7.36044 6.6
    endloop
  endfacet
  facet normal -0 0 1
    outer loop
      vertex -14.6713 -1.08156 6.6
      vertex -7.53838 -3.39919 6.6
      vertex -14.5765 -0.727691 6.6
    endloop
  endfacet
  facet normal 0 0 1
    outer loop
      vertex -15.399 2.34196 6.6
      vertex -9.82541 7.36044 6.6
      vertex -10.6396 8.17459 6.6
    endloop
  endfacet
  facet normal 0 0 1
    outer loop
      vertex -7.53838 -3.39919 6.6
      vertex -14.6713 -1.08156 6.6
      vertex -7.951 -4.4741 6.6
    endloop
  endfacet
  facet normal 0 0 1
    outer loop
      vertex -15.658 2.60101 6.6
      vertex -10.6396 8.17459 6.6
      vertex -11.5344 8.89919 6.6
    endloop
  endfacet
  facet normal -0 0 1
    outer loop
      vertex -14.8026 -1.42358 6.6
      vertex -7.951 -4.4741 6.6
      vertex -14.6713 -1.08156 6.6
    endloop
  endfacet
  facet normal 0 0 1
    outer loop
      vertex -15.9428 2.83156 6.6
      vertex -11.5344 8.89919 6.6
      vertex -12.5 9.52628 6.6
    endloop
  endfacet
  facet normal 0 0 1
    outer loop
      vertex -7.951 -4.4741 6.6
      vertex -14.8026 -1.42358 6.6
      vertex -8.47372 -5.5 6.6
    endloop
  endfacet
  facet normal 0 0 1
    outer loop
      vertex -16.25 3.03109 6.6
      vertex -12.5 9.52628 6.6
      vertex -13.5259 10.049 6.6
    endloop
  endfacet
  facet normal -0 0 1
    outer loop
      vertex -14.9689 -1.75 6.6
      vertex -8.47372 -5.5 6.6
      vertex -14.8026 -1.42358 6.6
    endloop
  endfacet
  facet normal 0 0 1
    outer loop
      vertex -8.47372 -5.5 6.6
      vertex -14.9689 -1.75 6.6
      vertex -9.10081 -6.46564 6.6
    endloop
  endfacet
  facet normal 0 0 1
    outer loop
      vertex -7.06026 1.14981 6.6
      vertex -14.5192 0.365849 6.6
      vertex -14.5 0 6.6
    endloop
  endfacet
  facet normal 0 0 1
    outer loop
      vertex -7.24038 2.28703 6.6
      vertex -14.5765 0.727691 6.6
      vertex -14.5192 0.365849 6.6
    endloop
  endfacet
  facet normal 0 0 1
    outer loop
      vertex -16.5764 3.19741 6.6
      vertex -13.5259 10.049 6.6
      vertex -14.6008 10.4616 6.6
    endloop
  endfacet
  facet normal 0 0 1
    outer loop
      vertex -7.53838 3.39919 6.6
      vertex -14.6713 1.08156 6.6
      vertex -14.5765 0.727691 6.6
    endloop
  endfacet
  facet normal 0 0 1
    outer loop
      vertex -7.951 4.4741 6.6
      vertex -14.8026 1.42358 6.6
      vertex -14.6713 1.08156 6.6
    endloop
  endfacet
  facet normal 0 0 1
    outer loop
      vertex -8.47372 5.5 6.6
      vertex -14.9689 1.75 6.6
      vertex -14.8026 1.42358 6.6
    endloop
  endfacet
  facet normal 0 0 1
    outer loop
      vertex -9.10081 6.46564 6.6
      vertex -15.1684 2.05725 6.6
      vertex -14.9689 1.75 6.6
    endloop
  endfacet
  facet normal 0 0 1
    outer loop
      vertex -9.82541 7.36044 6.6
      vertex -15.399 2.34196 6.6
      vertex -15.1684 2.05725 6.6
    endloop
  endfacet
  facet normal 0 0 1
    outer loop
      vertex -10.6396 8.17459 6.6
      vertex -15.658 2.60101 6.6
      vertex -15.399 2.34196 6.6
    endloop
  endfacet
  facet normal 0 0 1
    outer loop
      vertex -16.9184 3.3287 6.6
      vertex -14.6008 10.4616 6.6
      vertex -15.713 10.7596 6.6
    endloop
  endfacet
  facet normal 0 0 1
    outer loop
      vertex -11.5344 8.89919 6.6
      vertex -15.9428 2.83156 6.6
      vertex -15.658 2.60101 6.6
    endloop
  endfacet
  facet normal 0 0 1
    outer loop
      vertex -12.5 9.52628 6.6
      vertex -16.25 3.03109 6.6
      vertex -15.9428 2.83156 6.6
    endloop
  endfacet
  facet normal 0 0 1
    outer loop
      vertex -13.5259 10.049 6.6
      vertex -16.5764 3.19741 6.6
      vertex -16.25 3.03109 6.6
    endloop
  endfacet
  facet normal 0 0 1
    outer loop
      vertex -17.2723 3.42352 6.6
      vertex -15.713 10.7596 6.6
      vertex -16.8502 10.9397 6.6
    endloop
  endfacet
  facet normal 0 0 1
    outer loop
      vertex -14.6008 10.4616 6.6
      vertex -16.9184 3.3287 6.6
      vertex -16.5764 3.19741 6.6
    endloop
  endfacet
  facet normal 0 0 1
    outer loop
      vertex -15.713 10.7596 6.6
      vertex -17.2723 3.42352 6.6
      vertex -16.9184 3.3287 6.6
    endloop
  endfacet
  facet normal 0 0 1
    outer loop
      vertex -16.8502 10.9397 6.6
      vertex -17.6342 3.48083 6.6
      vertex -17.2723 3.42352 6.6
    endloop
  endfacet
  facet normal 0 0 1
    outer loop
      vertex -18 11 6.6
      vertex -17.6342 3.48083 6.6
      vertex -16.8502 10.9397 6.6
    endloop
  endfacet
  facet normal 0 0 1
    outer loop
      vertex -18 11 6.6
      vertex -18 3.5 6.6
      vertex -17.6342 3.48083 6.6
    endloop
  endfacet
  facet normal 0 0 1
    outer loop
      vertex -18 11 6.6
      vertex -18.3658 3.48083 6.6
      vertex -18 3.5 6.6
    endloop
  endfacet
  facet normal -0 0 1
    outer loop
      vertex -19.1498 10.9397 6.6
      vertex -18.3658 3.48083 6.6
      vertex -18 11 6.6
    endloop
  endfacet
  facet normal 0 0 1
    outer loop
      vertex -18.3658 3.48083 6.6
      vertex -19.1498 10.9397 6.6
      vertex -18.7277 3.42352 6.6
    endloop
  endfacet
  facet normal -0 0 1
    outer loop
      vertex -20.287 10.7596 6.6
      vertex -18.7277 3.42352 6.6
      vertex -19.1498 10.9397 6.6
    endloop
  endfacet
  facet normal 0 0 1
    outer loop
      vertex -18.7277 3.42352 6.6
      vertex -20.287 10.7596 6.6
      vertex -19.0816 3.3287 6.6
    endloop
  endfacet
  facet normal -0 0 1
    outer loop
      vertex -21.3992 10.4616 6.6
      vertex -19.0816 3.3287 6.6
      vertex -20.287 10.7596 6.6
    endloop
  endfacet
  facet normal 0 0 1
    outer loop
      vertex -19.0816 3.3287 6.6
      vertex -21.3992 10.4616 6.6
      vertex -19.4236 3.19741 6.6
    endloop
  endfacet
  facet normal -0 0 1
    outer loop
      vertex -22.4741 10.049 6.6
      vertex -19.4236 3.19741 6.6
      vertex -21.3992 10.4616 6.6
    endloop
  endfacet
  facet normal 0 0 1
    outer loop
      vertex -19.4236 3.19741 6.6
      vertex -22.4741 10.049 6.6
      vertex -19.75 3.03109 6.6
    endloop
  endfacet
  facet normal -0 0 1
    outer loop
      vertex -23.5 9.52628 6.6
      vertex -19.75 3.03109 6.6
      vertex -22.4741 10.049 6.6
    endloop
  endfacet
  facet normal 0 0 1
    outer loop
      vertex -19.75 3.03109 6.6
      vertex -23.5 9.52628 6.6
      vertex -20.0572 2.83156 6.6
    endloop
  endfacet
  facet normal -0 0 1
    outer loop
      vertex -24.4656 8.89919 6.6
      vertex -20.0572 2.83156 6.6
      vertex -23.5 9.52628 6.6
    endloop
  endfacet
  facet normal 0 0 1
    outer loop
      vertex -20.0572 2.83156 6.6
      vertex -24.4656 8.89919 6.6
      vertex -20.342 2.60101 6.6
    endloop
  endfacet
  facet normal -0 0 1
    outer loop
      vertex -25.3604 8.17459 6.6
      vertex -20.342 2.60101 6.6
      vertex -24.4656 8.89919 6.6
    endloop
  endfacet
  facet normal 0 0 1
    outer loop
      vertex -20.342 2.60101 6.6
      vertex -25.3604 8.17459 6.6
      vertex -20.601 2.34196 6.6
    endloop
  endfacet
  facet normal -0 0 1
    outer loop
      vertex -26.1746 7.36044 6.6
      vertex -20.601 2.34196 6.6
      vertex -25.3604 8.17459 6.6
    endloop
  endfacet
  facet normal 0 0 1
    outer loop
      vertex -20.601 2.34196 6.6
      vertex -26.1746 7.36044 6.6
      vertex -20.8316 2.05725 6.6
    endloop
  endfacet
  facet normal -0 0 1
    outer loop
      vertex -26.8992 6.46564 6.6
      vertex -20.8316 2.05725 6.6
      vertex -26.1746 7.36044 6.6
    endloop
  endfacet
  facet normal 0 0 1
    outer loop
      vertex -20.8316 2.05725 6.6
      vertex -26.8992 6.46564 6.6
      vertex -21.0311 1.75 6.6
    endloop
  endfacet
  facet normal -0 0 1
    outer loop
      vertex -15.1684 -2.05725 6.6
      vertex -9.10081 -6.46564 6.6
      vertex -14.9689 -1.75 6.6
    endloop
  endfacet
  facet normal 0 0 1
    outer loop
      vertex -9.10081 -6.46564 6.6
      vertex -15.1684 -2.05725 6.6
      vertex -9.82541 -7.36044 6.6
    endloop
  endfacet
  facet normal -0 0 1
    outer loop
      vertex -15.399 -2.34196 6.6
      vertex -9.82541 -7.36044 6.6
      vertex -15.1684 -2.05725 6.6
    endloop
  endfacet
  facet normal 0 0 1
    outer loop
      vertex -9.82541 -7.36044 6.6
      vertex -15.399 -2.34196 6.6
      vertex -10.6396 -8.17459 6.6
    endloop
  endfacet
  facet normal -0 0 1
    outer loop
      vertex -15.658 -2.60101 6.6
      vertex -10.6396 -8.17459 6.6
      vertex -15.399 -2.34196 6.6
    endloop
  endfacet
  facet normal 0 0 1
    outer loop
      vertex -10.6396 -8.17459 6.6
      vertex -15.658 -2.60101 6.6
      vertex -11.5344 -8.89919 6.6
    endloop
  endfacet
  facet normal -0 0 1
    outer loop
      vertex -15.9428 -2.83156 6.6
      vertex -11.5344 -8.89919 6.6
      vertex -15.658 -2.60101 6.6
    endloop
  endfacet
  facet normal 0 0 1
    outer loop
      vertex -11.5344 -8.89919 6.6
      vertex -15.9428 -2.83156 6.6
      vertex -12.5 -9.52628 6.6
    endloop
  endfacet
  facet normal -0 0 1
    outer loop
      vertex -16.25 -3.03109 6.6
      vertex -12.5 -9.52628 6.6
      vertex -15.9428 -2.83156 6.6
    endloop
  endfacet
  facet normal 0 0 1
    outer loop
      vertex -12.5 -9.52628 6.6
      vertex -16.25 -3.03109 6.6
      vertex -13.5259 -10.049 6.6
    endloop
  endfacet
  facet normal -0 0 1
    outer loop
      vertex -16.5764 -3.19741 6.6
      vertex -13.5259 -10.049 6.6
      vertex -16.25 -3.03109 6.6
    endloop
  endfacet
  facet normal 0 0 1
    outer loop
      vertex -13.5259 -10.049 6.6
      vertex -16.5764 -3.19741 6.6
      vertex -14.6008 -10.4616 6.6
    endloop
  endfacet
  facet normal -0 0 1
    outer loop
      vertex -16.9184 -3.3287 6.6
      vertex -14.6008 -10.4616 6.6
      vertex -16.5764 -3.19741 6.6
    endloop
  endfacet
  facet normal 0 0 1
    outer loop
      vertex -14.6008 -10.4616 6.6
      vertex -16.9184 -3.3287 6.6
      vertex -15.713 -10.7596 6.6
    endloop
  endfacet
  facet normal -0 0 1
    outer loop
      vertex -17.2723 -3.42352 6.6
      vertex -15.713 -10.7596 6.6
      vertex -16.9184 -3.3287 6.6
    endloop
  endfacet
  facet normal 0 0 1
    outer loop
      vertex -15.713 -10.7596 6.6
      vertex -17.2723 -3.42352 6.6
      vertex -16.8502 -10.9397 6.6
    endloop
  endfacet
  facet normal -0 0 1
    outer loop
      vertex -17.6342 -3.48083 6.6
      vertex -16.8502 -10.9397 6.6
      vertex -17.2723 -3.42352 6.6
    endloop
  endfacet
  facet normal -0 0 1
    outer loop
      vertex -18 -3.5 6.6
      vertex -16.8502 -10.9397 6.6
      vertex -17.6342 -3.48083 6.6
    endloop
  endfacet
  facet normal 0 0 1
    outer loop
      vertex -18 -3.5 6.6
      vertex -18 -11 6.6
      vertex -16.8502 -10.9397 6.6
    endloop
  endfacet
  facet normal 0 0 1
    outer loop
      vertex -18.3658 -3.48083 6.6
      vertex -18 -11 6.6
      vertex -18 -3.5 6.6
    endloop
  endfacet
  facet normal 0 0 1
    outer loop
      vertex -19.1498 -10.9397 6.6
      vertex -18.3658 -3.48083 6.6
      vertex -18.7277 -3.42352 6.6
    endloop
  endfacet
  facet normal 0 0 1
    outer loop
      vertex -20.287 -10.7596 6.6
      vertex -18.7277 -3.42352 6.6
      vertex -19.0816 -3.3287 6.6
    endloop
  endfacet
  facet normal 0 0 1
    outer loop
      vertex -18.3658 -3.48083 6.6
      vertex -19.1498 -10.9397 6.6
      vertex -18 -11 6.6
    endloop
  endfacet
  facet normal 0 0 1
    outer loop
      vertex -21.3992 -10.4616 6.6
      vertex -19.0816 -3.3287 6.6
      vertex -19.4236 -3.19741 6.6
    endloop
  endfacet
  facet normal 0 0 1
    outer loop
      vertex -22.4741 -10.049 6.6
      vertex -19.4236 -3.19741 6.6
      vertex -19.75 -3.03109 6.6
    endloop
  endfacet
  facet normal 0 0 1
    outer loop
      vertex -23.5 -9.52628 6.6
      vertex -19.75 -3.03109 6.6
      vertex -20.0572 -2.83156 6.6
    endloop
  endfacet
  facet normal 0 0 1
    outer loop
      vertex -18.7277 -3.42352 6.6
      vertex -20.287 -10.7596 6.6
      vertex -19.1498 -10.9397 6.6
    endloop
  endfacet
  facet normal 0 0 1
    outer loop
      vertex -24.4656 -8.89919 6.6
      vertex -20.0572 -2.83156 6.6
      vertex -20.342 -2.60101 6.6
    endloop
  endfacet
  facet normal 0 0 1
    outer loop
      vertex -25.3604 -8.17459 6.6
      vertex -20.342 -2.60101 6.6
      vertex -20.601 -2.34196 6.6
    endloop
  endfacet
  facet normal 0 0 1
    outer loop
      vertex -26.1746 -7.36044 6.6
      vertex -20.601 -2.34196 6.6
      vertex -20.8316 -2.05725 6.6
    endloop
  endfacet
  facet normal 0 0 1
    outer loop
      vertex -26.8992 -6.46564 6.6
      vertex -20.8316 -2.05725 6.6
      vertex -21.0311 -1.75 6.6
    endloop
  endfacet
  facet normal 0 0 1
    outer loop
      vertex -27.5263 -5.5 6.6
      vertex -21.0311 -1.75 6.6
      vertex -21.1974 -1.42358 6.6
    endloop
  endfacet
  facet normal 0 0 1
    outer loop
      vertex -28.049 -4.4741 6.6
      vertex -21.1974 -1.42358 6.6
      vertex -21.3287 -1.08156 6.6
    endloop
  endfacet
  facet normal 0 0 1
    outer loop
      vertex -19.0816 -3.3287 6.6
      vertex -21.3992 -10.4616 6.6
      vertex -20.287 -10.7596 6.6
    endloop
  endfacet
  facet normal 0 0 1
    outer loop
      vertex -28.4616 -3.39919 6.6
      vertex -21.3287 -1.08156 6.6
      vertex -21.4235 -0.727691 6.6
    endloop
  endfacet
  facet normal 0 0 1
    outer loop
      vertex -28.7596 -2.28703 6.6
      vertex -21.4235 -0.727691 6.6
      vertex -21.4808 -0.365849 6.6
    endloop
  endfacet
  facet normal 0 0 1
    outer loop
      vertex -28.9397 -1.14981 6.6
      vertex -21.4808 -0.365849 6.6
      vertex -21.5 0 6.6
    endloop
  endfacet
  facet normal -0 0 1
    outer loop
      vertex -27.5263 5.5 6.6
      vertex -21.0311 1.75 6.6
      vertex -26.8992 6.46564 6.6
    endloop
  endfacet
  facet normal 0 0 1
    outer loop
      vertex -19.4236 -3.19741 6.6
      vertex -22.4741 -10.049 6.6
      vertex -21.3992 -10.4616 6.6
    endloop
  endfacet
  facet normal 0 0 1
    outer loop
      vertex -21.0311 1.75 6.6
      vertex -27.5263 5.5 6.6
      vertex -21.1974 1.42358 6.6
    endloop
  endfacet
  facet normal 0 0 1
    outer loop
      vertex -19.75 -3.03109 6.6
      vertex -23.5 -9.52628 6.6
      vertex -22.4741 -10.049 6.6
    endloop
  endfacet
  facet normal -0 0 1
    outer loop
      vertex -28.049 4.4741 6.6
      vertex -21.1974 1.42358 6.6
      vertex -27.5263 5.5 6.6
    endloop
  endfacet
  facet normal 0 0 1
    outer loop
      vertex -20.0572 -2.83156 6.6
      vertex -24.4656 -8.89919 6.6
      vertex -23.5 -9.52628 6.6
    endloop
  endfacet
  facet normal 0 0 1
    outer loop
      vertex -21.1974 1.42358 6.6
      vertex -28.049 4.4741 6.6
      vertex -21.3287 1.08156 6.6
    endloop
  endfacet
  facet normal 0 0 1
    outer loop
      vertex -20.342 -2.60101 6.6
      vertex -25.3604 -8.17459 6.6
      vertex -24.4656 -8.89919 6.6
    endloop
  endfacet
  facet normal -0 0 1
    outer loop
      vertex -28.4616 3.39919 6.6
      vertex -21.3287 1.08156 6.6
      vertex -28.049 4.4741 6.6
    endloop
  endfacet
  facet normal 0 0 1
    outer loop
      vertex -20.601 -2.34196 6.6
      vertex -26.1746 -7.36044 6.6
      vertex -25.3604 -8.17459 6.6
    endloop
  endfacet
  facet normal 0 0 1
    outer loop
      vertex -21.3287 1.08156 6.6
      vertex -28.4616 3.39919 6.6
      vertex -21.4235 0.727691 6.6
    endloop
  endfacet
  facet normal 0 0 1
    outer loop
      vertex -20.8316 -2.05725 6.6
      vertex -26.8992 -6.46564 6.6
      vertex -26.1746 -7.36044 6.6
    endloop
  endfacet
  facet normal -0 0 1
    outer loop
      vertex -28.7596 2.28703 6.6
      vertex -21.4235 0.727691 6.6
      vertex -28.4616 3.39919 6.6
    endloop
  endfacet
  facet normal 0 0 1
    outer loop
      vertex -21.0311 -1.75 6.6
      vertex -27.5263 -5.5 6.6
      vertex -26.8992 -6.46564 6.6
    endloop
  endfacet
  facet normal 0 0 1
    outer loop
      vertex -21.4235 0.727691 6.6
      vertex -28.7596 2.28703 6.6
      vertex -21.4808 0.365849 6.6
    endloop
  endfacet
  facet normal 0 0 1
    outer loop
      vertex -21.1974 -1.42358 6.6
      vertex -28.049 -4.4741 6.6
      vertex -27.5263 -5.5 6.6
    endloop
  endfacet
  facet normal -0 0 1
    outer loop
      vertex -28.9397 1.14981 6.6
      vertex -21.4808 0.365849 6.6
      vertex -28.7596 2.28703 6.6
    endloop
  endfacet
  facet normal 0 0 1
    outer loop
      vertex -21.3287 -1.08156 6.6
      vertex -28.4616 -3.39919 6.6
      vertex -28.049 -4.4741 6.6
    endloop
  endfacet
  facet normal 0 0 1
    outer loop
      vertex -21.4808 0.365849 6.6
      vertex -28.9397 1.14981 6.6
      vertex -21.5 0 6.6
    endloop
  endfacet
  facet normal 0 0 1
    outer loop
      vertex -21.4235 -0.727691 6.6
      vertex -28.7596 -2.28703 6.6
      vertex -28.4616 -3.39919 6.6
    endloop
  endfacet
  facet normal 0 0 1
    outer loop
      vertex -29 0 6.6
      vertex -21.5 0 6.6
      vertex -28.9397 1.14981 6.6
    endloop
  endfacet
  facet normal 0 0 1
    outer loop
      vertex -21.4808 -0.365849 6.6
      vertex -28.9397 -1.14981 6.6
      vertex -28.7596 -2.28703 6.6
    endloop
  endfacet
  facet normal 0 0 1
    outer loop
      vertex -21.5 0 6.6
      vertex -29 0 6.6
      vertex -28.9397 -1.14981 6.6
    endloop
  endfacet
  facet normal -0.891057 0.453891 0
    outer loop
      vertex -27.5263 5.5 0.599999
      vertex -27.6875 5.18354 2.76655
      vertex -27.5263 5.5 2.76655
    endloop
  endfacet
  facet normal -0.891014 0.453975 1.54586e-05
    outer loop
      vertex -28.049 4.4741 0.599999
      vertex -27.6875 5.18354 2.76655
      vertex -27.5263 5.5 0.599999
    endloop
  endfacet
  facet normal -0.890995 0.454013 0
    outer loop
      vertex -27.6875 5.18354 2.76655
      vertex -28.049 4.4741 0.599999
      vertex -28.049 4.4741 2.76655
    endloop
  endfacet
  facet normal -0.890995 0.454013 0
    outer loop
      vertex -27.8878 4.79056 4.43345
      vertex -27.5263 5.5 6.6
      vertex -27.5263 5.5 4.43345
    endloop
  endfacet
  facet normal -0.891057 0.453891 0
    outer loop
      vertex -28.049 4.4741 6.6
      vertex -27.8878 4.79056 4.43345
      vertex -28.049 4.4741 4.43345
    endloop
  endfacet
  facet normal -0.891014 0.453975 1.54586e-05
    outer loop
      vertex -27.8878 4.79056 4.43345
      vertex -28.049 4.4741 6.6
      vertex -27.5263 5.5 6.6
    endloop
  endfacet
  facet normal 0.15641 0.987692 -0
    outer loop
      vertex -17.2723 3.42352 6.6
      vertex -17.6342 3.48083 7.2
      vertex -17.2723 3.42352 7.2
    endloop
  endfacet
  facet normal 0.15641 0.987692 0
    outer loop
      vertex -17.6342 3.48083 7.2
      vertex -17.2723 3.42352 6.6
      vertex -17.6342 3.48083 6.6
    endloop
  endfacet
  facet normal 0.15641 0.987692 -0
    outer loop
      vertex -17.2723 3.42352 0
      vertex -17.6342 3.48083 0.599999
      vertex -17.2723 3.42352 0.599999
    endloop
  endfacet
  facet normal 0.15641 0.987692 0
    outer loop
      vertex -17.6342 3.48083 0.599999
      vertex -17.2723 3.42352 0
      vertex -17.6342 3.48083 0
    endloop
  endfacet
  facet normal 0.987693 0.156407 0
    outer loop
      vertex -14.5192 0.365849 0.599999
      vertex -14.5765 0.727691 0
      vertex -14.5765 0.727691 0.599999
    endloop
  endfacet
  facet normal 0.987693 0.156407 0
    outer loop
      vertex -14.5765 0.727691 0
      vertex -14.5192 0.365849 0.599999
      vertex -14.5192 0.365849 0
    endloop
  endfacet
  facet normal 0.987693 0.156407 0
    outer loop
      vertex -14.5192 0.365849 7.2
      vertex -14.5765 0.727691 6.6
      vertex -14.5765 0.727691 7.2
    endloop
  endfacet
  facet normal 0.987693 0.156407 0
    outer loop
      vertex -14.5765 0.727691 6.6
      vertex -14.5192 0.365849 7.2
      vertex -14.5192 0.365849 6.6
    endloop
  endfacet
  facet normal 0.998626 0.0524085 0
    outer loop
      vertex -14.5 0 7.2
      vertex -14.5192 0.365849 6.6
      vertex -14.5192 0.365849 7.2
    endloop
  endfacet
  facet normal 0.998626 0.0524085 0
    outer loop
      vertex -14.5192 0.365849 6.6
      vertex -14.5 0 7.2
      vertex -14.5 0 6.6
    endloop
  endfacet
  facet normal 0.998626 0.0524085 0
    outer loop
      vertex -14.5 0 0.599999
      vertex -14.5192 0.365849 0
      vertex -14.5192 0.365849 0.599999
    endloop
  endfacet
  facet normal 0.998626 0.0524085 0
    outer loop
      vertex -14.5192 0.365849 0
      vertex -14.5 0 0.599999
      vertex -14.5 0 0
    endloop
  endfacet
  facet normal 0.965939 0.258771 0
    outer loop
      vertex -14.5765 0.727691 0.599999
      vertex -14.6713 1.08156 0
      vertex -14.6713 1.08156 0.599999
    endloop
  endfacet
  facet normal 0.965939 0.258771 0
    outer loop
      vertex -14.6713 1.08156 0
      vertex -14.5765 0.727691 0.599999
      vertex -14.5765 0.727691 0
    endloop
  endfacet
  facet normal 0.965939 0.258771 0
    outer loop
      vertex -14.5765 0.727691 7.2
      vertex -14.6713 1.08156 6.6
      vertex -14.6713 1.08156 7.2
    endloop
  endfacet
  facet normal 0.965939 0.258771 0
    outer loop
      vertex -14.6713 1.08156 6.6
      vertex -14.5765 0.727691 7.2
      vertex -14.5765 0.727691 6.6
    endloop
  endfacet
  facet normal -0.0523339 0.99863 0
    outer loop
      vertex -18 3.5 6.6
      vertex -18.3658 3.48083 7.2
      vertex -18 3.5 7.2
    endloop
  endfacet
  facet normal -0.0523339 0.99863 0
    outer loop
      vertex -18.3658 3.48083 7.2
      vertex -18 3.5 6.6
      vertex -18.3658 3.48083 6.6
    endloop
  endfacet
  facet normal -0.0523339 0.99863 0
    outer loop
      vertex -18 3.5 0
      vertex -18.3658 3.48083 0.599999
      vertex -18 3.5 0.599999
    endloop
  endfacet
  facet normal -0.0523339 0.99863 0
    outer loop
      vertex -18.3658 3.48083 0.599999
      vertex -18 3.5 0
      vertex -18.3658 3.48083 0
    endloop
  endfacet
  facet normal 0.0523339 -0.99863 0
    outer loop
      vertex -18 -3.5 0
      vertex -17.6342 -3.48083 0.599999
      vertex -18 -3.5 0.599999
    endloop
  endfacet
  facet normal 0.0523339 -0.99863 0
    outer loop
      vertex -17.6342 -3.48083 0.599999
      vertex -18 -3.5 0
      vertex -17.6342 -3.48083 0
    endloop
  endfacet
  facet normal 0.0523339 -0.99863 0
    outer loop
      vertex -18 -3.5 6.6
      vertex -17.6342 -3.48083 7.2
      vertex -18 -3.5 7.2
    endloop
  endfacet
  facet normal 0.0523339 -0.99863 0
    outer loop
      vertex -17.6342 -3.48083 7.2
      vertex -18 -3.5 6.6
      vertex -17.6342 -3.48083 6.6
    endloop
  endfacet
  facet normal -0.987693 -0.156407 0
    outer loop
      vertex -21.4235 -0.727691 6.6
      vertex -21.4808 -0.365849 7.2
      vertex -21.4808 -0.365849 6.6
    endloop
  endfacet
  facet normal -0.987693 -0.156407 0
    outer loop
      vertex -21.4808 -0.365849 7.2
      vertex -21.4235 -0.727691 6.6
      vertex -21.4235 -0.727691 7.2
    endloop
  endfacet
  facet normal -0.987693 -0.156407 0
    outer loop
      vertex -21.4235 -0.727691 0
      vertex -21.4808 -0.365849 0.599999
      vertex -21.4808 -0.365849 0
    endloop
  endfacet
  facet normal -0.987693 -0.156407 0
    outer loop
      vertex -21.4808 -0.365849 0.599999
      vertex -21.4235 -0.727691 0
      vertex -21.4235 -0.727691 0.599999
    endloop
  endfacet
  facet normal -0.891028 0.453949 0
    outer loop
      vertex -21.1974 1.42358 6.6
      vertex -21.0311 1.75 7.2
      vertex -21.0311 1.75 6.6
    endloop
  endfacet
  facet normal -0.891028 0.453949 0
    outer loop
      vertex -21.0311 1.75 7.2
      vertex -21.1974 1.42358 6.6
      vertex -21.1974 1.42358 7.2
    endloop
  endfacet
  facet normal -0.891028 0.453949 0
    outer loop
      vertex -21.1974 1.42358 0
      vertex -21.0311 1.75 0.599999
      vertex -21.0311 1.75 0
    endloop
  endfacet
  facet normal -0.891028 0.453949 0
    outer loop
      vertex -21.0311 1.75 0.599999
      vertex -21.1974 1.42358 0
      vertex -21.1974 1.42358 0.599999
    endloop
  endfacet
  facet normal -0.707175 0.707039 0
    outer loop
      vertex -20.601 2.34196 0
      vertex -20.342 2.60101 0.599999
      vertex -20.342 2.60101 0
    endloop
  endfacet
  facet normal -0.707175 0.707039 0
    outer loop
      vertex -20.342 2.60101 0.599999
      vertex -20.601 2.34196 0
      vertex -20.601 2.34196 0.599999
    endloop
  endfacet
  facet normal -0.707175 0.707039 0
    outer loop
      vertex -20.601 2.34196 6.6
      vertex -20.342 2.60101 7.2
      vertex -20.342 2.60101 6.6
    endloop
  endfacet
  facet normal -0.707175 0.707039 0
    outer loop
      vertex -20.342 2.60101 7.2
      vertex -20.601 2.34196 6.6
      vertex -20.601 2.34196 7.2
    endloop
  endfacet
  facet normal 0.707175 0.707039 0
    outer loop
      vertex -15.399 2.34196 7.2
      vertex -15.658 2.60101 6.6
      vertex -15.658 2.60101 7.2
    endloop
  endfacet
  facet normal 0.707175 0.707039 0
    outer loop
      vertex -15.658 2.60101 6.6
      vertex -15.399 2.34196 7.2
      vertex -15.399 2.34196 6.6
    endloop
  endfacet
  facet normal 0.707175 0.707039 0
    outer loop
      vertex -15.399 2.34196 0.599999
      vertex -15.658 2.60101 0
      vertex -15.658 2.60101 0.599999
    endloop
  endfacet
  facet normal 0.707175 0.707039 0
    outer loop
      vertex -15.658 2.60101 0
      vertex -15.399 2.34196 0.599999
      vertex -15.399 2.34196 0
    endloop
  endfacet
  facet normal 0.15641 -0.987692 0
    outer loop
      vertex -17.6342 -3.48083 0
      vertex -17.2723 -3.42352 0.599999
      vertex -17.6342 -3.48083 0.599999
    endloop
  endfacet
  facet normal 0.15641 -0.987692 0
    outer loop
      vertex -17.2723 -3.42352 0.599999
      vertex -17.6342 -3.48083 0
      vertex -17.2723 -3.42352 0
    endloop
  endfacet
  facet normal 0.15641 -0.987692 0
    outer loop
      vertex -17.6342 -3.48083 6.6
      vertex -17.2723 -3.42352 7.2
      vertex -17.6342 -3.48083 7.2
    endloop
  endfacet
  facet normal 0.15641 -0.987692 0
    outer loop
      vertex -17.2723 -3.42352 7.2
      vertex -17.6342 -3.48083 6.6
      vertex -17.2723 -3.42352 6.6
    endloop
  endfacet
  facet normal 0.358388 0.933573 -0
    outer loop
      vertex -16.5764 3.19741 0
      vertex -16.9184 3.3287 0.599999
      vertex -16.5764 3.19741 0.599999
    endloop
  endfacet
  facet normal 0.358388 0.933573 0
    outer loop
      vertex -16.9184 3.3287 0.599999
      vertex -16.5764 3.19741 0
      vertex -16.9184 3.3287 0
    endloop
  endfacet
  facet normal 0.358388 0.933573 -0
    outer loop
      vertex -16.5764 3.19741 6.6
      vertex -16.9184 3.3287 7.2
      vertex -16.5764 3.19741 7.2
    endloop
  endfacet
  facet normal 0.358388 0.933573 0
    outer loop
      vertex -16.9184 3.3287 7.2
      vertex -16.5764 3.19741 6.6
      vertex -16.9184 3.3287 6.6
    endloop
  endfacet
  facet normal -0.965939 -0.258771 0
    outer loop
      vertex -21.3287 -1.08156 0
      vertex -21.4235 -0.727691 0.599999
      vertex -21.4235 -0.727691 0
    endloop
  endfacet
  facet normal -0.965939 -0.258771 0
    outer loop
      vertex -21.4235 -0.727691 0.599999
      vertex -21.3287 -1.08156 0
      vertex -21.3287 -1.08156 0.599999
    endloop
  endfacet
  facet normal -0.965939 -0.258771 0
    outer loop
      vertex -21.3287 -1.08156 6.6
      vertex -21.4235 -0.727691 7.2
      vertex -21.4235 -0.727691 6.6
    endloop
  endfacet
  facet normal -0.965939 -0.258771 0
    outer loop
      vertex -21.4235 -0.727691 7.2
      vertex -21.3287 -1.08156 6.6
      vertex -21.3287 -1.08156 7.2
    endloop
  endfacet
  facet normal 0.987693 -0.156407 0
    outer loop
      vertex -14.5765 -0.727691 7.2
      vertex -14.5192 -0.365849 6.6
      vertex -14.5192 -0.365849 7.2
    endloop
  endfacet
  facet normal 0.987693 -0.156407 0
    outer loop
      vertex -14.5192 -0.365849 6.6
      vertex -14.5765 -0.727691 7.2
      vertex -14.5765 -0.727691 6.6
    endloop
  endfacet
  facet normal 0.987693 -0.156407 0
    outer loop
      vertex -14.5765 -0.727691 0.599999
      vertex -14.5192 -0.365849 0
      vertex -14.5192 -0.365849 0.599999
    endloop
  endfacet
  facet normal 0.987693 -0.156407 0
    outer loop
      vertex -14.5192 -0.365849 0
      vertex -14.5765 -0.727691 0.599999
      vertex -14.5765 -0.727691 0
    endloop
  endfacet
  facet normal 0.629194 0.777248 -0
    outer loop
      vertex -15.658 2.60101 0
      vertex -15.9428 2.83156 0.599999
      vertex -15.658 2.60101 0.599999
    endloop
  endfacet
  facet normal 0.629194 0.777248 0
    outer loop
      vertex -15.9428 2.83156 0.599999
      vertex -15.658 2.60101 0
      vertex -15.9428 2.83156 0
    endloop
  endfacet
  facet normal 0.629194 0.777248 -0
    outer loop
      vertex -15.658 2.60101 6.6
      vertex -15.9428 2.83156 7.2
      vertex -15.658 2.60101 7.2
    endloop
  endfacet
  facet normal 0.629194 0.777248 0
    outer loop
      vertex -15.9428 2.83156 7.2
      vertex -15.658 2.60101 6.6
      vertex -15.9428 2.83156 6.6
    endloop
  endfacet
  facet normal 0.358388 -0.933573 0
    outer loop
      vertex -16.9184 -3.3287 6.6
      vertex -16.5764 -3.19741 7.2
      vertex -16.9184 -3.3287 7.2
    endloop
  endfacet
  facet normal 0.358388 -0.933573 0
    outer loop
      vertex -16.5764 -3.19741 7.2
      vertex -16.9184 -3.3287 6.6
      vertex -16.5764 -3.19741 6.6
    endloop
  endfacet
  facet normal 0.358388 -0.933573 0
    outer loop
      vertex -16.9184 -3.3287 0
      vertex -16.5764 -3.19741 0.599999
      vertex -16.9184 -3.3287 0.599999
    endloop
  endfacet
  facet normal 0.358388 -0.933573 0
    outer loop
      vertex -16.5764 -3.19741 0.599999
      vertex -16.9184 -3.3287 0
      vertex -16.5764 -3.19741 0
    endloop
  endfacet
  facet normal 0.838709 0.544581 0
    outer loop
      vertex -14.9689 1.75 0.599999
      vertex -15.1684 2.05725 0
      vertex -15.1684 2.05725 0.599999
    endloop
  endfacet
  facet normal 0.838709 0.544581 0
    outer loop
      vertex -15.1684 2.05725 0
      vertex -14.9689 1.75 0.599999
      vertex -14.9689 1.75 0
    endloop
  endfacet
  facet normal 0.838709 0.544581 0
    outer loop
      vertex -14.9689 1.75 7.2
      vertex -15.1684 2.05725 6.6
      vertex -15.1684 2.05725 7.2
    endloop
  endfacet
  facet normal 0.838709 0.544581 0
    outer loop
      vertex -15.1684 2.05725 6.6
      vertex -14.9689 1.75 7.2
      vertex -14.9689 1.75 6.6
    endloop
  endfacet
  facet normal -0.258801 0.965931 0
    outer loop
      vertex -18.7277 3.42352 0
      vertex -19.0816 3.3287 0.599999
      vertex -18.7277 3.42352 0.599999
    endloop
  endfacet
  facet normal -0.258801 0.965931 0
    outer loop
      vertex -19.0816 3.3287 0.599999
      vertex -18.7277 3.42352 0
      vertex -19.0816 3.3287 0
    endloop
  endfacet
  facet normal -0.258801 0.965931 0
    outer loop
      vertex -18.7277 3.42352 6.6
      vertex -19.0816 3.3287 7.2
      vertex -18.7277 3.42352 7.2
    endloop
  endfacet
  facet normal -0.258801 0.965931 0
    outer loop
      vertex -19.0816 3.3287 7.2
      vertex -18.7277 3.42352 6.6
      vertex -19.0816 3.3287 6.6
    endloop
  endfacet
  facet normal 0.998626 -0.0524085 0
    outer loop
      vertex -14.5192 -0.365849 7.2
      vertex -14.5 0 6.6
      vertex -14.5 0 7.2
    endloop
  endfacet
  facet normal 0.998626 -0.0524085 0
    outer loop
      vertex -14.5 0 6.6
      vertex -14.5192 -0.365849 7.2
      vertex -14.5192 -0.365849 6.6
    endloop
  endfacet
  facet normal 0.998626 -0.0524085 0
    outer loop
      vertex -14.5192 -0.365849 0.599999
      vertex -14.5 0 0
      vertex -14.5 0 0.599999
    endloop
  endfacet
  facet normal 0.998626 -0.0524085 0
    outer loop
      vertex -14.5 0 0
      vertex -14.5192 -0.365849 0.599999
      vertex -14.5192 -0.365849 0
    endloop
  endfacet
  facet normal 0.838709 -0.544581 0
    outer loop
      vertex -15.1684 -2.05725 0.599999
      vertex -14.9689 -1.75 0
      vertex -14.9689 -1.75 0.599999
    endloop
  endfacet
  facet normal 0.838709 -0.544581 0
    outer loop
      vertex -14.9689 -1.75 0
      vertex -15.1684 -2.05725 0.599999
      vertex -15.1684 -2.05725 0
    endloop
  endfacet
  facet normal 0.838709 -0.544581 0
    outer loop
      vertex -15.1684 -2.05725 7.2
      vertex -14.9689 -1.75 6.6
      vertex -14.9689 -1.75 7.2
    endloop
  endfacet
  facet normal 0.838709 -0.544581 0
    outer loop
      vertex -14.9689 -1.75 6.6
      vertex -15.1684 -2.05725 7.2
      vertex -15.1684 -2.05725 6.6
    endloop
  endfacet
  facet normal -0.5447 0.838631 0
    outer loop
      vertex -19.75 3.03109 6.6
      vertex -20.0572 2.83156 7.2
      vertex -19.75 3.03109 7.2
    endloop
  endfacet
  facet normal -0.5447 0.838631 0
    outer loop
      vertex -20.0572 2.83156 7.2
      vertex -19.75 3.03109 6.6
      vertex -20.0572 2.83156 6.6
    endloop
  endfacet
  facet normal -0.5447 0.838631 0
    outer loop
      vertex -19.75 3.03109 0
      vertex -20.0572 2.83156 0.599999
      vertex -19.75 3.03109 0.599999
    endloop
  endfacet
  facet normal -0.5447 0.838631 0
    outer loop
      vertex -20.0572 2.83156 0.599999
      vertex -19.75 3.03109 0
      vertex -20.0572 2.83156 0
    endloop
  endfacet
  facet normal 0.965939 -0.258771 0
    outer loop
      vertex -14.6713 -1.08156 7.2
      vertex -14.5765 -0.727691 6.6
      vertex -14.5765 -0.727691 7.2
    endloop
  endfacet
  facet normal 0.965939 -0.258771 0
    outer loop
      vertex -14.5765 -0.727691 6.6
      vertex -14.6713 -1.08156 7.2
      vertex -14.6713 -1.08156 6.6
    endloop
  endfacet
  facet normal 0.965939 -0.258771 0
    outer loop
      vertex -14.6713 -1.08156 0.599999
      vertex -14.5765 -0.727691 0
      vertex -14.5765 -0.727691 0.599999
    endloop
  endfacet
  facet normal 0.965939 -0.258771 0
    outer loop
      vertex -14.5765 -0.727691 0
      vertex -14.6713 -1.08156 0.599999
      vertex -14.6713 -1.08156 0
    endloop
  endfacet
  facet normal -0.933571 0.358394 0
    outer loop
      vertex -21.3287 1.08156 0
      vertex -21.1974 1.42358 0.599999
      vertex -21.1974 1.42358 0
    endloop
  endfacet
  facet normal -0.933571 0.358394 0
    outer loop
      vertex -21.1974 1.42358 0.599999
      vertex -21.3287 1.08156 0
      vertex -21.3287 1.08156 0.599999
    endloop
  endfacet
  facet normal -0.933571 0.358394 0
    outer loop
      vertex -21.3287 1.08156 6.6
      vertex -21.1974 1.42358 7.2
      vertex -21.1974 1.42358 6.6
    endloop
  endfacet
  facet normal -0.933571 0.358394 0
    outer loop
      vertex -21.1974 1.42358 7.2
      vertex -21.3287 1.08156 6.6
      vertex -21.3287 1.08156 7.2
    endloop
  endfacet
  facet normal -0.629194 0.777248 0
    outer loop
      vertex -20.0572 2.83156 0
      vertex -20.342 2.60101 0.599999
      vertex -20.0572 2.83156 0.599999
    endloop
  endfacet
  facet normal -0.629194 0.777248 0
    outer loop
      vertex -20.342 2.60101 0.599999
      vertex -20.0572 2.83156 0
      vertex -20.342 2.60101 0
    endloop
  endfacet
  facet normal -0.629194 0.777248 0
    outer loop
      vertex -20.0572 2.83156 6.6
      vertex -20.342 2.60101 7.2
      vertex -20.0572 2.83156 7.2
    endloop
  endfacet
  facet normal -0.629194 0.777248 0
    outer loop
      vertex -20.342 2.60101 7.2
      vertex -20.0572 2.83156 6.6
      vertex -20.342 2.60101 6.6
    endloop
  endfacet
  facet normal -0.838709 -0.544581 0
    outer loop
      vertex -20.8316 -2.05725 0
      vertex -21.0311 -1.75 0.599999
      vertex -21.0311 -1.75 0
    endloop
  endfacet
  facet normal -0.838709 -0.544581 0
    outer loop
      vertex -21.0311 -1.75 0.599999
      vertex -20.8316 -2.05725 0
      vertex -20.8316 -2.05725 0.599999
    endloop
  endfacet
  facet normal -0.838709 -0.544581 0
    outer loop
      vertex -20.8316 -2.05725 6.6
      vertex -21.0311 -1.75 7.2
      vertex -21.0311 -1.75 6.6
    endloop
  endfacet
  facet normal -0.838709 -0.544581 0
    outer loop
      vertex -21.0311 -1.75 7.2
      vertex -20.8316 -2.05725 6.6
      vertex -20.8316 -2.05725 7.2
    endloop
  endfacet
  facet normal 0 0 1
    outer loop
      vertex -16.3 0 7.2
      vertex -14.5 0 7.2
      vertex -14.5192 0.365849 7.2
    endloop
  endfacet
  facet normal 0 0 1
    outer loop
      vertex -16.3093 0.177698 7.2
      vertex -14.5192 0.365849 7.2
      vertex -14.5765 0.727691 7.2
    endloop
  endfacet
  facet normal 0 0 1
    outer loop
      vertex -14.5 0 7.2
      vertex -16.3 0 7.2
      vertex -14.5192 -0.365849 7.2
    endloop
  endfacet
  facet normal 0 0 1
    outer loop
      vertex -16.3372 0.35345 7.2
      vertex -14.5765 0.727691 7.2
      vertex -14.6713 1.08156 7.2
    endloop
  endfacet
  facet normal -0 0 1
    outer loop
      vertex -16.3093 -0.177698 7.2
      vertex -14.5192 -0.365849 7.2
      vertex -16.3 0 7.2
    endloop
  endfacet
  facet normal 0 0 1
    outer loop
      vertex -16.3832 0.525329 7.2
      vertex -14.6713 1.08156 7.2
      vertex -14.8026 1.42358 7.2
    endloop
  endfacet
  facet normal 0 0 1
    outer loop
      vertex -14.5192 -0.365849 7.2
      vertex -16.3093 -0.177698 7.2
      vertex -14.5765 -0.727691 7.2
    endloop
  endfacet
  facet normal 0 0 1
    outer loop
      vertex -16.447 0.691452 7.2
      vertex -14.8026 1.42358 7.2
      vertex -14.9689 1.75 7.2
    endloop
  endfacet
  facet normal -0 0 1
    outer loop
      vertex -16.3372 -0.35345 7.2
      vertex -14.5765 -0.727691 7.2
      vertex -16.3093 -0.177698 7.2
    endloop
  endfacet
  facet normal 0 0 1
    outer loop
      vertex -16.5278 0.849999 7.2
      vertex -14.9689 1.75 7.2
      vertex -15.1684 2.05725 7.2
    endloop
  endfacet
  facet normal 0 0 1
    outer loop
      vertex -14.5765 -0.727691 7.2
      vertex -16.3372 -0.35345 7.2
      vertex -14.6713 -1.08156 7.2
    endloop
  endfacet
  facet normal 0 0 1
    outer loop
      vertex -16.6247 0.999234 7.2
      vertex -15.1684 2.05725 7.2
      vertex -15.399 2.34196 7.2
    endloop
  endfacet
  facet normal -0 0 1
    outer loop
      vertex -16.3832 -0.525329 7.2
      vertex -14.6713 -1.08156 7.2
      vertex -16.3372 -0.35345 7.2
    endloop
  endfacet
  facet normal 0 0 1
    outer loop
      vertex -16.7367 1.13752 7.2
      vertex -15.399 2.34196 7.2
      vertex -15.658 2.60101 7.2
    endloop
  endfacet
  facet normal 0 0 1
    outer loop
      vertex -14.6713 -1.08156 7.2
      vertex -16.3832 -0.525329 7.2
      vertex -14.8026 -1.42358 7.2
    endloop
  endfacet
  facet normal 0 0 1
    outer loop
      vertex -16.8625 1.26335 7.2
      vertex -15.658 2.60101 7.2
      vertex -15.9428 2.83156 7.2
    endloop
  endfacet
  facet normal -0 0 1
    outer loop
      vertex -16.447 -0.691452 7.2
      vertex -14.8026 -1.42358 7.2
      vertex -16.3832 -0.525329 7.2
    endloop
  endfacet
  facet normal 0 0 1
    outer loop
      vertex -17.0008 1.37533 7.2
      vertex -15.9428 2.83156 7.2
      vertex -16.25 3.03109 7.2
    endloop
  endfacet
  facet normal 0 0 1
    outer loop
      vertex -14.8026 -1.42358 7.2
      vertex -16.447 -0.691452 7.2
      vertex -14.9689 -1.75 7.2
    endloop
  endfacet
  facet normal -0 0 1
    outer loop
      vertex -16.5278 -0.849999 7.2
      vertex -14.9689 -1.75 7.2
      vertex -16.447 -0.691452 7.2
    endloop
  endfacet
  facet normal 0 0 1
    outer loop
      vertex -14.5192 0.365849 7.2
      vertex -16.3093 0.177698 7.2
      vertex -16.3 0 7.2
    endloop
  endfacet
  facet normal 0 0 1
    outer loop
      vertex -14.5765 0.727691 7.2
      vertex -16.3372 0.35345 7.2
      vertex -16.3093 0.177698 7.2
    endloop
  endfacet
  facet normal 0 0 1
    outer loop
      vertex -14.6713 1.08156 7.2
      vertex -16.3832 0.525329 7.2
      vertex -16.3372 0.35345 7.2
    endloop
  endfacet
  facet normal 0 0 1
    outer loop
      vertex -14.8026 1.42358 7.2
      vertex -16.447 0.691452 7.2
      vertex -16.3832 0.525329 7.2
    endloop
  endfacet
  facet normal 0 0 1
    outer loop
      vertex -14.9689 1.75 7.2
      vertex -16.5278 0.849999 7.2
      vertex -16.447 0.691452 7.2
    endloop
  endfacet
  facet normal 0 0 1
    outer loop
      vertex -17.15 1.47224 7.2
      vertex -16.25 3.03109 7.2
      vertex -16.5764 3.19741 7.2
    endloop
  endfacet
  facet normal 0 0 1
    outer loop
      vertex -15.1684 2.05725 7.2
      vertex -16.6247 0.999234 7.2
      vertex -16.5278 0.849999 7.2
    endloop
  endfacet
  facet normal 0 0 1
    outer loop
      vertex -15.399 2.34196 7.2
      vertex -16.7367 1.13752 7.2
      vertex -16.6247 0.999234 7.2
    endloop
  endfacet
  facet normal 0 0 1
    outer loop
      vertex -15.658 2.60101 7.2
      vertex -16.8625 1.26335 7.2
      vertex -16.7367 1.13752 7.2
    endloop
  endfacet
  facet normal 0 0 1
    outer loop
      vertex -17.3085 1.55303 7.2
      vertex -16.5764 3.19741 7.2
      vertex -16.9184 3.3287 7.2
    endloop
  endfacet
  facet normal 0 0 1
    outer loop
      vertex -15.9428 2.83156 7.2
      vertex -17.0008 1.37533 7.2
      vertex -16.8625 1.26335 7.2
    endloop
  endfacet
  facet normal 0 0 1
    outer loop
      vertex -16.25 3.03109 7.2
      vertex -17.15 1.47224 7.2
      vertex -17.0008 1.37533 7.2
    endloop
  endfacet
  facet normal 0 0 1
    outer loop
      vertex -17.4747 1.6168 7.2
      vertex -16.9184 3.3287 7.2
      vertex -17.2723 3.42352 7.2
    endloop
  endfacet
  facet normal 0 0 1
    outer loop
      vertex -16.5764 3.19741 7.2
      vertex -17.3085 1.55303 7.2
      vertex -17.15 1.47224 7.2
    endloop
  endfacet
  facet normal 0 0 1
    outer loop
      vertex -16.9184 3.3287 7.2
      vertex -17.4747 1.6168 7.2
      vertex -17.3085 1.55303 7.2
    endloop
  endfacet
  facet normal 0 0 1
    outer loop
      vertex -17.6465 1.66285 7.2
      vertex -17.2723 3.42352 7.2
      vertex -17.6342 3.48083 7.2
    endloop
  endfacet
  facet normal 0 0 1
    outer loop
      vertex -17.2723 3.42352 7.2
      vertex -17.6465 1.66285 7.2
      vertex -17.4747 1.6168 7.2
    endloop
  endfacet
  facet normal 0 0 1
    outer loop
      vertex -17.6342 3.48083 7.2
      vertex -17.8223 1.69069 7.2
      vertex -17.6465 1.66285 7.2
    endloop
  endfacet
  facet normal 0 0 1
    outer loop
      vertex -18 3.5 7.2
      vertex -17.8223 1.69069 7.2
      vertex -17.6342 3.48083 7.2
    endloop
  endfacet
  facet normal 0 0 1
    outer loop
      vertex -18 3.5 7.2
      vertex -18 1.7 7.2
      vertex -17.8223 1.69069 7.2
    endloop
  endfacet
  facet normal 0 0 1
    outer loop
      vertex -18 3.5 7.2
      vertex -18.1777 1.69069 7.2
      vertex -18 1.7 7.2
    endloop
  endfacet
  facet normal -0 0 1
    outer loop
      vertex -18.3658 3.48083 7.2
      vertex -18.1777 1.69069 7.2
      vertex -18 3.5 7.2
    endloop
  endfacet
  facet normal 0 0 1
    outer loop
      vertex -18.1777 1.69069 7.2
      vertex -18.3658 3.48083 7.2
      vertex -18.3535 1.66285 7.2
    endloop
  endfacet
  facet normal -0 0 1
    outer loop
      vertex -18.7277 3.42352 7.2
      vertex -18.3535 1.66285 7.2
      vertex -18.3658 3.48083 7.2
    endloop
  endfacet
  facet normal 0 0 1
    outer loop
      vertex -18.3535 1.66285 7.2
      vertex -18.7277 3.42352 7.2
      vertex -18.5253 1.6168 7.2
    endloop
  endfacet
  facet normal -0 0 1
    outer loop
      vertex -19.0816 3.3287 7.2
      vertex -18.5253 1.6168 7.2
      vertex -18.7277 3.42352 7.2
    endloop
  endfacet
  facet normal 0 0 1
    outer loop
      vertex -18.5253 1.6168 7.2
      vertex -19.0816 3.3287 7.2
      vertex -18.6915 1.55303 7.2
    endloop
  endfacet
  facet normal -0 0 1
    outer loop
      vertex -19.4236 3.19741 7.2
      vertex -18.6915 1.55303 7.2
      vertex -19.0816 3.3287 7.2
    endloop
  endfacet
  facet normal 0 0 1
    outer loop
      vertex -18.6915 1.55303 7.2
      vertex -19.4236 3.19741 7.2
      vertex -18.85 1.47224 7.2
    endloop
  endfacet
  facet normal -0 0 1
    outer loop
      vertex -19.75 3.03109 7.2
      vertex -18.85 1.47224 7.2
      vertex -19.4236 3.19741 7.2
    endloop
  endfacet
  facet normal 0 0 1
    outer loop
      vertex -18.85 1.47224 7.2
      vertex -19.75 3.03109 7.2
      vertex -18.9992 1.37533 7.2
    endloop
  endfacet
  facet normal -0 0 1
    outer loop
      vertex -20.0572 2.83156 7.2
      vertex -18.9992 1.37533 7.2
      vertex -19.75 3.03109 7.2
    endloop
  endfacet
  facet normal 0 0 1
    outer loop
      vertex -18.9992 1.37533 7.2
      vertex -20.0572 2.83156 7.2
      vertex -19.1375 1.26335 7.2
    endloop
  endfacet
  facet normal -0 0 1
    outer loop
      vertex -20.342 2.60101 7.2
      vertex -19.1375 1.26335 7.2
      vertex -20.0572 2.83156 7.2
    endloop
  endfacet
  facet normal 0 0 1
    outer loop
      vertex -19.1375 1.26335 7.2
      vertex -20.342 2.60101 7.2
      vertex -19.2633 1.13752 7.2
    endloop
  endfacet
  facet normal -0 0 1
    outer loop
      vertex -20.601 2.34196 7.2
      vertex -19.2633 1.13752 7.2
      vertex -20.342 2.60101 7.2
    endloop
  endfacet
  facet normal 0 0 1
    outer loop
      vertex -19.2633 1.13752 7.2
      vertex -20.601 2.34196 7.2
      vertex -19.3753 0.999234 7.2
    endloop
  endfacet
  facet normal -0 0 1
    outer loop
      vertex -20.8316 2.05725 7.2
      vertex -19.3753 0.999234 7.2
      vertex -20.601 2.34196 7.2
    endloop
  endfacet
  facet normal -0 0 1
    outer loop
      vertex -21.0311 1.75 7.2
      vertex -19.4722 0.849999 7.2
      vertex -20.8316 2.05725 7.2
    endloop
  endfacet
  facet normal 0 0 1
    outer loop
      vertex -19.3753 0.999234 7.2
      vertex -20.8316 2.05725 7.2
      vertex -19.4722 0.849999 7.2
    endloop
  endfacet
  facet normal 0 0 1
    outer loop
      vertex -14.9689 -1.75 7.2
      vertex -16.5278 -0.849999 7.2
      vertex -15.1684 -2.05725 7.2
    endloop
  endfacet
  facet normal -0 0 1
    outer loop
      vertex -16.6247 -0.999234 7.2
      vertex -15.1684 -2.05725 7.2
      vertex -16.5278 -0.849999 7.2
    endloop
  endfacet
  facet normal 0 0 1
    outer loop
      vertex -15.1684 -2.05725 7.2
      vertex -16.6247 -0.999234 7.2
      vertex -15.399 -2.34196 7.2
    endloop
  endfacet
  facet normal -0 0 1
    outer loop
      vertex -16.7367 -1.13752 7.2
      vertex -15.399 -2.34196 7.2
      vertex -16.6247 -0.999234 7.2
    endloop
  endfacet
  facet normal 0 0 1
    outer loop
      vertex -15.399 -2.34196 7.2
      vertex -16.7367 -1.13752 7.2
      vertex -15.658 -2.60101 7.2
    endloop
  endfacet
  facet normal -0 0 1
    outer loop
      vertex -16.8625 -1.26335 7.2
      vertex -15.658 -2.60101 7.2
      vertex -16.7367 -1.13752 7.2
    endloop
  endfacet
  facet normal 0 0 1
    outer loop
      vertex -15.658 -2.60101 7.2
      vertex -16.8625 -1.26335 7.2
      vertex -15.9428 -2.83156 7.2
    endloop
  endfacet
  facet normal -0 0 1
    outer loop
      vertex -17.0008 -1.37533 7.2
      vertex -15.9428 -2.83156 7.2
      vertex -16.8625 -1.26335 7.2
    endloop
  endfacet
  facet normal 0 0 1
    outer loop
      vertex -15.9428 -2.83156 7.2
      vertex -17.0008 -1.37533 7.2
      vertex -16.25 -3.03109 7.2
    endloop
  endfacet
  facet normal -0 0 1
    outer loop
      vertex -17.15 -1.47224 7.2
      vertex -16.25 -3.03109 7.2
      vertex -17.0008 -1.37533 7.2
    endloop
  endfacet
  facet normal 0 0 1
    outer loop
      vertex -16.25 -3.03109 7.2
      vertex -17.15 -1.47224 7.2
      vertex -16.5764 -3.19741 7.2
    endloop
  endfacet
  facet normal -0 0 1
    outer loop
      vertex -17.3085 -1.55303 7.2
      vertex -16.5764 -3.19741 7.2
      vertex -17.15 -1.47224 7.2
    endloop
  endfacet
  facet normal 0 0 1
    outer loop
      vertex -16.5764 -3.19741 7.2
      vertex -17.3085 -1.55303 7.2
      vertex -16.9184 -3.3287 7.2
    endloop
  endfacet
  facet normal -0 0 1
    outer loop
      vertex -17.4747 -1.6168 7.2
      vertex -16.9184 -3.3287 7.2
      vertex -17.3085 -1.55303 7.2
    endloop
  endfacet
  facet normal 0 0 1
    outer loop
      vertex -16.9184 -3.3287 7.2
      vertex -17.4747 -1.6168 7.2
      vertex -17.2723 -3.42352 7.2
    endloop
  endfacet
  facet normal -0 0 1
    outer loop
      vertex -17.6465 -1.66285 7.2
      vertex -17.2723 -3.42352 7.2
      vertex -17.4747 -1.6168 7.2
    endloop
  endfacet
  facet normal 0 0 1
    outer loop
      vertex -17.2723 -3.42352 7.2
      vertex -17.6465 -1.66285 7.2
      vertex -17.6342 -3.48083 7.2
    endloop
  endfacet
  facet normal -0 0 1
    outer loop
      vertex -17.8223 -1.69069 7.2
      vertex -17.6342 -3.48083 7.2
      vertex -17.6465 -1.66285 7.2
    endloop
  endfacet
  facet normal -0 0 1
    outer loop
      vertex -18 -1.7 7.2
      vertex -17.6342 -3.48083 7.2
      vertex -17.8223 -1.69069 7.2
    endloop
  endfacet
  facet normal 0 0 1
    outer loop
      vertex -18 -1.7 7.2
      vertex -18 -3.5 7.2
      vertex -17.6342 -3.48083 7.2
    endloop
  endfacet
  facet normal 0 0 1
    outer loop
      vertex -18.1777 -1.69069 7.2
      vertex -18 -3.5 7.2
      vertex -18 -1.7 7.2
    endloop
  endfacet
  facet normal 0 0 1
    outer loop
      vertex -18.3658 -3.48083 7.2
      vertex -18.1777 -1.69069 7.2
      vertex -18.3535 -1.66285 7.2
    endloop
  endfacet
  facet normal 0 0 1
    outer loop
      vertex -18.1777 -1.69069 7.2
      vertex -18.3658 -3.48083 7.2
      vertex -18 -3.5 7.2
    endloop
  endfacet
  facet normal 0 0 1
    outer loop
      vertex -18.7277 -3.42352 7.2
      vertex -18.3535 -1.66285 7.2
      vertex -18.5253 -1.6168 7.2
    endloop
  endfacet
  facet normal 0 0 1
    outer loop
      vertex -19.0816 -3.3287 7.2
      vertex -18.5253 -1.6168 7.2
      vertex -18.6915 -1.55303 7.2
    endloop
  endfacet
  facet normal 0 0 1
    outer loop
      vertex -18.3535 -1.66285 7.2
      vertex -18.7277 -3.42352 7.2
      vertex -18.3658 -3.48083 7.2
    endloop
  endfacet
  facet normal 0 0 1
    outer loop
      vertex -19.4236 -3.19741 7.2
      vertex -18.6915 -1.55303 7.2
      vertex -18.85 -1.47224 7.2
    endloop
  endfacet
  facet normal 0 0 1
    outer loop
      vertex -19.75 -3.03109 7.2
      vertex -18.85 -1.47224 7.2
      vertex -18.9992 -1.37533 7.2
    endloop
  endfacet
  facet normal 0 0 1
    outer loop
      vertex -18.5253 -1.6168 7.2
      vertex -19.0816 -3.3287 7.2
      vertex -18.7277 -3.42352 7.2
    endloop
  endfacet
  facet normal 0 0 1
    outer loop
      vertex -20.0572 -2.83156 7.2
      vertex -18.9992 -1.37533 7.2
      vertex -19.1375 -1.26335 7.2
    endloop
  endfacet
  facet normal 0 0 1
    outer loop
      vertex -20.342 -2.60101 7.2
      vertex -19.1375 -1.26335 7.2
      vertex -19.2633 -1.13752 7.2
    endloop
  endfacet
  facet normal 0 0 1
    outer loop
      vertex -20.601 -2.34196 7.2
      vertex -19.2633 -1.13752 7.2
      vertex -19.3753 -0.999234 7.2
    endloop
  endfacet
  facet normal 0 0 1
    outer loop
      vertex -18.6915 -1.55303 7.2
      vertex -19.4236 -3.19741 7.2
      vertex -19.0816 -3.3287 7.2
    endloop
  endfacet
  facet normal 0 0 1
    outer loop
      vertex -20.8316 -2.05725 7.2
      vertex -19.3753 -0.999234 7.2
      vertex -19.4722 -0.849999 7.2
    endloop
  endfacet
  facet normal 0 0 1
    outer loop
      vertex -21.0311 -1.75 7.2
      vertex -19.4722 -0.849999 7.2
      vertex -19.553 -0.691452 7.2
    endloop
  endfacet
  facet normal 0 0 1
    outer loop
      vertex -21.1974 -1.42358 7.2
      vertex -19.553 -0.691452 7.2
      vertex -19.6168 -0.525329 7.2
    endloop
  endfacet
  facet normal 0 0 1
    outer loop
      vertex -21.3287 -1.08156 7.2
      vertex -19.6168 -0.525329 7.2
      vertex -19.6628 -0.35345 7.2
    endloop
  endfacet
  facet normal 0 0 1
    outer loop
      vertex -21.4235 -0.727691 7.2
      vertex -19.6628 -0.35345 7.2
      vertex -19.6907 -0.177698 7.2
    endloop
  endfacet
  facet normal 0 0 1
    outer loop
      vertex -18.85 -1.47224 7.2
      vertex -19.75 -3.03109 7.2
      vertex -19.4236 -3.19741 7.2
    endloop
  endfacet
  facet normal 0 0 1
    outer loop
      vertex -21.4808 -0.365849 7.2
      vertex -19.6907 -0.177698 7.2
      vertex -19.7 0 7.2
    endloop
  endfacet
  facet normal 0 0 1
    outer loop
      vertex -19.4722 0.849999 7.2
      vertex -21.0311 1.75 7.2
      vertex -19.553 0.691452 7.2
    endloop
  endfacet
  facet normal -0 0 1
    outer loop
      vertex -21.1974 1.42358 7.2
      vertex -19.553 0.691452 7.2
      vertex -21.0311 1.75 7.2
    endloop
  endfacet
  facet normal 0 0 1
    outer loop
      vertex -18.9992 -1.37533 7.2
      vertex -20.0572 -2.83156 7.2
      vertex -19.75 -3.03109 7.2
    endloop
  endfacet
  facet normal 0 0 1
    outer loop
      vertex -19.553 0.691452 7.2
      vertex -21.1974 1.42358 7.2
      vertex -19.6168 0.525329 7.2
    endloop
  endfacet
  facet normal 0 0 1
    outer loop
      vertex -19.1375 -1.26335 7.2
      vertex -20.342 -2.60101 7.2
      vertex -20.0572 -2.83156 7.2
    endloop
  endfacet
  facet normal -0 0 1
    outer loop
      vertex -21.3287 1.08156 7.2
      vertex -19.6168 0.525329 7.2
      vertex -21.1974 1.42358 7.2
    endloop
  endfacet
  facet normal 0 0 1
    outer loop
      vertex -19.2633 -1.13752 7.2
      vertex -20.601 -2.34196 7.2
      vertex -20.342 -2.60101 7.2
    endloop
  endfacet
  facet normal 0 0 1
    outer loop
      vertex -19.6168 0.525329 7.2
      vertex -21.3287 1.08156 7.2
      vertex -19.6628 0.35345 7.2
    endloop
  endfacet
  facet normal 0 0 1
    outer loop
      vertex -19.3753 -0.999234 7.2
      vertex -20.8316 -2.05725 7.2
      vertex -20.601 -2.34196 7.2
    endloop
  endfacet
  facet normal -0 0 1
    outer loop
      vertex -21.4235 0.727691 7.2
      vertex -19.6628 0.35345 7.2
      vertex -21.3287 1.08156 7.2
    endloop
  endfacet
  facet normal 0 0 1
    outer loop
      vertex -19.4722 -0.849999 7.2
      vertex -21.0311 -1.75 7.2
      vertex -20.8316 -2.05725 7.2
    endloop
  endfacet
  facet normal 0 0 1
    outer loop
      vertex -19.6628 0.35345 7.2
      vertex -21.4235 0.727691 7.2
      vertex -19.6907 0.177698 7.2
    endloop
  endfacet
  facet normal 0 0 1
    outer loop
      vertex -19.553 -0.691452 7.2
      vertex -21.1974 -1.42358 7.2
      vertex -21.0311 -1.75 7.2
    endloop
  endfacet
  facet normal -0 0 1
    outer loop
      vertex -21.4808 0.365849 7.2
      vertex -19.6907 0.177698 7.2
      vertex -21.4235 0.727691 7.2
    endloop
  endfacet
  facet normal 0 0 1
    outer loop
      vertex -19.6168 -0.525329 7.2
      vertex -21.3287 -1.08156 7.2
      vertex -21.1974 -1.42358 7.2
    endloop
  endfacet
  facet normal 0 0 1
    outer loop
      vertex -19.6907 0.177698 7.2
      vertex -21.4808 0.365849 7.2
      vertex -19.7 0 7.2
    endloop
  endfacet
  facet normal 0 0 1
    outer loop
      vertex -19.6628 -0.35345 7.2
      vertex -21.4235 -0.727691 7.2
      vertex -21.3287 -1.08156 7.2
    endloop
  endfacet
  facet normal 0 0 1
    outer loop
      vertex -21.5 0 7.2
      vertex -19.7 0 7.2
      vertex -21.4808 0.365849 7.2
    endloop
  endfacet
  facet normal 0 0 1
    outer loop
      vertex -19.6907 -0.177698 7.2
      vertex -21.4808 -0.365849 7.2
      vertex -21.4235 -0.727691 7.2
    endloop
  endfacet
  facet normal 0 0 1
    outer loop
      vertex -19.7 0 7.2
      vertex -21.5 0 7.2
      vertex -21.4808 -0.365849 7.2
    endloop
  endfacet
  facet normal -0.838709 0.544581 0
    outer loop
      vertex -21.0311 1.75 0
      vertex -20.8316 2.05725 0.599999
      vertex -20.8316 2.05725 0
    endloop
  endfacet
  facet normal -0.838709 0.544581 0
    outer loop
      vertex -20.8316 2.05725 0.599999
      vertex -21.0311 1.75 0
      vertex -21.0311 1.75 0.599999
    endloop
  endfacet
  facet normal -0.838709 0.544581 0
    outer loop
      vertex -21.0311 1.75 6.6
      vertex -20.8316 2.05725 7.2
      vertex -20.8316 2.05725 6.6
    endloop
  endfacet
  facet normal -0.838709 0.544581 0
    outer loop
      vertex -20.8316 2.05725 7.2
      vertex -21.0311 1.75 6.6
      vertex -21.0311 1.75 7.2
    endloop
  endfacet
  facet normal 0.454014 0.890994 -0
    outer loop
      vertex -16.25 3.03109 0
      vertex -16.5764 3.19741 0.599999
      vertex -16.25 3.03109 0.599999
    endloop
  endfacet
  facet normal 0.454014 0.890994 0
    outer loop
      vertex -16.5764 3.19741 0.599999
      vertex -16.25 3.03109 0
      vertex -16.5764 3.19741 0
    endloop
  endfacet
  facet normal 0.454014 0.890994 -0
    outer loop
      vertex -16.25 3.03109 6.6
      vertex -16.5764 3.19741 7.2
      vertex -16.25 3.03109 7.2
    endloop
  endfacet
  facet normal 0.454014 0.890994 0
    outer loop
      vertex -16.5764 3.19741 7.2
      vertex -16.25 3.03109 6.6
      vertex -16.5764 3.19741 6.6
    endloop
  endfacet
  facet normal 0.891028 -0.453949 0
    outer loop
      vertex -14.9689 -1.75 7.2
      vertex -14.8026 -1.42358 6.6
      vertex -14.8026 -1.42358 7.2
    endloop
  endfacet
  facet normal 0.891028 -0.453949 0
    outer loop
      vertex -14.8026 -1.42358 6.6
      vertex -14.9689 -1.75 7.2
      vertex -14.9689 -1.75 6.6
    endloop
  endfacet
  facet normal 0.891028 -0.453949 0
    outer loop
      vertex -14.9689 -1.75 0.599999
      vertex -14.8026 -1.42358 0
      vertex -14.8026 -1.42358 0.599999
    endloop
  endfacet
  facet normal 0.891028 -0.453949 0
    outer loop
      vertex -14.8026 -1.42358 0
      vertex -14.9689 -1.75 0.599999
      vertex -14.9689 -1.75 0
    endloop
  endfacet
  facet normal -0.629194 -0.777248 0
    outer loop
      vertex -20.342 -2.60101 6.6
      vertex -20.0572 -2.83156 7.2
      vertex -20.342 -2.60101 7.2
    endloop
  endfacet
  facet normal -0.629194 -0.777248 -0
    outer loop
      vertex -20.0572 -2.83156 7.2
      vertex -20.342 -2.60101 6.6
      vertex -20.0572 -2.83156 6.6
    endloop
  endfacet
  facet normal -0.629194 -0.777248 0
    outer loop
      vertex -20.342 -2.60101 0
      vertex -20.0572 -2.83156 0.599999
      vertex -20.342 -2.60101 0.599999
    endloop
  endfacet
  facet normal -0.629194 -0.777248 -0
    outer loop
      vertex -20.0572 -2.83156 0.599999
      vertex -20.342 -2.60101 0
      vertex -20.0572 -2.83156 0
    endloop
  endfacet
  facet normal 0.454014 -0.890994 0
    outer loop
      vertex -16.5764 -3.19741 6.6
      vertex -16.25 -3.03109 7.2
      vertex -16.5764 -3.19741 7.2
    endloop
  endfacet
  facet normal 0.454014 -0.890994 0
    outer loop
      vertex -16.25 -3.03109 7.2
      vertex -16.5764 -3.19741 6.6
      vertex -16.25 -3.03109 6.6
    endloop
  endfacet
  facet normal 0.454014 -0.890994 0
    outer loop
      vertex -16.5764 -3.19741 0
      vertex -16.25 -3.03109 0.599999
      vertex -16.5764 -3.19741 0.599999
    endloop
  endfacet
  facet normal 0.454014 -0.890994 0
    outer loop
      vertex -16.25 -3.03109 0.599999
      vertex -16.5764 -3.19741 0
      vertex -16.25 -3.03109 0
    endloop
  endfacet
  facet normal 0.258801 0.965931 -0
    outer loop
      vertex -16.9184 3.3287 6.6
      vertex -17.2723 3.42352 7.2
      vertex -16.9184 3.3287 7.2
    endloop
  endfacet
  facet normal 0.258801 0.965931 0
    outer loop
      vertex -17.2723 3.42352 7.2
      vertex -16.9184 3.3287 6.6
      vertex -17.2723 3.42352 6.6
    endloop
  endfacet
  facet normal 0.258801 0.965931 -0
    outer loop
      vertex -16.9184 3.3287 0
      vertex -17.2723 3.42352 0.599999
      vertex -16.9184 3.3287 0.599999
    endloop
  endfacet
  facet normal 0.258801 0.965931 0
    outer loop
      vertex -17.2723 3.42352 0.599999
      vertex -16.9184 3.3287 0
      vertex -17.2723 3.42352 0
    endloop
  endfacet
  facet normal 0.777084 -0.629397 0
    outer loop
      vertex -15.399 -2.34196 0.599999
      vertex -15.1684 -2.05725 0
      vertex -15.1684 -2.05725 0.599999
    endloop
  endfacet
  facet normal 0.777084 -0.629397 0
    outer loop
      vertex -15.1684 -2.05725 0
      vertex -15.399 -2.34196 0.599999
      vertex -15.399 -2.34196 0
    endloop
  endfacet
  facet normal 0.777084 -0.629397 0
    outer loop
      vertex -15.399 -2.34196 7.2
      vertex -15.1684 -2.05725 6.6
      vertex -15.1684 -2.05725 7.2
    endloop
  endfacet
  facet normal 0.777084 -0.629397 0
    outer loop
      vertex -15.1684 -2.05725 6.6
      vertex -15.399 -2.34196 7.2
      vertex -15.399 -2.34196 6.6
    endloop
  endfacet
  facet normal 0.777084 0.629397 0
    outer loop
      vertex -15.1684 2.05725 0.599999
      vertex -15.399 2.34196 0
      vertex -15.399 2.34196 0.599999
    endloop
  endfacet
  facet normal 0.777084 0.629397 0
    outer loop
      vertex -15.399 2.34196 0
      vertex -15.1684 2.05725 0.599999
      vertex -15.1684 2.05725 0
    endloop
  endfacet
  facet normal 0.777084 0.629397 0
    outer loop
      vertex -15.1684 2.05725 7.2
      vertex -15.399 2.34196 6.6
      vertex -15.399 2.34196 7.2
    endloop
  endfacet
  facet normal 0.777084 0.629397 0
    outer loop
      vertex -15.399 2.34196 6.6
      vertex -15.1684 2.05725 7.2
      vertex -15.1684 2.05725 6.6
    endloop
  endfacet
  facet normal 0.5447 0.838631 -0
    outer loop
      vertex -15.9428 2.83156 6.6
      vertex -16.25 3.03109 7.2
      vertex -15.9428 2.83156 7.2
    endloop
  endfacet
  facet normal 0.5447 0.838631 0
    outer loop
      vertex -16.25 3.03109 7.2
      vertex -15.9428 2.83156 6.6
      vertex -16.25 3.03109 6.6
    endloop
  endfacet
  facet normal 0.5447 0.838631 -0
    outer loop
      vertex -15.9428 2.83156 0
      vertex -16.25 3.03109 0.599999
      vertex -15.9428 2.83156 0.599999
    endloop
  endfacet
  facet normal 0.5447 0.838631 0
    outer loop
      vertex -16.25 3.03109 0.599999
      vertex -15.9428 2.83156 0
      vertex -16.25 3.03109 0
    endloop
  endfacet
  facet normal -0.15641 0.987692 0
    outer loop
      vertex -18.3658 3.48083 6.6
      vertex -18.7277 3.42352 7.2
      vertex -18.3658 3.48083 7.2
    endloop
  endfacet
  facet normal -0.15641 0.987692 0
    outer loop
      vertex -18.7277 3.42352 7.2
      vertex -18.3658 3.48083 6.6
      vertex -18.7277 3.42352 6.6
    endloop
  endfacet
  facet normal -0.15641 0.987692 0
    outer loop
      vertex -18.3658 3.48083 0
      vertex -18.7277 3.42352 0.599999
      vertex -18.3658 3.48083 0.599999
    endloop
  endfacet
  facet normal -0.15641 0.987692 0
    outer loop
      vertex -18.7277 3.42352 0.599999
      vertex -18.3658 3.48083 0
      vertex -18.7277 3.42352 0
    endloop
  endfacet
  facet normal 0.933571 0.358394 0
    outer loop
      vertex -14.6713 1.08156 0.599999
      vertex -14.8026 1.42358 0
      vertex -14.8026 1.42358 0.599999
    endloop
  endfacet
  facet normal 0.933571 0.358394 0
    outer loop
      vertex -14.8026 1.42358 0
      vertex -14.6713 1.08156 0.599999
      vertex -14.6713 1.08156 0
    endloop
  endfacet
  facet normal 0.933571 0.358394 0
    outer loop
      vertex -14.6713 1.08156 7.2
      vertex -14.8026 1.42358 6.6
      vertex -14.8026 1.42358 7.2
    endloop
  endfacet
  facet normal 0.933571 0.358394 0
    outer loop
      vertex -14.8026 1.42358 6.6
      vertex -14.6713 1.08156 7.2
      vertex -14.6713 1.08156 6.6
    endloop
  endfacet
  facet normal 0.0523339 0.99863 -0
    outer loop
      vertex -17.6342 3.48083 6.6
      vertex -18 3.5 7.2
      vertex -17.6342 3.48083 7.2
    endloop
  endfacet
  facet normal 0.0523339 0.99863 0
    outer loop
      vertex -18 3.5 7.2
      vertex -17.6342 3.48083 6.6
      vertex -18 3.5 6.6
    endloop
  endfacet
  facet normal 0.0523339 0.99863 -0
    outer loop
      vertex -17.6342 3.48083 0
      vertex -18 3.5 0.599999
      vertex -17.6342 3.48083 0.599999
    endloop
  endfacet
  facet normal 0.0523339 0.99863 0
    outer loop
      vertex -18 3.5 0.599999
      vertex -17.6342 3.48083 0
      vertex -18 3.5 0
    endloop
  endfacet
  facet normal -0.358388 -0.933573 0
    outer loop
      vertex -19.4236 -3.19741 6.6
      vertex -19.0816 -3.3287 7.2
      vertex -19.4236 -3.19741 7.2
    endloop
  endfacet
  facet normal -0.358388 -0.933573 -0
    outer loop
      vertex -19.0816 -3.3287 7.2
      vertex -19.4236 -3.19741 6.6
      vertex -19.0816 -3.3287 6.6
    endloop
  endfacet
  facet normal -0.358388 -0.933573 0
    outer loop
      vertex -19.4236 -3.19741 0
      vertex -19.0816 -3.3287 0.599999
      vertex -19.4236 -3.19741 0.599999
    endloop
  endfacet
  facet normal -0.358388 -0.933573 -0
    outer loop
      vertex -19.0816 -3.3287 0.599999
      vertex -19.4236 -3.19741 0
      vertex -19.0816 -3.3287 0
    endloop
  endfacet
  facet normal -0.987693 0.156407 0
    outer loop
      vertex -21.4808 0.365849 0
      vertex -21.4235 0.727691 0.599999
      vertex -21.4235 0.727691 0
    endloop
  endfacet
  facet normal -0.987693 0.156407 0
    outer loop
      vertex -21.4235 0.727691 0.599999
      vertex -21.4808 0.365849 0
      vertex -21.4808 0.365849 0.599999
    endloop
  endfacet
  facet normal -0.987693 0.156407 0
    outer loop
      vertex -21.4808 0.365849 6.6
      vertex -21.4235 0.727691 7.2
      vertex -21.4235 0.727691 6.6
    endloop
  endfacet
  facet normal -0.987693 0.156407 0
    outer loop
      vertex -21.4235 0.727691 7.2
      vertex -21.4808 0.365849 6.6
      vertex -21.4808 0.365849 7.2
    endloop
  endfacet
  facet normal 0.891028 0.453949 0
    outer loop
      vertex -14.8026 1.42358 7.2
      vertex -14.9689 1.75 6.6
      vertex -14.9689 1.75 7.2
    endloop
  endfacet
  facet normal 0.891028 0.453949 0
    outer loop
      vertex -14.9689 1.75 6.6
      vertex -14.8026 1.42358 7.2
      vertex -14.8026 1.42358 6.6
    endloop
  endfacet
  facet normal 0.891028 0.453949 0
    outer loop
      vertex -14.8026 1.42358 0.599999
      vertex -14.9689 1.75 0
      vertex -14.9689 1.75 0.599999
    endloop
  endfacet
  facet normal 0.891028 0.453949 0
    outer loop
      vertex -14.9689 1.75 0
      vertex -14.8026 1.42358 0.599999
      vertex -14.8026 1.42358 0
    endloop
  endfacet
  facet normal -0.454014 0.890994 0
    outer loop
      vertex -19.4236 3.19741 6.6
      vertex -19.75 3.03109 7.2
      vertex -19.4236 3.19741 7.2
    endloop
  endfacet
  facet normal -0.454014 0.890994 0
    outer loop
      vertex -19.75 3.03109 7.2
      vertex -19.4236 3.19741 6.6
      vertex -19.75 3.03109 6.6
    endloop
  endfacet
  facet normal -0.454014 0.890994 0
    outer loop
      vertex -19.4236 3.19741 0
      vertex -19.75 3.03109 0.599999
      vertex -19.4236 3.19741 0.599999
    endloop
  endfacet
  facet normal -0.454014 0.890994 0
    outer loop
      vertex -19.75 3.03109 0.599999
      vertex -19.4236 3.19741 0
      vertex -19.75 3.03109 0
    endloop
  endfacet
  facet normal 0.629194 -0.777248 0
    outer loop
      vertex -15.9428 -2.83156 0
      vertex -15.658 -2.60101 0.599999
      vertex -15.9428 -2.83156 0.599999
    endloop
  endfacet
  facet normal 0.629194 -0.777248 0
    outer loop
      vertex -15.658 -2.60101 0.599999
      vertex -15.9428 -2.83156 0
      vertex -15.658 -2.60101 0
    endloop
  endfacet
  facet normal 0.629194 -0.777248 0
    outer loop
      vertex -15.9428 -2.83156 6.6
      vertex -15.658 -2.60101 7.2
      vertex -15.9428 -2.83156 7.2
    endloop
  endfacet
  facet normal 0.629194 -0.777248 0
    outer loop
      vertex -15.658 -2.60101 7.2
      vertex -15.9428 -2.83156 6.6
      vertex -15.658 -2.60101 6.6
    endloop
  endfacet
  facet normal -0.777084 0.629397 0
    outer loop
      vertex -20.8316 2.05725 0
      vertex -20.601 2.34196 0.599999
      vertex -20.601 2.34196 0
    endloop
  endfacet
  facet normal -0.777084 0.629397 0
    outer loop
      vertex -20.601 2.34196 0.599999
      vertex -20.8316 2.05725 0
      vertex -20.8316 2.05725 0.599999
    endloop
  endfacet
  facet normal -0.777084 0.629397 0
    outer loop
      vertex -20.8316 2.05725 6.6
      vertex -20.601 2.34196 7.2
      vertex -20.601 2.34196 6.6
    endloop
  endfacet
  facet normal -0.777084 0.629397 0
    outer loop
      vertex -20.601 2.34196 7.2
      vertex -20.8316 2.05725 6.6
      vertex -20.8316 2.05725 7.2
    endloop
  endfacet
  facet normal -0.933571 -0.358394 0
    outer loop
      vertex -21.1974 -1.42358 0
      vertex -21.3287 -1.08156 0.599999
      vertex -21.3287 -1.08156 0
    endloop
  endfacet
  facet normal -0.933571 -0.358394 0
    outer loop
      vertex -21.3287 -1.08156 0.599999
      vertex -21.1974 -1.42358 0
      vertex -21.1974 -1.42358 0.599999
    endloop
  endfacet
  facet normal -0.933571 -0.358394 0
    outer loop
      vertex -21.1974 -1.42358 6.6
      vertex -21.3287 -1.08156 7.2
      vertex -21.3287 -1.08156 6.6
    endloop
  endfacet
  facet normal -0.933571 -0.358394 0
    outer loop
      vertex -21.3287 -1.08156 7.2
      vertex -21.1974 -1.42358 6.6
      vertex -21.1974 -1.42358 7.2
    endloop
  endfacet
  facet normal -0.965939 0.258771 0
    outer loop
      vertex -21.4235 0.727691 0
      vertex -21.3287 1.08156 0.599999
      vertex -21.3287 1.08156 0
    endloop
  endfacet
  facet normal -0.965939 0.258771 0
    outer loop
      vertex -21.3287 1.08156 0.599999
      vertex -21.4235 0.727691 0
      vertex -21.4235 0.727691 0.599999
    endloop
  endfacet
  facet normal -0.965939 0.258771 0
    outer loop
      vertex -21.4235 0.727691 6.6
      vertex -21.3287 1.08156 7.2
      vertex -21.3287 1.08156 6.6
    endloop
  endfacet
  facet normal -0.965939 0.258771 0
    outer loop
      vertex -21.3287 1.08156 7.2
      vertex -21.4235 0.727691 6.6
      vertex -21.4235 0.727691 7.2
    endloop
  endfacet
  facet normal -0.891028 -0.453949 0
    outer loop
      vertex -21.0311 -1.75 6.6
      vertex -21.1974 -1.42358 7.2
      vertex -21.1974 -1.42358 6.6
    endloop
  endfacet
  facet normal -0.891028 -0.453949 0
    outer loop
      vertex -21.1974 -1.42358 7.2
      vertex -21.0311 -1.75 6.6
      vertex -21.0311 -1.75 7.2
    endloop
  endfacet
  facet normal -0.891028 -0.453949 0
    outer loop
      vertex -21.0311 -1.75 0
      vertex -21.1974 -1.42358 0.599999
      vertex -21.1974 -1.42358 0
    endloop
  endfacet
  facet normal -0.891028 -0.453949 0
    outer loop
      vertex -21.1974 -1.42358 0.599999
      vertex -21.0311 -1.75 0
      vertex -21.0311 -1.75 0.599999
    endloop
  endfacet
  facet normal 0.258801 -0.965931 0
    outer loop
      vertex -17.2723 -3.42352 6.6
      vertex -16.9184 -3.3287 7.2
      vertex -17.2723 -3.42352 7.2
    endloop
  endfacet
  facet normal 0.258801 -0.965931 0
    outer loop
      vertex -16.9184 -3.3287 7.2
      vertex -17.2723 -3.42352 6.6
      vertex -16.9184 -3.3287 6.6
    endloop
  endfacet
  facet normal 0.258801 -0.965931 0
    outer loop
      vertex -17.2723 -3.42352 0
      vertex -16.9184 -3.3287 0.599999
      vertex -17.2723 -3.42352 0.599999
    endloop
  endfacet
  facet normal 0.258801 -0.965931 0
    outer loop
      vertex -16.9184 -3.3287 0.599999
      vertex -17.2723 -3.42352 0
      vertex -16.9184 -3.3287 0
    endloop
  endfacet
  facet normal -0.258801 -0.965931 0
    outer loop
      vertex -19.0816 -3.3287 6.6
      vertex -18.7277 -3.42352 7.2
      vertex -19.0816 -3.3287 7.2
    endloop
  endfacet
  facet normal -0.258801 -0.965931 -0
    outer loop
      vertex -18.7277 -3.42352 7.2
      vertex -19.0816 -3.3287 6.6
      vertex -18.7277 -3.42352 6.6
    endloop
  endfacet
  facet normal -0.258801 -0.965931 0
    outer loop
      vertex -19.0816 -3.3287 0
      vertex -18.7277 -3.42352 0.599999
      vertex -19.0816 -3.3287 0.599999
    endloop
  endfacet
  facet normal -0.258801 -0.965931 -0
    outer loop
      vertex -18.7277 -3.42352 0.599999
      vertex -19.0816 -3.3287 0
      vertex -18.7277 -3.42352 0
    endloop
  endfacet
  facet normal -0.454014 -0.890994 0
    outer loop
      vertex -19.75 -3.03109 0
      vertex -19.4236 -3.19741 0.599999
      vertex -19.75 -3.03109 0.599999
    endloop
  endfacet
  facet normal -0.454014 -0.890994 -0
    outer loop
      vertex -19.4236 -3.19741 0.599999
      vertex -19.75 -3.03109 0
      vertex -19.4236 -3.19741 0
    endloop
  endfacet
  facet normal -0.454014 -0.890994 0
    outer loop
      vertex -19.75 -3.03109 6.6
      vertex -19.4236 -3.19741 7.2
      vertex -19.75 -3.03109 7.2
    endloop
  endfacet
  facet normal -0.454014 -0.890994 -0
    outer loop
      vertex -19.4236 -3.19741 7.2
      vertex -19.75 -3.03109 6.6
      vertex -19.4236 -3.19741 6.6
    endloop
  endfacet
  facet normal -0.998626 -0.0524085 0
    outer loop
      vertex -21.4808 -0.365849 6.6
      vertex -21.5 0 7.2
      vertex -21.5 0 6.6
    endloop
  endfacet
  facet normal -0.998626 -0.0524085 0
    outer loop
      vertex -21.5 0 7.2
      vertex -21.4808 -0.365849 6.6
      vertex -21.4808 -0.365849 7.2
    endloop
  endfacet
  facet normal -0.998626 -0.0524085 0
    outer loop
      vertex -21.4808 -0.365849 0
      vertex -21.5 0 0.599999
      vertex -21.5 0 0
    endloop
  endfacet
  facet normal -0.998626 -0.0524085 0
    outer loop
      vertex -21.5 0 0.599999
      vertex -21.4808 -0.365849 0
      vertex -21.4808 -0.365849 0.599999
    endloop
  endfacet
  facet normal -0.358388 0.933573 0
    outer loop
      vertex -19.0816 3.3287 0
      vertex -19.4236 3.19741 0.599999
      vertex -19.0816 3.3287 0.599999
    endloop
  endfacet
  facet normal -0.358388 0.933573 0
    outer loop
      vertex -19.4236 3.19741 0.599999
      vertex -19.0816 3.3287 0
      vertex -19.4236 3.19741 0
    endloop
  endfacet
  facet normal -0.358388 0.933573 0
    outer loop
      vertex -19.0816 3.3287 6.6
      vertex -19.4236 3.19741 7.2
      vertex -19.0816 3.3287 7.2
    endloop
  endfacet
  facet normal -0.358388 0.933573 0
    outer loop
      vertex -19.4236 3.19741 7.2
      vertex -19.0816 3.3287 6.6
      vertex -19.4236 3.19741 6.6
    endloop
  endfacet
  facet normal -0.777084 -0.629397 0
    outer loop
      vertex -20.601 -2.34196 0
      vertex -20.8316 -2.05725 0.599999
      vertex -20.8316 -2.05725 0
    endloop
  endfacet
  facet normal -0.777084 -0.629397 0
    outer loop
      vertex -20.8316 -2.05725 0.599999
      vertex -20.601 -2.34196 0
      vertex -20.601 -2.34196 0.599999
    endloop
  endfacet
  facet normal -0.777084 -0.629397 0
    outer loop
      vertex -20.601 -2.34196 6.6
      vertex -20.8316 -2.05725 7.2
      vertex -20.8316 -2.05725 6.6
    endloop
  endfacet
  facet normal -0.777084 -0.629397 0
    outer loop
      vertex -20.8316 -2.05725 7.2
      vertex -20.601 -2.34196 6.6
      vertex -20.601 -2.34196 7.2
    endloop
  endfacet
  facet normal -0.707175 -0.707039 0
    outer loop
      vertex -20.342 -2.60101 6.6
      vertex -20.601 -2.34196 7.2
      vertex -20.601 -2.34196 6.6
    endloop
  endfacet
  facet normal -0.707175 -0.707039 0
    outer loop
      vertex -20.601 -2.34196 7.2
      vertex -20.342 -2.60101 6.6
      vertex -20.342 -2.60101 7.2
    endloop
  endfacet
  facet normal -0.707175 -0.707039 0
    outer loop
      vertex -20.342 -2.60101 0
      vertex -20.601 -2.34196 0.599999
      vertex -20.601 -2.34196 0
    endloop
  endfacet
  facet normal -0.707175 -0.707039 0
    outer loop
      vertex -20.601 -2.34196 0.599999
      vertex -20.342 -2.60101 0
      vertex -20.342 -2.60101 0.599999
    endloop
  endfacet
  facet normal 0.5447 -0.838631 0
    outer loop
      vertex -16.25 -3.03109 6.6
      vertex -15.9428 -2.83156 7.2
      vertex -16.25 -3.03109 7.2
    endloop
  endfacet
  facet normal 0.5447 -0.838631 0
    outer loop
      vertex -15.9428 -2.83156 7.2
      vertex -16.25 -3.03109 6.6
      vertex -15.9428 -2.83156 6.6
    endloop
  endfacet
  facet normal 0.5447 -0.838631 0
    outer loop
      vertex -16.25 -3.03109 0
      vertex -15.9428 -2.83156 0.599999
      vertex -16.25 -3.03109 0.599999
    endloop
  endfacet
  facet normal 0.5447 -0.838631 0
    outer loop
      vertex -15.9428 -2.83156 0.599999
      vertex -16.25 -3.03109 0
      vertex -15.9428 -2.83156 0
    endloop
  endfacet
  facet normal 0.933571 -0.358394 0
    outer loop
      vertex -14.8026 -1.42358 7.2
      vertex -14.6713 -1.08156 6.6
      vertex -14.6713 -1.08156 7.2
    endloop
  endfacet
  facet normal 0.933571 -0.358394 0
    outer loop
      vertex -14.6713 -1.08156 6.6
      vertex -14.8026 -1.42358 7.2
      vertex -14.8026 -1.42358 6.6
    endloop
  endfacet
  facet normal 0.933571 -0.358394 0
    outer loop
      vertex -14.8026 -1.42358 0.599999
      vertex -14.6713 -1.08156 0
      vertex -14.6713 -1.08156 0.599999
    endloop
  endfacet
  facet normal 0.933571 -0.358394 0
    outer loop
      vertex -14.6713 -1.08156 0
      vertex -14.8026 -1.42358 0.599999
      vertex -14.8026 -1.42358 0
    endloop
  endfacet
  facet normal 0 0 -1
    outer loop
      vertex -16.3 0 0
      vertex -14.5 0 0
      vertex -14.5192 -0.365849 0
    endloop
  endfacet
  facet normal 0 0 -1
    outer loop
      vertex -16.3093 -0.177698 0
      vertex -14.5192 -0.365849 0
      vertex -14.5765 -0.727691 0
    endloop
  endfacet
  facet normal 0 0 -1
    outer loop
      vertex -14.5 0 0
      vertex -16.3 0 0
      vertex -14.5192 0.365849 0
    endloop
  endfacet
  facet normal 0 0 -1
    outer loop
      vertex -16.3372 -0.35345 0
      vertex -14.5765 -0.727691 0
      vertex -14.6713 -1.08156 0
    endloop
  endfacet
  facet normal 0 0 -1
    outer loop
      vertex -16.3093 0.177698 0
      vertex -14.5192 0.365849 0
      vertex -16.3 0 0
    endloop
  endfacet
  facet normal 0 0 -1
    outer loop
      vertex -16.3832 -0.525329 0
      vertex -14.6713 -1.08156 0
      vertex -14.8026 -1.42358 0
    endloop
  endfacet
  facet normal -0 0 -1
    outer loop
      vertex -14.5192 0.365849 0
      vertex -16.3093 0.177698 0
      vertex -14.5765 0.727691 0
    endloop
  endfacet
  facet normal 0 0 -1
    outer loop
      vertex -16.447 -0.691452 0
      vertex -14.8026 -1.42358 0
      vertex -14.9689 -1.75 0
    endloop
  endfacet
  facet normal 0 0 -1
    outer loop
      vertex -16.3372 0.35345 0
      vertex -14.5765 0.727691 0
      vertex -16.3093 0.177698 0
    endloop
  endfacet
  facet normal 0 0 -1
    outer loop
      vertex -16.5278 -0.849999 0
      vertex -14.9689 -1.75 0
      vertex -15.1684 -2.05725 0
    endloop
  endfacet
  facet normal -0 0 -1
    outer loop
      vertex -14.5765 0.727691 0
      vertex -16.3372 0.35345 0
      vertex -14.6713 1.08156 0
    endloop
  endfacet
  facet normal 0 0 -1
    outer loop
      vertex -16.6247 -0.999234 0
      vertex -15.1684 -2.05725 0
      vertex -15.399 -2.34196 0
    endloop
  endfacet
  facet normal 0 0 -1
    outer loop
      vertex -16.3832 0.525329 0
      vertex -14.6713 1.08156 0
      vertex -16.3372 0.35345 0
    endloop
  endfacet
  facet normal 0 0 -1
    outer loop
      vertex -16.7367 -1.13752 0
      vertex -15.399 -2.34196 0
      vertex -15.658 -2.60101 0
    endloop
  endfacet
  facet normal -0 0 -1
    outer loop
      vertex -14.6713 1.08156 0
      vertex -16.3832 0.525329 0
      vertex -14.8026 1.42358 0
    endloop
  endfacet
  facet normal 0 0 -1
    outer loop
      vertex -16.8625 -1.26335 0
      vertex -15.658 -2.60101 0
      vertex -15.9428 -2.83156 0
    endloop
  endfacet
  facet normal 0 0 -1
    outer loop
      vertex -16.447 0.691452 0
      vertex -14.8026 1.42358 0
      vertex -16.3832 0.525329 0
    endloop
  endfacet
  facet normal 0 0 -1
    outer loop
      vertex -17.0008 -1.37533 0
      vertex -15.9428 -2.83156 0
      vertex -16.25 -3.03109 0
    endloop
  endfacet
  facet normal -0 0 -1
    outer loop
      vertex -14.8026 1.42358 0
      vertex -16.447 0.691452 0
      vertex -14.9689 1.75 0
    endloop
  endfacet
  facet normal 0 0 -1
    outer loop
      vertex -16.5278 0.849999 0
      vertex -14.9689 1.75 0
      vertex -16.447 0.691452 0
    endloop
  endfacet
  facet normal 0 0 -1
    outer loop
      vertex -14.5192 -0.365849 0
      vertex -16.3093 -0.177698 0
      vertex -16.3 0 0
    endloop
  endfacet
  facet normal 0 0 -1
    outer loop
      vertex -14.5765 -0.727691 0
      vertex -16.3372 -0.35345 0
      vertex -16.3093 -0.177698 0
    endloop
  endfacet
  facet normal 0 0 -1
    outer loop
      vertex -14.6713 -1.08156 0
      vertex -16.3832 -0.525329 0
      vertex -16.3372 -0.35345 0
    endloop
  endfacet
  facet normal 0 0 -1
    outer loop
      vertex -14.8026 -1.42358 0
      vertex -16.447 -0.691452 0
      vertex -16.3832 -0.525329 0
    endloop
  endfacet
  facet normal 0 0 -1
    outer loop
      vertex -14.9689 -1.75 0
      vertex -16.5278 -0.849999 0
      vertex -16.447 -0.691452 0
    endloop
  endfacet
  facet normal 0 0 -1
    outer loop
      vertex -17.15 -1.47224 0
      vertex -16.25 -3.03109 0
      vertex -16.5764 -3.19741 0
    endloop
  endfacet
  facet normal 0 0 -1
    outer loop
      vertex -15.1684 -2.05725 0
      vertex -16.6247 -0.999234 0
      vertex -16.5278 -0.849999 0
    endloop
  endfacet
  facet normal 0 0 -1
    outer loop
      vertex -15.399 -2.34196 0
      vertex -16.7367 -1.13752 0
      vertex -16.6247 -0.999234 0
    endloop
  endfacet
  facet normal 0 0 -1
    outer loop
      vertex -15.658 -2.60101 0
      vertex -16.8625 -1.26335 0
      vertex -16.7367 -1.13752 0
    endloop
  endfacet
  facet normal 0 0 -1
    outer loop
      vertex -17.3085 -1.55303 0
      vertex -16.5764 -3.19741 0
      vertex -16.9184 -3.3287 0
    endloop
  endfacet
  facet normal 0 0 -1
    outer loop
      vertex -15.9428 -2.83156 0
      vertex -17.0008 -1.37533 0
      vertex -16.8625 -1.26335 0
    endloop
  endfacet
  facet normal 0 0 -1
    outer loop
      vertex -16.25 -3.03109 0
      vertex -17.15 -1.47224 0
      vertex -17.0008 -1.37533 0
    endloop
  endfacet
  facet normal 0 0 -1
    outer loop
      vertex -17.4747 -1.6168 0
      vertex -16.9184 -3.3287 0
      vertex -17.2723 -3.42352 0
    endloop
  endfacet
  facet normal 0 0 -1
    outer loop
      vertex -16.5764 -3.19741 0
      vertex -17.3085 -1.55303 0
      vertex -17.15 -1.47224 0
    endloop
  endfacet
  facet normal 0 0 -1
    outer loop
      vertex -16.9184 -3.3287 0
      vertex -17.4747 -1.6168 0
      vertex -17.3085 -1.55303 0
    endloop
  endfacet
  facet normal 0 0 -1
    outer loop
      vertex -17.6465 -1.66285 0
      vertex -17.2723 -3.42352 0
      vertex -17.6342 -3.48083 0
    endloop
  endfacet
  facet normal 0 0 -1
    outer loop
      vertex -17.2723 -3.42352 0
      vertex -17.6465 -1.66285 0
      vertex -17.4747 -1.6168 0
    endloop
  endfacet
  facet normal 0 0 -1
    outer loop
      vertex -17.6342 -3.48083 0
      vertex -17.8223 -1.69069 0
      vertex -17.6465 -1.66285 0
    endloop
  endfacet
  facet normal 0 0 -1
    outer loop
      vertex -18 -3.5 0
      vertex -17.8223 -1.69069 0
      vertex -17.6342 -3.48083 0
    endloop
  endfacet
  facet normal 0 0 -1
    outer loop
      vertex -18 -3.5 0
      vertex -18 -1.7 0
      vertex -17.8223 -1.69069 0
    endloop
  endfacet
  facet normal 0 0 -1
    outer loop
      vertex -18 -3.5 0
      vertex -18.1777 -1.69069 0
      vertex -18 -1.7 0
    endloop
  endfacet
  facet normal 0 0 -1
    outer loop
      vertex -18.3658 -3.48083 0
      vertex -18.1777 -1.69069 0
      vertex -18 -3.5 0
    endloop
  endfacet
  facet normal -0 0 -1
    outer loop
      vertex -18.1777 -1.69069 0
      vertex -18.3658 -3.48083 0
      vertex -18.3535 -1.66285 0
    endloop
  endfacet
  facet normal 0 0 -1
    outer loop
      vertex -18.7277 -3.42352 0
      vertex -18.3535 -1.66285 0
      vertex -18.3658 -3.48083 0
    endloop
  endfacet
  facet normal -0 0 -1
    outer loop
      vertex -18.3535 -1.66285 0
      vertex -18.7277 -3.42352 0
      vertex -18.5253 -1.6168 0
    endloop
  endfacet
  facet normal 0 0 -1
    outer loop
      vertex -19.0816 -3.3287 0
      vertex -18.5253 -1.6168 0
      vertex -18.7277 -3.42352 0
    endloop
  endfacet
  facet normal -0 0 -1
    outer loop
      vertex -18.5253 -1.6168 0
      vertex -19.0816 -3.3287 0
      vertex -18.6915 -1.55303 0
    endloop
  endfacet
  facet normal 0 0 -1
    outer loop
      vertex -19.4236 -3.19741 0
      vertex -18.6915 -1.55303 0
      vertex -19.0816 -3.3287 0
    endloop
  endfacet
  facet normal -0 0 -1
    outer loop
      vertex -18.6915 -1.55303 0
      vertex -19.4236 -3.19741 0
      vertex -18.85 -1.47224 0
    endloop
  endfacet
  facet normal 0 0 -1
    outer loop
      vertex -19.75 -3.03109 0
      vertex -18.85 -1.47224 0
      vertex -19.4236 -3.19741 0
    endloop
  endfacet
  facet normal -0 0 -1
    outer loop
      vertex -18.85 -1.47224 0
      vertex -19.75 -3.03109 0
      vertex -18.9992 -1.37533 0
    endloop
  endfacet
  facet normal 0 0 -1
    outer loop
      vertex -20.0572 -2.83156 0
      vertex -18.9992 -1.37533 0
      vertex -19.75 -3.03109 0
    endloop
  endfacet
  facet normal -0 0 -1
    outer loop
      vertex -18.9992 -1.37533 0
      vertex -20.0572 -2.83156 0
      vertex -19.1375 -1.26335 0
    endloop
  endfacet
  facet normal 0 0 -1
    outer loop
      vertex -20.342 -2.60101 0
      vertex -19.1375 -1.26335 0
      vertex -20.0572 -2.83156 0
    endloop
  endfacet
  facet normal -0 0 -1
    outer loop
      vertex -19.1375 -1.26335 0
      vertex -20.342 -2.60101 0
      vertex -19.2633 -1.13752 0
    endloop
  endfacet
  facet normal 0 0 -1
    outer loop
      vertex -20.601 -2.34196 0
      vertex -19.2633 -1.13752 0
      vertex -20.342 -2.60101 0
    endloop
  endfacet
  facet normal -0 0 -1
    outer loop
      vertex -19.2633 -1.13752 0
      vertex -20.601 -2.34196 0
      vertex -19.3753 -0.999234 0
    endloop
  endfacet
  facet normal 0 0 -1
    outer loop
      vertex -20.8316 -2.05725 0
      vertex -19.3753 -0.999234 0
      vertex -20.601 -2.34196 0
    endloop
  endfacet
  facet normal 0 0 -1
    outer loop
      vertex -21.0311 -1.75 0
      vertex -19.4722 -0.849999 0
      vertex -20.8316 -2.05725 0
    endloop
  endfacet
  facet normal -0 0 -1
    outer loop
      vertex -19.3753 -0.999234 0
      vertex -20.8316 -2.05725 0
      vertex -19.4722 -0.849999 0
    endloop
  endfacet
  facet normal -0 0 -1
    outer loop
      vertex -14.9689 1.75 0
      vertex -16.5278 0.849999 0
      vertex -15.1684 2.05725 0
    endloop
  endfacet
  facet normal 0 0 -1
    outer loop
      vertex -16.6247 0.999234 0
      vertex -15.1684 2.05725 0
      vertex -16.5278 0.849999 0
    endloop
  endfacet
  facet normal -0 0 -1
    outer loop
      vertex -15.1684 2.05725 0
      vertex -16.6247 0.999234 0
      vertex -15.399 2.34196 0
    endloop
  endfacet
  facet normal 0 0 -1
    outer loop
      vertex -16.7367 1.13752 0
      vertex -15.399 2.34196 0
      vertex -16.6247 0.999234 0
    endloop
  endfacet
  facet normal -0 0 -1
    outer loop
      vertex -15.399 2.34196 0
      vertex -16.7367 1.13752 0
      vertex -15.658 2.60101 0
    endloop
  endfacet
  facet normal 0 0 -1
    outer loop
      vertex -16.8625 1.26335 0
      vertex -15.658 2.60101 0
      vertex -16.7367 1.13752 0
    endloop
  endfacet
  facet normal -0 0 -1
    outer loop
      vertex -15.658 2.60101 0
      vertex -16.8625 1.26335 0
      vertex -15.9428 2.83156 0
    endloop
  endfacet
  facet normal 0 0 -1
    outer loop
      vertex -17.0008 1.37533 0
      vertex -15.9428 2.83156 0
      vertex -16.8625 1.26335 0
    endloop
  endfacet
  facet normal -0 0 -1
    outer loop
      vertex -15.9428 2.83156 0
      vertex -17.0008 1.37533 0
      vertex -16.25 3.03109 0
    endloop
  endfacet
  facet normal 0 0 -1
    outer loop
      vertex -17.15 1.47224 0
      vertex -16.25 3.03109 0
      vertex -17.0008 1.37533 0
    endloop
  endfacet
  facet normal -0 0 -1
    outer loop
      vertex -16.25 3.03109 0
      vertex -17.15 1.47224 0
      vertex -16.5764 3.19741 0
    endloop
  endfacet
  facet normal 0 0 -1
    outer loop
      vertex -17.3085 1.55303 0
      vertex -16.5764 3.19741 0
      vertex -17.15 1.47224 0
    endloop
  endfacet
  facet normal -0 0 -1
    outer loop
      vertex -16.5764 3.19741 0
      vertex -17.3085 1.55303 0
      vertex -16.9184 3.3287 0
    endloop
  endfacet
  facet normal 0 0 -1
    outer loop
      vertex -17.4747 1.6168 0
      vertex -16.9184 3.3287 0
      vertex -17.3085 1.55303 0
    endloop
  endfacet
  facet normal -0 0 -1
    outer loop
      vertex -16.9184 3.3287 0
      vertex -17.4747 1.6168 0
      vertex -17.2723 3.42352 0
    endloop
  endfacet
  facet normal 0 0 -1
    outer loop
      vertex -17.6465 1.66285 0
      vertex -17.2723 3.42352 0
      vertex -17.4747 1.6168 0
    endloop
  endfacet
  facet normal -0 0 -1
    outer loop
      vertex -17.2723 3.42352 0
      vertex -17.6465 1.66285 0
      vertex -17.6342 3.48083 0
    endloop
  endfacet
  facet normal 0 0 -1
    outer loop
      vertex -17.8223 1.69069 0
      vertex -17.6342 3.48083 0
      vertex -17.6465 1.66285 0
    endloop
  endfacet
  facet normal 0 0 -1
    outer loop
      vertex -18 1.7 0
      vertex -17.6342 3.48083 0
      vertex -17.8223 1.69069 0
    endloop
  endfacet
  facet normal 0 0 -1
    outer loop
      vertex -18 1.7 0
      vertex -18 3.5 0
      vertex -17.6342 3.48083 0
    endloop
  endfacet
  facet normal 0 0 -1
    outer loop
      vertex -18.1777 1.69069 0
      vertex -18 3.5 0
      vertex -18 1.7 0
    endloop
  endfacet
  facet normal 0 0 -1
    outer loop
      vertex -18.3658 3.48083 0
      vertex -18.1777 1.69069 0
      vertex -18.3535 1.66285 0
    endloop
  endfacet
  facet normal 0 0 -1
    outer loop
      vertex -18.1777 1.69069 0
      vertex -18.3658 3.48083 0
      vertex -18 3.5 0
    endloop
  endfacet
  facet normal 0 0 -1
    outer loop
      vertex -18.7277 3.42352 0
      vertex -18.3535 1.66285 0
      vertex -18.5253 1.6168 0
    endloop
  endfacet
  facet normal 0 0 -1
    outer loop
      vertex -19.0816 3.3287 0
      vertex -18.5253 1.6168 0
      vertex -18.6915 1.55303 0
    endloop
  endfacet
  facet normal 0 0 -1
    outer loop
      vertex -18.3535 1.66285 0
      vertex -18.7277 3.42352 0
      vertex -18.3658 3.48083 0
    endloop
  endfacet
  facet normal 0 0 -1
    outer loop
      vertex -19.4236 3.19741 0
      vertex -18.6915 1.55303 0
      vertex -18.85 1.47224 0
    endloop
  endfacet
  facet normal 0 0 -1
    outer loop
      vertex -19.75 3.03109 0
      vertex -18.85 1.47224 0
      vertex -18.9992 1.37533 0
    endloop
  endfacet
  facet normal 0 0 -1
    outer loop
      vertex -18.5253 1.6168 0
      vertex -19.0816 3.3287 0
      vertex -18.7277 3.42352 0
    endloop
  endfacet
  facet normal 0 0 -1
    outer loop
      vertex -20.0572 2.83156 0
      vertex -18.9992 1.37533 0
      vertex -19.1375 1.26335 0
    endloop
  endfacet
  facet normal 0 0 -1
    outer loop
      vertex -20.342 2.60101 0
      vertex -19.1375 1.26335 0
      vertex -19.2633 1.13752 0
    endloop
  endfacet
  facet normal 0 0 -1
    outer loop
      vertex -20.601 2.34196 0
      vertex -19.2633 1.13752 0
      vertex -19.3753 0.999234 0
    endloop
  endfacet
  facet normal 0 0 -1
    outer loop
      vertex -18.6915 1.55303 0
      vertex -19.4236 3.19741 0
      vertex -19.0816 3.3287 0
    endloop
  endfacet
  facet normal 0 0 -1
    outer loop
      vertex -20.8316 2.05725 0
      vertex -19.3753 0.999234 0
      vertex -19.4722 0.849999 0
    endloop
  endfacet
  facet normal 0 0 -1
    outer loop
      vertex -21.0311 1.75 0
      vertex -19.4722 0.849999 0
      vertex -19.553 0.691452 0
    endloop
  endfacet
  facet normal 0 0 -1
    outer loop
      vertex -21.1974 1.42358 0
      vertex -19.553 0.691452 0
      vertex -19.6168 0.525329 0
    endloop
  endfacet
  facet normal 0 0 -1
    outer loop
      vertex -21.3287 1.08156 0
      vertex -19.6168 0.525329 0
      vertex -19.6628 0.35345 0
    endloop
  endfacet
  facet normal 0 0 -1
    outer loop
      vertex -21.4235 0.727691 0
      vertex -19.6628 0.35345 0
      vertex -19.6907 0.177698 0
    endloop
  endfacet
  facet normal 0 0 -1
    outer loop
      vertex -18.85 1.47224 0
      vertex -19.75 3.03109 0
      vertex -19.4236 3.19741 0
    endloop
  endfacet
  facet normal 0 0 -1
    outer loop
      vertex -21.4808 0.365849 0
      vertex -19.6907 0.177698 0
      vertex -19.7 0 0
    endloop
  endfacet
  facet normal -0 0 -1
    outer loop
      vertex -19.4722 -0.849999 0
      vertex -21.0311 -1.75 0
      vertex -19.553 -0.691452 0
    endloop
  endfacet
  facet normal 0 0 -1
    outer loop
      vertex -21.1974 -1.42358 0
      vertex -19.553 -0.691452 0
      vertex -21.0311 -1.75 0
    endloop
  endfacet
  facet normal 0 0 -1
    outer loop
      vertex -18.9992 1.37533 0
      vertex -20.0572 2.83156 0
      vertex -19.75 3.03109 0
    endloop
  endfacet
  facet normal -0 0 -1
    outer loop
      vertex -19.553 -0.691452 0
      vertex -21.1974 -1.42358 0
      vertex -19.6168 -0.525329 0
    endloop
  endfacet
  facet normal 0 0 -1
    outer loop
      vertex -19.1375 1.26335 0
      vertex -20.342 2.60101 0
      vertex -20.0572 2.83156 0
    endloop
  endfacet
  facet normal 0 0 -1
    outer loop
      vertex -21.3287 -1.08156 0
      vertex -19.6168 -0.525329 0
      vertex -21.1974 -1.42358 0
    endloop
  endfacet
  facet normal 0 0 -1
    outer loop
      vertex -19.2633 1.13752 0
      vertex -20.601 2.34196 0
      vertex -20.342 2.60101 0
    endloop
  endfacet
  facet normal -0 0 -1
    outer loop
      vertex -19.6168 -0.525329 0
      vertex -21.3287 -1.08156 0
      vertex -19.6628 -0.35345 0
    endloop
  endfacet
  facet normal 0 0 -1
    outer loop
      vertex -19.3753 0.999234 0
      vertex -20.8316 2.05725 0
      vertex -20.601 2.34196 0
    endloop
  endfacet
  facet normal 0 0 -1
    outer loop
      vertex -21.4235 -0.727691 0
      vertex -19.6628 -0.35345 0
      vertex -21.3287 -1.08156 0
    endloop
  endfacet
  facet normal 0 0 -1
    outer loop
      vertex -19.4722 0.849999 0
      vertex -21.0311 1.75 0
      vertex -20.8316 2.05725 0
    endloop
  endfacet
  facet normal -0 0 -1
    outer loop
      vertex -19.6628 -0.35345 0
      vertex -21.4235 -0.727691 0
      vertex -19.6907 -0.177698 0
    endloop
  endfacet
  facet normal 0 0 -1
    outer loop
      vertex -19.553 0.691452 0
      vertex -21.1974 1.42358 0
      vertex -21.0311 1.75 0
    endloop
  endfacet
  facet normal 0 0 -1
    outer loop
      vertex -21.4808 -0.365849 0
      vertex -19.6907 -0.177698 0
      vertex -21.4235 -0.727691 0
    endloop
  endfacet
  facet normal 0 0 -1
    outer loop
      vertex -19.6168 0.525329 0
      vertex -21.3287 1.08156 0
      vertex -21.1974 1.42358 0
    endloop
  endfacet
  facet normal -0 0 -1
    outer loop
      vertex -19.6907 -0.177698 0
      vertex -21.4808 -0.365849 0
      vertex -19.7 0 0
    endloop
  endfacet
  facet normal 0 0 -1
    outer loop
      vertex -19.6628 0.35345 0
      vertex -21.4235 0.727691 0
      vertex -21.3287 1.08156 0
    endloop
  endfacet
  facet normal 0 0 -1
    outer loop
      vertex -21.5 0 0
      vertex -19.7 0 0
      vertex -21.4808 -0.365849 0
    endloop
  endfacet
  facet normal 0 0 -1
    outer loop
      vertex -19.6907 0.177698 0
      vertex -21.4808 0.365849 0
      vertex -21.4235 0.727691 0
    endloop
  endfacet
  facet normal 0 0 -1
    outer loop
      vertex -19.7 0 0
      vertex -21.5 0 0
      vertex -21.4808 0.365849 0
    endloop
  endfacet
  facet normal -0.0523339 -0.99863 0
    outer loop
      vertex -18.3658 -3.48083 0
      vertex -18 -3.5 0.599999
      vertex -18.3658 -3.48083 0.599999
    endloop
  endfacet
  facet normal -0.0523339 -0.99863 -0
    outer loop
      vertex -18 -3.5 0.599999
      vertex -18.3658 -3.48083 0
      vertex -18 -3.5 0
    endloop
  endfacet
  facet normal -0.0523339 -0.99863 0
    outer loop
      vertex -18.3658 -3.48083 6.6
      vertex -18 -3.5 7.2
      vertex -18.3658 -3.48083 7.2
    endloop
  endfacet
  facet normal -0.0523339 -0.99863 -0
    outer loop
      vertex -18 -3.5 7.2
      vertex -18.3658 -3.48083 6.6
      vertex -18 -3.5 6.6
    endloop
  endfacet
  facet normal -0.998626 0.0524085 0
    outer loop
      vertex -21.5 0 6.6
      vertex -21.4808 0.365849 7.2
      vertex -21.4808 0.365849 6.6
    endloop
  endfacet
  facet normal -0.998626 0.0524085 0
    outer loop
      vertex -21.4808 0.365849 7.2
      vertex -21.5 0 6.6
      vertex -21.5 0 7.2
    endloop
  endfacet
  facet normal -0.998626 0.0524085 0
    outer loop
      vertex -21.5 0 0
      vertex -21.4808 0.365849 0.599999
      vertex -21.4808 0.365849 0
    endloop
  endfacet
  facet normal -0.998626 0.0524085 0
    outer loop
      vertex -21.4808 0.365849 0.599999
      vertex -21.5 0 0
      vertex -21.5 0 0.599999
    endloop
  endfacet
  facet normal -0.15641 -0.987692 0
    outer loop
      vertex -18.7277 -3.42352 0
      vertex -18.3658 -3.48083 0.599999
      vertex -18.7277 -3.42352 0.599999
    endloop
  endfacet
  facet normal -0.15641 -0.987692 -0
    outer loop
      vertex -18.3658 -3.48083 0.599999
      vertex -18.7277 -3.42352 0
      vertex -18.3658 -3.48083 0
    endloop
  endfacet
  facet normal -0.15641 -0.987692 0
    outer loop
      vertex -18.7277 -3.42352 6.6
      vertex -18.3658 -3.48083 7.2
      vertex -18.7277 -3.42352 7.2
    endloop
  endfacet
  facet normal -0.15641 -0.987692 -0
    outer loop
      vertex -18.3658 -3.48083 7.2
      vertex -18.7277 -3.42352 6.6
      vertex -18.3658 -3.48083 6.6
    endloop
  endfacet
  facet normal -0.5447 -0.838631 0
    outer loop
      vertex -20.0572 -2.83156 6.6
      vertex -19.75 -3.03109 7.2
      vertex -20.0572 -2.83156 7.2
    endloop
  endfacet
  facet normal -0.5447 -0.838631 -0
    outer loop
      vertex -19.75 -3.03109 7.2
      vertex -20.0572 -2.83156 6.6
      vertex -19.75 -3.03109 6.6
    endloop
  endfacet
  facet normal -0.5447 -0.838631 0
    outer loop
      vertex -20.0572 -2.83156 0
      vertex -19.75 -3.03109 0.599999
      vertex -20.0572 -2.83156 0.599999
    endloop
  endfacet
  facet normal -0.5447 -0.838631 -0
    outer loop
      vertex -19.75 -3.03109 0.599999
      vertex -20.0572 -2.83156 0
      vertex -19.75 -3.03109 0
    endloop
  endfacet
  facet normal 0.707175 -0.707039 0
    outer loop
      vertex -15.658 -2.60101 0.599999
      vertex -15.399 -2.34196 0
      vertex -15.399 -2.34196 0.599999
    endloop
  endfacet
  facet normal 0.707175 -0.707039 0
    outer loop
      vertex -15.399 -2.34196 0
      vertex -15.658 -2.60101 0.599999
      vertex -15.658 -2.60101 0
    endloop
  endfacet
  facet normal 0.707175 -0.707039 0
    outer loop
      vertex -15.658 -2.60101 7.2
      vertex -15.399 -2.34196 6.6
      vertex -15.399 -2.34196 7.2
    endloop
  endfacet
  facet normal 0.707175 -0.707039 0
    outer loop
      vertex -15.399 -2.34196 6.6
      vertex -15.658 -2.60101 7.2
      vertex -15.658 -2.60101 6.6
    endloop
  endfacet
  facet normal -0.156413 0.987692 0
    outer loop
      vertex -17.6465 -1.66285 0
      vertex -17.8223 -1.69069 7.2
      vertex -17.6465 -1.66285 7.2
    endloop
  endfacet
  facet normal -0.156413 0.987692 0
    outer loop
      vertex -17.8223 -1.69069 7.2
      vertex -17.6465 -1.66285 0
      vertex -17.8223 -1.69069 0
    endloop
  endfacet
  facet normal -0.987633 -0.156783 0
    outer loop
      vertex -16.3093 0.177698 0
      vertex -16.3372 0.35345 7.2
      vertex -16.3372 0.35345 0
    endloop
  endfacet
  facet normal -0.987633 -0.156783 0
    outer loop
      vertex -16.3372 0.35345 7.2
      vertex -16.3093 0.177698 0
      vertex -16.3093 0.177698 7.2
    endloop
  endfacet
  facet normal -0.998633 -0.0522645 0
    outer loop
      vertex -16.3 0 0
      vertex -16.3093 0.177698 7.2
      vertex -16.3093 0.177698 0
    endloop
  endfacet
  facet normal -0.998633 -0.0522645 0
    outer loop
      vertex -16.3093 0.177698 7.2
      vertex -16.3 0 0
      vertex -16.3 0 7.2
    endloop
  endfacet
  facet normal -0.987633 0.156783 0
    outer loop
      vertex -16.3372 -0.35345 0
      vertex -16.3093 -0.177698 7.2
      vertex -16.3093 -0.177698 0
    endloop
  endfacet
  facet normal -0.987633 0.156783 0
    outer loop
      vertex -16.3093 -0.177698 7.2
      vertex -16.3372 -0.35345 0
      vertex -16.3372 -0.35345 7.2
    endloop
  endfacet
  facet normal -0.35823 -0.933633 0
    outer loop
      vertex -17.4747 1.6168 0
      vertex -17.3085 1.55303 7.2
      vertex -17.4747 1.6168 7.2
    endloop
  endfacet
  facet normal -0.35823 -0.933633 -0
    outer loop
      vertex -17.3085 1.55303 7.2
      vertex -17.4747 1.6168 0
      vertex -17.3085 1.55303 0
    endloop
  endfacet
  facet normal -0.454125 0.890938 0
    outer loop
      vertex -17.15 -1.47224 0
      vertex -17.3085 -1.55303 7.2
      vertex -17.15 -1.47224 7.2
    endloop
  endfacet
  facet normal -0.454125 0.890938 0
    outer loop
      vertex -17.3085 -1.55303 7.2
      vertex -17.15 -1.47224 0
      vertex -17.3085 -1.55303 0
    endloop
  endfacet
  facet normal -0.454125 -0.890938 0
    outer loop
      vertex -17.3085 1.55303 0
      vertex -17.15 1.47224 7.2
      vertex -17.3085 1.55303 7.2
    endloop
  endfacet
  facet normal -0.454125 -0.890938 -0
    outer loop
      vertex -17.15 1.47224 7.2
      vertex -17.3085 1.55303 0
      vertex -17.15 1.47224 0
    endloop
  endfacet
  facet normal -0.258905 -0.965903 0
    outer loop
      vertex -17.6465 1.66285 0
      vertex -17.4747 1.6168 7.2
      vertex -17.6465 1.66285 7.2
    endloop
  endfacet
  facet normal -0.258905 -0.965903 -0
    outer loop
      vertex -17.4747 1.6168 7.2
      vertex -17.6465 1.66285 0
      vertex -17.4747 1.6168 0
    endloop
  endfacet
  facet normal 0.35823 -0.933633 0
    outer loop
      vertex -18.6915 1.55303 0
      vertex -18.5253 1.6168 7.2
      vertex -18.6915 1.55303 7.2
    endloop
  endfacet
  facet normal 0.35823 -0.933633 0
    outer loop
      vertex -18.5253 1.6168 7.2
      vertex -18.6915 1.55303 0
      vertex -18.5253 1.6168 0
    endloop
  endfacet
  facet normal -0.777096 0.629382 0
    outer loop
      vertex -16.7367 -1.13752 0
      vertex -16.6247 -0.999234 7.2
      vertex -16.6247 -0.999234 0
    endloop
  endfacet
  facet normal -0.777096 0.629382 0
    outer loop
      vertex -16.6247 -0.999234 7.2
      vertex -16.7367 -1.13752 0
      vertex -16.7367 -1.13752 7.2
    endloop
  endfacet
  facet normal -0.35823 0.933633 0
    outer loop
      vertex -17.3085 -1.55303 0
      vertex -17.4747 -1.6168 7.2
      vertex -17.3085 -1.55303 7.2
    endloop
  endfacet
  facet normal -0.35823 0.933633 0
    outer loop
      vertex -17.4747 -1.6168 7.2
      vertex -17.3085 -1.55303 0
      vertex -17.4747 -1.6168 0
    endloop
  endfacet
  facet normal 0.89097 -0.454063 0
    outer loop
      vertex -19.553 0.691452 7.2
      vertex -19.4722 0.849999 0
      vertex -19.4722 0.849999 7.2
    endloop
  endfacet
  facet normal 0.89097 -0.454063 0
    outer loop
      vertex -19.4722 0.849999 0
      vertex -19.553 0.691452 7.2
      vertex -19.553 0.691452 0
    endloop
  endfacet
  facet normal 0.629276 0.777182 -0
    outer loop
      vertex -18.9992 -1.37533 0
      vertex -19.1375 -1.26335 7.2
      vertex -18.9992 -1.37533 7.2
    endloop
  endfacet
  facet normal 0.629276 0.777182 0
    outer loop
      vertex -19.1375 -1.26335 7.2
      vertex -18.9992 -1.37533 0
      vertex -19.1375 -1.26335 0
    endloop
  endfacet
  facet normal -0.258905 0.965903 0
    outer loop
      vertex -17.4747 -1.6168 0
      vertex -17.6465 -1.66285 7.2
      vertex -17.4747 -1.6168 7.2
    endloop
  endfacet
  facet normal -0.258905 0.965903 0
    outer loop
      vertex -17.6465 -1.66285 7.2
      vertex -17.4747 -1.6168 0
      vertex -17.6465 -1.66285 0
    endloop
  endfacet
  facet normal -0.998633 0.0522645 0
    outer loop
      vertex -16.3093 -0.177698 0
      vertex -16.3 0 7.2
      vertex -16.3 0 0
    endloop
  endfacet
  facet normal -0.998633 0.0522645 0
    outer loop
      vertex -16.3 0 7.2
      vertex -16.3093 -0.177698 0
      vertex -16.3093 -0.177698 7.2
    endloop
  endfacet
  facet normal 0.258905 0.965903 -0
    outer loop
      vertex -18.3535 -1.66285 0
      vertex -18.5253 -1.6168 7.2
      vertex -18.3535 -1.66285 7.2
    endloop
  endfacet
  facet normal 0.258905 0.965903 0
    outer loop
      vertex -18.5253 -1.6168 7.2
      vertex -18.3535 -1.66285 0
      vertex -18.5253 -1.6168 0
    endloop
  endfacet
  facet normal -0.544712 -0.838623 0
    outer loop
      vertex -17.15 1.47224 0
      vertex -17.0008 1.37533 7.2
      vertex -17.15 1.47224 7.2
    endloop
  endfacet
  facet normal -0.544712 -0.838623 -0
    outer loop
      vertex -17.0008 1.37533 7.2
      vertex -17.15 1.47224 0
      vertex -17.0008 1.37533 0
    endloop
  endfacet
  facet normal 0.0523199 0.99863 -0
    outer loop
      vertex -18 -1.7 0
      vertex -18.1777 -1.69069 7.2
      vertex -18 -1.7 7.2
    endloop
  endfacet
  facet normal 0.0523199 0.99863 0
    outer loop
      vertex -18.1777 -1.69069 7.2
      vertex -18 -1.7 0
      vertex -18.1777 -1.69069 0
    endloop
  endfacet
  facet normal -0.838707 -0.544582 0
    outer loop
      vertex -16.5278 0.849999 0
      vertex -16.6247 0.999234 7.2
      vertex -16.6247 0.999234 0
    endloop
  endfacet
  facet normal -0.838707 -0.544582 0
    outer loop
      vertex -16.6247 0.999234 7.2
      vertex -16.5278 0.849999 0
      vertex -16.5278 0.849999 7.2
    endloop
  endfacet
  facet normal -0.0523199 0.99863 0
    outer loop
      vertex -17.8223 -1.69069 0
      vertex -18 -1.7 7.2
      vertex -17.8223 -1.69069 7.2
    endloop
  endfacet
  facet normal -0.0523199 0.99863 0
    outer loop
      vertex -18 -1.7 7.2
      vertex -17.8223 -1.69069 0
      vertex -18 -1.7 0
    endloop
  endfacet
  facet normal 0.454125 -0.890938 0
    outer loop
      vertex -18.85 1.47224 0
      vertex -18.6915 1.55303 7.2
      vertex -18.85 1.47224 7.2
    endloop
  endfacet
  facet normal 0.454125 -0.890938 0
    outer loop
      vertex -18.6915 1.55303 7.2
      vertex -18.85 1.47224 0
      vertex -18.6915 1.55303 0
    endloop
  endfacet
  facet normal -0.89097 -0.454063 0
    outer loop
      vertex -16.447 0.691452 0
      vertex -16.5278 0.849999 7.2
      vertex -16.5278 0.849999 0
    endloop
  endfacet
  facet normal -0.89097 -0.454063 0
    outer loop
      vertex -16.5278 0.849999 7.2
      vertex -16.447 0.691452 0
      vertex -16.447 0.691452 7.2
    endloop
  endfacet
  facet normal 0.987633 -0.156783 0
    outer loop
      vertex -19.6907 0.177698 7.2
      vertex -19.6628 0.35345 0
      vertex -19.6628 0.35345 7.2
    endloop
  endfacet
  facet normal 0.987633 -0.156783 0
    outer loop
      vertex -19.6628 0.35345 0
      vertex -19.6907 0.177698 7.2
      vertex -19.6907 0.177698 0
    endloop
  endfacet
  facet normal 0.933521 0.358522 0
    outer loop
      vertex -19.553 -0.691452 7.2
      vertex -19.6168 -0.525329 0
      vertex -19.6168 -0.525329 7.2
    endloop
  endfacet
  facet normal 0.933521 0.358522 0
    outer loop
      vertex -19.6168 -0.525329 0
      vertex -19.553 -0.691452 7.2
      vertex -19.553 -0.691452 0
    endloop
  endfacet
  facet normal 0.987633 0.156783 0
    outer loop
      vertex -19.6628 -0.35345 7.2
      vertex -19.6907 -0.177698 0
      vertex -19.6907 -0.177698 7.2
    endloop
  endfacet
  facet normal 0.987633 0.156783 0
    outer loop
      vertex -19.6907 -0.177698 0
      vertex -19.6628 -0.35345 7.2
      vertex -19.6628 -0.35345 0
    endloop
  endfacet
  facet normal -0.707191 0.707022 0
    outer loop
      vertex -16.8625 -1.26335 0
      vertex -16.7367 -1.13752 7.2
      vertex -16.7367 -1.13752 0
    endloop
  endfacet
  facet normal -0.707191 0.707022 0
    outer loop
      vertex -16.7367 -1.13752 7.2
      vertex -16.8625 -1.26335 0
      vertex -16.8625 -1.26335 7.2
    endloop
  endfacet
  facet normal -0.933521 -0.358522 0
    outer loop
      vertex -16.3832 0.525329 0
      vertex -16.447 0.691452 7.2
      vertex -16.447 0.691452 0
    endloop
  endfacet
  facet normal -0.933521 -0.358522 0
    outer loop
      vertex -16.447 0.691452 7.2
      vertex -16.3832 0.525329 0
      vertex -16.3832 0.525329 7.2
    endloop
  endfacet
  facet normal 0.777096 0.629382 0
    outer loop
      vertex -19.2633 -1.13752 7.2
      vertex -19.3753 -0.999234 0
      vertex -19.3753 -0.999234 7.2
    endloop
  endfacet
  facet normal 0.777096 0.629382 0
    outer loop
      vertex -19.3753 -0.999234 0
      vertex -19.2633 -1.13752 7.2
      vertex -19.2633 -1.13752 0
    endloop
  endfacet
  facet normal -0.777096 -0.629382 0
    outer loop
      vertex -16.6247 0.999234 0
      vertex -16.7367 1.13752 7.2
      vertex -16.7367 1.13752 0
    endloop
  endfacet
  facet normal -0.777096 -0.629382 0
    outer loop
      vertex -16.7367 1.13752 7.2
      vertex -16.6247 0.999234 0
      vertex -16.6247 0.999234 7.2
    endloop
  endfacet
  facet normal 0.777096 -0.629382 0
    outer loop
      vertex -19.3753 0.999234 7.2
      vertex -19.2633 1.13752 0
      vertex -19.2633 1.13752 7.2
    endloop
  endfacet
  facet normal 0.777096 -0.629382 0
    outer loop
      vertex -19.2633 1.13752 0
      vertex -19.3753 0.999234 7.2
      vertex -19.3753 0.999234 0
    endloop
  endfacet
  facet normal 0.629276 -0.777182 0
    outer loop
      vertex -19.1375 1.26335 0
      vertex -18.9992 1.37533 7.2
      vertex -19.1375 1.26335 7.2
    endloop
  endfacet
  facet normal 0.629276 -0.777182 0
    outer loop
      vertex -18.9992 1.37533 7.2
      vertex -19.1375 1.26335 0
      vertex -18.9992 1.37533 0
    endloop
  endfacet
  facet normal 0.544712 0.838623 -0
    outer loop
      vertex -18.85 -1.47224 0
      vertex -18.9992 -1.37533 7.2
      vertex -18.85 -1.47224 7.2
    endloop
  endfacet
  facet normal 0.544712 0.838623 0
    outer loop
      vertex -18.9992 -1.37533 7.2
      vertex -18.85 -1.47224 0
      vertex -18.9992 -1.37533 0
    endloop
  endfacet
  facet normal -0.707191 -0.707022 0
    outer loop
      vertex -16.7367 1.13752 0
      vertex -16.8625 1.26335 7.2
      vertex -16.8625 1.26335 0
    endloop
  endfacet
  facet normal -0.707191 -0.707022 0
    outer loop
      vertex -16.8625 1.26335 7.2
      vertex -16.7367 1.13752 0
      vertex -16.7367 1.13752 7.2
    endloop
  endfacet
  facet normal -0.966003 0.258531 0
    outer loop
      vertex -16.3832 -0.525329 0
      vertex -16.3372 -0.35345 7.2
      vertex -16.3372 -0.35345 0
    endloop
  endfacet
  facet normal -0.966003 0.258531 0
    outer loop
      vertex -16.3372 -0.35345 7.2
      vertex -16.3832 -0.525329 0
      vertex -16.3832 -0.525329 7.2
    endloop
  endfacet
  facet normal 0.156413 0.987692 -0
    outer loop
      vertex -18.1777 -1.69069 0
      vertex -18.3535 -1.66285 7.2
      vertex -18.1777 -1.69069 7.2
    endloop
  endfacet
  facet normal 0.156413 0.987692 0
    outer loop
      vertex -18.3535 -1.66285 7.2
      vertex -18.1777 -1.69069 0
      vertex -18.3535 -1.66285 0
    endloop
  endfacet
  facet normal 0.838707 -0.544582 0
    outer loop
      vertex -19.4722 0.849999 7.2
      vertex -19.3753 0.999234 0
      vertex -19.3753 0.999234 7.2
    endloop
  endfacet
  facet normal 0.838707 -0.544582 0
    outer loop
      vertex -19.3753 0.999234 0
      vertex -19.4722 0.849999 7.2
      vertex -19.4722 0.849999 0
    endloop
  endfacet
  facet normal 0.156413 -0.987692 0
    outer loop
      vertex -18.3535 1.66285 0
      vertex -18.1777 1.69069 7.2
      vertex -18.3535 1.66285 7.2
    endloop
  endfacet
  facet normal 0.156413 -0.987692 0
    outer loop
      vertex -18.1777 1.69069 7.2
      vertex -18.3535 1.66285 0
      vertex -18.1777 1.69069 0
    endloop
  endfacet
  facet normal 0.258905 -0.965903 0
    outer loop
      vertex -18.5253 1.6168 0
      vertex -18.3535 1.66285 7.2
      vertex -18.5253 1.6168 7.2
    endloop
  endfacet
  facet normal 0.258905 -0.965903 0
    outer loop
      vertex -18.3535 1.66285 7.2
      vertex -18.5253 1.6168 0
      vertex -18.3535 1.66285 0
    endloop
  endfacet
  facet normal -0.629276 -0.777182 0
    outer loop
      vertex -17.0008 1.37533 0
      vertex -16.8625 1.26335 7.2
      vertex -17.0008 1.37533 7.2
    endloop
  endfacet
  facet normal -0.629276 -0.777182 -0
    outer loop
      vertex -16.8625 1.26335 7.2
      vertex -17.0008 1.37533 0
      vertex -16.8625 1.26335 0
    endloop
  endfacet
  facet normal 0.966003 0.258531 0
    outer loop
      vertex -19.6168 -0.525329 7.2
      vertex -19.6628 -0.35345 0
      vertex -19.6628 -0.35345 7.2
    endloop
  endfacet
  facet normal 0.966003 0.258531 0
    outer loop
      vertex -19.6628 -0.35345 0
      vertex -19.6168 -0.525329 7.2
      vertex -19.6168 -0.525329 0
    endloop
  endfacet
  facet normal 0.966003 -0.258531 0
    outer loop
      vertex -19.6628 0.35345 7.2
      vertex -19.6168 0.525329 0
      vertex -19.6168 0.525329 7.2
    endloop
  endfacet
  facet normal 0.966003 -0.258531 0
    outer loop
      vertex -19.6168 0.525329 0
      vertex -19.6628 0.35345 7.2
      vertex -19.6628 0.35345 0
    endloop
  endfacet
  facet normal -0.966003 -0.258531 0
    outer loop
      vertex -16.3372 0.35345 0
      vertex -16.3832 0.525329 7.2
      vertex -16.3832 0.525329 0
    endloop
  endfacet
  facet normal -0.966003 -0.258531 0
    outer loop
      vertex -16.3832 0.525329 7.2
      vertex -16.3372 0.35345 0
      vertex -16.3372 0.35345 7.2
    endloop
  endfacet
  facet normal -0.933521 0.358522 0
    outer loop
      vertex -16.447 -0.691452 0
      vertex -16.3832 -0.525329 7.2
      vertex -16.3832 -0.525329 0
    endloop
  endfacet
  facet normal -0.933521 0.358522 0
    outer loop
      vertex -16.3832 -0.525329 7.2
      vertex -16.447 -0.691452 0
      vertex -16.447 -0.691452 7.2
    endloop
  endfacet
  facet normal 0.998633 0.0522645 0
    outer loop
      vertex -19.6907 -0.177698 7.2
      vertex -19.7 0 0
      vertex -19.7 0 7.2
    endloop
  endfacet
  facet normal 0.998633 0.0522645 0
    outer loop
      vertex -19.7 0 0
      vertex -19.6907 -0.177698 7.2
      vertex -19.6907 -0.177698 0
    endloop
  endfacet
  facet normal 0.707191 -0.707022 0
    outer loop
      vertex -19.2633 1.13752 7.2
      vertex -19.1375 1.26335 0
      vertex -19.1375 1.26335 7.2
    endloop
  endfacet
  facet normal 0.707191 -0.707022 0
    outer loop
      vertex -19.1375 1.26335 0
      vertex -19.2633 1.13752 7.2
      vertex -19.2633 1.13752 0
    endloop
  endfacet
  facet normal -0.544712 0.838623 0
    outer loop
      vertex -17.0008 -1.37533 0
      vertex -17.15 -1.47224 7.2
      vertex -17.0008 -1.37533 7.2
    endloop
  endfacet
  facet normal -0.544712 0.838623 0
    outer loop
      vertex -17.15 -1.47224 7.2
      vertex -17.0008 -1.37533 0
      vertex -17.15 -1.47224 0
    endloop
  endfacet
  facet normal 0.0523199 -0.99863 0
    outer loop
      vertex -18.1777 1.69069 0
      vertex -18 1.7 7.2
      vertex -18.1777 1.69069 7.2
    endloop
  endfacet
  facet normal 0.0523199 -0.99863 0
    outer loop
      vertex -18 1.7 7.2
      vertex -18.1777 1.69069 0
      vertex -18 1.7 0
    endloop
  endfacet
  facet normal 0.89097 0.454063 0
    outer loop
      vertex -19.4722 -0.849999 7.2
      vertex -19.553 -0.691452 0
      vertex -19.553 -0.691452 7.2
    endloop
  endfacet
  facet normal 0.89097 0.454063 0
    outer loop
      vertex -19.553 -0.691452 0
      vertex -19.4722 -0.849999 7.2
      vertex -19.4722 -0.849999 0
    endloop
  endfacet
  facet normal -0.0523199 -0.99863 0
    outer loop
      vertex -18 1.7 0
      vertex -17.8223 1.69069 7.2
      vertex -18 1.7 7.2
    endloop
  endfacet
  facet normal -0.0523199 -0.99863 -0
    outer loop
      vertex -17.8223 1.69069 7.2
      vertex -18 1.7 0
      vertex -17.8223 1.69069 0
    endloop
  endfacet
  facet normal -0.89097 0.454063 0
    outer loop
      vertex -16.5278 -0.849999 0
      vertex -16.447 -0.691452 7.2
      vertex -16.447 -0.691452 0
    endloop
  endfacet
  facet normal -0.89097 0.454063 0
    outer loop
      vertex -16.447 -0.691452 7.2
      vertex -16.5278 -0.849999 0
      vertex -16.5278 -0.849999 7.2
    endloop
  endfacet
  facet normal -0.629276 0.777182 0
    outer loop
      vertex -16.8625 -1.26335 0
      vertex -17.0008 -1.37533 7.2
      vertex -16.8625 -1.26335 7.2
    endloop
  endfacet
  facet normal -0.629276 0.777182 0
    outer loop
      vertex -17.0008 -1.37533 7.2
      vertex -16.8625 -1.26335 0
      vertex -17.0008 -1.37533 0
    endloop
  endfacet
  facet normal -0.838707 0.544582 0
    outer loop
      vertex -16.6247 -0.999234 0
      vertex -16.5278 -0.849999 7.2
      vertex -16.5278 -0.849999 0
    endloop
  endfacet
  facet normal -0.838707 0.544582 0
    outer loop
      vertex -16.5278 -0.849999 7.2
      vertex -16.6247 -0.999234 0
      vertex -16.6247 -0.999234 7.2
    endloop
  endfacet
  facet normal 0.544712 -0.838623 0
    outer loop
      vertex -18.9992 1.37533 0
      vertex -18.85 1.47224 7.2
      vertex -18.9992 1.37533 7.2
    endloop
  endfacet
  facet normal 0.544712 -0.838623 0
    outer loop
      vertex -18.85 1.47224 7.2
      vertex -18.9992 1.37533 0
      vertex -18.85 1.47224 0
    endloop
  endfacet
  facet normal 0.838707 0.544582 0
    outer loop
      vertex -19.3753 -0.999234 7.2
      vertex -19.4722 -0.849999 0
      vertex -19.4722 -0.849999 7.2
    endloop
  endfacet
  facet normal 0.838707 0.544582 0
    outer loop
      vertex -19.4722 -0.849999 0
      vertex -19.3753 -0.999234 7.2
      vertex -19.3753 -0.999234 0
    endloop
  endfacet
  facet normal 0.933521 -0.358522 0
    outer loop
      vertex -19.6168 0.525329 7.2
      vertex -19.553 0.691452 0
      vertex -19.553 0.691452 7.2
    endloop
  endfacet
  facet normal 0.933521 -0.358522 0
    outer loop
      vertex -19.553 0.691452 0
      vertex -19.6168 0.525329 7.2
      vertex -19.6168 0.525329 0
    endloop
  endfacet
  facet normal 0.998633 -0.0522645 0
    outer loop
      vertex -19.7 0 7.2
      vertex -19.6907 0.177698 0
      vertex -19.6907 0.177698 7.2
    endloop
  endfacet
  facet normal 0.998633 -0.0522645 0
    outer loop
      vertex -19.6907 0.177698 0
      vertex -19.7 0 7.2
      vertex -19.7 0 0
    endloop
  endfacet
  facet normal 0.454125 0.890938 -0
    outer loop
      vertex -18.6915 -1.55303 0
      vertex -18.85 -1.47224 7.2
      vertex -18.6915 -1.55303 7.2
    endloop
  endfacet
  facet normal 0.454125 0.890938 0
    outer loop
      vertex -18.85 -1.47224 7.2
      vertex -18.6915 -1.55303 0
      vertex -18.85 -1.47224 0
    endloop
  endfacet
  facet normal 0.707191 0.707022 0
    outer loop
      vertex -19.1375 -1.26335 7.2
      vertex -19.2633 -1.13752 0
      vertex -19.2633 -1.13752 7.2
    endloop
  endfacet
  facet normal 0.707191 0.707022 0
    outer loop
      vertex -19.2633 -1.13752 0
      vertex -19.1375 -1.26335 7.2
      vertex -19.1375 -1.26335 0
    endloop
  endfacet
  facet normal -0.156413 -0.987692 0
    outer loop
      vertex -17.8223 1.69069 0
      vertex -17.6465 1.66285 7.2
      vertex -17.8223 1.69069 7.2
    endloop
  endfacet
  facet normal -0.156413 -0.987692 -0
    outer loop
      vertex -17.6465 1.66285 7.2
      vertex -17.8223 1.69069 0
      vertex -17.6465 1.66285 0
    endloop
  endfacet
  facet normal 0.35823 0.933633 -0
    outer loop
      vertex -18.5253 -1.6168 0
      vertex -18.6915 -1.55303 7.2
      vertex -18.5253 -1.6168 7.2
    endloop
  endfacet
  facet normal 0.35823 0.933633 0
    outer loop
      vertex -18.6915 -1.55303 7.2
      vertex -18.5253 -1.6168 0
      vertex -18.6915 -1.55303 0
    endloop
  endfacet
  facet normal 0.706621 -0.0370582 0.706621
    outer loop
      vertex -28.9583 0.79513 2.76655
      vertex -29 0 2.76655
      vertex -27.5 0 1.26655
    endloop
  endfacet
  facet normal 0.706639 -0.0370573 0.706603
    outer loop
      vertex -28.9583 0.79513 2.76655
      vertex -27.448 0.99302 1.26655
      vertex -28.9397 1.14981 2.76655
    endloop
  endfacet
  facet normal 0.706637 -0.0370034 0.706608
    outer loop
      vertex -27.448 0.99302 1.26655
      vertex -28.9583 0.79513 2.76655
      vertex -27.5 0 1.26655
    endloop
  endfacet
  facet normal 0.706629 -0.037003 -0.706616
    outer loop
      vertex -27.5 0 5.93345
      vertex -28.9814 0.354683 4.43345
      vertex -27.448 0.99302 5.93345
    endloop
  endfacet
  facet normal 0.706621 -0.0370561 -0.706621
    outer loop
      vertex -28.9814 0.354683 4.43345
      vertex -27.5 0 5.93345
      vertex -29 0 4.43345
    endloop
  endfacet
  facet normal 0.706639 -0.0370593 -0.706603
    outer loop
      vertex -27.448 0.99302 5.93345
      vertex -28.9814 0.354683 4.43345
      vertex -28.9397 1.14981 4.43345
    endloop
  endfacet
  facet normal -0.706616 0.0369765 -0.706631
    outer loop
      vertex -25.1665 0 3.6
      vertex -27.5 0 5.93345
      vertex -25.1273 0.749107 3.6
    endloop
  endfacet
  facet normal -0.706619 0.0370025 -0.706626
    outer loop
      vertex -25.1273 0.749107 3.6
      vertex -27.5 0 5.93345
      vertex -27.448 0.99302 5.93345
    endloop
  endfacet
  facet normal -0.706615 0.0370023 0.70663
    outer loop
      vertex -27.448 0.99302 1.26655
      vertex -27.5 0 1.26655
      vertex -25.1665 0 3.6
    endloop
  endfacet
  facet normal -0.706621 0.0369768 0.706625
    outer loop
      vertex -25.1273 0.749107 3.6
      vertex -27.448 0.99302 1.26655
      vertex -25.1665 0 3.6
    endloop
  endfacet
  facet normal 0.698906 -0.110645 0.706604
    outer loop
      vertex -28.9397 1.14981 2.76655
      vertex -27.448 0.99302 1.26655
      vertex -28.8152 1.93623 2.76655
    endloop
  endfacet
  facet normal 0.698871 -0.110767 0.706619
    outer loop
      vertex -28.8152 1.93623 2.76655
      vertex -27.2924 1.97516 1.26655
      vertex -28.7596 2.28703 2.76655
    endloop
  endfacet
  facet normal 0.698874 -0.110722 0.706623
    outer loop
      vertex -27.2924 1.97516 1.26655
      vertex -28.8152 1.93623 2.76655
      vertex -27.448 0.99302 1.26655
    endloop
  endfacet
  facet normal 0.698877 -0.110723 -0.706619
    outer loop
      vertex -27.448 0.99302 5.93345
      vertex -28.8842 1.50061 4.43345
      vertex -27.2924 1.97516 5.93345
    endloop
  endfacet
  facet normal 0.698915 -0.110575 -0.706605
    outer loop
      vertex -27.448 0.99302 5.93345
      vertex -28.9397 1.14981 4.43345
      vertex -28.8842 1.50061 4.43345
    endloop
  endfacet
  facet normal 0.698878 -0.11073 -0.706618
    outer loop
      vertex -28.8842 1.50061 4.43345
      vertex -28.7596 2.28703 4.43345
      vertex -27.2924 1.97516 5.93345
    endloop
  endfacet
  facet normal -0.698869 0.110739 -0.706625
    outer loop
      vertex -25.1273 0.749107 3.6
      vertex -27.448 0.99302 5.93345
      vertex -25.0099 1.49001 3.6
    endloop
  endfacet
  facet normal -0.698868 0.110721 -0.706629
    outer loop
      vertex -25.0099 1.49001 3.6
      vertex -27.448 0.99302 5.93345
      vertex -27.2924 1.97516 5.93345
    endloop
  endfacet
  facet normal -0.698871 0.110722 0.706626
    outer loop
      vertex -27.2924 1.97516 1.26655
      vertex -27.448 0.99302 1.26655
      vertex -25.1273 0.749107 3.6
    endloop
  endfacet
  facet normal -0.698865 0.110739 0.706629
    outer loop
      vertex -25.0099 1.49001 3.6
      vertex -27.2924 1.97516 1.26655
      vertex -25.1273 0.749107 3.6
    endloop
  endfacet
  facet normal 0.683481 -0.183159 0.706617
    outer loop
      vertex -28.5535 3.05612 2.76655
      vertex -28.7596 2.28703 2.76655
      vertex -27.2924 1.97516 1.26655
    endloop
  endfacet
  facet normal 0.683491 -0.18309 0.706624
    outer loop
      vertex -28.5535 3.05612 2.76655
      vertex -27.035 2.93566 1.26655
      vertex -28.4616 3.39919 2.76655
    endloop
  endfacet
  facet normal 0.683479 -0.183162 0.706618
    outer loop
      vertex -27.035 2.93566 1.26655
      vertex -28.5535 3.05612 2.76655
      vertex -27.2924 1.97516 1.26655
    endloop
  endfacet
  facet normal 0.683472 -0.18316 -0.706625
    outer loop
      vertex -27.2924 1.97516 5.93345
      vertex -28.6677 2.6301 4.43345
      vertex -27.035 2.93566 5.93345
    endloop
  endfacet
  facet normal 0.683497 -0.183092 -0.706618
    outer loop
      vertex -28.6677 2.6301 4.43345
      vertex -27.2924 1.97516 5.93345
      vertex -28.7596 2.28703 4.43345
    endloop
  endfacet
  facet normal 0.683472 -0.183156 -0.706626
    outer loop
      vertex -27.035 2.93566 5.93345
      vertex -28.6677 2.6301 4.43345
      vertex -28.4616 3.39919 4.43345
    endloop
  endfacet
  facet normal -0.683485 0.183094 -0.706629
    outer loop
      vertex -25.0099 1.49001 3.6
      vertex -27.2924 1.97516 5.93345
      vertex -24.8158 2.21458 3.6
    endloop
  endfacet
  facet normal -0.68348 0.183163 -0.706616
    outer loop
      vertex -24.8158 2.21458 3.6
      vertex -27.2924 1.97516 5.93345
      vertex -27.035 2.93566 5.93345
    endloop
  endfacet
  facet normal -0.683469 0.18316 0.706627
    outer loop
      vertex -27.035 2.93566 1.26655
      vertex -27.2924 1.97516 1.26655
      vertex -25.0099 1.49001 3.6
    endloop
  endfacet
  facet normal -0.683499 0.183098 0.706614
    outer loop
      vertex -24.8158 2.21458 3.6
      vertex -27.035 2.93566 1.26655
      vertex -25.0099 1.49001 3.6
    endloop
  endfacet
  facet normal 0.660601 -0.253547 0.706626
    outer loop
      vertex -28.1763 4.14252 2.76655
      vertex -28.4616 3.39919 2.76655
      vertex -27.035 2.93566 1.26655
    endloop
  endfacet
  facet normal 0.660585 -0.253611 0.706618
    outer loop
      vertex -28.1763 4.14252 2.76655
      vertex -26.6787 3.864 1.26655
      vertex -28.049 4.4741 2.76655
    endloop
  endfacet
  facet normal 0.660604 -0.253542 0.706625
    outer loop
      vertex -26.6787 3.864 1.26655
      vertex -28.1763 4.14252 2.76655
      vertex -27.035 2.93566 1.26655
    endloop
  endfacet
  facet normal 0.66061 -0.253545 -0.706618
    outer loop
      vertex -27.035 2.93566 5.93345
      vertex -28.3343 3.73077 4.43345
      vertex -26.6787 3.864 5.93345
    endloop
  endfacet
  facet normal 0.660579 -0.253609 -0.706625
    outer loop
      vertex -28.3343 3.73077 4.43345
      vertex -27.035 2.93566 5.93345
      vertex -28.4616 3.39919 4.43345
    endloop
  endfacet
  facet normal 0.66061 -0.253551 -0.706617
    outer loop
      vertex -26.6787 3.864 5.93345
      vertex -28.3343 3.73077 4.43345
      vertex -28.049 4.4741 4.43345
    endloop
  endfacet
  facet normal -0.660607 0.253557 -0.706617
    outer loop
      vertex -24.8158 2.21458 3.6
      vertex -27.035 2.93566 5.93345
      vertex -24.547 2.9149 3.6
    endloop
  endfacet
  facet normal -0.66061 0.253544 -0.706619
    outer loop
      vertex -24.547 2.9149 3.6
      vertex -27.035 2.93566 5.93345
      vertex -26.6787 3.864 5.93345
    endloop
  endfacet
  facet normal -0.660611 0.253545 0.706617
    outer loop
      vertex -26.6787 3.864 1.26655
      vertex -27.035 2.93566 1.26655
      vertex -24.8158 2.21458 3.6
    endloop
  endfacet
  facet normal -0.660605 0.253556 0.706619
    outer loop
      vertex -24.547 2.9149 3.6
      vertex -26.6787 3.864 1.26655
      vertex -24.8158 2.21458 3.6
    endloop
  endfacet
  facet normal 0.630465 -0.321258 0.706617
    outer loop
      vertex -28.049 4.4741 2.76655
      vertex -26.6787 3.864 1.26655
      vertex -27.6875 5.18354 2.76655
    endloop
  endfacet
  facet normal 0.630495 -0.321165 0.706633
    outer loop
      vertex -27.6875 5.18354 2.76655
      vertex -26.2272 4.75 1.26655
      vertex -27.5263 5.5 2.76655
    endloop
  endfacet
  facet normal 0.630451 -0.321274 0.706622
    outer loop
      vertex -26.2272 4.75 1.26655
      vertex -27.6875 5.18354 2.76655
      vertex -26.6787 3.864 1.26655
    endloop
  endfacet
  facet normal 0.630444 -0.32127 -0.70663
    outer loop
      vertex -26.6787 3.864 5.93345
      vertex -27.8878 4.79056 4.43345
      vertex -26.2272 4.75 5.93345
    endloop
  endfacet
  facet normal 0.630506 -0.321171 -0.706619
    outer loop
      vertex -28.049 4.4741 4.43345
      vertex -27.8878 4.79056 4.43345
      vertex -26.6787 3.864 5.93345
    endloop
  endfacet
  facet normal 0.630449 -0.321249 -0.706635
    outer loop
      vertex -26.2272 4.75 5.93345
      vertex -27.8878 4.79056 4.43345
      vertex -27.5263 5.5 4.43345
    endloop
  endfacet
  facet normal -0.630453 0.321277 -0.706619
    outer loop
      vertex -24.547 2.9149 3.6
      vertex -26.6787 3.864 5.93345
      vertex -24.2064 3.58327 3.6
    endloop
  endfacet
  facet normal -0.630453 0.321275 -0.706619
    outer loop
      vertex -24.2064 3.58327 3.6
      vertex -26.6787 3.864 5.93345
      vertex -26.2272 4.75 5.93345
    endloop
  endfacet
  facet normal -0.630454 0.321275 0.706619
    outer loop
      vertex -26.2272 4.75 1.26655
      vertex -26.6787 3.864 1.26655
      vertex -24.547 2.9149 3.6
    endloop
  endfacet
  facet normal -0.630452 0.321277 0.70662
    outer loop
      vertex -24.2064 3.58327 3.6
      vertex -26.2272 4.75 1.26655
      vertex -24.547 2.9149 3.6
    endloop
  endfacet
  facet normal 0.593408 -0.385404 0.706633
    outer loop
      vertex -27.5263 5.5 2.76655
      vertex -26.2272 4.75 1.26655
      vertex -27.0926 6.16777 2.76655
    endloop
  endfacet
  facet normal 0.593477 -0.385331 0.706615
    outer loop
      vertex -27.0926 6.16777 2.76655
      vertex -25.6857 5.58396 1.26655
      vertex -26.8992 6.46564 2.76655
    endloop
  endfacet
  facet normal 0.593469 -0.385346 0.706614
    outer loop
      vertex -25.6857 5.58396 1.26655
      vertex -27.0926 6.16777 2.76655
      vertex -26.2272 4.75 1.26655
    endloop
  endfacet
  facet normal 0.593466 -0.385344 -0.706618
    outer loop
      vertex -26.2272 4.75 5.93345
      vertex -27.3328 5.79787 4.43345
      vertex -25.6857 5.58396 5.93345
    endloop
  endfacet
  facet normal 0.593373 -0.385462 -0.706631
    outer loop
      vertex -27.3328 5.79787 4.43345
      vertex -26.2272 4.75 5.93345
      vertex -27.5263 5.5 4.43345
    endloop
  endfacet
  facet normal 0.593463 -0.385351 -0.706616
    outer loop
      vertex -25.6857 5.58396 5.93345
      vertex -27.3328 5.79787 4.43345
      vertex -26.8992 6.46564 4.43345
    endloop
  endfacet
  facet normal -0.593462 0.385346 -0.70662
    outer loop
      vertex -24.2064 3.58327 3.6
      vertex -26.2272 4.75 5.93345
      vertex -23.7979 4.21239 3.6
    endloop
  endfacet
  facet normal -0.593463 0.385343 -0.706621
    outer loop
      vertex -23.7979 4.21239 3.6
      vertex -26.2272 4.75 5.93345
      vertex -25.6857 5.58396 5.93345
    endloop
  endfacet
  facet normal -0.593464 0.385343 0.70662
    outer loop
      vertex -25.6857 5.58396 1.26655
      vertex -26.2272 4.75 1.26655
      vertex -24.2064 3.58327 3.6
    endloop
  endfacet
  facet normal -0.593461 0.385346 0.706621
    outer loop
      vertex -23.7979 4.21239 3.6
      vertex -25.6857 5.58396 1.26655
      vertex -24.2064 3.58327 3.6
    endloop
  endfacet
  facet normal 0.549896 -0.445316 0.706617
    outer loop
      vertex -26.8992 6.46564 2.76655
      vertex -25.6857 5.58396 1.26655
      vertex -26.3981 7.08442 2.76655
    endloop
  endfacet
  facet normal 0.549921 -0.445284 0.706619
    outer loop
      vertex -26.3981 7.08442 2.76655
      vertex -25.0599 6.35674 1.26655
      vertex -26.1746 7.36044 2.76655
    endloop
  endfacet
  facet normal 0.549902 -0.445312 0.706615
    outer loop
      vertex -25.0599 6.35674 1.26655
      vertex -26.3981 7.08442 2.76655
      vertex -25.6857 5.58396 1.26655
    endloop
  endfacet
  facet normal 0.549897 -0.445309 -0.706621
    outer loop
      vertex -25.6857 5.58396 5.93345
      vertex -26.6757 6.74166 4.43345
      vertex -25.0599 6.35674 5.93345
    endloop
  endfacet
  facet normal 0.549921 -0.445284 -0.706618
    outer loop
      vertex -25.6857 5.58396 5.93345
      vertex -26.8992 6.46564 4.43345
      vertex -26.6757 6.74166 4.43345
    endloop
  endfacet
  facet normal 0.549894 -0.445315 -0.70662
    outer loop
      vertex -25.0599 6.35674 5.93345
      vertex -26.6757 6.74166 4.43345
      vertex -26.1746 7.36044 4.43345
    endloop
  endfacet
  facet normal -0.549893 0.445313 -0.706622
    outer loop
      vertex -23.7979 4.21239 3.6
      vertex -25.6857 5.58396 5.93345
      vertex -23.3258 4.79536 3.6
    endloop
  endfacet
  facet normal -0.549896 0.445308 -0.706623
    outer loop
      vertex -23.3258 4.79536 3.6
      vertex -25.6857 5.58396 5.93345
      vertex -25.0599 6.35674 5.93345
    endloop
  endfacet
  facet normal -0.549897 0.445308 0.706622
    outer loop
      vertex -25.0599 6.35674 1.26655
      vertex -25.6857 5.58396 1.26655
      vertex -23.7979 4.21239 3.6
    endloop
  endfacet
  facet normal -0.549892 0.445313 0.706623
    outer loop
      vertex -23.3258 4.79536 3.6
      vertex -25.0599 6.35674 1.26655
      vertex -23.7979 4.21239 3.6
    endloop
  endfacet
  facet normal 0.500321 -0.500364 0.706622
    outer loop
      vertex -25.3604 8.17459 2.76655
      vertex -25.0599 6.35674 1.26655
      vertex -24.3567 7.05988 1.26655
    endloop
  endfacet
  facet normal 0.500329 -0.50036 0.706619
    outer loop
      vertex -25.0599 6.35674 1.26655
      vertex -25.3604 8.17459 2.76655
      vertex -26.1746 7.36044 2.76655
    endloop
  endfacet
  facet normal 0.500321 -0.500364 -0.706622
    outer loop
      vertex -25.0599 6.35674 5.93345
      vertex -25.3604 8.17459 4.43345
      vertex -24.3567 7.05988 5.93345
    endloop
  endfacet
  facet normal 0.500329 -0.50036 -0.706619
    outer loop
      vertex -25.3604 8.17459 4.43345
      vertex -25.0599 6.35674 5.93345
      vertex -26.1746 7.36044 4.43345
    endloop
  endfacet
  facet normal -0.500358 0.500339 -0.706613
    outer loop
      vertex -23.3258 4.79536 3.6
      vertex -24.3567 7.05988 5.93345
      vertex -22.7954 5.32578 3.6
    endloop
  endfacet
  facet normal -0.500321 0.500364 -0.706622
    outer loop
      vertex -24.3567 7.05988 5.93345
      vertex -23.3258 4.79536 3.6
      vertex -25.0599 6.35674 5.93345
    endloop
  endfacet
  facet normal -0.500358 0.500339 0.706613
    outer loop
      vertex -24.3567 7.05988 1.26655
      vertex -23.3258 4.79536 3.6
      vertex -22.7954 5.32578 3.6
    endloop
  endfacet
  facet normal -0.500321 0.500364 0.706622
    outer loop
      vertex -23.3258 4.79536 3.6
      vertex -24.3567 7.05988 1.26655
      vertex -25.0599 6.35674 1.26655
    endloop
  endfacet
  facet normal 0.445337 -0.549873 0.706622
    outer loop
      vertex -25.3604 8.17459 2.76655
      vertex -24.3567 7.05988 1.26655
      vertex -24.7417 8.67567 2.76655
    endloop
  endfacet
  facet normal 0.445233 -0.549968 0.706613
    outer loop
      vertex -24.7417 8.67567 2.76655
      vertex -23.584 7.68566 1.26655
      vertex -24.4656 8.89919 2.76655
    endloop
  endfacet
  facet normal 0.445325 -0.549878 0.706625
    outer loop
      vertex -23.584 7.68566 1.26655
      vertex -24.7417 8.67567 2.76655
      vertex -24.3567 7.05988 1.26655
    endloop
  endfacet
  facet normal 0.445328 -0.549881 -0.706622
    outer loop
      vertex -24.3567 7.05988 5.93345
      vertex -25.0844 8.39811 4.43345
      vertex -23.584 7.68566 5.93345
    endloop
  endfacet
  facet normal 0.445325 -0.549883 -0.706622
    outer loop
      vertex -24.3567 7.05988 5.93345
      vertex -25.3604 8.17459 4.43345
      vertex -25.0844 8.39811 4.43345
    endloop
  endfacet
  facet normal 0.445301 -0.549916 -0.706611
    outer loop
      vertex -23.584 7.68566 5.93345
      vertex -25.0844 8.39811 4.43345
      vertex -24.4656 8.89919 4.43345
    endloop
  endfacet
  facet normal -0.445293 0.549919 -0.706614
    outer loop
      vertex -22.7954 5.32578 3.6
      vertex -24.3567 7.05988 5.93345
      vertex -22.2124 5.79786 3.6
    endloop
  endfacet
  facet normal -0.445326 0.549879 -0.706624
    outer loop
      vertex -22.2124 5.79786 3.6
      vertex -24.3567 7.05988 5.93345
      vertex -23.584 7.68566 5.93345
    endloop
  endfacet
  facet normal -0.445331 0.549886 0.706616
    outer loop
      vertex -23.584 7.68566 1.26655
      vertex -24.3567 7.05988 1.26655
      vertex -22.7954 5.32578 3.6
    endloop
  endfacet
  facet normal -0.445286 0.54991 0.706625
    outer loop
      vertex -22.2124 5.79786 3.6
      vertex -23.584 7.68566 1.26655
      vertex -22.7954 5.32578 3.6
    endloop
  endfacet
  facet normal 0.385412 -0.593427 0.706613
    outer loop
      vertex -23.7979 9.33284 2.76655
      vertex -24.4656 8.89919 2.76655
      vertex -23.584 7.68566 1.26655
    endloop
  endfacet
  facet normal 0.385355 -0.593452 0.706623
    outer loop
      vertex -23.7979 9.33284 2.76655
      vertex -22.75 8.22724 1.26655
      vertex -23.5 9.52628 2.76655
    endloop
  endfacet
  facet normal 0.385368 -0.593442 0.706624
    outer loop
      vertex -22.75 8.22724 1.26655
      vertex -23.7979 9.33284 2.76655
      vertex -23.584 7.68566 1.26655
    endloop
  endfacet
  facet normal 0.385368 -0.593443 -0.706623
    outer loop
      vertex -23.584 7.68566 5.93345
      vertex -24.1678 9.09263 4.43345
      vertex -22.75 8.22724 5.93345
    endloop
  endfacet
  facet normal 0.385451 -0.5934 -0.706615
    outer loop
      vertex -24.1678 9.09263 4.43345
      vertex -23.584 7.68566 5.93345
      vertex -24.4656 8.89919 4.43345
    endloop
  endfacet
  facet normal 0.385366 -0.593445 -0.706623
    outer loop
      vertex -22.75 8.22724 5.93345
      vertex -24.1678 9.09263 4.43345
      vertex -23.5 9.52628 4.43345
    endloop
  endfacet
  facet normal -0.385386 0.593431 -0.706625
    outer loop
      vertex -22.2124 5.79786 3.6
      vertex -23.584 7.68566 5.93345
      vertex -21.5833 6.20641 3.6
    endloop
  endfacet
  facet normal -0.38537 0.593446 -0.70662
    outer loop
      vertex -21.5833 6.20641 3.6
      vertex -23.584 7.68566 5.93345
      vertex -22.75 8.22724 5.93345
    endloop
  endfacet
  facet normal -0.385368 0.593443 0.706624
    outer loop
      vertex -22.75 8.22724 1.26655
      vertex -23.584 7.68566 1.26655
      vertex -22.2124 5.79786 3.6
    endloop
  endfacet
  facet normal -0.385388 0.593434 0.70662
    outer loop
      vertex -21.5833 6.20641 3.6
      vertex -22.75 8.22724 1.26655
      vertex -22.2124 5.79786 3.6
    endloop
  endfacet
  facet normal 0.321255 -0.63046 0.706623
    outer loop
      vertex -22.7906 9.88776 2.76655
      vertex -23.5 9.52628 2.76655
      vertex -22.75 8.22724 1.26655
    endloop
  endfacet
  facet normal 0.3212 -0.630488 0.706623
    outer loop
      vertex -22.7906 9.88776 2.76655
      vertex -21.864 8.67868 1.26655
      vertex -22.4741 10.049 2.76655
    endloop
  endfacet
  facet normal 0.321238 -0.630464 0.706627
    outer loop
      vertex -21.864 8.67868 1.26655
      vertex -22.7906 9.88776 2.76655
      vertex -22.75 8.22724 1.26655
    endloop
  endfacet
  facet normal 0.321242 -0.630473 -0.706617
    outer loop
      vertex -22.75 8.22724 5.93345
      vertex -23.1835 9.68752 4.43345
      vertex -21.864 8.67868 5.93345
    endloop
  endfacet
  facet normal 0.321201 -0.630489 -0.706621
    outer loop
      vertex -23.1835 9.68752 4.43345
      vertex -22.75 8.22724 5.93345
      vertex -23.5 9.52628 4.43345
    endloop
  endfacet
  facet normal 0.321256 -0.630461 -0.706621
    outer loop
      vertex -21.864 8.67868 5.93345
      vertex -23.1835 9.68752 4.43345
      vertex -22.4741 10.049 4.43345
    endloop
  endfacet
  facet normal -0.321235 0.630473 -0.70662
    outer loop
      vertex -21.5833 6.20641 3.6
      vertex -22.75 8.22724 5.93345
      vertex -20.9149 6.54697 3.6
    endloop
  endfacet
  facet normal -0.32124 0.630469 -0.706621
    outer loop
      vertex -20.9149 6.54697 3.6
      vertex -22.75 8.22724 5.93345
      vertex -21.864 8.67868 5.93345
    endloop
  endfacet
  facet normal -0.321241 0.63047 0.70662
    outer loop
      vertex -21.864 8.67868 1.26655
      vertex -22.75 8.22724 1.26655
      vertex -21.5833 6.20641 3.6
    endloop
  endfacet
  facet normal -0.321235 0.630471 0.706622
    outer loop
      vertex -20.9149 6.54697 3.6
      vertex -21.864 8.67868 1.26655
      vertex -21.5833 6.20641 3.6
    endloop
  endfacet
  facet normal 0.253558 -0.660602 0.706621
    outer loop
      vertex -21.7308 10.3343 2.76655
      vertex -22.4741 10.049 2.76655
      vertex -21.864 8.67868 1.26655
    endloop
  endfacet
  facet normal 0.2536 -0.660594 0.706614
    outer loop
      vertex -21.7308 10.3343 2.76655
      vertex -20.9357 9.03504 1.26655
      vertex -21.3992 10.4616 2.76655
    endloop
  endfacet
  facet normal 0.253593 -0.660597 0.706613
    outer loop
      vertex -20.9357 9.03504 1.26655
      vertex -21.7308 10.3343 2.76655
      vertex -21.864 8.67868 1.26655
    endloop
  endfacet
  facet normal 0.253589 -0.660588 -0.706623
    outer loop
      vertex -21.864 8.67868 5.93345
      vertex -22.1425 10.1763 4.43345
      vertex -20.9357 9.03504 5.93345
    endloop
  endfacet
  facet normal 0.253596 -0.660586 -0.706622
    outer loop
      vertex -22.1425 10.1763 4.43345
      vertex -21.864 8.67868 5.93345
      vertex -22.4741 10.049 4.43345
    endloop
  endfacet
  facet normal 0.25356 -0.660608 -0.706615
    outer loop
      vertex -20.9357 9.03504 5.93345
      vertex -22.1425 10.1763 4.43345
      vertex -21.3992 10.4616 4.43345
    endloop
  endfacet
  facet normal -0.253578 0.660594 -0.706621
    outer loop
      vertex -20.9149 6.54697 3.6
      vertex -21.864 8.67868 5.93345
      vertex -20.2146 6.81579 3.6
    endloop
  endfacet
  facet normal -0.253589 0.660587 -0.706624
    outer loop
      vertex -20.2146 6.81579 3.6
      vertex -21.864 8.67868 5.93345
      vertex -20.9357 9.03504 5.93345
    endloop
  endfacet
  facet normal -0.25359 0.660589 0.706622
    outer loop
      vertex -20.9357 9.03504 1.26655
      vertex -21.864 8.67868 1.26655
      vertex -20.9149 6.54697 3.6
    endloop
  endfacet
  facet normal -0.253577 0.660591 0.706624
    outer loop
      vertex -20.2146 6.81579 3.6
      vertex -20.9357 9.03504 1.26655
      vertex -20.9149 6.54697 3.6
    endloop
  endfacet
  facet normal 0.183157 -0.683483 0.706615
    outer loop
      vertex -21.3992 10.4616 2.76655
      vertex -20.9357 9.03504 1.26655
      vertex -20.6301 10.6677 2.76655
    endloop
  endfacet
  facet normal 0.183078 -0.683505 0.706614
    outer loop
      vertex -20.6301 10.6677 2.76655
      vertex -19.9752 9.2924 1.26655
      vertex -20.287 10.7596 2.76655
    endloop
  endfacet
  facet normal 0.183135 -0.683483 0.70662
    outer loop
      vertex -19.9752 9.2924 1.26655
      vertex -20.6301 10.6677 2.76655
      vertex -20.9357 9.03504 1.26655
    endloop
  endfacet
  facet normal 0.183138 -0.683496 -0.706607
    outer loop
      vertex -20.9357 9.03504 5.93345
      vertex -21.0561 10.5535 4.43345
      vertex -19.9752 9.2924 5.93345
    endloop
  endfacet
  facet normal 0.183078 -0.683506 -0.706613
    outer loop
      vertex -20.9357 9.03504 5.93345
      vertex -21.3992 10.4616 4.43345
      vertex -21.0561 10.5535 4.43345
    endloop
  endfacet
  facet normal 0.183157 -0.683486 -0.706612
    outer loop
      vertex -19.9752 9.2924 5.93345
      vertex -21.0561 10.5535 4.43345
      vertex -20.287 10.7596 4.43345
    endloop
  endfacet
  facet normal -0.183132 0.68348 -0.706624
    outer loop
      vertex -20.2146 6.81579 3.6
      vertex -20.9357 9.03504 5.93345
      vertex -19.49 7.00994 3.6
    endloop
  endfacet
  facet normal -0.183134 0.68348 -0.706624
    outer loop
      vertex -19.49 7.00994 3.6
      vertex -20.9357 9.03504 5.93345
      vertex -19.9752 9.2924 5.93345
    endloop
  endfacet
  facet normal -0.183134 0.68348 0.706624
    outer loop
      vertex -19.9752 9.2924 1.26655
      vertex -20.9357 9.03504 1.26655
      vertex -20.2146 6.81579 3.6
    endloop
  endfacet
  facet normal -0.183132 0.68348 0.706624
    outer loop
      vertex -19.9752 9.2924 1.26655
      vertex -20.2146 6.81579 3.6
      vertex -19.49 7.00994 3.6
    endloop
  endfacet
  facet normal 0.110733 -0.69888 0.706615
    outer loop
      vertex -20.287 10.7596 2.76655
      vertex -19.9752 9.2924 1.26655
      vertex -19.5006 10.8842 2.76655
    endloop
  endfacet
  facet normal 0.110574 -0.698905 0.706615
    outer loop
      vertex -19.5006 10.8842 2.76655
      vertex -18.993 9.44796 1.26655
      vertex -19.1498 10.9397 2.76655
    endloop
  endfacet
  facet normal 0.110687 -0.698876 0.706626
    outer loop
      vertex -18.993 9.44796 1.26655
      vertex -19.5006 10.8842 2.76655
      vertex -19.9752 9.2924 1.26655
    endloop
  endfacet
  facet normal 0.110688 -0.698879 -0.706624
    outer loop
      vertex -19.9752 9.2924 5.93345
      vertex -19.9362 10.8152 4.43345
      vertex -18.993 9.44796 5.93345
    endloop
  endfacet
  facet normal 0.110768 -0.698873 -0.706616
    outer loop
      vertex -19.9362 10.8152 4.43345
      vertex -19.9752 9.2924 5.93345
      vertex -20.287 10.7596 4.43345
    endloop
  endfacet
  facet normal 0.110647 -0.698896 -0.706613
    outer loop
      vertex -18.993 9.44796 5.93345
      vertex -19.9362 10.8152 4.43345
      vertex -19.1498 10.9397 4.43345
    endloop
  endfacet
  facet normal -0.110694 0.698878 -0.706623
    outer loop
      vertex -19.49 7.00994 3.6
      vertex -19.9752 9.2924 5.93345
      vertex -18.7491 7.12729 3.6
    endloop
  endfacet
  facet normal -0.110688 0.69888 -0.706622
    outer loop
      vertex -18.7491 7.12729 3.6
      vertex -19.9752 9.2924 5.93345
      vertex -18.993 9.44796 5.93345
    endloop
  endfacet
  facet normal -0.110688 0.698879 0.706623
    outer loop
      vertex -18.993 9.44796 1.26655
      vertex -19.9752 9.2924 1.26655
      vertex -19.49 7.00994 3.6
    endloop
  endfacet
  facet normal -0.110694 0.698879 0.706622
    outer loop
      vertex -18.993 9.44796 1.26655
      vertex -19.49 7.00994 3.6
      vertex -18.7491 7.12729 3.6
    endloop
  endfacet
  facet normal 0.0370601 -0.70663 0.706612
    outer loop
      vertex -18.3547 10.9814 2.76655
      vertex -19.1498 10.9397 2.76655
      vertex -18.993 9.44796 1.26655
    endloop
  endfacet
  facet normal 0.037032 -0.706624 0.706619
    outer loop
      vertex -18 9.5 1.26655
      vertex -18.3547 10.9814 2.76655
      vertex -18.993 9.44796 1.26655
    endloop
  endfacet
  facet normal 0.0370543 -0.706621 0.706621
    outer loop
      vertex -18.3547 10.9814 2.76655
      vertex -18 9.5 1.26655
      vertex -18 11 2.76655
    endloop
  endfacet
  facet normal 0.0370547 -0.70663 -0.706612
    outer loop
      vertex -18.7951 10.9583 4.43345
      vertex -18.993 9.44796 5.93345
      vertex -19.1498 10.9397 4.43345
    endloop
  endfacet
  facet normal 0.0370322 -0.706629 -0.706614
    outer loop
      vertex -18.993 9.44796 5.93345
      vertex -18.7951 10.9583 4.43345
      vertex -18 9.5 5.93345
    endloop
  endfacet
  facet normal 0.0370596 -0.706621 -0.706621
    outer loop
      vertex -18 9.5 5.93345
      vertex -18.7951 10.9583 4.43345
      vertex -18 11 4.43345
    endloop
  endfacet
  facet normal -0.0370337 0.706621 -0.706622
    outer loop
      vertex -18.7491 7.12729 3.6
      vertex -18.993 9.44796 5.93345
      vertex -18 7.16655 3.6
    endloop
  endfacet
  facet normal -0.0370318 0.706622 -0.706622
    outer loop
      vertex -18 7.16655 3.6
      vertex -18.993 9.44796 5.93345
      vertex -18 9.5 5.93345
    endloop
  endfacet
  facet normal -0.0370318 0.706621 0.706622
    outer loop
      vertex -18 9.5 1.26655
      vertex -18.993 9.44796 1.26655
      vertex -18.7491 7.12729 3.6
    endloop
  endfacet
  facet normal -0.0370337 0.706622 0.706622
    outer loop
      vertex -18 9.5 1.26655
      vertex -18.7491 7.12729 3.6
      vertex -18 7.16655 3.6
    endloop
  endfacet
  facet normal -0.0370596 -0.706621 0.706621
    outer loop
      vertex -18 11 2.76655
      vertex -18 9.5 1.26655
      vertex -17.2049 10.9583 2.76655
    endloop
  endfacet
  facet normal -0.0370322 -0.706629 0.706614
    outer loop
      vertex -17.007 9.44796 1.26655
      vertex -17.2049 10.9583 2.76655
      vertex -18 9.5 1.26655
    endloop
  endfacet
  facet normal -0.0370547 -0.70663 0.706612
    outer loop
      vertex -17.2049 10.9583 2.76655
      vertex -17.007 9.44796 1.26655
      vertex -16.8502 10.9397 2.76655
    endloop
  endfacet
  facet normal -0.0370543 -0.706621 -0.706621
    outer loop
      vertex -17.6453 10.9814 4.43345
      vertex -18 9.5 5.93345
      vertex -18 11 4.43345
    endloop
  endfacet
  facet normal -0.037032 -0.706624 -0.706619
    outer loop
      vertex -18 9.5 5.93345
      vertex -17.6453 10.9814 4.43345
      vertex -17.007 9.44796 5.93345
    endloop
  endfacet
  facet normal -0.0370601 -0.70663 -0.706612
    outer loop
      vertex -17.007 9.44796 5.93345
      vertex -17.6453 10.9814 4.43345
      vertex -16.8502 10.9397 4.43345
    endloop
  endfacet
  facet normal 0.0370337 0.706622 -0.706622
    outer loop
      vertex -17.2509 7.12729 3.6
      vertex -18 7.16655 3.6
      vertex -18 9.5 5.93345
    endloop
  endfacet
  facet normal 0.0370318 0.706621 -0.706622
    outer loop
      vertex -17.2509 7.12729 3.6
      vertex -18 9.5 5.93345
      vertex -17.007 9.44796 5.93345
    endloop
  endfacet
  facet normal 0.0370318 0.706622 0.706622
    outer loop
      vertex -18 9.5 1.26655
      vertex -18 7.16655 3.6
      vertex -17.007 9.44796 1.26655
    endloop
  endfacet
  facet normal 0.0370337 0.706621 0.706622
    outer loop
      vertex -17.007 9.44796 1.26655
      vertex -18 7.16655 3.6
      vertex -17.2509 7.12729 3.6
    endloop
  endfacet
  facet normal -0.110647 -0.698896 0.706613
    outer loop
      vertex -16.8502 10.9397 2.76655
      vertex -17.007 9.44796 1.26655
      vertex -16.0638 10.8152 2.76655
    endloop
  endfacet
  facet normal -0.110768 -0.698873 0.706616
    outer loop
      vertex -16.0638 10.8152 2.76655
      vertex -16.0248 9.2924 1.26655
      vertex -15.713 10.7596 2.76655
    endloop
  endfacet
  facet normal -0.110688 -0.698879 0.706624
    outer loop
      vertex -16.0248 9.2924 1.26655
      vertex -16.0638 10.8152 2.76655
      vertex -17.007 9.44796 1.26655
    endloop
  endfacet
  facet normal -0.110687 -0.698876 -0.706626
    outer loop
      vertex -17.007 9.44796 5.93345
      vertex -16.4994 10.8842 4.43345
      vertex -16.0248 9.2924 5.93345
    endloop
  endfacet
  facet normal -0.110574 -0.698905 -0.706615
    outer loop
      vertex -16.4994 10.8842 4.43345
      vertex -17.007 9.44796 5.93345
      vertex -16.8502 10.9397 4.43345
    endloop
  endfacet
  facet normal -0.110733 -0.69888 -0.706615
    outer loop
      vertex -16.0248 9.2924 5.93345
      vertex -16.4994 10.8842 4.43345
      vertex -15.713 10.7596 4.43345
    endloop
  endfacet
  facet normal 0.110694 0.698879 -0.706622
    outer loop
      vertex -16.51 7.00994 3.6
      vertex -17.2509 7.12729 3.6
      vertex -17.007 9.44796 5.93345
    endloop
  endfacet
  facet normal 0.110688 0.698879 -0.706623
    outer loop
      vertex -16.51 7.00994 3.6
      vertex -17.007 9.44796 5.93345
      vertex -16.0248 9.2924 5.93345
    endloop
  endfacet
  facet normal 0.110688 0.69888 0.706622
    outer loop
      vertex -17.007 9.44796 1.26655
      vertex -17.2509 7.12729 3.6
      vertex -16.0248 9.2924 1.26655
    endloop
  endfacet
  facet normal 0.110694 0.698878 0.706623
    outer loop
      vertex -16.0248 9.2924 1.26655
      vertex -17.2509 7.12729 3.6
      vertex -16.51 7.00994 3.6
    endloop
  endfacet
  facet normal -0.183157 -0.683486 0.706612
    outer loop
      vertex -15.713 10.7596 2.76655
      vertex -16.0248 9.2924 1.26655
      vertex -14.9439 10.5535 2.76655
    endloop
  endfacet
  facet normal -0.183078 -0.683506 0.706613
    outer loop
      vertex -14.9439 10.5535 2.76655
      vertex -15.0643 9.03504 1.26655
      vertex -14.6008 10.4616 2.76655
    endloop
  endfacet
  facet normal -0.183138 -0.683496 0.706607
    outer loop
      vertex -15.0643 9.03504 1.26655
      vertex -14.9439 10.5535 2.76655
      vertex -16.0248 9.2924 1.26655
    endloop
  endfacet
  facet normal -0.183135 -0.683483 -0.70662
    outer loop
      vertex -16.0248 9.2924 5.93345
      vertex -15.3699 10.6677 4.43345
      vertex -15.0643 9.03504 5.93345
    endloop
  endfacet
  facet normal -0.183078 -0.683505 -0.706614
    outer loop
      vertex -15.3699 10.6677 4.43345
      vertex -16.0248 9.2924 5.93345
      vertex -15.713 10.7596 4.43345
    endloop
  endfacet
  facet normal -0.183157 -0.683483 -0.706615
    outer loop
      vertex -14.6008 10.4616 4.43345
      vertex -15.0643 9.03504 5.93345
      vertex -15.3699 10.6677 4.43345
    endloop
  endfacet
  facet normal 0.183132 0.68348 -0.706624
    outer loop
      vertex -15.7854 6.81579 3.6
      vertex -16.51 7.00994 3.6
      vertex -16.0248 9.2924 5.93345
    endloop
  endfacet
  facet normal 0.183134 0.68348 -0.706624
    outer loop
      vertex -15.7854 6.81579 3.6
      vertex -16.0248 9.2924 5.93345
      vertex -15.0643 9.03504 5.93345
    endloop
  endfacet
  facet normal 0.183134 0.68348 0.706624
    outer loop
      vertex -16.0248 9.2924 1.26655
      vertex -16.51 7.00994 3.6
      vertex -15.0643 9.03504 1.26655
    endloop
  endfacet
  facet normal 0.183132 0.68348 0.706624
    outer loop
      vertex -15.0643 9.03504 1.26655
      vertex -16.51 7.00994 3.6
      vertex -15.7854 6.81579 3.6
    endloop
  endfacet
  facet normal -0.25356 -0.660608 0.706615
    outer loop
      vertex -14.6008 10.4616 2.76655
      vertex -15.0643 9.03504 1.26655
      vertex -13.8575 10.1763 2.76655
    endloop
  endfacet
  facet normal -0.253596 -0.660586 0.706622
    outer loop
      vertex -13.8575 10.1763 2.76655
      vertex -14.136 8.67868 1.26655
      vertex -13.5259 10.049 2.76655
    endloop
  endfacet
  facet normal -0.253589 -0.660588 0.706623
    outer loop
      vertex -14.136 8.67868 1.26655
      vertex -13.8575 10.1763 2.76655
      vertex -15.0643 9.03504 1.26655
    endloop
  endfacet
  facet normal -0.253593 -0.660597 -0.706613
    outer loop
      vertex -15.0643 9.03504 5.93345
      vertex -14.2692 10.3343 4.43345
      vertex -14.136 8.67868 5.93345
    endloop
  endfacet
  facet normal -0.2536 -0.660594 -0.706614
    outer loop
      vertex -14.2692 10.3343 4.43345
      vertex -15.0643 9.03504 5.93345
      vertex -14.6008 10.4616 4.43345
    endloop
  endfacet
  facet normal -0.253558 -0.660602 -0.706621
    outer loop
      vertex -14.136 8.67868 5.93345
      vertex -14.2692 10.3343 4.43345
      vertex -13.5259 10.049 4.43345
    endloop
  endfacet
  facet normal 0.253577 0.660591 -0.706624
    outer loop
      vertex -15.0851 6.54697 3.6
      vertex -15.7854 6.81579 3.6
      vertex -15.0643 9.03504 5.93345
    endloop
  endfacet
  facet normal 0.25359 0.660589 -0.706622
    outer loop
      vertex -14.136 8.67868 5.93345
      vertex -15.0851 6.54697 3.6
      vertex -15.0643 9.03504 5.93345
    endloop
  endfacet
  facet normal 0.253589 0.660587 0.706624
    outer loop
      vertex -15.0643 9.03504 1.26655
      vertex -15.7854 6.81579 3.6
      vertex -14.136 8.67868 1.26655
    endloop
  endfacet
  facet normal 0.253578 0.660594 0.706621
    outer loop
      vertex -14.136 8.67868 1.26655
      vertex -15.7854 6.81579 3.6
      vertex -15.0851 6.54697 3.6
    endloop
  endfacet
  facet normal -0.321256 -0.630461 0.706621
    outer loop
      vertex -12.8165 9.68752 2.76655
      vertex -13.5259 10.049 2.76655
      vertex -14.136 8.67868 1.26655
    endloop
  endfacet
  facet normal -0.321201 -0.630489 0.706621
    outer loop
      vertex -12.8165 9.68752 2.76655
      vertex -13.25 8.22724 1.26655
      vertex -12.5 9.52628 2.76655
    endloop
  endfacet
  facet normal -0.321242 -0.630473 0.706617
    outer loop
      vertex -13.25 8.22724 1.26655
      vertex -12.8165 9.68752 2.76655
      vertex -14.136 8.67868 1.26655
    endloop
  endfacet
  facet normal -0.321238 -0.630464 -0.706627
    outer loop
      vertex -14.136 8.67868 5.93345
      vertex -13.2094 9.88776 4.43345
      vertex -13.25 8.22724 5.93345
    endloop
  endfacet
  facet normal -0.3212 -0.630488 -0.706623
    outer loop
      vertex -13.2094 9.88776 4.43345
      vertex -14.136 8.67868 5.93345
      vertex -13.5259 10.049 4.43345
    endloop
  endfacet
  facet normal -0.321255 -0.63046 -0.706623
    outer loop
      vertex -12.5 9.52628 4.43345
      vertex -13.25 8.22724 5.93345
      vertex -13.2094 9.88776 4.43345
    endloop
  endfacet
  facet normal 0.321235 0.630471 -0.706622
    outer loop
      vertex -14.4167 6.20641 3.6
      vertex -15.0851 6.54697 3.6
      vertex -14.136 8.67868 5.93345
    endloop
  endfacet
  facet normal 0.321241 0.63047 -0.70662
    outer loop
      vertex -13.25 8.22724 5.93345
      vertex -14.4167 6.20641 3.6
      vertex -14.136 8.67868 5.93345
    endloop
  endfacet
  facet normal 0.32124 0.630469 0.706621
    outer loop
      vertex -14.136 8.67868 1.26655
      vertex -15.0851 6.54697 3.6
      vertex -13.25 8.22724 1.26655
    endloop
  endfacet
  facet normal 0.321235 0.630473 0.70662
    outer loop
      vertex -13.25 8.22724 1.26655
      vertex -15.0851 6.54697 3.6
      vertex -14.4167 6.20641 3.6
    endloop
  endfacet
  facet normal -0.385366 -0.593445 0.706623
    outer loop
      vertex -12.5 9.52628 2.76655
      vertex -13.25 8.22724 1.26655
      vertex -11.8322 9.09263 2.76655
    endloop
  endfacet
  facet normal -0.385451 -0.5934 0.706615
    outer loop
      vertex -11.8322 9.09263 2.76655
      vertex -12.416 7.68566 1.26655
      vertex -11.5344 8.89919 2.76655
    endloop
  endfacet
  facet normal -0.385368 -0.593443 0.706623
    outer loop
      vertex -12.416 7.68566 1.26655
      vertex -11.8322 9.09263 2.76655
      vertex -13.25 8.22724 1.26655
    endloop
  endfacet
  facet normal -0.385368 -0.593442 -0.706624
    outer loop
      vertex -13.25 8.22724 5.93345
      vertex -12.2021 9.33284 4.43345
      vertex -12.416 7.68566 5.93345
    endloop
  endfacet
  facet normal -0.385355 -0.593452 -0.706623
    outer loop
      vertex -12.2021 9.33284 4.43345
      vertex -13.25 8.22724 5.93345
      vertex -12.5 9.52628 4.43345
    endloop
  endfacet
  facet normal -0.385412 -0.593427 -0.706613
    outer loop
      vertex -11.5344 8.89919 4.43345
      vertex -12.416 7.68566 5.93345
      vertex -12.2021 9.33284 4.43345
    endloop
  endfacet
  facet normal 0.385388 0.593434 -0.70662
    outer loop
      vertex -13.7876 5.79786 3.6
      vertex -14.4167 6.20641 3.6
      vertex -13.25 8.22724 5.93345
    endloop
  endfacet
  facet normal 0.385368 0.593443 -0.706624
    outer loop
      vertex -12.416 7.68566 5.93345
      vertex -13.7876 5.79786 3.6
      vertex -13.25 8.22724 5.93345
    endloop
  endfacet
  facet normal 0.38537 0.593446 0.70662
    outer loop
      vertex -13.25 8.22724 1.26655
      vertex -14.4167 6.20641 3.6
      vertex -12.416 7.68566 1.26655
    endloop
  endfacet
  facet normal 0.385386 0.593431 0.706625
    outer loop
      vertex -12.416 7.68566 1.26655
      vertex -14.4167 6.20641 3.6
      vertex -13.7876 5.79786 3.6
    endloop
  endfacet
  facet normal -0.445301 -0.549916 0.706611
    outer loop
      vertex -11.5344 8.89919 2.76655
      vertex -12.416 7.68566 1.26655
      vertex -10.9156 8.39811 2.76655
    endloop
  endfacet
  facet normal -0.445325 -0.549883 0.706622
    outer loop
      vertex -10.9156 8.39811 2.76655
      vertex -11.6433 7.05988 1.26655
      vertex -10.6396 8.17459 2.76655
    endloop
  endfacet
  facet normal -0.445328 -0.549881 0.706622
    outer loop
      vertex -11.6433 7.05988 1.26655
      vertex -10.9156 8.39811 2.76655
      vertex -12.416 7.68566 1.26655
    endloop
  endfacet
  facet normal -0.445325 -0.549878 -0.706625
    outer loop
      vertex -12.416 7.68566 5.93345
      vertex -11.2583 8.67567 4.43345
      vertex -11.6433 7.05988 5.93345
    endloop
  endfacet
  facet normal -0.445233 -0.549968 -0.706613
    outer loop
      vertex -11.2583 8.67567 4.43345
      vertex -12.416 7.68566 5.93345
      vertex -11.5344 8.89919 4.43345
    endloop
  endfacet
  facet normal -0.445337 -0.549873 -0.706622
    outer loop
      vertex -10.6396 8.17459 4.43345
      vertex -11.6433 7.05988 5.93345
      vertex -11.2583 8.67567 4.43345
    endloop
  endfacet
  facet normal 0.445286 0.54991 -0.706625
    outer loop
      vertex -13.2046 5.32578 3.6
      vertex -13.7876 5.79786 3.6
      vertex -12.416 7.68566 5.93345
    endloop
  endfacet
  facet normal 0.445331 0.549886 -0.706616
    outer loop
      vertex -11.6433 7.05988 5.93345
      vertex -13.2046 5.32578 3.6
      vertex -12.416 7.68566 5.93345
    endloop
  endfacet
  facet normal 0.445326 0.549879 0.706624
    outer loop
      vertex -12.416 7.68566 1.26655
      vertex -13.7876 5.79786 3.6
      vertex -11.6433 7.05988 1.26655
    endloop
  endfacet
  facet normal 0.445293 0.549919 0.706614
    outer loop
      vertex -11.6433 7.05988 1.26655
      vertex -13.7876 5.79786 3.6
      vertex -13.2046 5.32578 3.6
    endloop
  endfacet
  facet normal -0.500333 -0.500358 0.706617
    outer loop
      vertex -10.6396 8.17459 2.76655
      vertex -10.9401 6.35674 1.26655
      vertex -9.82541 7.36044 2.76655
    endloop
  endfacet
  facet normal -0.500321 -0.500364 0.706622
    outer loop
      vertex -10.9401 6.35674 1.26655
      vertex -10.6396 8.17459 2.76655
      vertex -11.6433 7.05988 1.26655
    endloop
  endfacet
  facet normal -0.500333 -0.500358 -0.706617
    outer loop
      vertex -10.9401 6.35674 5.93345
      vertex -10.6396 8.17459 4.43345
      vertex -9.82541 7.36044 4.43345
    endloop
  endfacet
  facet normal -0.500321 -0.500364 -0.706622
    outer loop
      vertex -10.6396 8.17459 4.43345
      vertex -10.9401 6.35674 5.93345
      vertex -11.6433 7.05988 5.93345
    endloop
  endfacet
  facet normal 0.500321 0.500364 -0.706622
    outer loop
      vertex -12.6742 4.79536 3.6
      vertex -11.6433 7.05988 5.93345
      vertex -10.9401 6.35674 5.93345
    endloop
  endfacet
  facet normal 0.500358 0.500339 -0.706613
    outer loop
      vertex -11.6433 7.05988 5.93345
      vertex -12.6742 4.79536 3.6
      vertex -13.2046 5.32578 3.6
    endloop
  endfacet
  facet normal 0.500321 0.500364 0.706622
    outer loop
      vertex -11.6433 7.05988 1.26655
      vertex -12.6742 4.79536 3.6
      vertex -10.9401 6.35674 1.26655
    endloop
  endfacet
  facet normal 0.500358 0.500339 0.706613
    outer loop
      vertex -12.6742 4.79536 3.6
      vertex -11.6433 7.05988 1.26655
      vertex -13.2046 5.32578 3.6
    endloop
  endfacet
  facet normal -0.549904 -0.445305 0.706617
    outer loop
      vertex -9.82541 7.36044 2.76655
      vertex -10.9401 6.35674 1.26655
      vertex -9.32433 6.74166 2.76655
    endloop
  endfacet
  facet normal -0.549903 -0.44531 0.706615
    outer loop
      vertex -9.32433 6.74166 2.76655
      vertex -10.3143 5.58396 1.26655
      vertex -9.10081 6.46564 2.76655
    endloop
  endfacet
  facet normal -0.549901 -0.445312 0.706616
    outer loop
      vertex -10.3143 5.58396 1.26655
      vertex -9.32433 6.74166 2.76655
      vertex -10.9401 6.35674 1.26655
    endloop
  endfacet
  facet normal -0.5499 -0.445311 -0.706617
    outer loop
      vertex -10.9401 6.35674 5.93345
      vertex -9.60189 7.08442 4.43345
      vertex -10.3143 5.58396 5.93345
    endloop
  endfacet
  facet normal -0.549902 -0.445309 -0.706617
    outer loop
      vertex -9.60189 7.08442 4.43345
      vertex -10.9401 6.35674 5.93345
      vertex -9.82541 7.36044 4.43345
    endloop
  endfacet
  facet normal -0.549906 -0.445307 -0.706616
    outer loop
      vertex -9.10081 6.46564 4.43345
      vertex -10.3143 5.58396 5.93345
      vertex -9.60189 7.08442 4.43345
    endloop
  endfacet
  facet normal 0.549892 0.445313 -0.706623
    outer loop
      vertex -12.2021 4.21239 3.6
      vertex -12.6742 4.79536 3.6
      vertex -10.9401 6.35674 5.93345
    endloop
  endfacet
  facet normal 0.549897 0.445308 -0.706622
    outer loop
      vertex -10.3143 5.58396 5.93345
      vertex -12.2021 4.21239 3.6
      vertex -10.9401 6.35674 5.93345
    endloop
  endfacet
  facet normal 0.549896 0.445308 0.706623
    outer loop
      vertex -10.9401 6.35674 1.26655
      vertex -12.6742 4.79536 3.6
      vertex -10.3143 5.58396 1.26655
    endloop
  endfacet
  facet normal 0.549893 0.445313 0.706622
    outer loop
      vertex -10.3143 5.58396 1.26655
      vertex -12.6742 4.79536 3.6
      vertex -12.2021 4.21239 3.6
    endloop
  endfacet
  facet normal -0.593444 -0.385383 0.706615
    outer loop
      vertex -9.10081 6.46564 2.76655
      vertex -10.3143 5.58396 1.26655
      vertex -8.66716 5.79787 2.76655
    endloop
  endfacet
  facet normal -0.593435 -0.385383 0.706622
    outer loop
      vertex -8.66716 5.79787 2.76655
      vertex -9.77276 4.75 1.26655
      vertex -8.47372 5.5 2.76655
    endloop
  endfacet
  facet normal -0.593451 -0.385363 0.70662
    outer loop
      vertex -9.77276 4.75 1.26655
      vertex -8.66716 5.79787 2.76655
      vertex -10.3143 5.58396 1.26655
    endloop
  endfacet
  facet normal -0.593453 -0.385364 -0.706617
    outer loop
      vertex -10.3143 5.58396 5.93345
      vertex -8.90737 6.16777 4.43345
      vertex -9.77276 4.75 5.93345
    endloop
  endfacet
  facet normal -0.593441 -0.385387 -0.706615
    outer loop
      vertex -8.90737 6.16777 4.43345
      vertex -10.3143 5.58396 5.93345
      vertex -9.10081 6.46564 4.43345
    endloop
  endfacet
  facet normal -0.593438 -0.385379 -0.706622
    outer loop
      vertex -8.47372 5.5 4.43345
      vertex -9.77276 4.75 5.93345
      vertex -8.90737 6.16777 4.43345
    endloop
  endfacet
  facet normal 0.593461 0.385346 -0.706621
    outer loop
      vertex -11.7936 3.58327 3.6
      vertex -12.2021 4.21239 3.6
      vertex -10.3143 5.58396 5.93345
    endloop
  endfacet
  facet normal 0.593447 0.38536 -0.706624
    outer loop
      vertex -9.77276 4.75 5.93345
      vertex -11.7936 3.58327 3.6
      vertex -10.3143 5.58396 5.93345
    endloop
  endfacet
  facet normal 0.59345 0.385362 0.706621
    outer loop
      vertex -10.3143 5.58396 1.26655
      vertex -12.2021 4.21239 3.6
      vertex -9.77276 4.75 1.26655
    endloop
  endfacet
  facet normal 0.593457 0.385343 0.706625
    outer loop
      vertex -9.77276 4.75 1.26655
      vertex -12.2021 4.21239 3.6
      vertex -11.7936 3.58327 3.6
    endloop
  endfacet
  facet normal -0.630467 -0.321241 0.706622
    outer loop
      vertex -8.47372 5.5 2.76655
      vertex -9.77276 4.75 1.26655
      vertex -8.11224 4.79056 2.76655
    endloop
  endfacet
  facet normal -0.630472 -0.321233 0.706622
    outer loop
      vertex -8.11224 4.79056 2.76655
      vertex -9.32132 3.864 1.26655
      vertex -7.951 4.4741 2.76655
    endloop
  endfacet
  facet normal -0.630468 -0.32124 0.706623
    outer loop
      vertex -9.32132 3.864 1.26655
      vertex -8.11224 4.79056 2.76655
      vertex -9.77276 4.75 1.26655
    endloop
  endfacet
  facet normal -0.630469 -0.32124 -0.706621
    outer loop
      vertex -9.77276 4.75 5.93345
      vertex -8.31248 5.18354 4.43345
      vertex -9.32132 3.864 5.93345
    endloop
  endfacet
  facet normal -0.630472 -0.321233 -0.706622
    outer loop
      vertex -8.31248 5.18354 4.43345
      vertex -9.77276 4.75 5.93345
      vertex -8.47372 5.5 4.43345
    endloop
  endfacet
  facet normal -0.630468 -0.321241 -0.706622
    outer loop
      vertex -7.951 4.4741 4.43345
      vertex -9.32132 3.864 5.93345
      vertex -8.31248 5.18354 4.43345
    endloop
  endfacet
  facet normal 0.630447 0.321275 -0.706625
    outer loop
      vertex -11.453 2.9149 3.6
      vertex -11.7936 3.58327 3.6
      vertex -9.77276 4.75 5.93345
    endloop
  endfacet
  facet normal 0.630472 0.321242 -0.706617
    outer loop
      vertex -9.32132 3.864 5.93345
      vertex -11.453 2.9149 3.6
      vertex -9.77276 4.75 5.93345
    endloop
  endfacet
  facet normal 0.630467 0.321239 0.706624
    outer loop
      vertex -9.77276 4.75 1.26655
      vertex -11.7936 3.58327 3.6
      vertex -9.32132 3.864 1.26655
    endloop
  endfacet
  facet normal 0.630455 0.321279 0.706616
    outer loop
      vertex -9.32132 3.864 1.26655
      vertex -11.7936 3.58327 3.6
      vertex -11.453 2.9149 3.6
    endloop
  endfacet
  facet normal -0.660593 -0.25358 0.706622
    outer loop
      vertex -7.951 4.4741 2.76655
      vertex -9.32132 3.864 1.26655
      vertex -7.66566 3.73077 2.76655
    endloop
  endfacet
  facet normal -0.660595 -0.253575 0.706621
    outer loop
      vertex -7.66566 3.73077 2.76655
      vertex -8.96496 2.93566 1.26655
      vertex -7.53838 3.39919 2.76655
    endloop
  endfacet
  facet normal -0.660593 -0.25358 0.706622
    outer loop
      vertex -8.96496 2.93566 1.26655
      vertex -7.66566 3.73077 2.76655
      vertex -9.32132 3.864 1.26655
    endloop
  endfacet
  facet normal -0.660593 -0.253581 -0.706621
    outer loop
      vertex -9.32132 3.864 5.93345
      vertex -7.82372 4.14252 4.43345
      vertex -8.96496 2.93566 5.93345
    endloop
  endfacet
  facet normal -0.660595 -0.253575 -0.706622
    outer loop
      vertex -7.82372 4.14252 4.43345
      vertex -9.32132 3.864 5.93345
      vertex -7.951 4.4741 4.43345
    endloop
  endfacet
  facet normal -0.660594 -0.25358 -0.706621
    outer loop
      vertex -7.53838 3.39919 4.43345
      vertex -8.96496 2.93566 5.93345
      vertex -7.82372 4.14252 4.43345
    endloop
  endfacet
  facet normal 0.660607 0.253557 -0.706617
    outer loop
      vertex -11.1842 2.21458 3.6
      vertex -11.453 2.9149 3.6
      vertex -9.32132 3.864 5.93345
    endloop
  endfacet
  facet normal 0.660593 0.25358 -0.706622
    outer loop
      vertex -8.96496 2.93566 5.93345
      vertex -11.1842 2.21458 3.6
      vertex -9.32132 3.864 5.93345
    endloop
  endfacet
  facet normal 0.660597 0.253582 0.706617
    outer loop
      vertex -9.32132 3.864 1.26655
      vertex -11.453 2.9149 3.6
      vertex -8.96496 2.93566 1.26655
    endloop
  endfacet
  facet normal 0.660602 0.253555 0.706622
    outer loop
      vertex -8.96496 2.93566 1.26655
      vertex -11.453 2.9149 3.6
      vertex -11.1842 2.21458 3.6
    endloop
  endfacet
  facet normal -0.683481 -0.183141 0.706621
    outer loop
      vertex -7.3323 2.6301 2.76655
      vertex -7.53838 3.39919 2.76655
      vertex -8.96496 2.93566 1.26655
    endloop
  endfacet
  facet normal -0.683483 -0.183128 0.706622
    outer loop
      vertex -7.3323 2.6301 2.76655
      vertex -8.7076 1.97516 1.26655
      vertex -7.24038 2.28703 2.76655
    endloop
  endfacet
  facet normal -0.683481 -0.183135 0.706622
    outer loop
      vertex -8.7076 1.97516 1.26655
      vertex -7.3323 2.6301 2.76655
      vertex -8.96496 2.93566 1.26655
    endloop
  endfacet
  facet normal -0.683481 -0.183135 -0.706622
    outer loop
      vertex -8.96496 2.93566 5.93345
      vertex -7.44645 3.05612 4.43345
      vertex -8.7076 1.97516 5.93345
    endloop
  endfacet
  facet normal -0.683479 -0.183147 -0.706621
    outer loop
      vertex -7.44645 3.05612 4.43345
      vertex -8.96496 2.93566 5.93345
      vertex -7.53838 3.39919 4.43345
    endloop
  endfacet
  facet normal -0.683482 -0.183132 -0.706622
    outer loop
      vertex -7.24038 2.28703 4.43345
      vertex -8.7076 1.97516 5.93345
      vertex -7.44645 3.05612 4.43345
    endloop
  endfacet
  facet normal 0.683494 0.183096 -0.70662
    outer loop
      vertex -10.9901 1.49001 3.6
      vertex -11.1842 2.21458 3.6
      vertex -8.96496 2.93566 5.93345
    endloop
  endfacet
  facet normal 0.683476 0.183133 -0.706628
    outer loop
      vertex -8.7076 1.97516 5.93345
      vertex -10.9901 1.49001 3.6
      vertex -8.96496 2.93566 5.93345
    endloop
  endfacet
  facet normal 0.683482 0.183135 0.706621
    outer loop
      vertex -8.96496 2.93566 1.26655
      vertex -11.1842 2.21458 3.6
      vertex -8.7076 1.97516 1.26655
    endloop
  endfacet
  facet normal 0.683485 0.183094 0.706629
    outer loop
      vertex -8.7076 1.97516 1.26655
      vertex -11.1842 2.21458 3.6
      vertex -10.9901 1.49001 3.6
    endloop
  endfacet
  facet normal -0.69888 -0.110695 0.706622
    outer loop
      vertex -7.24038 2.28703 2.76655
      vertex -8.7076 1.97516 1.26655
      vertex -7.11582 1.50061 2.76655
    endloop
  endfacet
  facet normal -0.698881 -0.110689 0.706621
    outer loop
      vertex -8.55204 0.99302 1.26655
      vertex -7.06026 1.14981 2.76655
      vertex -7.11582 1.50061 2.76655
    endloop
  endfacet
  facet normal -0.69888 -0.110695 0.706622
    outer loop
      vertex -8.55204 0.99302 1.26655
      vertex -7.11582 1.50061 2.76655
      vertex -8.7076 1.97516 1.26655
    endloop
  endfacet
  facet normal -0.69888 -0.110695 -0.706621
    outer loop
      vertex -8.7076 1.97516 5.93345
      vertex -7.18482 1.93623 4.43345
      vertex -8.55204 0.99302 5.93345
    endloop
  endfacet
  facet normal -0.698881 -0.110689 -0.706621
    outer loop
      vertex -7.18482 1.93623 4.43345
      vertex -8.7076 1.97516 5.93345
      vertex -7.24038 2.28703 4.43345
    endloop
  endfacet
  facet normal -0.69888 -0.110695 -0.706621
    outer loop
      vertex -7.06026 1.14981 4.43345
      vertex -8.55204 0.99302 5.93345
      vertex -7.18482 1.93623 4.43345
    endloop
  endfacet
  facet normal 0.698865 0.110739 -0.706629
    outer loop
      vertex -10.8727 0.749107 3.6
      vertex -10.9901 1.49001 3.6
      vertex -8.7076 1.97516 5.93345
    endloop
  endfacet
  facet normal 0.69888 0.110695 -0.706621
    outer loop
      vertex -8.55204 0.99302 5.93345
      vertex -10.8727 0.749107 3.6
      vertex -8.7076 1.97516 5.93345
    endloop
  endfacet
  facet normal 0.698873 0.110694 0.706628
    outer loop
      vertex -8.7076 1.97516 1.26655
      vertex -10.9901 1.49001 3.6
      vertex -8.55204 0.99302 1.26655
    endloop
  endfacet
  facet normal 0.698874 0.11074 0.706619
    outer loop
      vertex -8.55204 0.99302 1.26655
      vertex -10.9901 1.49001 3.6
      vertex -10.8727 0.749107 3.6
    endloop
  endfacet
  facet normal -0.706623 -0.0370318 0.706621
    outer loop
      vertex -7.06026 1.14981 2.76655
      vertex -8.55204 0.99302 1.26655
      vertex -7.01859 0.354683 2.76655
    endloop
  endfacet
  facet normal -0.706622 -0.0370311 0.706621
    outer loop
      vertex -8.5 0 1.26655
      vertex -7.01859 0.354683 2.76655
      vertex -8.55204 0.99302 1.26655
    endloop
  endfacet
  facet normal -0.706622 -0.0370362 0.706622
    outer loop
      vertex -7.01859 0.354683 2.76655
      vertex -8.5 0 1.26655
      vertex -7 0 2.76655
    endloop
  endfacet
  facet normal -0.706622 -0.0370311 -0.706622
    outer loop
      vertex -8.55204 0.99302 5.93345
      vertex -7.04167 0.79513 4.43345
      vertex -8.5 0 5.93345
    endloop
  endfacet
  facet normal -0.706622 -0.0370365 -0.706621
    outer loop
      vertex -7.04167 0.79513 4.43345
      vertex -8.55204 0.99302 5.93345
      vertex -7.06026 1.14981 4.43345
    endloop
  endfacet
  facet normal -0.706622 -0.0370316 -0.706622
    outer loop
      vertex -7 0 4.43345
      vertex -8.5 0 5.93345
      vertex -7.04167 0.79513 4.43345
    endloop
  endfacet
  facet normal 0.706627 0.0369771 -0.706619
    outer loop
      vertex -10.8335 0 3.6
      vertex -10.8727 0.749107 3.6
      vertex -8.55204 0.99302 5.93345
    endloop
  endfacet
  facet normal 0.706614 0.0370307 -0.706629
    outer loop
      vertex -8.5 0 5.93345
      vertex -10.8335 0 3.6
      vertex -8.55204 0.99302 5.93345
    endloop
  endfacet
  facet normal 0.706623 0.0370311 0.706621
    outer loop
      vertex -8.55204 0.99302 1.26655
      vertex -10.8727 0.749107 3.6
      vertex -8.5 0 1.26655
    endloop
  endfacet
  facet normal 0.706616 0.0369765 0.706631
    outer loop
      vertex -8.5 0 1.26655
      vertex -10.8727 0.749107 3.6
      vertex -10.8335 0 3.6
    endloop
  endfacet
  facet normal -0.706622 0.0370316 0.706622
    outer loop
      vertex -7 0 2.76655
      vertex -8.5 0 1.26655
      vertex -7.04167 -0.79513 2.76655
    endloop
  endfacet
  facet normal -0.706622 0.0370311 0.706622
    outer loop
      vertex -8.55204 -0.99302 1.26655
      vertex -7.04167 -0.79513 2.76655
      vertex -8.5 0 1.26655
    endloop
  endfacet
  facet normal -0.706622 0.0370365 0.706621
    outer loop
      vertex -7.04167 -0.79513 2.76655
      vertex -8.55204 -0.99302 1.26655
      vertex -7.06026 -1.14981 2.76655
    endloop
  endfacet
  facet normal -0.706622 0.0370362 -0.706622
    outer loop
      vertex -7.01859 -0.354683 4.43345
      vertex -8.5 0 5.93345
      vertex -7 0 4.43345
    endloop
  endfacet
  facet normal -0.706622 0.0370311 -0.706621
    outer loop
      vertex -8.5 0 5.93345
      vertex -7.01859 -0.354683 4.43345
      vertex -8.55204 -0.99302 5.93345
    endloop
  endfacet
  facet normal -0.706623 0.0370318 -0.706621
    outer loop
      vertex -7.06026 -1.14981 4.43345
      vertex -8.55204 -0.99302 5.93345
      vertex -7.01859 -0.354683 4.43345
    endloop
  endfacet
  facet normal 0.706616 -0.0369765 -0.706631
    outer loop
      vertex -8.5 0 5.93345
      vertex -10.8727 -0.749107 3.6
      vertex -10.8335 0 3.6
    endloop
  endfacet
  facet normal 0.706623 -0.0370311 -0.706621
    outer loop
      vertex -8.55204 -0.99302 5.93345
      vertex -10.8727 -0.749107 3.6
      vertex -8.5 0 5.93345
    endloop
  endfacet
  facet normal 0.706614 -0.0370307 0.706629
    outer loop
      vertex -8.5 0 1.26655
      vertex -10.8335 0 3.6
      vertex -8.55204 -0.99302 1.26655
    endloop
  endfacet
  facet normal 0.706627 -0.0369771 0.706619
    outer loop
      vertex -10.8335 0 3.6
      vertex -10.8727 -0.749107 3.6
      vertex -8.55204 -0.99302 1.26655
    endloop
  endfacet
  facet normal -0.69888 0.110695 0.706621
    outer loop
      vertex -7.06026 -1.14981 2.76655
      vertex -8.55204 -0.99302 1.26655
      vertex -7.18482 -1.93623 2.76655
    endloop
  endfacet
  facet normal -0.69888 0.110695 0.706621
    outer loop
      vertex -8.7076 -1.97516 1.26655
      vertex -7.18482 -1.93623 2.76655
      vertex -8.55204 -0.99302 1.26655
    endloop
  endfacet
  facet normal -0.698881 0.110689 0.706621
    outer loop
      vertex -7.18482 -1.93623 2.76655
      vertex -8.7076 -1.97516 1.26655
      vertex -7.24038 -2.28703 2.76655
    endloop
  endfacet
  facet normal -0.698881 0.110689 -0.706621
    outer loop
      vertex -8.55204 -0.99302 5.93345
      vertex -7.06026 -1.14981 4.43345
      vertex -7.11582 -1.50061 4.43345
    endloop
  endfacet
  facet normal -0.69888 0.110695 -0.706622
    outer loop
      vertex -8.55204 -0.99302 5.93345
      vertex -7.11582 -1.50061 4.43345
      vertex -8.7076 -1.97516 5.93345
    endloop
  endfacet
  facet normal -0.69888 0.110695 -0.706622
    outer loop
      vertex -7.24038 -2.28703 4.43345
      vertex -8.7076 -1.97516 5.93345
      vertex -7.11582 -1.50061 4.43345
    endloop
  endfacet
  facet normal 0.698874 -0.11074 -0.706619
    outer loop
      vertex -8.55204 -0.99302 5.93345
      vertex -10.9901 -1.49001 3.6
      vertex -10.8727 -0.749107 3.6
    endloop
  endfacet
  facet normal 0.698873 -0.110694 -0.706628
    outer loop
      vertex -8.7076 -1.97516 5.93345
      vertex -10.9901 -1.49001 3.6
      vertex -8.55204 -0.99302 5.93345
    endloop
  endfacet
  facet normal 0.69888 -0.110695 0.706621
    outer loop
      vertex -8.55204 -0.99302 1.26655
      vertex -10.8727 -0.749107 3.6
      vertex -8.7076 -1.97516 1.26655
    endloop
  endfacet
  facet normal 0.698865 -0.110739 0.706629
    outer loop
      vertex -10.8727 -0.749107 3.6
      vertex -10.9901 -1.49001 3.6
      vertex -8.7076 -1.97516 1.26655
    endloop
  endfacet
  facet normal -0.683482 0.183132 0.706622
    outer loop
      vertex -7.24038 -2.28703 2.76655
      vertex -8.7076 -1.97516 1.26655
      vertex -7.44645 -3.05612 2.76655
    endloop
  endfacet
  facet normal -0.683481 0.183135 0.706622
    outer loop
      vertex -8.96496 -2.93566 1.26655
      vertex -7.44645 -3.05612 2.76655
      vertex -8.7076 -1.97516 1.26655
    endloop
  endfacet
  facet normal -0.683479 0.183147 0.706621
    outer loop
      vertex -7.44645 -3.05612 2.76655
      vertex -8.96496 -2.93566 1.26655
      vertex -7.53838 -3.39919 2.76655
    endloop
  endfacet
  facet normal -0.683483 0.183128 -0.706622
    outer loop
      vertex -7.3323 -2.6301 4.43345
      vertex -8.7076 -1.97516 5.93345
      vertex -7.24038 -2.28703 4.43345
    endloop
  endfacet
  facet normal -0.683481 0.183135 -0.706622
    outer loop
      vertex -8.7076 -1.97516 5.93345
      vertex -7.3323 -2.6301 4.43345
      vertex -8.96496 -2.93566 5.93345
    endloop
  endfacet
  facet normal -0.683481 0.183141 -0.706621
    outer loop
      vertex -7.3323 -2.6301 4.43345
      vertex -7.53838 -3.39919 4.43345
      vertex -8.96496 -2.93566 5.93345
    endloop
  endfacet
  facet normal 0.683485 -0.183094 -0.706629
    outer loop
      vertex -8.7076 -1.97516 5.93345
      vertex -11.1842 -2.21458 3.6
      vertex -10.9901 -1.49001 3.6
    endloop
  endfacet
  facet normal 0.683482 -0.183135 -0.706621
    outer loop
      vertex -8.96496 -2.93566 5.93345
      vertex -11.1842 -2.21458 3.6
      vertex -8.7076 -1.97516 5.93345
    endloop
  endfacet
  facet normal 0.683476 -0.183133 0.706628
    outer loop
      vertex -8.7076 -1.97516 1.26655
      vertex -10.9901 -1.49001 3.6
      vertex -8.96496 -2.93566 1.26655
    endloop
  endfacet
  facet normal 0.683494 -0.183096 0.70662
    outer loop
      vertex -10.9901 -1.49001 3.6
      vertex -11.1842 -2.21458 3.6
      vertex -8.96496 -2.93566 1.26655
    endloop
  endfacet
  facet normal -0.660594 0.25358 0.706621
    outer loop
      vertex -7.53838 -3.39919 2.76655
      vertex -8.96496 -2.93566 1.26655
      vertex -7.82372 -4.14252 2.76655
    endloop
  endfacet
  facet normal -0.660593 0.253581 0.706621
    outer loop
      vertex -9.32132 -3.864 1.26655
      vertex -7.82372 -4.14252 2.76655
      vertex -8.96496 -2.93566 1.26655
    endloop
  endfacet
  facet normal -0.660595 0.253575 0.706622
    outer loop
      vertex -7.82372 -4.14252 2.76655
      vertex -9.32132 -3.864 1.26655
      vertex -7.951 -4.4741 2.76655
    endloop
  endfacet
  facet normal -0.660595 0.253575 -0.706621
    outer loop
      vertex -7.66566 -3.73077 4.43345
      vertex -8.96496 -2.93566 5.93345
      vertex -7.53838 -3.39919 4.43345
    endloop
  endfacet
  facet normal -0.660593 0.25358 -0.706622
    outer loop
      vertex -8.96496 -2.93566 5.93345
      vertex -7.66566 -3.73077 4.43345
      vertex -9.32132 -3.864 5.93345
    endloop
  endfacet
  facet normal -0.660593 0.25358 -0.706622
    outer loop
      vertex -7.951 -4.4741 4.43345
      vertex -9.32132 -3.864 5.93345
      vertex -7.66566 -3.73077 4.43345
    endloop
  endfacet
  facet normal 0.660602 -0.253555 -0.706622
    outer loop
      vertex -8.96496 -2.93566 5.93345
      vertex -11.453 -2.9149 3.6
      vertex -11.1842 -2.21458 3.6
    endloop
  endfacet
  facet normal 0.660597 -0.253582 -0.706617
    outer loop
      vertex -9.32132 -3.864 5.93345
      vertex -11.453 -2.9149 3.6
      vertex -8.96496 -2.93566 5.93345
    endloop
  endfacet
  facet normal 0.660593 -0.25358 0.706622
    outer loop
      vertex -8.96496 -2.93566 1.26655
      vertex -11.1842 -2.21458 3.6
      vertex -9.32132 -3.864 1.26655
    endloop
  endfacet
  facet normal 0.660607 -0.253557 0.706617
    outer loop
      vertex -11.1842 -2.21458 3.6
      vertex -11.453 -2.9149 3.6
      vertex -9.32132 -3.864 1.26655
    endloop
  endfacet
  facet normal -0.630468 0.321241 0.706622
    outer loop
      vertex -7.951 -4.4741 2.76655
      vertex -9.32132 -3.864 1.26655
      vertex -8.31248 -5.18354 2.76655
    endloop
  endfacet
  facet normal -0.630469 0.32124 0.706621
    outer loop
      vertex -9.77276 -4.75 1.26655
      vertex -8.31248 -5.18354 2.76655
      vertex -9.32132 -3.864 1.26655
    endloop
  endfacet
  facet normal -0.630472 0.321233 0.706622
    outer loop
      vertex -8.31248 -5.18354 2.76655
      vertex -9.77276 -4.75 1.26655
      vertex -8.47372 -5.5 2.76655
    endloop
  endfacet
  facet normal -0.630472 0.321233 -0.706622
    outer loop
      vertex -8.11224 -4.79056 4.43345
      vertex -9.32132 -3.864 5.93345
      vertex -7.951 -4.4741 4.43345
    endloop
  endfacet
  facet normal -0.630468 0.32124 -0.706623
    outer loop
      vertex -9.32132 -3.864 5.93345
      vertex -8.11224 -4.79056 4.43345
      vertex -9.77276 -4.75 5.93345
    endloop
  endfacet
  facet normal -0.630467 0.321241 -0.706622
    outer loop
      vertex -8.47372 -5.5 4.43345
      vertex -9.77276 -4.75 5.93345
      vertex -8.11224 -4.79056 4.43345
    endloop
  endfacet
  facet normal 0.630455 -0.321279 -0.706616
    outer loop
      vertex -9.32132 -3.864 5.93345
      vertex -11.7936 -3.58327 3.6
      vertex -11.453 -2.9149 3.6
    endloop
  endfacet
  facet normal 0.630467 -0.321239 -0.706624
    outer loop
      vertex -9.77276 -4.75 5.93345
      vertex -11.7936 -3.58327 3.6
      vertex -9.32132 -3.864 5.93345
    endloop
  endfacet
  facet normal 0.630472 -0.321242 0.706617
    outer loop
      vertex -9.32132 -3.864 1.26655
      vertex -11.453 -2.9149 3.6
      vertex -9.77276 -4.75 1.26655
    endloop
  endfacet
  facet normal 0.630447 -0.321275 0.706625
    outer loop
      vertex -11.453 -2.9149 3.6
      vertex -11.7936 -3.58327 3.6
      vertex -9.77276 -4.75 1.26655
    endloop
  endfacet
  facet normal -0.593438 0.385379 0.706622
    outer loop
      vertex -8.47372 -5.5 2.76655
      vertex -9.77276 -4.75 1.26655
      vertex -8.90737 -6.16777 2.76655
    endloop
  endfacet
  facet normal -0.593453 0.385364 0.706617
    outer loop
      vertex -10.3143 -5.58396 1.26655
      vertex -8.90737 -6.16777 2.76655
      vertex -9.77276 -4.75 1.26655
    endloop
  endfacet
  facet normal -0.593441 0.385387 0.706615
    outer loop
      vertex -8.90737 -6.16777 2.76655
      vertex -10.3143 -5.58396 1.26655
      vertex -9.10081 -6.46564 2.76655
    endloop
  endfacet
  facet normal -0.593435 0.385383 -0.706622
    outer loop
      vertex -8.66716 -5.79787 4.43345
      vertex -9.77276 -4.75 5.93345
      vertex -8.47372 -5.5 4.43345
    endloop
  endfacet
  facet normal -0.593451 0.385363 -0.70662
    outer loop
      vertex -9.77276 -4.75 5.93345
      vertex -8.66716 -5.79787 4.43345
      vertex -10.3143 -5.58396 5.93345
    endloop
  endfacet
  facet normal -0.593444 0.385383 -0.706615
    outer loop
      vertex -9.10081 -6.46564 4.43345
      vertex -10.3143 -5.58396 5.93345
      vertex -8.66716 -5.79787 4.43345
    endloop
  endfacet
  facet normal 0.593457 -0.385343 -0.706625
    outer loop
      vertex -9.77276 -4.75 5.93345
      vertex -12.2021 -4.21239 3.6
      vertex -11.7936 -3.58327 3.6
    endloop
  endfacet
  facet normal 0.59345 -0.385362 -0.706621
    outer loop
      vertex -10.3143 -5.58396 5.93345
      vertex -12.2021 -4.21239 3.6
      vertex -9.77276 -4.75 5.93345
    endloop
  endfacet
  facet normal 0.593447 -0.38536 0.706624
    outer loop
      vertex -9.77276 -4.75 1.26655
      vertex -11.7936 -3.58327 3.6
      vertex -10.3143 -5.58396 1.26655
    endloop
  endfacet
  facet normal 0.593461 -0.385346 0.706621
    outer loop
      vertex -11.7936 -3.58327 3.6
      vertex -12.2021 -4.21239 3.6
      vertex -10.3143 -5.58396 1.26655
    endloop
  endfacet
  facet normal -0.549906 0.445307 0.706616
    outer loop
      vertex -9.10081 -6.46564 2.76655
      vertex -10.3143 -5.58396 1.26655
      vertex -9.60189 -7.08442 2.76655
    endloop
  endfacet
  facet normal -0.5499 0.445311 0.706617
    outer loop
      vertex -10.9401 -6.35674 1.26655
      vertex -9.60189 -7.08442 2.76655
      vertex -10.3143 -5.58396 1.26655
    endloop
  endfacet
  facet normal -0.549902 0.445309 0.706617
    outer loop
      vertex -9.60189 -7.08442 2.76655
      vertex -10.9401 -6.35674 1.26655
      vertex -9.82541 -7.36044 2.76655
    endloop
  endfacet
  facet normal -0.549903 0.44531 -0.706615
    outer loop
      vertex -9.32433 -6.74166 4.43345
      vertex -10.3143 -5.58396 5.93345
      vertex -9.10081 -6.46564 4.43345
    endloop
  endfacet
  facet normal -0.549901 0.445312 -0.706616
    outer loop
      vertex -10.3143 -5.58396 5.93345
      vertex -9.32433 -6.74166 4.43345
      vertex -10.9401 -6.35674 5.93345
    endloop
  endfacet
  facet normal -0.549904 0.445305 -0.706617
    outer loop
      vertex -9.82541 -7.36044 4.43345
      vertex -10.9401 -6.35674 5.93345
      vertex -9.32433 -6.74166 4.43345
    endloop
  endfacet
  facet normal 0.549893 -0.445313 -0.706622
    outer loop
      vertex -10.3143 -5.58396 5.93345
      vertex -12.6742 -4.79536 3.6
      vertex -12.2021 -4.21239 3.6
    endloop
  endfacet
  facet normal 0.549896 -0.445308 -0.706623
    outer loop
      vertex -10.9401 -6.35674 5.93345
      vertex -12.6742 -4.79536 3.6
      vertex -10.3143 -5.58396 5.93345
    endloop
  endfacet
  facet normal 0.549897 -0.445308 0.706622
    outer loop
      vertex -10.3143 -5.58396 1.26655
      vertex -12.2021 -4.21239 3.6
      vertex -10.9401 -6.35674 1.26655
    endloop
  endfacet
  facet normal 0.549892 -0.445313 0.706623
    outer loop
      vertex -12.2021 -4.21239 3.6
      vertex -12.6742 -4.79536 3.6
      vertex -10.9401 -6.35674 1.26655
    endloop
  endfacet
  facet normal -0.500333 0.500358 0.706617
    outer loop
      vertex -10.9401 -6.35674 1.26655
      vertex -10.6396 -8.17459 2.76655
      vertex -9.82541 -7.36044 2.76655
    endloop
  endfacet
  facet normal -0.500321 0.500364 0.706622
    outer loop
      vertex -10.6396 -8.17459 2.76655
      vertex -10.9401 -6.35674 1.26655
      vertex -11.6433 -7.05988 1.26655
    endloop
  endfacet
  facet normal -0.500333 0.500358 -0.706617
    outer loop
      vertex -10.6396 -8.17459 4.43345
      vertex -10.9401 -6.35674 5.93345
      vertex -9.82541 -7.36044 4.43345
    endloop
  endfacet
  facet normal -0.500321 0.500364 -0.706622
    outer loop
      vertex -10.9401 -6.35674 5.93345
      vertex -10.6396 -8.17459 4.43345
      vertex -11.6433 -7.05988 5.93345
    endloop
  endfacet
  facet normal 0.500321 -0.500364 -0.706622
    outer loop
      vertex -11.6433 -7.05988 5.93345
      vertex -12.6742 -4.79536 3.6
      vertex -10.9401 -6.35674 5.93345
    endloop
  endfacet
  facet normal 0.500358 -0.500339 -0.706613
    outer loop
      vertex -12.6742 -4.79536 3.6
      vertex -11.6433 -7.05988 5.93345
      vertex -13.2046 -5.32578 3.6
    endloop
  endfacet
  facet normal 0.500321 -0.500364 0.706622
    outer loop
      vertex -12.6742 -4.79536 3.6
      vertex -11.6433 -7.05988 1.26655
      vertex -10.9401 -6.35674 1.26655
    endloop
  endfacet
  facet normal 0.500358 -0.500339 0.706613
    outer loop
      vertex -11.6433 -7.05988 1.26655
      vertex -12.6742 -4.79536 3.6
      vertex -13.2046 -5.32578 3.6
    endloop
  endfacet
  facet normal -0.445337 0.549873 0.706622
    outer loop
      vertex -10.6396 -8.17459 2.76655
      vertex -11.6433 -7.05988 1.26655
      vertex -11.2583 -8.67567 2.76655
    endloop
  endfacet
  facet normal -0.445325 0.549878 0.706625
    outer loop
      vertex -12.416 -7.68566 1.26655
      vertex -11.2583 -8.67567 2.76655
      vertex -11.6433 -7.05988 1.26655
    endloop
  endfacet
  facet normal -0.445233 0.549968 0.706613
    outer loop
      vertex -11.2583 -8.67567 2.76655
      vertex -12.416 -7.68566 1.26655
      vertex -11.5344 -8.89919 2.76655
    endloop
  endfacet
  facet normal -0.445325 0.549883 -0.706622
    outer loop
      vertex -10.9156 -8.39811 4.43345
      vertex -11.6433 -7.05988 5.93345
      vertex -10.6396 -8.17459 4.43345
    endloop
  endfacet
  facet normal -0.445328 0.549881 -0.706622
    outer loop
      vertex -11.6433 -7.05988 5.93345
      vertex -10.9156 -8.39811 4.43345
      vertex -12.416 -7.68566 5.93345
    endloop
  endfacet
  facet normal -0.445301 0.549916 -0.706611
    outer loop
      vertex -11.5344 -8.89919 4.43345
      vertex -12.416 -7.68566 5.93345
      vertex -10.9156 -8.39811 4.43345
    endloop
  endfacet
  facet normal 0.445293 -0.549919 -0.706614
    outer loop
      vertex -11.6433 -7.05988 5.93345
      vertex -13.7876 -5.79786 3.6
      vertex -13.2046 -5.32578 3.6
    endloop
  endfacet
  facet normal 0.445326 -0.549879 -0.706624
    outer loop
      vertex -12.416 -7.68566 5.93345
      vertex -13.7876 -5.79786 3.6
      vertex -11.6433 -7.05988 5.93345
    endloop
  endfacet
  facet normal 0.445331 -0.549886 0.706616
    outer loop
      vertex -11.6433 -7.05988 1.26655
      vertex -13.2046 -5.32578 3.6
      vertex -12.416 -7.68566 1.26655
    endloop
  endfacet
  facet normal 0.445286 -0.54991 0.706625
    outer loop
      vertex -13.2046 -5.32578 3.6
      vertex -13.7876 -5.79786 3.6
      vertex -12.416 -7.68566 1.26655
    endloop
  endfacet
  facet normal -0.385412 0.593427 0.706613
    outer loop
      vertex -11.5344 -8.89919 2.76655
      vertex -12.416 -7.68566 1.26655
      vertex -12.2021 -9.33284 2.76655
    endloop
  endfacet
  facet normal -0.385368 0.593442 0.706624
    outer loop
      vertex -13.25 -8.22724 1.26655
      vertex -12.2021 -9.33284 2.76655
      vertex -12.416 -7.68566 1.26655
    endloop
  endfacet
  facet normal -0.385355 0.593452 0.706623
    outer loop
      vertex -12.2021 -9.33284 2.76655
      vertex -13.25 -8.22724 1.26655
      vertex -12.5 -9.52628 2.76655
    endloop
  endfacet
  facet normal -0.385451 0.5934 -0.706615
    outer loop
      vertex -11.8322 -9.09263 4.43345
      vertex -12.416 -7.68566 5.93345
      vertex -11.5344 -8.89919 4.43345
    endloop
  endfacet
  facet normal -0.385368 0.593443 -0.706623
    outer loop
      vertex -12.416 -7.68566 5.93345
      vertex -11.8322 -9.09263 4.43345
      vertex -13.25 -8.22724 5.93345
    endloop
  endfacet
  facet normal -0.385366 0.593445 -0.706623
    outer loop
      vertex -12.5 -9.52628 4.43345
      vertex -13.25 -8.22724 5.93345
      vertex -11.8322 -9.09263 4.43345
    endloop
  endfacet
  facet normal 0.385386 -0.593431 -0.706625
    outer loop
      vertex -12.416 -7.68566 5.93345
      vertex -14.4167 -6.20641 3.6
      vertex -13.7876 -5.79786 3.6
    endloop
  endfacet
  facet normal 0.38537 -0.593446 -0.70662
    outer loop
      vertex -13.25 -8.22724 5.93345
      vertex -14.4167 -6.20641 3.6
      vertex -12.416 -7.68566 5.93345
    endloop
  endfacet
  facet normal 0.385368 -0.593443 0.706624
    outer loop
      vertex -12.416 -7.68566 1.26655
      vertex -13.7876 -5.79786 3.6
      vertex -13.25 -8.22724 1.26655
    endloop
  endfacet
  facet normal 0.385388 -0.593434 0.70662
    outer loop
      vertex -13.7876 -5.79786 3.6
      vertex -14.4167 -6.20641 3.6
      vertex -13.25 -8.22724 1.26655
    endloop
  endfacet
  facet normal -0.321255 0.63046 0.706623
    outer loop
      vertex -12.5 -9.52628 2.76655
      vertex -13.25 -8.22724 1.26655
      vertex -13.2094 -9.88776 2.76655
    endloop
  endfacet
  facet normal -0.321238 0.630464 0.706627
    outer loop
      vertex -14.136 -8.67868 1.26655
      vertex -13.2094 -9.88776 2.76655
      vertex -13.25 -8.22724 1.26655
    endloop
  endfacet
  facet normal -0.3212 0.630488 0.706623
    outer loop
      vertex -13.2094 -9.88776 2.76655
      vertex -14.136 -8.67868 1.26655
      vertex -13.5259 -10.049 2.76655
    endloop
  endfacet
  facet normal -0.321201 0.630489 -0.706621
    outer loop
      vertex -12.8165 -9.68752 4.43345
      vertex -13.25 -8.22724 5.93345
      vertex -12.5 -9.52628 4.43345
    endloop
  endfacet
  facet normal -0.321242 0.630473 -0.706617
    outer loop
      vertex -13.25 -8.22724 5.93345
      vertex -12.8165 -9.68752 4.43345
      vertex -14.136 -8.67868 5.93345
    endloop
  endfacet
  facet normal -0.321256 0.630461 -0.706621
    outer loop
      vertex -13.5259 -10.049 4.43345
      vertex -14.136 -8.67868 5.93345
      vertex -12.8165 -9.68752 4.43345
    endloop
  endfacet
  facet normal 0.321235 -0.630473 -0.70662
    outer loop
      vertex -13.25 -8.22724 5.93345
      vertex -15.0851 -6.54697 3.6
      vertex -14.4167 -6.20641 3.6
    endloop
  endfacet
  facet normal 0.32124 -0.630469 -0.706621
    outer loop
      vertex -14.136 -8.67868 5.93345
      vertex -15.0851 -6.54697 3.6
      vertex -13.25 -8.22724 5.93345
    endloop
  endfacet
  facet normal 0.321241 -0.63047 0.70662
    outer loop
      vertex -13.25 -8.22724 1.26655
      vertex -14.4167 -6.20641 3.6
      vertex -14.136 -8.67868 1.26655
    endloop
  endfacet
  facet normal 0.321235 -0.630471 0.706622
    outer loop
      vertex -14.4167 -6.20641 3.6
      vertex -15.0851 -6.54697 3.6
      vertex -14.136 -8.67868 1.26655
    endloop
  endfacet
  facet normal -0.253558 0.660602 0.706621
    outer loop
      vertex -14.136 -8.67868 1.26655
      vertex -14.2692 -10.3343 2.76655
      vertex -13.5259 -10.049 2.76655
    endloop
  endfacet
  facet normal -0.253593 0.660597 0.706613
    outer loop
      vertex -15.0643 -9.03504 1.26655
      vertex -14.2692 -10.3343 2.76655
      vertex -14.136 -8.67868 1.26655
    endloop
  endfacet
  facet normal -0.2536 0.660594 0.706614
    outer loop
      vertex -14.2692 -10.3343 2.76655
      vertex -15.0643 -9.03504 1.26655
      vertex -14.6008 -10.4616 2.76655
    endloop
  endfacet
  facet normal -0.253596 0.660586 -0.706622
    outer loop
      vertex -13.8575 -10.1763 4.43345
      vertex -14.136 -8.67868 5.93345
      vertex -13.5259 -10.049 4.43345
    endloop
  endfacet
  facet normal -0.253589 0.660588 -0.706623
    outer loop
      vertex -14.136 -8.67868 5.93345
      vertex -13.8575 -10.1763 4.43345
      vertex -15.0643 -9.03504 5.93345
    endloop
  endfacet
  facet normal -0.25356 0.660608 -0.706615
    outer loop
      vertex -14.6008 -10.4616 4.43345
      vertex -15.0643 -9.03504 5.93345
      vertex -13.8575 -10.1763 4.43345
    endloop
  endfacet
  facet normal 0.253578 -0.660594 -0.706621
    outer loop
      vertex -14.136 -8.67868 5.93345
      vertex -15.7854 -6.81579 3.6
      vertex -15.0851 -6.54697 3.6
    endloop
  endfacet
  facet normal 0.253589 -0.660587 -0.706624
    outer loop
      vertex -15.0643 -9.03504 5.93345
      vertex -15.7854 -6.81579 3.6
      vertex -14.136 -8.67868 5.93345
    endloop
  endfacet
  facet normal 0.25359 -0.660589 0.706622
    outer loop
      vertex -14.136 -8.67868 1.26655
      vertex -15.0851 -6.54697 3.6
      vertex -15.0643 -9.03504 1.26655
    endloop
  endfacet
  facet normal 0.253577 -0.660591 0.706624
    outer loop
      vertex -15.0851 -6.54697 3.6
      vertex -15.7854 -6.81579 3.6
      vertex -15.0643 -9.03504 1.26655
    endloop
  endfacet
  facet normal -0.183157 0.683483 0.706615
    outer loop
      vertex -14.6008 -10.4616 2.76655
      vertex -15.0643 -9.03504 1.26655
      vertex -15.3699 -10.6677 2.76655
    endloop
  endfacet
  facet normal -0.183135 0.683483 0.70662
    outer loop
      vertex -16.0248 -9.2924 1.26655
      vertex -15.3699 -10.6677 2.76655
      vertex -15.0643 -9.03504 1.26655
    endloop
  endfacet
  facet normal -0.183078 0.683505 0.706614
    outer loop
      vertex -15.3699 -10.6677 2.76655
      vertex -16.0248 -9.2924 1.26655
      vertex -15.713 -10.7596 2.76655
    endloop
  endfacet
  facet normal -0.183078 0.683506 -0.706613
    outer loop
      vertex -14.9439 -10.5535 4.43345
      vertex -15.0643 -9.03504 5.93345
      vertex -14.6008 -10.4616 4.43345
    endloop
  endfacet
  facet normal -0.183138 0.683496 -0.706607
    outer loop
      vertex -15.0643 -9.03504 5.93345
      vertex -14.9439 -10.5535 4.43345
      vertex -16.0248 -9.2924 5.93345
    endloop
  endfacet
  facet normal -0.183157 0.683486 -0.706612
    outer loop
      vertex -15.713 -10.7596 4.43345
      vertex -16.0248 -9.2924 5.93345
      vertex -14.9439 -10.5535 4.43345
    endloop
  endfacet
  facet normal 0.183132 -0.68348 -0.706624
    outer loop
      vertex -15.0643 -9.03504 5.93345
      vertex -16.51 -7.00994 3.6
      vertex -15.7854 -6.81579 3.6
    endloop
  endfacet
  facet normal 0.183134 -0.68348 -0.706624
    outer loop
      vertex -16.0248 -9.2924 5.93345
      vertex -16.51 -7.00994 3.6
      vertex -15.0643 -9.03504 5.93345
    endloop
  endfacet
  facet normal 0.183134 -0.68348 0.706624
    outer loop
      vertex -15.7854 -6.81579 3.6
      vertex -16.0248 -9.2924 1.26655
      vertex -15.0643 -9.03504 1.26655
    endloop
  endfacet
  facet normal 0.183132 -0.68348 0.706624
    outer loop
      vertex -15.7854 -6.81579 3.6
      vertex -16.51 -7.00994 3.6
      vertex -16.0248 -9.2924 1.26655
    endloop
  endfacet
  facet normal -0.110733 0.69888 0.706615
    outer loop
      vertex -16.0248 -9.2924 1.26655
      vertex -16.4994 -10.8842 2.76655
      vertex -15.713 -10.7596 2.76655
    endloop
  endfacet
  facet normal -0.110687 0.698876 0.706626
    outer loop
      vertex -17.007 -9.44796 1.26655
      vertex -16.4994 -10.8842 2.76655
      vertex -16.0248 -9.2924 1.26655
    endloop
  endfacet
  facet normal -0.110574 0.698905 0.706615
    outer loop
      vertex -16.4994 -10.8842 2.76655
      vertex -17.007 -9.44796 1.26655
      vertex -16.8502 -10.9397 2.76655
    endloop
  endfacet
  facet normal -0.110768 0.698873 -0.706616
    outer loop
      vertex -16.0638 -10.8152 4.43345
      vertex -16.0248 -9.2924 5.93345
      vertex -15.713 -10.7596 4.43345
    endloop
  endfacet
  facet normal -0.110688 0.698879 -0.706624
    outer loop
      vertex -16.0248 -9.2924 5.93345
      vertex -16.0638 -10.8152 4.43345
      vertex -17.007 -9.44796 5.93345
    endloop
  endfacet
  facet normal -0.110647 0.698896 -0.706613
    outer loop
      vertex -16.8502 -10.9397 4.43345
      vertex -17.007 -9.44796 5.93345
      vertex -16.0638 -10.8152 4.43345
    endloop
  endfacet
  facet normal 0.110694 -0.698878 -0.706623
    outer loop
      vertex -16.0248 -9.2924 5.93345
      vertex -17.2509 -7.12729 3.6
      vertex -16.51 -7.00994 3.6
    endloop
  endfacet
  facet normal 0.110688 -0.69888 -0.706622
    outer loop
      vertex -17.007 -9.44796 5.93345
      vertex -17.2509 -7.12729 3.6
      vertex -16.0248 -9.2924 5.93345
    endloop
  endfacet
  facet normal 0.110688 -0.698879 0.706623
    outer loop
      vertex -16.51 -7.00994 3.6
      vertex -17.007 -9.44796 1.26655
      vertex -16.0248 -9.2924 1.26655
    endloop
  endfacet
  facet normal 0.110694 -0.698879 0.706622
    outer loop
      vertex -16.51 -7.00994 3.6
      vertex -17.2509 -7.12729 3.6
      vertex -17.007 -9.44796 1.26655
    endloop
  endfacet
  facet normal -0.0370601 0.70663 0.706612
    outer loop
      vertex -17.007 -9.44796 1.26655
      vertex -17.6453 -10.9814 2.76655
      vertex -16.8502 -10.9397 2.76655
    endloop
  endfacet
  facet normal -0.037032 0.706624 0.706619
    outer loop
      vertex -18 -9.5 1.26655
      vertex -17.6453 -10.9814 2.76655
      vertex -17.007 -9.44796 1.26655
    endloop
  endfacet
  facet normal -0.0370543 0.706621 0.706621
    outer loop
      vertex -17.6453 -10.9814 2.76655
      vertex -18 -9.5 1.26655
      vertex -18 -11 2.76655
    endloop
  endfacet
  facet normal -0.0370547 0.70663 -0.706612
    outer loop
      vertex -17.2049 -10.9583 4.43345
      vertex -17.007 -9.44796 5.93345
      vertex -16.8502 -10.9397 4.43345
    endloop
  endfacet
  facet normal -0.0370322 0.706629 -0.706614
    outer loop
      vertex -17.007 -9.44796 5.93345
      vertex -17.2049 -10.9583 4.43345
      vertex -18 -9.5 5.93345
    endloop
  endfacet
  facet normal -0.0370596 0.706621 -0.706621
    outer loop
      vertex -17.2049 -10.9583 4.43345
      vertex -18 -11 4.43345
      vertex -18 -9.5 5.93345
    endloop
  endfacet
  facet normal 0.0370337 -0.706621 -0.706622
    outer loop
      vertex -17.007 -9.44796 5.93345
      vertex -18 -7.16655 3.6
      vertex -17.2509 -7.12729 3.6
    endloop
  endfacet
  facet normal 0.0370318 -0.706622 -0.706622
    outer loop
      vertex -17.007 -9.44796 5.93345
      vertex -18 -9.5 5.93345
      vertex -18 -7.16655 3.6
    endloop
  endfacet
  facet normal 0.0370318 -0.706621 0.706622
    outer loop
      vertex -17.2509 -7.12729 3.6
      vertex -18 -9.5 1.26655
      vertex -17.007 -9.44796 1.26655
    endloop
  endfacet
  facet normal 0.0370337 -0.706622 0.706622
    outer loop
      vertex -18 -7.16655 3.6
      vertex -18 -9.5 1.26655
      vertex -17.2509 -7.12729 3.6
    endloop
  endfacet
  facet normal 0.0370596 0.706621 0.706621
    outer loop
      vertex -18 -9.5 1.26655
      vertex -18.7951 -10.9583 2.76655
      vertex -18 -11 2.76655
    endloop
  endfacet
  facet normal 0.0370322 0.706629 0.706614
    outer loop
      vertex -18.993 -9.44796 1.26655
      vertex -18.7951 -10.9583 2.76655
      vertex -18 -9.5 1.26655
    endloop
  endfacet
  facet normal 0.0370547 0.70663 0.706612
    outer loop
      vertex -18.7951 -10.9583 2.76655
      vertex -18.993 -9.44796 1.26655
      vertex -19.1498 -10.9397 2.76655
    endloop
  endfacet
  facet normal 0.0370543 0.706621 -0.706621
    outer loop
      vertex -18.3547 -10.9814 4.43345
      vertex -18 -9.5 5.93345
      vertex -18 -11 4.43345
    endloop
  endfacet
  facet normal 0.037032 0.706624 -0.706619
    outer loop
      vertex -18 -9.5 5.93345
      vertex -18.3547 -10.9814 4.43345
      vertex -18.993 -9.44796 5.93345
    endloop
  endfacet
  facet normal 0.0370601 0.70663 -0.706612
    outer loop
      vertex -18.3547 -10.9814 4.43345
      vertex -19.1498 -10.9397 4.43345
      vertex -18.993 -9.44796 5.93345
    endloop
  endfacet
  facet normal -0.0370337 -0.706622 -0.706622
    outer loop
      vertex -18 -9.5 5.93345
      vertex -18.7491 -7.12729 3.6
      vertex -18 -7.16655 3.6
    endloop
  endfacet
  facet normal -0.0370318 -0.706621 -0.706622
    outer loop
      vertex -18 -9.5 5.93345
      vertex -18.993 -9.44796 5.93345
      vertex -18.7491 -7.12729 3.6
    endloop
  endfacet
  facet normal -0.0370318 -0.706622 0.706622
    outer loop
      vertex -18 -7.16655 3.6
      vertex -18.993 -9.44796 1.26655
      vertex -18 -9.5 1.26655
    endloop
  endfacet
  facet normal -0.0370337 -0.706621 0.706622
    outer loop
      vertex -18.7491 -7.12729 3.6
      vertex -18.993 -9.44796 1.26655
      vertex -18 -7.16655 3.6
    endloop
  endfacet
  facet normal 0.110647 0.698896 0.706613
    outer loop
      vertex -18.993 -9.44796 1.26655
      vertex -19.9362 -10.8152 2.76655
      vertex -19.1498 -10.9397 2.76655
    endloop
  endfacet
  facet normal 0.110688 0.698879 0.706624
    outer loop
      vertex -19.9752 -9.2924 1.26655
      vertex -19.9362 -10.8152 2.76655
      vertex -18.993 -9.44796 1.26655
    endloop
  endfacet
  facet normal 0.110768 0.698873 0.706616
    outer loop
      vertex -19.9362 -10.8152 2.76655
      vertex -19.9752 -9.2924 1.26655
      vertex -20.287 -10.7596 2.76655
    endloop
  endfacet
  facet normal 0.110574 0.698905 -0.706615
    outer loop
      vertex -19.5006 -10.8842 4.43345
      vertex -18.993 -9.44796 5.93345
      vertex -19.1498 -10.9397 4.43345
    endloop
  endfacet
  facet normal 0.110687 0.698876 -0.706626
    outer loop
      vertex -18.993 -9.44796 5.93345
      vertex -19.5006 -10.8842 4.43345
      vertex -19.9752 -9.2924 5.93345
    endloop
  endfacet
  facet normal 0.110733 0.69888 -0.706615
    outer loop
      vertex -20.287 -10.7596 4.43345
      vertex -19.9752 -9.2924 5.93345
      vertex -19.5006 -10.8842 4.43345
    endloop
  endfacet
  facet normal -0.110694 -0.698879 -0.706622
    outer loop
      vertex -18.993 -9.44796 5.93345
      vertex -19.49 -7.00994 3.6
      vertex -18.7491 -7.12729 3.6
    endloop
  endfacet
  facet normal -0.110688 -0.698879 -0.706623
    outer loop
      vertex -18.993 -9.44796 5.93345
      vertex -19.9752 -9.2924 5.93345
      vertex -19.49 -7.00994 3.6
    endloop
  endfacet
  facet normal -0.110688 -0.69888 0.706622
    outer loop
      vertex -18.7491 -7.12729 3.6
      vertex -19.9752 -9.2924 1.26655
      vertex -18.993 -9.44796 1.26655
    endloop
  endfacet
  facet normal -0.110694 -0.698878 0.706623
    outer loop
      vertex -19.49 -7.00994 3.6
      vertex -19.9752 -9.2924 1.26655
      vertex -18.7491 -7.12729 3.6
    endloop
  endfacet
  facet normal 0.183157 0.683486 0.706612
    outer loop
      vertex -19.9752 -9.2924 1.26655
      vertex -21.0561 -10.5535 2.76655
      vertex -20.287 -10.7596 2.76655
    endloop
  endfacet
  facet normal 0.183138 0.683496 0.706607
    outer loop
      vertex -20.9357 -9.03504 1.26655
      vertex -21.0561 -10.5535 2.76655
      vertex -19.9752 -9.2924 1.26655
    endloop
  endfacet
  facet normal 0.183078 0.683506 0.706613
    outer loop
      vertex -20.9357 -9.03504 1.26655
      vertex -21.3992 -10.4616 2.76655
      vertex -21.0561 -10.5535 2.76655
    endloop
  endfacet
  facet normal 0.183078 0.683505 -0.706614
    outer loop
      vertex -20.6301 -10.6677 4.43345
      vertex -19.9752 -9.2924 5.93345
      vertex -20.287 -10.7596 4.43345
    endloop
  endfacet
  facet normal 0.183135 0.683483 -0.70662
    outer loop
      vertex -19.9752 -9.2924 5.93345
      vertex -20.6301 -10.6677 4.43345
      vertex -20.9357 -9.03504 5.93345
    endloop
  endfacet
  facet normal 0.183157 0.683483 -0.706615
    outer loop
      vertex -21.3992 -10.4616 4.43345
      vertex -20.9357 -9.03504 5.93345
      vertex -20.6301 -10.6677 4.43345
    endloop
  endfacet
  facet normal -0.183132 -0.68348 -0.706624
    outer loop
      vertex -19.9752 -9.2924 5.93345
      vertex -20.2146 -6.81579 3.6
      vertex -19.49 -7.00994 3.6
    endloop
  endfacet
  facet normal -0.183134 -0.68348 -0.706624
    outer loop
      vertex -19.9752 -9.2924 5.93345
      vertex -20.9357 -9.03504 5.93345
      vertex -20.2146 -6.81579 3.6
    endloop
  endfacet
  facet normal -0.183134 -0.68348 0.706624
    outer loop
      vertex -19.49 -7.00994 3.6
      vertex -20.9357 -9.03504 1.26655
      vertex -19.9752 -9.2924 1.26655
    endloop
  endfacet
  facet normal -0.183132 -0.68348 0.706624
    outer loop
      vertex -20.2146 -6.81579 3.6
      vertex -20.9357 -9.03504 1.26655
      vertex -19.49 -7.00994 3.6
    endloop
  endfacet
  facet normal 0.25356 0.660608 0.706615
    outer loop
      vertex -20.9357 -9.03504 1.26655
      vertex -22.1425 -10.1763 2.76655
      vertex -21.3992 -10.4616 2.76655
    endloop
  endfacet
  facet normal 0.253589 0.660588 0.706623
    outer loop
      vertex -21.864 -8.67868 1.26655
      vertex -22.1425 -10.1763 2.76655
      vertex -20.9357 -9.03504 1.26655
    endloop
  endfacet
  facet normal 0.253596 0.660586 0.706622
    outer loop
      vertex -22.1425 -10.1763 2.76655
      vertex -21.864 -8.67868 1.26655
      vertex -22.4741 -10.049 2.76655
    endloop
  endfacet
  facet normal 0.2536 0.660594 -0.706614
    outer loop
      vertex -21.7308 -10.3343 4.43345
      vertex -20.9357 -9.03504 5.93345
      vertex -21.3992 -10.4616 4.43345
    endloop
  endfacet
  facet normal 0.253593 0.660597 -0.706613
    outer loop
      vertex -20.9357 -9.03504 5.93345
      vertex -21.7308 -10.3343 4.43345
      vertex -21.864 -8.67868 5.93345
    endloop
  endfacet
  facet normal 0.253558 0.660602 -0.706621
    outer loop
      vertex -21.7308 -10.3343 4.43345
      vertex -22.4741 -10.049 4.43345
      vertex -21.864 -8.67868 5.93345
    endloop
  endfacet
  facet normal -0.253577 -0.660591 -0.706624
    outer loop
      vertex -20.2146 -6.81579 3.6
      vertex -20.9357 -9.03504 5.93345
      vertex -20.9149 -6.54697 3.6
    endloop
  endfacet
  facet normal -0.25359 -0.660589 -0.706622
    outer loop
      vertex -20.9357 -9.03504 5.93345
      vertex -21.864 -8.67868 5.93345
      vertex -20.9149 -6.54697 3.6
    endloop
  endfacet
  facet normal -0.253589 -0.660587 0.706624
    outer loop
      vertex -20.2146 -6.81579 3.6
      vertex -21.864 -8.67868 1.26655
      vertex -20.9357 -9.03504 1.26655
    endloop
  endfacet
  facet normal -0.253578 -0.660594 0.706621
    outer loop
      vertex -20.9149 -6.54697 3.6
      vertex -21.864 -8.67868 1.26655
      vertex -20.2146 -6.81579 3.6
    endloop
  endfacet
  facet normal 0.321256 0.630461 0.706621
    outer loop
      vertex -21.864 -8.67868 1.26655
      vertex -23.1835 -9.68752 2.76655
      vertex -22.4741 -10.049 2.76655
    endloop
  endfacet
  facet normal 0.321242 0.630473 0.706617
    outer loop
      vertex -22.75 -8.22724 1.26655
      vertex -23.1835 -9.68752 2.76655
      vertex -21.864 -8.67868 1.26655
    endloop
  endfacet
  facet normal 0.321201 0.630489 0.706621
    outer loop
      vertex -23.1835 -9.68752 2.76655
      vertex -22.75 -8.22724 1.26655
      vertex -23.5 -9.52628 2.76655
    endloop
  endfacet
  facet normal 0.3212 0.630488 -0.706623
    outer loop
      vertex -22.7906 -9.88776 4.43345
      vertex -21.864 -8.67868 5.93345
      vertex -22.4741 -10.049 4.43345
    endloop
  endfacet
  facet normal 0.321238 0.630464 -0.706627
    outer loop
      vertex -21.864 -8.67868 5.93345
      vertex -22.7906 -9.88776 4.43345
      vertex -22.75 -8.22724 5.93345
    endloop
  endfacet
  facet normal 0.321255 0.63046 -0.706623
    outer loop
      vertex -22.7906 -9.88776 4.43345
      vertex -23.5 -9.52628 4.43345
      vertex -22.75 -8.22724 5.93345
    endloop
  endfacet
  facet normal -0.321235 -0.630471 -0.706622
    outer loop
      vertex -20.9149 -6.54697 3.6
      vertex -21.864 -8.67868 5.93345
      vertex -21.5833 -6.20641 3.6
    endloop
  endfacet
  facet normal -0.321241 -0.63047 -0.70662
    outer loop
      vertex -21.864 -8.67868 5.93345
      vertex -22.75 -8.22724 5.93345
      vertex -21.5833 -6.20641 3.6
    endloop
  endfacet
  facet normal -0.32124 -0.630469 0.706621
    outer loop
      vertex -20.9149 -6.54697 3.6
      vertex -22.75 -8.22724 1.26655
      vertex -21.864 -8.67868 1.26655
    endloop
  endfacet
  facet normal -0.321235 -0.630473 0.70662
    outer loop
      vertex -21.5833 -6.20641 3.6
      vertex -22.75 -8.22724 1.26655
      vertex -20.9149 -6.54697 3.6
    endloop
  endfacet
  facet normal 0.385366 0.593445 0.706623
    outer loop
      vertex -22.75 -8.22724 1.26655
      vertex -24.1678 -9.09263 2.76655
      vertex -23.5 -9.52628 2.76655
    endloop
  endfacet
  facet normal 0.385368 0.593443 0.706623
    outer loop
      vertex -23.584 -7.68566 1.26655
      vertex -24.1678 -9.09263 2.76655
      vertex -22.75 -8.22724 1.26655
    endloop
  endfacet
  facet normal 0.385451 0.5934 0.706615
    outer loop
      vertex -24.1678 -9.09263 2.76655
      vertex -23.584 -7.68566 1.26655
      vertex -24.4656 -8.89919 2.76655
    endloop
  endfacet
  facet normal 0.385355 0.593452 -0.706623
    outer loop
      vertex -23.7979 -9.33284 4.43345
      vertex -22.75 -8.22724 5.93345
      vertex -23.5 -9.52628 4.43345
    endloop
  endfacet
  facet normal 0.385368 0.593442 -0.706624
    outer loop
      vertex -22.75 -8.22724 5.93345
      vertex -23.7979 -9.33284 4.43345
      vertex -23.584 -7.68566 5.93345
    endloop
  endfacet
  facet normal 0.385412 0.593427 -0.706613
    outer loop
      vertex -23.7979 -9.33284 4.43345
      vertex -24.4656 -8.89919 4.43345
      vertex -23.584 -7.68566 5.93345
    endloop
  endfacet
  facet normal -0.385388 -0.593434 -0.70662
    outer loop
      vertex -21.5833 -6.20641 3.6
      vertex -22.75 -8.22724 5.93345
      vertex -22.2124 -5.79786 3.6
    endloop
  endfacet
  facet normal -0.385368 -0.593443 -0.706624
    outer loop
      vertex -22.75 -8.22724 5.93345
      vertex -23.584 -7.68566 5.93345
      vertex -22.2124 -5.79786 3.6
    endloop
  endfacet
  facet normal -0.38537 -0.593446 0.70662
    outer loop
      vertex -21.5833 -6.20641 3.6
      vertex -23.584 -7.68566 1.26655
      vertex -22.75 -8.22724 1.26655
    endloop
  endfacet
  facet normal -0.385386 -0.593431 0.706625
    outer loop
      vertex -22.2124 -5.79786 3.6
      vertex -23.584 -7.68566 1.26655
      vertex -21.5833 -6.20641 3.6
    endloop
  endfacet
  facet normal 0.445301 0.549916 0.706611
    outer loop
      vertex -23.584 -7.68566 1.26655
      vertex -25.0844 -8.39811 2.76655
      vertex -24.4656 -8.89919 2.76655
    endloop
  endfacet
  facet normal 0.445328 0.549881 0.706622
    outer loop
      vertex -24.3567 -7.05988 1.26655
      vertex -25.0844 -8.39811 2.76655
      vertex -23.584 -7.68566 1.26655
    endloop
  endfacet
  facet normal 0.445325 0.549883 0.706622
    outer loop
      vertex -24.3567 -7.05988 1.26655
      vertex -25.3604 -8.17459 2.76655
      vertex -25.0844 -8.39811 2.76655
    endloop
  endfacet
  facet normal 0.445233 0.549968 -0.706613
    outer loop
      vertex -24.7417 -8.67567 4.43345
      vertex -23.584 -7.68566 5.93345
      vertex -24.4656 -8.89919 4.43345
    endloop
  endfacet
  facet normal 0.445325 0.549878 -0.706625
    outer loop
      vertex -23.584 -7.68566 5.93345
      vertex -24.7417 -8.67567 4.43345
      vertex -24.3567 -7.05988 5.93345
    endloop
  endfacet
  facet normal 0.445337 0.549873 -0.706622
    outer loop
      vertex -25.3604 -8.17459 4.43345
      vertex -24.3567 -7.05988 5.93345
      vertex -24.7417 -8.67567 4.43345
    endloop
  endfacet
  facet normal -0.445286 -0.54991 -0.706625
    outer loop
      vertex -22.2124 -5.79786 3.6
      vertex -23.584 -7.68566 5.93345
      vertex -22.7954 -5.32578 3.6
    endloop
  endfacet
  facet normal -0.445331 -0.549886 -0.706616
    outer loop
      vertex -23.584 -7.68566 5.93345
      vertex -24.3567 -7.05988 5.93345
      vertex -22.7954 -5.32578 3.6
    endloop
  endfacet
  facet normal -0.445326 -0.549879 0.706624
    outer loop
      vertex -22.2124 -5.79786 3.6
      vertex -24.3567 -7.05988 1.26655
      vertex -23.584 -7.68566 1.26655
    endloop
  endfacet
  facet normal -0.445293 -0.549919 0.706614
    outer loop
      vertex -22.7954 -5.32578 3.6
      vertex -24.3567 -7.05988 1.26655
      vertex -22.2124 -5.79786 3.6
    endloop
  endfacet
  facet normal 0.500321 0.500364 0.706622
    outer loop
      vertex -25.0599 -6.35674 1.26655
      vertex -25.3604 -8.17459 2.76655
      vertex -24.3567 -7.05988 1.26655
    endloop
  endfacet
  facet normal 0.500329 0.50036 0.706619
    outer loop
      vertex -25.3604 -8.17459 2.76655
      vertex -25.0599 -6.35674 1.26655
      vertex -26.1746 -7.36044 2.76655
    endloop
  endfacet
  facet normal 0.500321 0.500364 -0.706622
    outer loop
      vertex -25.3604 -8.17459 4.43345
      vertex -25.0599 -6.35674 5.93345
      vertex -24.3567 -7.05988 5.93345
    endloop
  endfacet
  facet normal 0.500329 0.50036 -0.706619
    outer loop
      vertex -25.0599 -6.35674 5.93345
      vertex -25.3604 -8.17459 4.43345
      vertex -26.1746 -7.36044 4.43345
    endloop
  endfacet
  facet normal -0.500358 -0.500339 -0.706613
    outer loop
      vertex -24.3567 -7.05988 5.93345
      vertex -23.3258 -4.79536 3.6
      vertex -22.7954 -5.32578 3.6
    endloop
  endfacet
  facet normal -0.500321 -0.500364 -0.706622
    outer loop
      vertex -23.3258 -4.79536 3.6
      vertex -24.3567 -7.05988 5.93345
      vertex -25.0599 -6.35674 5.93345
    endloop
  endfacet
  facet normal -0.500358 -0.500339 0.706613
    outer loop
      vertex -23.3258 -4.79536 3.6
      vertex -24.3567 -7.05988 1.26655
      vertex -22.7954 -5.32578 3.6
    endloop
  endfacet
  facet normal -0.500321 -0.500364 0.706622
    outer loop
      vertex -24.3567 -7.05988 1.26655
      vertex -23.3258 -4.79536 3.6
      vertex -25.0599 -6.35674 1.26655
    endloop
  endfacet
  facet normal 0.549894 0.445315 0.70662
    outer loop
      vertex -25.0599 -6.35674 1.26655
      vertex -26.6757 -6.74166 2.76655
      vertex -26.1746 -7.36044 2.76655
    endloop
  endfacet
  facet normal 0.549897 0.445309 0.706621
    outer loop
      vertex -25.6857 -5.58396 1.26655
      vertex -26.6757 -6.74166 2.76655
      vertex -25.0599 -6.35674 1.26655
    endloop
  endfacet
  facet normal 0.549921 0.445284 0.706618
    outer loop
      vertex -25.6857 -5.58396 1.26655
      vertex -26.8992 -6.46564 2.76655
      vertex -26.6757 -6.74166 2.76655
    endloop
  endfacet
  facet normal 0.549921 0.445284 -0.706619
    outer loop
      vertex -26.3981 -7.08442 4.43345
      vertex -25.0599 -6.35674 5.93345
      vertex -26.1746 -7.36044 4.43345
    endloop
  endfacet
  facet normal 0.549902 0.445312 -0.706615
    outer loop
      vertex -25.0599 -6.35674 5.93345
      vertex -26.3981 -7.08442 4.43345
      vertex -25.6857 -5.58396 5.93345
    endloop
  endfacet
  facet normal 0.549896 0.445316 -0.706617
    outer loop
      vertex -26.8992 -6.46564 4.43345
      vertex -25.6857 -5.58396 5.93345
      vertex -26.3981 -7.08442 4.43345
    endloop
  endfacet
  facet normal -0.549892 -0.445313 -0.706623
    outer loop
      vertex -23.3258 -4.79536 3.6
      vertex -25.0599 -6.35674 5.93345
      vertex -23.7979 -4.21239 3.6
    endloop
  endfacet
  facet normal -0.549897 -0.445308 -0.706622
    outer loop
      vertex -25.0599 -6.35674 5.93345
      vertex -25.6857 -5.58396 5.93345
      vertex -23.7979 -4.21239 3.6
    endloop
  endfacet
  facet normal -0.549896 -0.445308 0.706623
    outer loop
      vertex -23.3258 -4.79536 3.6
      vertex -25.6857 -5.58396 1.26655
      vertex -25.0599 -6.35674 1.26655
    endloop
  endfacet
  facet normal -0.549893 -0.445313 0.706622
    outer loop
      vertex -23.7979 -4.21239 3.6
      vertex -25.6857 -5.58396 1.26655
      vertex -23.3258 -4.79536 3.6
    endloop
  endfacet
  facet normal 0.593463 0.385351 0.706616
    outer loop
      vertex -25.6857 -5.58396 1.26655
      vertex -27.3328 -5.79787 2.76655
      vertex -26.8992 -6.46564 2.76655
    endloop
  endfacet
  facet normal 0.593466 0.385344 0.706618
    outer loop
      vertex -26.2272 -4.75 1.26655
      vertex -27.3328 -5.79787 2.76655
      vertex -25.6857 -5.58396 1.26655
    endloop
  endfacet
  facet normal 0.593373 0.385462 0.706631
    outer loop
      vertex -27.3328 -5.79787 2.76655
      vertex -26.2272 -4.75 1.26655
      vertex -27.5263 -5.5 2.76655
    endloop
  endfacet
  facet normal 0.593477 0.385331 -0.706615
    outer loop
      vertex -27.0926 -6.16777 4.43345
      vertex -25.6857 -5.58396 5.93345
      vertex -26.8992 -6.46564 4.43345
    endloop
  endfacet
  facet normal 0.593469 0.385346 -0.706614
    outer loop
      vertex -25.6857 -5.58396 5.93345
      vertex -27.0926 -6.16777 4.43345
      vertex -26.2272 -4.75 5.93345
    endloop
  endfacet
  facet normal 0.593408 0.385404 -0.706633
    outer loop
      vertex -27.5263 -5.5 4.43345
      vertex -26.2272 -4.75 5.93345
      vertex -27.0926 -6.16777 4.43345
    endloop
  endfacet
  facet normal -0.593461 -0.385346 -0.706621
    outer loop
      vertex -23.7979 -4.21239 3.6
      vertex -25.6857 -5.58396 5.93345
      vertex -24.2064 -3.58327 3.6
    endloop
  endfacet
  facet normal -0.593464 -0.385343 -0.70662
    outer loop
      vertex -25.6857 -5.58396 5.93345
      vertex -26.2272 -4.75 5.93345
      vertex -24.2064 -3.58327 3.6
    endloop
  endfacet
  facet normal -0.593463 -0.385343 0.706621
    outer loop
      vertex -23.7979 -4.21239 3.6
      vertex -26.2272 -4.75 1.26655
      vertex -25.6857 -5.58396 1.26655
    endloop
  endfacet
  facet normal -0.593462 -0.385346 0.70662
    outer loop
      vertex -24.2064 -3.58327 3.6
      vertex -26.2272 -4.75 1.26655
      vertex -23.7979 -4.21239 3.6
    endloop
  endfacet
  facet normal 0.630449 0.321249 0.706635
    outer loop
      vertex -26.2272 -4.75 1.26655
      vertex -27.8878 -4.79056 2.76655
      vertex -27.5263 -5.5 2.76655
    endloop
  endfacet
  facet normal 0.630444 0.32127 0.70663
    outer loop
      vertex -26.6787 -3.864 1.26655
      vertex -27.8878 -4.79056 2.76655
      vertex -26.2272 -4.75 1.26655
    endloop
  endfacet
  facet normal 0.630506 0.321171 0.706619
    outer loop
      vertex -28.049 -4.4741 2.76655
      vertex -27.8878 -4.79056 2.76655
      vertex -26.6787 -3.864 1.26655
    endloop
  endfacet
  facet normal 0.630495 0.321165 -0.706633
    outer loop
      vertex -27.6875 -5.18354 4.43345
      vertex -26.2272 -4.75 5.93345
      vertex -27.5263 -5.5 4.43345
    endloop
  endfacet
  facet normal 0.630451 0.321274 -0.706622
    outer loop
      vertex -26.2272 -4.75 5.93345
      vertex -27.6875 -5.18354 4.43345
      vertex -26.6787 -3.864 5.93345
    endloop
  endfacet
  facet normal 0.630465 0.321258 -0.706617
    outer loop
      vertex -28.049 -4.4741 4.43345
      vertex -26.6787 -3.864 5.93345
      vertex -27.6875 -5.18354 4.43345
    endloop
  endfacet
  facet normal -0.630452 -0.321277 -0.70662
    outer loop
      vertex -24.2064 -3.58327 3.6
      vertex -26.2272 -4.75 5.93345
      vertex -24.547 -2.9149 3.6
    endloop
  endfacet
  facet normal -0.630454 -0.321275 -0.706619
    outer loop
      vertex -26.2272 -4.75 5.93345
      vertex -26.6787 -3.864 5.93345
      vertex -24.547 -2.9149 3.6
    endloop
  endfacet
  facet normal -0.630453 -0.321275 0.706619
    outer loop
      vertex -24.2064 -3.58327 3.6
      vertex -26.6787 -3.864 1.26655
      vertex -26.2272 -4.75 1.26655
    endloop
  endfacet
  facet normal -0.630453 -0.321277 0.706619
    outer loop
      vertex -24.547 -2.9149 3.6
      vertex -26.6787 -3.864 1.26655
      vertex -24.2064 -3.58327 3.6
    endloop
  endfacet
  facet normal 0.66061 0.253551 0.706617
    outer loop
      vertex -26.6787 -3.864 1.26655
      vertex -28.3343 -3.73077 2.76655
      vertex -28.049 -4.4741 2.76655
    endloop
  endfacet
  facet normal 0.66061 0.253545 0.706618
    outer loop
      vertex -27.035 -2.93566 1.26655
      vertex -28.3343 -3.73077 2.76655
      vertex -26.6787 -3.864 1.26655
    endloop
  endfacet
  facet normal 0.660579 0.253609 0.706625
    outer loop
      vertex -28.3343 -3.73077 2.76655
      vertex -27.035 -2.93566 1.26655
      vertex -28.4616 -3.39919 2.76655
    endloop
  endfacet
  facet normal 0.660585 0.253611 -0.706618
    outer loop
      vertex -28.1763 -4.14252 4.43345
      vertex -26.6787 -3.864 5.93345
      vertex -28.049 -4.4741 4.43345
    endloop
  endfacet
  facet normal 0.660604 0.253542 -0.706625
    outer loop
      vertex -26.6787 -3.864 5.93345
      vertex -28.1763 -4.14252 4.43345
      vertex -27.035 -2.93566 5.93345
    endloop
  endfacet
  facet normal 0.660601 0.253547 -0.706626
    outer loop
      vertex -28.1763 -4.14252 4.43345
      vertex -28.4616 -3.39919 4.43345
      vertex -27.035 -2.93566 5.93345
    endloop
  endfacet
  facet normal -0.660605 -0.253556 -0.706619
    outer loop
      vertex -24.547 -2.9149 3.6
      vertex -26.6787 -3.864 5.93345
      vertex -24.8158 -2.21458 3.6
    endloop
  endfacet
  facet normal -0.660611 -0.253545 -0.706617
    outer loop
      vertex -26.6787 -3.864 5.93345
      vertex -27.035 -2.93566 5.93345
      vertex -24.8158 -2.21458 3.6
    endloop
  endfacet
  facet normal -0.66061 -0.253544 0.706619
    outer loop
      vertex -24.547 -2.9149 3.6
      vertex -27.035 -2.93566 1.26655
      vertex -26.6787 -3.864 1.26655
    endloop
  endfacet
  facet normal -0.660607 -0.253557 0.706617
    outer loop
      vertex -24.8158 -2.21458 3.6
      vertex -27.035 -2.93566 1.26655
      vertex -24.547 -2.9149 3.6
    endloop
  endfacet
  facet normal 0.683472 0.183156 0.706626
    outer loop
      vertex -27.035 -2.93566 1.26655
      vertex -28.6677 -2.6301 2.76655
      vertex -28.4616 -3.39919 2.76655
    endloop
  endfacet
  facet normal 0.683472 0.18316 0.706625
    outer loop
      vertex -27.2924 -1.97516 1.26655
      vertex -28.6677 -2.6301 2.76655
      vertex -27.035 -2.93566 1.26655
    endloop
  endfacet
  facet normal 0.683497 0.183092 0.706618
    outer loop
      vertex -28.6677 -2.6301 2.76655
      vertex -27.2924 -1.97516 1.26655
      vertex -28.7596 -2.28703 2.76655
    endloop
  endfacet
  facet normal 0.683491 0.18309 -0.706624
    outer loop
      vertex -28.5535 -3.05612 4.43345
      vertex -27.035 -2.93566 5.93345
      vertex -28.4616 -3.39919 4.43345
    endloop
  endfacet
  facet normal 0.683479 0.183162 -0.706618
    outer loop
      vertex -27.035 -2.93566 5.93345
      vertex -28.5535 -3.05612 4.43345
      vertex -27.2924 -1.97516 5.93345
    endloop
  endfacet
  facet normal 0.683481 0.183159 -0.706617
    outer loop
      vertex -28.5535 -3.05612 4.43345
      vertex -28.7596 -2.28703 4.43345
      vertex -27.2924 -1.97516 5.93345
    endloop
  endfacet
  facet normal -0.683499 -0.183098 -0.706614
    outer loop
      vertex -24.8158 -2.21458 3.6
      vertex -27.035 -2.93566 5.93345
      vertex -25.0099 -1.49001 3.6
    endloop
  endfacet
  facet normal -0.683469 -0.18316 -0.706627
    outer loop
      vertex -27.035 -2.93566 5.93345
      vertex -27.2924 -1.97516 5.93345
      vertex -25.0099 -1.49001 3.6
    endloop
  endfacet
  facet normal -0.68348 -0.183163 0.706616
    outer loop
      vertex -24.8158 -2.21458 3.6
      vertex -27.2924 -1.97516 1.26655
      vertex -27.035 -2.93566 1.26655
    endloop
  endfacet
  facet normal -0.683485 -0.183094 0.706629
    outer loop
      vertex -25.0099 -1.49001 3.6
      vertex -27.2924 -1.97516 1.26655
      vertex -24.8158 -2.21458 3.6
    endloop
  endfacet
  facet normal 0.698878 0.11073 0.706618
    outer loop
      vertex -28.8842 -1.50061 2.76655
      vertex -28.7596 -2.28703 2.76655
      vertex -27.2924 -1.97516 1.26655
    endloop
  endfacet
  facet normal 0.698877 0.110723 0.706619
    outer loop
      vertex -27.448 -0.99302 1.26655
      vertex -28.8842 -1.50061 2.76655
      vertex -27.2924 -1.97516 1.26655
    endloop
  endfacet
  facet normal 0.698915 0.110575 0.706605
    outer loop
      vertex -27.448 -0.99302 1.26655
      vertex -28.9397 -1.14981 2.76655
      vertex -28.8842 -1.50061 2.76655
    endloop
  endfacet
  facet normal 0.698871 0.110767 -0.706619
    outer loop
      vertex -28.8152 -1.93623 4.43345
      vertex -27.2924 -1.97516 5.93345
      vertex -28.7596 -2.28703 4.43345
    endloop
  endfacet
  facet normal 0.698874 0.110722 -0.706623
    outer loop
      vertex -27.2924 -1.97516 5.93345
      vertex -28.8152 -1.93623 4.43345
      vertex -27.448 -0.99302 5.93345
    endloop
  endfacet
  facet normal 0.698906 0.110645 -0.706604
    outer loop
      vertex -28.9397 -1.14981 4.43345
      vertex -27.448 -0.99302 5.93345
      vertex -28.8152 -1.93623 4.43345
    endloop
  endfacet
  facet normal -0.698865 -0.110739 -0.706629
    outer loop
      vertex -25.0099 -1.49001 3.6
      vertex -27.2924 -1.97516 5.93345
      vertex -25.1273 -0.749107 3.6
    endloop
  endfacet
  facet normal -0.698871 -0.110722 -0.706626
    outer loop
      vertex -27.2924 -1.97516 5.93345
      vertex -27.448 -0.99302 5.93345
      vertex -25.1273 -0.749107 3.6
    endloop
  endfacet
  facet normal -0.698868 -0.110721 0.706629
    outer loop
      vertex -25.0099 -1.49001 3.6
      vertex -27.448 -0.99302 1.26655
      vertex -27.2924 -1.97516 1.26655
    endloop
  endfacet
  facet normal -0.698869 -0.110739 0.706625
    outer loop
      vertex -25.1273 -0.749107 3.6
      vertex -27.448 -0.99302 1.26655
      vertex -25.0099 -1.49001 3.6
    endloop
  endfacet
  facet normal 0.706639 0.0370593 0.706603
    outer loop
      vertex -27.448 -0.99302 1.26655
      vertex -28.9814 -0.354683 2.76655
      vertex -28.9397 -1.14981 2.76655
    endloop
  endfacet
  facet normal 0.706621 0.0370561 0.706621
    outer loop
      vertex -28.9814 -0.354683 2.76655
      vertex -27.5 0 1.26655
      vertex -29 0 2.76655
    endloop
  endfacet
  facet normal 0.706629 0.037003 0.706616
    outer loop
      vertex -27.5 0 1.26655
      vertex -28.9814 -0.354683 2.76655
      vertex -27.448 -0.99302 1.26655
    endloop
  endfacet
  facet normal 0.706637 0.0370034 -0.706608
    outer loop
      vertex -27.448 -0.99302 5.93345
      vertex -28.9583 -0.79513 4.43345
      vertex -27.5 0 5.93345
    endloop
  endfacet
  facet normal 0.706639 0.0370573 -0.706603
    outer loop
      vertex -28.9583 -0.79513 4.43345
      vertex -27.448 -0.99302 5.93345
      vertex -28.9397 -1.14981 4.43345
    endloop
  endfacet
  facet normal 0.706621 0.0370582 -0.706621
    outer loop
      vertex -28.9583 -0.79513 4.43345
      vertex -29 0 4.43345
      vertex -27.5 0 5.93345
    endloop
  endfacet
  facet normal -0.706621 -0.0369768 -0.706625
    outer loop
      vertex -25.1273 -0.749107 3.6
      vertex -27.448 -0.99302 5.93345
      vertex -25.1665 0 3.6
    endloop
  endfacet
  facet normal -0.706615 -0.0370023 -0.70663
    outer loop
      vertex -27.448 -0.99302 5.93345
      vertex -27.5 0 5.93345
      vertex -25.1665 0 3.6
    endloop
  endfacet
  facet normal -0.706619 -0.0370025 0.706626
    outer loop
      vertex -25.1273 -0.749107 3.6
      vertex -27.5 0 1.26655
      vertex -27.448 -0.99302 1.26655
    endloop
  endfacet
  facet normal -0.706616 -0.0369765 0.706631
    outer loop
      vertex -25.1665 0 3.6
      vertex -27.5 0 1.26655
      vertex -25.1273 -0.749107 3.6
    endloop
  endfacet
  facet normal 0.98768 0.156488 0
    outer loop
      vertex 28.8842 1.50061 2.76655
      vertex 28.7596 2.28703 0.599999
      vertex 28.7596 2.28703 2.76655
    endloop
  endfacet
  facet normal 0.987715 0.156266 -0
    outer loop
      vertex 28.9397 1.14981 0.599999
      vertex 28.8842 1.50061 2.76655
      vertex 28.9397 1.14981 2.76655
    endloop
  endfacet
  facet normal 0.987691 0.156419 -2.54034e-05
    outer loop
      vertex 28.8842 1.50061 2.76655
      vertex 28.9397 1.14981 0.599999
      vertex 28.7596 2.28703 0.599999
    endloop
  endfacet
  facet normal 0.987671 0.156541 0
    outer loop
      vertex 28.7596 2.28703 6.6
      vertex 28.8152 1.93623 4.43345
      vertex 28.7596 2.28703 4.43345
    endloop
  endfacet
  facet normal 0.987691 0.156419 2.01848e-05
    outer loop
      vertex 28.9397 1.14981 6.6
      vertex 28.8152 1.93623 4.43345
      vertex 28.7596 2.28703 6.6
    endloop
  endfacet
  facet normal 0.987699 0.156365 0
    outer loop
      vertex 28.8152 1.93623 4.43345
      vertex 28.9397 1.14981 6.6
      vertex 28.9397 1.14981 4.43345
    endloop
  endfacet
  facet normal 0.998628 0.0523725 0
    outer loop
      vertex 28.9814 0.354683 2.76655
      vertex 28.9397 1.14981 0.599999
      vertex 28.9397 1.14981 2.76655
    endloop
  endfacet
  facet normal 0.998628 0.0523692 -0
    outer loop
      vertex 29 0 0.599999
      vertex 28.9814 0.354683 2.76655
      vertex 29 0 2.76655
    endloop
  endfacet
  facet normal 0.998628 0.0523715 -3.68364e-07
    outer loop
      vertex 28.9814 0.354683 2.76655
      vertex 29 0 0.599999
      vertex 28.9397 1.14981 0.599999
    endloop
  endfacet
  facet normal 0.998628 0.0523697 0
    outer loop
      vertex 28.9397 1.14981 6.6
      vertex 28.9583 0.79513 4.43345
      vertex 28.9397 1.14981 4.43345
    endloop
  endfacet
  facet normal 0.998628 0.0523715 -2.95846e-07
    outer loop
      vertex 29 0 6.6
      vertex 28.9583 0.79513 4.43345
      vertex 28.9397 1.14981 6.6
    endloop
  endfacet
  facet normal 0.998628 0.0523723 0
    outer loop
      vertex 28.9583 0.79513 4.43345
      vertex 29 0 6.6
      vertex 29 0 4.43345
    endloop
  endfacet
  facet normal 0.358339 -0.933591 0
    outer loop
      vertex 22.1425 -10.1763 4.43345
      vertex 21.3992 -10.4616 6.6
      vertex 21.3992 -10.4616 4.43345
    endloop
  endfacet
  facet normal 0.358356 -0.933585 6.65866e-06
    outer loop
      vertex 21.3992 -10.4616 6.6
      vertex 22.1425 -10.1763 4.43345
      vertex 22.4741 -10.049 6.6
    endloop
  endfacet
  facet normal 0.358394 -0.93357 0
    outer loop
      vertex 22.4741 -10.049 6.6
      vertex 22.1425 -10.1763 4.43345
      vertex 22.4741 -10.049 4.43345
    endloop
  endfacet
  facet normal 0.358394 -0.93357 0
    outer loop
      vertex 21.3992 -10.4616 2.76655
      vertex 21.3992 -10.4616 0.599999
      vertex 21.7308 -10.3343 2.76655
    endloop
  endfacet
  facet normal 0.358356 -0.933585 6.65865e-06
    outer loop
      vertex 22.4741 -10.049 0.599999
      vertex 21.7308 -10.3343 2.76655
      vertex 21.3992 -10.4616 0.599999
    endloop
  endfacet
  facet normal 0.358339 -0.933591 0
    outer loop
      vertex 21.7308 -10.3343 2.76655
      vertex 22.4741 -10.049 0.599999
      vertex 22.4741 -10.049 2.76655
    endloop
  endfacet
  facet normal 0.629309 -0.777155 0
    outer loop
      vertex 25.0844 -8.39811 4.43345
      vertex 24.4656 -8.89919 6.6
      vertex 24.4656 -8.89919 4.43345
    endloop
  endfacet
  facet normal 0.629323 -0.777144 6.45245e-06
    outer loop
      vertex 24.4656 -8.89919 6.6
      vertex 25.0844 -8.39811 4.43345
      vertex 25.3604 -8.17459 6.6
    endloop
  endfacet
  facet normal 0.629354 -0.777119 0
    outer loop
      vertex 25.3604 -8.17459 6.6
      vertex 25.0844 -8.39811 4.43345
      vertex 25.3604 -8.17459 4.43345
    endloop
  endfacet
  facet normal 0.629216 -0.77723 0
    outer loop
      vertex 24.4656 -8.89919 0.599999
      vertex 24.7417 -8.67567 2.76655
      vertex 24.4656 -8.89919 2.76655
    endloop
  endfacet
  facet normal 0.629323 -0.777144 -2.25948e-05
    outer loop
      vertex 25.3604 -8.17459 0.599999
      vertex 24.7417 -8.67567 2.76655
      vertex 24.4656 -8.89919 0.599999
    endloop
  endfacet
  facet normal 0.629371 -0.777105 0
    outer loop
      vertex 24.7417 -8.67567 2.76655
      vertex 25.3604 -8.17459 0.599999
      vertex 25.3604 -8.17459 2.76655
    endloop
  endfacet
  facet normal 0.987715 -0.156266 0
    outer loop
      vertex 28.9397 -1.14981 6.6
      vertex 28.8842 -1.50061 4.43345
      vertex 28.9397 -1.14981 4.43345
    endloop
  endfacet
  facet normal 0.987691 -0.156419 2.54034e-05
    outer loop
      vertex 28.7596 -2.28703 6.6
      vertex 28.8842 -1.50061 4.43345
      vertex 28.9397 -1.14981 6.6
    endloop
  endfacet
  facet normal 0.98768 -0.156488 0
    outer loop
      vertex 28.8842 -1.50061 4.43345
      vertex 28.7596 -2.28703 6.6
      vertex 28.7596 -2.28703 4.43345
    endloop
  endfacet
  facet normal 0.987699 -0.156365 0
    outer loop
      vertex 28.8152 -1.93623 2.76655
      vertex 28.9397 -1.14981 0.599999
      vertex 28.9397 -1.14981 2.76655
    endloop
  endfacet
  facet normal 0.987671 -0.156541 0
    outer loop
      vertex 28.7596 -2.28703 0.599999
      vertex 28.8152 -1.93623 2.76655
      vertex 28.7596 -2.28703 2.76655
    endloop
  endfacet
  facet normal 0.987691 -0.156419 -2.01848e-05
    outer loop
      vertex 28.8152 -1.93623 2.76655
      vertex 28.7596 -2.28703 0.599999
      vertex 28.9397 -1.14981 0.599999
    endloop
  endfacet
  facet normal -0.358394 0.93357 0
    outer loop
      vertex 14.6008 10.4616 2.76655
      vertex 14.6008 10.4616 0.599999
      vertex 14.2692 10.3343 2.76655
    endloop
  endfacet
  facet normal -0.358356 0.933585 6.65865e-06
    outer loop
      vertex 13.5259 10.049 0.599999
      vertex 14.2692 10.3343 2.76655
      vertex 14.6008 10.4616 0.599999
    endloop
  endfacet
  facet normal -0.358339 0.933591 0
    outer loop
      vertex 14.2692 10.3343 2.76655
      vertex 13.5259 10.049 0.599999
      vertex 13.5259 10.049 2.76655
    endloop
  endfacet
  facet normal -0.358339 0.933591 0
    outer loop
      vertex 13.8575 10.1763 4.43345
      vertex 14.6008 10.4616 6.6
      vertex 14.6008 10.4616 4.43345
    endloop
  endfacet
  facet normal -0.358356 0.933585 6.65866e-06
    outer loop
      vertex 14.6008 10.4616 6.6
      vertex 13.8575 10.1763 4.43345
      vertex 13.5259 10.049 6.6
    endloop
  endfacet
  facet normal -0.358394 0.93357 0
    outer loop
      vertex 13.5259 10.049 6.6
      vertex 13.8575 10.1763 4.43345
      vertex 13.5259 10.049 4.43345
    endloop
  endfacet
  facet normal 0.156422 0.98769 2.58488e-05
    outer loop
      vertex 19.5006 10.8842 4.43345
      vertex 19.1498 10.9397 6.6
      vertex 20.287 10.7596 6.6
    endloop
  endfacet
  facet normal 0.156266 0.987715 0
    outer loop
      vertex 19.1498 10.9397 6.6
      vertex 19.5006 10.8842 4.43345
      vertex 19.1498 10.9397 4.43345
    endloop
  endfacet
  facet normal 0.156491 0.987679 0
    outer loop
      vertex 19.5006 10.8842 4.43345
      vertex 20.287 10.7596 6.6
      vertex 20.287 10.7596 4.43345
    endloop
  endfacet
  facet normal 0.156541 0.987671 -0
    outer loop
      vertex 20.287 10.7596 0.599999
      vertex 19.9362 10.8152 2.76655
      vertex 20.287 10.7596 2.76655
    endloop
  endfacet
  facet normal 0.156422 0.98769 -1.97394e-05
    outer loop
      vertex 19.1498 10.9397 0.599999
      vertex 19.9362 10.8152 2.76655
      vertex 20.287 10.7596 0.599999
    endloop
  endfacet
  facet normal 0.156369 0.987699 0
    outer loop
      vertex 19.9362 10.8152 2.76655
      vertex 19.1498 10.9397 0.599999
      vertex 19.1498 10.9397 2.76655
    endloop
  endfacet
  facet normal 0.258843 -0.965919 0
    outer loop
      vertex 21.0561 -10.5535 4.43345
      vertex 20.287 -10.7596 6.6
      vertex 20.287 -10.7596 4.43345
    endloop
  endfacet
  facet normal 0.258808 -0.965929 -1.30761e-05
    outer loop
      vertex 20.287 -10.7596 6.6
      vertex 21.0561 -10.5535 4.43345
      vertex 21.3992 -10.4616 6.6
    endloop
  endfacet
  facet normal 0.258731 -0.965949 0
    outer loop
      vertex 21.3992 -10.4616 6.6
      vertex 21.0561 -10.5535 4.43345
      vertex 21.3992 -10.4616 4.43345
    endloop
  endfacet
  facet normal 0.258731 -0.965949 0
    outer loop
      vertex 20.287 -10.7596 0.599999
      vertex 20.6301 -10.6677 2.76655
      vertex 20.287 -10.7596 2.76655
    endloop
  endfacet
  facet normal 0.258808 -0.965929 -1.30761e-05
    outer loop
      vertex 21.3992 -10.4616 0.599999
      vertex 20.6301 -10.6677 2.76655
      vertex 20.287 -10.7596 0.599999
    endloop
  endfacet
  facet normal 0.258843 -0.965919 0
    outer loop
      vertex 20.6301 -10.6677 2.76655
      vertex 21.3992 -10.4616 0.599999
      vertex 21.3992 -10.4616 2.76655
    endloop
  endfacet
  facet normal 0.998628 -0.0523692 0
    outer loop
      vertex 29 0 6.6
      vertex 28.9814 -0.354683 4.43345
      vertex 29 0 4.43345
    endloop
  endfacet
  facet normal 0.998628 -0.0523715 3.68364e-07
    outer loop
      vertex 28.9397 -1.14981 6.6
      vertex 28.9814 -0.354683 4.43345
      vertex 29 0 6.6
    endloop
  endfacet
  facet normal 0.998628 -0.0523725 0
    outer loop
      vertex 28.9814 -0.354683 4.43345
      vertex 28.9397 -1.14981 6.6
      vertex 28.9397 -1.14981 4.43345
    endloop
  endfacet
  facet normal 0.998628 -0.0523723 0
    outer loop
      vertex 28.9583 -0.79513 2.76655
      vertex 29 0 0.599999
      vertex 29 0 2.76655
    endloop
  endfacet
  facet normal 0.998628 -0.0523697 0
    outer loop
      vertex 28.9397 -1.14981 0.599999
      vertex 28.9583 -0.79513 2.76655
      vertex 28.9397 -1.14981 2.76655
    endloop
  endfacet
  facet normal 0.998628 -0.0523715 2.95845e-07
    outer loop
      vertex 28.9583 -0.79513 2.76655
      vertex 28.9397 -1.14981 0.599999
      vertex 29 0 0.599999
    endloop
  endfacet
  facet normal -0.987688 -0.156439 0
    outer loop
      vertex 7.18482 -1.93623 4.43345
      vertex 7.06026 -1.14981 6.6
      vertex 7.06026 -1.14981 4.43345
    endloop
  endfacet
  facet normal -0.987689 -0.156431 -0
    outer loop
      vertex 7.24038 -2.28703 6.6
      vertex 7.18482 -1.93623 4.43345
      vertex 7.24038 -2.28703 4.43345
    endloop
  endfacet
  facet normal -0.987688 -0.156436 -8.62999e-07
    outer loop
      vertex 7.18482 -1.93623 4.43345
      vertex 7.24038 -2.28703 6.6
      vertex 7.06026 -1.14981 6.6
    endloop
  endfacet
  facet normal -0.987689 -0.156431 0
    outer loop
      vertex 7.06026 -1.14981 0.599999
      vertex 7.11582 -1.50061 2.76655
      vertex 7.06026 -1.14981 2.76655
    endloop
  endfacet
  facet normal -0.987688 -0.156436 -8.62999e-07
    outer loop
      vertex 7.24038 -2.28703 0.599999
      vertex 7.11582 -1.50061 2.76655
      vertex 7.06026 -1.14981 0.599999
    endloop
  endfacet
  facet normal -0.987688 -0.156439 0
    outer loop
      vertex 7.11582 -1.50061 2.76655
      vertex 7.24038 -2.28703 0.599999
      vertex 7.24038 -2.28703 2.76655
    endloop
  endfacet
  facet normal -0.156422 -0.98769 2.58488e-05
    outer loop
      vertex 16.4994 -10.8842 4.43345
      vertex 16.8502 -10.9397 6.6
      vertex 15.713 -10.7596 6.6
    endloop
  endfacet
  facet normal -0.156266 -0.987715 -0
    outer loop
      vertex 16.8502 -10.9397 6.6
      vertex 16.4994 -10.8842 4.43345
      vertex 16.8502 -10.9397 4.43345
    endloop
  endfacet
  facet normal -0.156491 -0.987679 0
    outer loop
      vertex 16.4994 -10.8842 4.43345
      vertex 15.713 -10.7596 6.6
      vertex 15.713 -10.7596 4.43345
    endloop
  endfacet
  facet normal -0.156541 -0.987671 0
    outer loop
      vertex 15.713 -10.7596 0.599999
      vertex 16.0638 -10.8152 2.76655
      vertex 15.713 -10.7596 2.76655
    endloop
  endfacet
  facet normal -0.156422 -0.98769 -1.97394e-05
    outer loop
      vertex 16.8502 -10.9397 0.599999
      vertex 16.0638 -10.8152 2.76655
      vertex 15.713 -10.7596 0.599999
    endloop
  endfacet
  facet normal -0.156369 -0.987699 0
    outer loop
      vertex 16.0638 -10.8152 2.76655
      vertex 16.8502 -10.9397 0.599999
      vertex 16.8502 -10.9397 2.76655
    endloop
  endfacet
  facet normal 0.258731 0.965949 -0
    outer loop
      vertex 21.3992 10.4616 0.599999
      vertex 21.0561 10.5535 2.76655
      vertex 21.3992 10.4616 2.76655
    endloop
  endfacet
  facet normal 0.258808 0.965929 1.30761e-05
    outer loop
      vertex 20.287 10.7596 0.599999
      vertex 21.0561 10.5535 2.76655
      vertex 21.3992 10.4616 0.599999
    endloop
  endfacet
  facet normal 0.258843 0.965919 0
    outer loop
      vertex 21.0561 10.5535 2.76655
      vertex 20.287 10.7596 0.599999
      vertex 20.287 10.7596 2.76655
    endloop
  endfacet
  facet normal 0.258843 0.965919 0
    outer loop
      vertex 20.6301 10.6677 4.43345
      vertex 21.3992 10.4616 6.6
      vertex 21.3992 10.4616 4.43345
    endloop
  endfacet
  facet normal 0.258808 0.965929 1.30761e-05
    outer loop
      vertex 21.3992 10.4616 6.6
      vertex 20.6301 10.6677 4.43345
      vertex 20.287 10.7596 6.6
    endloop
  endfacet
  facet normal 0.258731 0.965949 0
    outer loop
      vertex 20.287 10.7596 6.6
      vertex 20.6301 10.6677 4.43345
      vertex 20.287 10.7596 4.43345
    endloop
  endfacet
  facet normal -0.544617 0.838685 0
    outer loop
      vertex 11.8322 9.09263 4.43345
      vertex 12.5 9.52628 6.6
      vertex 12.5 9.52628 4.43345
    endloop
  endfacet
  facet normal -0.544652 0.838662 1.53387e-05
    outer loop
      vertex 12.5 9.52628 6.6
      vertex 11.8322 9.09263 4.43345
      vertex 11.5344 8.89919 6.6
    endloop
  endfacet
  facet normal -0.544731 0.838611 0
    outer loop
      vertex 11.5344 8.89919 6.6
      vertex 11.8322 9.09263 4.43345
      vertex 11.5344 8.89919 4.43345
    endloop
  endfacet
  facet normal -0.544602 0.838694 0
    outer loop
      vertex 12.5 9.52628 0.599999
      vertex 12.2021 9.33284 2.76655
      vertex 12.5 9.52628 2.76655
    endloop
  endfacet
  facet normal -0.544652 0.838662 -9.80046e-06
    outer loop
      vertex 11.5344 8.89919 0.599999
      vertex 12.2021 9.33284 2.76655
      vertex 12.5 9.52628 0.599999
    endloop
  endfacet
  facet normal -0.544675 0.838647 0
    outer loop
      vertex 12.2021 9.33284 2.76655
      vertex 11.5344 8.89919 0.599999
      vertex 11.5344 8.89919 2.76655
    endloop
  endfacet
  facet normal -0.453935 0.891035 0
    outer loop
      vertex 13.5259 10.049 0.599999
      vertex 13.2094 9.88776 2.76655
      vertex 13.5259 10.049 2.76655
    endloop
  endfacet
  facet normal -0.453989 0.891007 -9.92723e-06
    outer loop
      vertex 12.5 9.52628 0.599999
      vertex 13.2094 9.88776 2.76655
      vertex 13.5259 10.049 0.599999
    endloop
  endfacet
  facet normal -0.454013 0.890995 0
    outer loop
      vertex 13.2094 9.88776 2.76655
      vertex 12.5 9.52628 0.599999
      vertex 12.5 9.52628 2.76655
    endloop
  endfacet
  facet normal -0.453989 0.891007 -9.92724e-06
    outer loop
      vertex 12.8165 9.68752 4.43345
      vertex 12.5 9.52628 6.6
      vertex 13.5259 10.049 6.6
    endloop
  endfacet
  facet normal -0.453935 0.891035 0
    outer loop
      vertex 12.5 9.52628 6.6
      vertex 12.8165 9.68752 4.43345
      vertex 12.5 9.52628 4.43345
    endloop
  endfacet
  facet normal -0.454013 0.890995 0
    outer loop
      vertex 12.8165 9.68752 4.43345
      vertex 13.5259 10.049 6.6
      vertex 13.5259 10.049 4.43345
    endloop
  endfacet
  facet normal -0.933582 -0.358364 0
    outer loop
      vertex 7.53838 -3.39919 0.599999
      vertex 7.66566 -3.73077 2.76655
      vertex 7.53838 -3.39919 2.76655
    endloop
  endfacet
  facet normal -0.93358 -0.358368 -7.99668e-07
    outer loop
      vertex 7.951 -4.4741 0.599999
      vertex 7.66566 -3.73077 2.76655
      vertex 7.53838 -3.39919 0.599999
    endloop
  endfacet
  facet normal -0.933579 -0.358371 0
    outer loop
      vertex 7.66566 -3.73077 2.76655
      vertex 7.951 -4.4741 0.599999
      vertex 7.951 -4.4741 2.76655
    endloop
  endfacet
  facet normal -0.933579 -0.358371 0
    outer loop
      vertex 7.82372 -4.14252 4.43345
      vertex 7.53838 -3.39919 6.6
      vertex 7.53838 -3.39919 4.43345
    endloop
  endfacet
  facet normal -0.933582 -0.358364 -0
    outer loop
      vertex 7.951 -4.4741 6.6
      vertex 7.82372 -4.14252 4.43345
      vertex 7.951 -4.4741 4.43345
    endloop
  endfacet
  facet normal -0.93358 -0.358368 -7.99669e-07
    outer loop
      vertex 7.82372 -4.14252 4.43345
      vertex 7.951 -4.4741 6.6
      vertex 7.53838 -3.39919 6.6
    endloop
  endfacet
  facet normal 0.544617 -0.838685 0
    outer loop
      vertex 24.1678 -9.09263 4.43345
      vertex 23.5 -9.52628 6.6
      vertex 23.5 -9.52628 4.43345
    endloop
  endfacet
  facet normal 0.544652 -0.838662 1.53387e-05
    outer loop
      vertex 23.5 -9.52628 6.6
      vertex 24.1678 -9.09263 4.43345
      vertex 24.4656 -8.89919 6.6
    endloop
  endfacet
  facet normal 0.544731 -0.838611 0
    outer loop
      vertex 24.4656 -8.89919 6.6
      vertex 24.1678 -9.09263 4.43345
      vertex 24.4656 -8.89919 4.43345
    endloop
  endfacet
  facet normal 0.544602 -0.838694 0
    outer loop
      vertex 23.5 -9.52628 0.599999
      vertex 23.7979 -9.33284 2.76655
      vertex 23.5 -9.52628 2.76655
    endloop
  endfacet
  facet normal 0.544652 -0.838662 -9.80046e-06
    outer loop
      vertex 24.4656 -8.89919 0.599999
      vertex 23.7979 -9.33284 2.76655
      vertex 23.5 -9.52628 0.599999
    endloop
  endfacet
  facet normal 0.544675 -0.838647 0
    outer loop
      vertex 23.7979 -9.33284 2.76655
      vertex 24.4656 -8.89919 0.599999
      vertex 24.4656 -8.89919 2.76655
    endloop
  endfacet
  facet normal 0.965944 -0.258753 0
    outer loop
      vertex 28.7596 -2.28703 6.6
      vertex 28.6677 -2.6301 4.43345
      vertex 28.7596 -2.28703 4.43345
    endloop
  endfacet
  facet normal 0.965926 -0.258817 1.09663e-05
    outer loop
      vertex 28.4616 -3.39919 6.6
      vertex 28.6677 -2.6301 4.43345
      vertex 28.7596 -2.28703 6.6
    endloop
  endfacet
  facet normal 0.965919 -0.258846 0
    outer loop
      vertex 28.6677 -2.6301 4.43345
      vertex 28.4616 -3.39919 6.6
      vertex 28.4616 -3.39919 4.43345
    endloop
  endfacet
  facet normal 0.965919 -0.258846 0
    outer loop
      vertex 28.5535 -3.05612 2.76655
      vertex 28.7596 -2.28703 0.599999
      vertex 28.7596 -2.28703 2.76655
    endloop
  endfacet
  facet normal 0.965944 -0.258753 0
    outer loop
      vertex 28.4616 -3.39919 0.599999
      vertex 28.5535 -3.05612 2.76655
      vertex 28.4616 -3.39919 2.76655
    endloop
  endfacet
  facet normal 0.965926 -0.258817 1.09663e-05
    outer loop
      vertex 28.5535 -3.05612 2.76655
      vertex 28.4616 -3.39919 0.599999
      vertex 28.7596 -2.28703 0.599999
    endloop
  endfacet
  facet normal 0.629354 0.777119 -0
    outer loop
      vertex 25.3604 8.17459 0.599999
      vertex 25.0844 8.39811 2.76655
      vertex 25.3604 8.17459 2.76655
    endloop
  endfacet
  facet normal 0.629323 0.777144 -6.45245e-06
    outer loop
      vertex 24.4656 8.89919 0.599999
      vertex 25.0844 8.39811 2.76655
      vertex 25.3604 8.17459 0.599999
    endloop
  endfacet
  facet normal 0.629309 0.777155 0
    outer loop
      vertex 25.0844 8.39811 2.76655
      vertex 24.4656 8.89919 0.599999
      vertex 24.4656 8.89919 2.76655
    endloop
  endfacet
  facet normal 0.629323 0.777144 2.25948e-05
    outer loop
      vertex 24.7417 8.67567 4.43345
      vertex 24.4656 8.89919 6.6
      vertex 25.3604 8.17459 6.6
    endloop
  endfacet
  facet normal 0.629216 0.77723 0
    outer loop
      vertex 24.4656 8.89919 6.6
      vertex 24.7417 8.67567 4.43345
      vertex 24.4656 8.89919 4.43345
    endloop
  endfacet
  facet normal 0.629371 0.777105 0
    outer loop
      vertex 24.7417 8.67567 4.43345
      vertex 25.3604 8.17459 6.6
      vertex 25.3604 8.17459 4.43345
    endloop
  endfacet
  facet normal -0.258843 -0.965919 0
    outer loop
      vertex 15.3699 -10.6677 4.43345
      vertex 14.6008 -10.4616 6.6
      vertex 14.6008 -10.4616 4.43345
    endloop
  endfacet
  facet normal -0.258808 -0.965929 1.30761e-05
    outer loop
      vertex 14.6008 -10.4616 6.6
      vertex 15.3699 -10.6677 4.43345
      vertex 15.713 -10.7596 6.6
    endloop
  endfacet
  facet normal -0.258731 -0.965949 -0
    outer loop
      vertex 15.713 -10.7596 6.6
      vertex 15.3699 -10.6677 4.43345
      vertex 15.713 -10.7596 4.43345
    endloop
  endfacet
  facet normal -0.258731 -0.965949 0
    outer loop
      vertex 14.6008 -10.4616 0.599999
      vertex 14.9439 -10.5535 2.76655
      vertex 14.6008 -10.4616 2.76655
    endloop
  endfacet
  facet normal -0.258808 -0.965929 1.30761e-05
    outer loop
      vertex 15.713 -10.7596 0.599999
      vertex 14.9439 -10.5535 2.76655
      vertex 14.6008 -10.4616 0.599999
    endloop
  endfacet
  facet normal -0.258843 -0.965919 0
    outer loop
      vertex 14.9439 -10.5535 2.76655
      vertex 15.713 -10.7596 0.599999
      vertex 15.713 -10.7596 2.76655
    endloop
  endfacet
  facet normal 0.838721 0.544562 0
    outer loop
      vertex 26.8992 6.46564 6.6
      vertex 27.0926 6.16777 4.43345
      vertex 26.8992 6.46564 4.43345
    endloop
  endfacet
  facet normal 0.838668 0.544643 -1.58349e-05
    outer loop
      vertex 27.5263 5.5 6.6
      vertex 27.0926 6.16777 4.43345
      vertex 26.8992 6.46564 6.6
    endloop
  endfacet
  facet normal 0.838645 0.544679 0
    outer loop
      vertex 27.0926 6.16777 4.43345
      vertex 27.5263 5.5 6.6
      vertex 27.5263 5.5 4.43345
    endloop
  endfacet
  facet normal 0.838702 0.544591 0
    outer loop
      vertex 27.3328 5.79787 2.76655
      vertex 26.8992 6.46564 0.599999
      vertex 26.8992 6.46564 2.76655
    endloop
  endfacet
  facet normal 0.838592 0.54476 -0
    outer loop
      vertex 27.5263 5.5 0.599999
      vertex 27.3328 5.79787 2.76655
      vertex 27.5263 5.5 2.76655
    endloop
  endfacet
  facet normal 0.838668 0.544643 2.2875e-05
    outer loop
      vertex 27.3328 5.79787 2.76655
      vertex 27.5263 5.5 0.599999
      vertex 26.8992 6.46564 0.599999
    endloop
  endfacet
  facet normal 0.454013 0.890995 0
    outer loop
      vertex 22.7906 9.88776 4.43345
      vertex 23.5 9.52628 6.6
      vertex 23.5 9.52628 4.43345
    endloop
  endfacet
  facet normal 0.453989 0.891007 9.92724e-06
    outer loop
      vertex 23.5 9.52628 6.6
      vertex 22.7906 9.88776 4.43345
      vertex 22.4741 10.049 6.6
    endloop
  endfacet
  facet normal 0.453935 0.891035 0
    outer loop
      vertex 22.4741 10.049 6.6
      vertex 22.7906 9.88776 4.43345
      vertex 22.4741 10.049 4.43345
    endloop
  endfacet
  facet normal 0.453935 0.891035 0
    outer loop
      vertex 23.5 9.52628 2.76655
      vertex 23.5 9.52628 0.599999
      vertex 23.1835 9.68752 2.76655
    endloop
  endfacet
  facet normal 0.453989 0.891007 9.92723e-06
    outer loop
      vertex 22.4741 10.049 0.599999
      vertex 23.1835 9.68752 2.76655
      vertex 23.5 9.52628 0.599999
    endloop
  endfacet
  facet normal 0.454013 0.890995 0
    outer loop
      vertex 23.1835 9.68752 2.76655
      vertex 22.4741 10.049 0.599999
      vertex 22.4741 10.049 2.76655
    endloop
  endfacet
  facet normal 0.777169 0.629292 0
    outer loop
      vertex 26.1746 7.36044 6.6
      vertex 26.3981 7.08442 4.43345
      vertex 26.1746 7.36044 4.43345
    endloop
  endfacet
  facet normal 0.777144 0.629323 -6.53102e-06
    outer loop
      vertex 26.8992 6.46564 6.6
      vertex 26.3981 7.08442 4.43345
      vertex 26.1746 7.36044 6.6
    endloop
  endfacet
  facet normal 0.777133 0.629337 0
    outer loop
      vertex 26.3981 7.08442 4.43345
      vertex 26.8992 6.46564 6.6
      vertex 26.8992 6.46564 4.43345
    endloop
  endfacet
  facet normal 0.777133 0.629337 0
    outer loop
      vertex 26.6757 6.74166 2.76655
      vertex 26.1746 7.36044 0.599999
      vertex 26.1746 7.36044 2.76655
    endloop
  endfacet
  facet normal 0.777169 0.629292 -0
    outer loop
      vertex 26.8992 6.46564 0.599999
      vertex 26.6757 6.74166 2.76655
      vertex 26.8992 6.46564 2.76655
    endloop
  endfacet
  facet normal 0.777144 0.629323 -6.53102e-06
    outer loop
      vertex 26.6757 6.74166 2.76655
      vertex 26.8992 6.46564 0.599999
      vertex 26.1746 7.36044 0.599999
    endloop
  endfacet
  facet normal -0.838673 -0.544635 0
    outer loop
      vertex 8.90737 -6.16777 4.43345
      vertex 8.47372 -5.5 6.6
      vertex 8.47372 -5.5 4.43345
    endloop
  endfacet
  facet normal -0.838669 -0.544641 -0
    outer loop
      vertex 9.10081 -6.46564 6.6
      vertex 8.90737 -6.16777 4.43345
      vertex 9.10081 -6.46564 4.43345
    endloop
  endfacet
  facet normal -0.838672 -0.544637 8.43159e-07
    outer loop
      vertex 8.90737 -6.16777 4.43345
      vertex 9.10081 -6.46564 6.6
      vertex 8.47372 -5.5 6.6
    endloop
  endfacet
  facet normal -0.838669 -0.544641 0
    outer loop
      vertex 8.47372 -5.5 0.599999
      vertex 8.66716 -5.79787 2.76655
      vertex 8.47372 -5.5 2.76655
    endloop
  endfacet
  facet normal -0.838672 -0.544637 8.43159e-07
    outer loop
      vertex 9.10081 -6.46564 0.599999
      vertex 8.66716 -5.79787 2.76655
      vertex 8.47372 -5.5 0.599999
    endloop
  endfacet
  facet normal -0.838673 -0.544635 0
    outer loop
      vertex 8.66716 -5.79787 2.76655
      vertex 9.10081 -6.46564 0.599999
      vertex 9.10081 -6.46564 2.76655
    endloop
  endfacet
  facet normal -0.987688 0.156439 0
    outer loop
      vertex 7.11582 1.50061 4.43345
      vertex 7.24038 2.28703 6.6
      vertex 7.24038 2.28703 4.43345
    endloop
  endfacet
  facet normal -0.987689 0.156431 0
    outer loop
      vertex 7.06026 1.14981 6.6
      vertex 7.11582 1.50061 4.43345
      vertex 7.06026 1.14981 4.43345
    endloop
  endfacet
  facet normal -0.987688 0.156436 8.62999e-07
    outer loop
      vertex 7.11582 1.50061 4.43345
      vertex 7.06026 1.14981 6.6
      vertex 7.24038 2.28703 6.6
    endloop
  endfacet
  facet normal -0.987689 0.156431 0
    outer loop
      vertex 7.24038 2.28703 0.599999
      vertex 7.18482 1.93623 2.76655
      vertex 7.24038 2.28703 2.76655
    endloop
  endfacet
  facet normal -0.987688 0.156436 8.62999e-07
    outer loop
      vertex 7.06026 1.14981 0.599999
      vertex 7.18482 1.93623 2.76655
      vertex 7.24038 2.28703 0.599999
    endloop
  endfacet
  facet normal -0.987688 0.156439 0
    outer loop
      vertex 7.18482 1.93623 2.76655
      vertex 7.06026 1.14981 0.599999
      vertex 7.06026 1.14981 2.76655
    endloop
  endfacet
  facet normal 0.707085 -0.707128 0
    outer loop
      vertex 25.3604 -8.17459 2.76655
      vertex 25.3604 -8.17459 0.599999
      vertex 26.1746 -7.36044 2.76655
    endloop
  endfacet
  facet normal 0.707085 -0.707128 0
    outer loop
      vertex 26.1746 -7.36044 2.76655
      vertex 25.3604 -8.17459 0.599999
      vertex 26.1746 -7.36044 0.599999
    endloop
  endfacet
  facet normal 0.707085 -0.707128 0
    outer loop
      vertex 25.3604 -8.17459 6.6
      vertex 25.3604 -8.17459 4.43345
      vertex 26.1746 -7.36044 6.6
    endloop
  endfacet
  facet normal 0.707085 -0.707128 0
    outer loop
      vertex 26.1746 -7.36044 6.6
      vertex 25.3604 -8.17459 4.43345
      vertex 26.1746 -7.36044 4.43345
    endloop
  endfacet
  facet normal -0.838669 0.544641 0
    outer loop
      vertex 9.10081 6.46564 0.599999
      vertex 8.90737 6.16777 2.76655
      vertex 9.10081 6.46564 2.76655
    endloop
  endfacet
  facet normal -0.838672 0.544637 -8.43159e-07
    outer loop
      vertex 8.47372 5.5 0.599999
      vertex 8.90737 6.16777 2.76655
      vertex 9.10081 6.46564 0.599999
    endloop
  endfacet
  facet normal -0.838673 0.544635 0
    outer loop
      vertex 8.90737 6.16777 2.76655
      vertex 8.47372 5.5 0.599999
      vertex 8.47372 5.5 2.76655
    endloop
  endfacet
  facet normal -0.838673 0.544635 0
    outer loop
      vertex 8.66716 5.79787 4.43345
      vertex 9.10081 6.46564 6.6
      vertex 9.10081 6.46564 4.43345
    endloop
  endfacet
  facet normal -0.838669 0.544641 0
    outer loop
      vertex 8.47372 5.5 6.6
      vertex 8.66716 5.79787 4.43345
      vertex 8.47372 5.5 4.43345
    endloop
  endfacet
  facet normal -0.838672 0.544637 -8.43159e-07
    outer loop
      vertex 8.66716 5.79787 4.43345
      vertex 8.47372 5.5 6.6
      vertex 9.10081 6.46564 6.6
    endloop
  endfacet
  facet normal -0.707089 -0.707124 0
    outer loop
      vertex 10.6396 -8.17459 4.43345
      vertex 9.82541 -7.36044 6.6
      vertex 9.82541 -7.36044 4.43345
    endloop
  endfacet
  facet normal -0.707089 -0.707124 0
    outer loop
      vertex 9.82541 -7.36044 6.6
      vertex 10.6396 -8.17459 4.43345
      vertex 10.6396 -8.17459 6.6
    endloop
  endfacet
  facet normal -0.707089 -0.707124 0
    outer loop
      vertex 10.6396 -8.17459 0.599999
      vertex 9.82541 -7.36044 2.76655
      vertex 9.82541 -7.36044 0.599999
    endloop
  endfacet
  facet normal -0.707089 -0.707124 0
    outer loop
      vertex 9.82541 -7.36044 2.76655
      vertex 10.6396 -8.17459 0.599999
      vertex 10.6396 -8.17459 2.76655
    endloop
  endfacet
  facet normal 0.544731 0.838611 -0
    outer loop
      vertex 24.4656 8.89919 0.599999
      vertex 24.1678 9.09263 2.76655
      vertex 24.4656 8.89919 2.76655
    endloop
  endfacet
  facet normal 0.544652 0.838662 -1.53387e-05
    outer loop
      vertex 23.5 9.52628 0.599999
      vertex 24.1678 9.09263 2.76655
      vertex 24.4656 8.89919 0.599999
    endloop
  endfacet
  facet normal 0.544617 0.838685 0
    outer loop
      vertex 24.1678 9.09263 2.76655
      vertex 23.5 9.52628 0.599999
      vertex 23.5 9.52628 2.76655
    endloop
  endfacet
  facet normal 0.544675 0.838647 0
    outer loop
      vertex 23.7979 9.33284 4.43345
      vertex 24.4656 8.89919 6.6
      vertex 24.4656 8.89919 4.43345
    endloop
  endfacet
  facet normal 0.544652 0.838662 9.80046e-06
    outer loop
      vertex 24.4656 8.89919 6.6
      vertex 23.7979 9.33284 4.43345
      vertex 23.5 9.52628 6.6
    endloop
  endfacet
  facet normal 0.544602 0.838694 0
    outer loop
      vertex 23.5 9.52628 6.6
      vertex 23.7979 9.33284 4.43345
      vertex 23.5 9.52628 4.43345
    endloop
  endfacet
  facet normal 0.0523719 -0.998628 -8.53871e-07
    outer loop
      vertex 18 -11 6.6
      vertex 18.7951 -10.9583 4.43345
      vertex 19.1498 -10.9397 6.6
    endloop
  endfacet
  facet normal 0.0523743 -0.998628 0
    outer loop
      vertex 18.7951 -10.9583 4.43345
      vertex 18 -11 6.6
      vertex 18 -11 4.43345
    endloop
  endfacet
  facet normal 0.0523667 -0.998628 0
    outer loop
      vertex 19.1498 -10.9397 6.6
      vertex 18.7951 -10.9583 4.43345
      vertex 19.1498 -10.9397 4.43345
    endloop
  endfacet
  facet normal 0.0523667 -0.998628 0
    outer loop
      vertex 18 -11 0.599999
      vertex 18.3547 -10.9814 2.76655
      vertex 18 -11 2.76655
    endloop
  endfacet
  facet normal 0.0523719 -0.998628 -8.5387e-07
    outer loop
      vertex 19.1498 -10.9397 0.599999
      vertex 18.3547 -10.9814 2.76655
      vertex 18 -11 0.599999
    endloop
  endfacet
  facet normal 0.0523743 -0.998628 0
    outer loop
      vertex 18.3547 -10.9814 2.76655
      vertex 19.1498 -10.9397 0.599999
      vertex 19.1498 -10.9397 2.76655
    endloop
  endfacet
  facet normal 0.891057 0.453891 0
    outer loop
      vertex 27.5263 5.5 6.6
      vertex 27.6875 5.18354 4.43345
      vertex 27.5263 5.5 4.43345
    endloop
  endfacet
  facet normal 0.891014 0.453975 -1.54586e-05
    outer loop
      vertex 28.049 4.4741 6.6
      vertex 27.6875 5.18354 4.43345
      vertex 27.5263 5.5 6.6
    endloop
  endfacet
  facet normal 0.890995 0.454013 0
    outer loop
      vertex 27.6875 5.18354 4.43345
      vertex 28.049 4.4741 6.6
      vertex 28.049 4.4741 4.43345
    endloop
  endfacet
  facet normal 0.890995 0.454013 0
    outer loop
      vertex 27.8878 4.79056 2.76655
      vertex 27.5263 5.5 0.599999
      vertex 27.5263 5.5 2.76655
    endloop
  endfacet
  facet normal 0.891057 0.453891 -0
    outer loop
      vertex 28.049 4.4741 0.599999
      vertex 27.8878 4.79056 2.76655
      vertex 28.049 4.4741 2.76655
    endloop
  endfacet
  facet normal 0.891014 0.453975 -1.54586e-05
    outer loop
      vertex 27.8878 4.79056 2.76655
      vertex 28.049 4.4741 0.599999
      vertex 27.5263 5.5 0.599999
    endloop
  endfacet
  facet normal -0.965928 -0.258811 0
    outer loop
      vertex 7.44645 -3.05612 4.43345
      vertex 7.24038 -2.28703 6.6
      vertex 7.24038 -2.28703 4.43345
    endloop
  endfacet
  facet normal -0.965923 -0.258831 -0
    outer loop
      vertex 7.53838 -3.39919 6.6
      vertex 7.44645 -3.05612 4.43345
      vertex 7.53838 -3.39919 4.43345
    endloop
  endfacet
  facet normal -0.965926 -0.258817 2.40877e-06
    outer loop
      vertex 7.44645 -3.05612 4.43345
      vertex 7.53838 -3.39919 6.6
      vertex 7.24038 -2.28703 6.6
    endloop
  endfacet
  facet normal -0.96593 -0.258805 0
    outer loop
      vertex 7.24038 -2.28703 0.599999
      vertex 7.3323 -2.6301 2.76655
      vertex 7.24038 -2.28703 2.76655
    endloop
  endfacet
  facet normal -0.965926 -0.258817 -2.04959e-06
    outer loop
      vertex 7.53838 -3.39919 0.599999
      vertex 7.3323 -2.6301 2.76655
      vertex 7.24038 -2.28703 0.599999
    endloop
  endfacet
  facet normal -0.965925 -0.258823 0
    outer loop
      vertex 7.3323 -2.6301 2.76655
      vertex 7.53838 -3.39919 0.599999
      vertex 7.53838 -3.39919 2.76655
    endloop
  endfacet
  facet normal 0.707085 0.707128 -0
    outer loop
      vertex 26.1746 7.36044 4.43345
      vertex 25.3604 8.17459 6.6
      vertex 26.1746 7.36044 6.6
    endloop
  endfacet
  facet normal 0.707085 0.707128 -0
    outer loop
      vertex 25.3604 8.17459 4.43345
      vertex 25.3604 8.17459 6.6
      vertex 26.1746 7.36044 4.43345
    endloop
  endfacet
  facet normal 0.707085 0.707128 -0
    outer loop
      vertex 26.1746 7.36044 0.599999
      vertex 25.3604 8.17459 2.76655
      vertex 26.1746 7.36044 2.76655
    endloop
  endfacet
  facet normal 0.707085 0.707128 -0
    outer loop
      vertex 25.3604 8.17459 0.599999
      vertex 25.3604 8.17459 2.76655
      vertex 26.1746 7.36044 0.599999
    endloop
  endfacet
  facet normal -0.707089 0.707124 0
    outer loop
      vertex 9.82541 7.36044 4.43345
      vertex 10.6396 8.17459 6.6
      vertex 10.6396 8.17459 4.43345
    endloop
  endfacet
  facet normal -0.707089 0.707124 0
    outer loop
      vertex 10.6396 8.17459 6.6
      vertex 9.82541 7.36044 4.43345
      vertex 9.82541 7.36044 6.6
    endloop
  endfacet
  facet normal -0.707089 0.707124 0
    outer loop
      vertex 9.82541 7.36044 0.599999
      vertex 10.6396 8.17459 2.76655
      vertex 10.6396 8.17459 0.599999
    endloop
  endfacet
  facet normal -0.707089 0.707124 0
    outer loop
      vertex 10.6396 8.17459 2.76655
      vertex 9.82541 7.36044 0.599999
      vertex 9.82541 7.36044 2.76655
    endloop
  endfacet
  facet normal -0.891005 -0.453993 0
    outer loop
      vertex 8.31248 -5.18354 4.43345
      vertex 7.951 -4.4741 6.6
      vertex 7.951 -4.4741 4.43345
    endloop
  endfacet
  facet normal -0.891012 -0.453981 -0
    outer loop
      vertex 8.47372 -5.5 6.6
      vertex 8.31248 -5.18354 4.43345
      vertex 8.47372 -5.5 4.43345
    endloop
  endfacet
  facet normal -0.891007 -0.453989 -1.54545e-06
    outer loop
      vertex 8.31248 -5.18354 4.43345
      vertex 8.47372 -5.5 6.6
      vertex 7.951 -4.4741 6.6
    endloop
  endfacet
  facet normal -0.891012 -0.453981 0
    outer loop
      vertex 7.951 -4.4741 0.599999
      vertex 8.11224 -4.79056 2.76655
      vertex 7.951 -4.4741 2.76655
    endloop
  endfacet
  facet normal -0.891007 -0.453989 -1.54545e-06
    outer loop
      vertex 8.47372 -5.5 0.599999
      vertex 8.11224 -4.79056 2.76655
      vertex 7.951 -4.4741 0.599999
    endloop
  endfacet
  facet normal -0.891005 -0.453993 0
    outer loop
      vertex 8.11224 -4.79056 2.76655
      vertex 8.47372 -5.5 0.599999
      vertex 8.47372 -5.5 2.76655
    endloop
  endfacet
  facet normal 0.777133 -0.629337 0
    outer loop
      vertex 26.3981 -7.08442 2.76655
      vertex 26.8992 -6.46564 0.599999
      vertex 26.8992 -6.46564 2.76655
    endloop
  endfacet
  facet normal 0.777169 -0.629292 0
    outer loop
      vertex 26.1746 -7.36044 0.599999
      vertex 26.3981 -7.08442 2.76655
      vertex 26.1746 -7.36044 2.76655
    endloop
  endfacet
  facet normal 0.777144 -0.629323 6.53102e-06
    outer loop
      vertex 26.3981 -7.08442 2.76655
      vertex 26.1746 -7.36044 0.599999
      vertex 26.8992 -6.46564 0.599999
    endloop
  endfacet
  facet normal 0.777169 -0.629292 0
    outer loop
      vertex 26.8992 -6.46564 6.6
      vertex 26.6757 -6.74166 4.43345
      vertex 26.8992 -6.46564 4.43345
    endloop
  endfacet
  facet normal 0.777144 -0.629323 6.53102e-06
    outer loop
      vertex 26.1746 -7.36044 6.6
      vertex 26.6757 -6.74166 4.43345
      vertex 26.8992 -6.46564 6.6
    endloop
  endfacet
  facet normal 0.777133 -0.629337 0
    outer loop
      vertex 26.6757 -6.74166 4.43345
      vertex 26.1746 -7.36044 6.6
      vertex 26.1746 -7.36044 4.43345
    endloop
  endfacet
  facet normal 0.453989 -0.891007 -9.92724e-06
    outer loop
      vertex 23.1835 -9.68752 4.43345
      vertex 23.5 -9.52628 6.6
      vertex 22.4741 -10.049 6.6
    endloop
  endfacet
  facet normal 0.453935 -0.891035 0
    outer loop
      vertex 23.5 -9.52628 6.6
      vertex 23.1835 -9.68752 4.43345
      vertex 23.5 -9.52628 4.43345
    endloop
  endfacet
  facet normal 0.454013 -0.890995 0
    outer loop
      vertex 23.1835 -9.68752 4.43345
      vertex 22.4741 -10.049 6.6
      vertex 22.4741 -10.049 4.43345
    endloop
  endfacet
  facet normal 0.453935 -0.891035 0
    outer loop
      vertex 22.4741 -10.049 0.599999
      vertex 22.7906 -9.88776 2.76655
      vertex 22.4741 -10.049 2.76655
    endloop
  endfacet
  facet normal 0.453989 -0.891007 -9.92723e-06
    outer loop
      vertex 23.5 -9.52628 0.599999
      vertex 22.7906 -9.88776 2.76655
      vertex 22.4741 -10.049 0.599999
    endloop
  endfacet
  facet normal 0.454013 -0.890995 0
    outer loop
      vertex 22.7906 -9.88776 2.76655
      vertex 23.5 -9.52628 0.599999
      vertex 23.5 -9.52628 2.76655
    endloop
  endfacet
  facet normal 0.358356 0.933585 -6.65866e-06
    outer loop
      vertex 21.7308 10.3343 4.43345
      vertex 21.3992 10.4616 6.6
      vertex 22.4741 10.049 6.6
    endloop
  endfacet
  facet normal 0.358339 0.933591 0
    outer loop
      vertex 21.7308 10.3343 4.43345
      vertex 22.4741 10.049 6.6
      vertex 22.4741 10.049 4.43345
    endloop
  endfacet
  facet normal 0.358394 0.93357 0
    outer loop
      vertex 21.3992 10.4616 6.6
      vertex 21.7308 10.3343 4.43345
      vertex 21.3992 10.4616 4.43345
    endloop
  endfacet
  facet normal 0.358394 0.93357 -0
    outer loop
      vertex 22.4741 10.049 0.599999
      vertex 22.1425 10.1763 2.76655
      vertex 22.4741 10.049 2.76655
    endloop
  endfacet
  facet normal 0.358356 0.933585 -6.65865e-06
    outer loop
      vertex 21.3992 10.4616 0.599999
      vertex 22.1425 10.1763 2.76655
      vertex 22.4741 10.049 0.599999
    endloop
  endfacet
  facet normal 0.358339 0.933591 0
    outer loop
      vertex 22.1425 10.1763 2.76655
      vertex 21.3992 10.4616 0.599999
      vertex 21.3992 10.4616 2.76655
    endloop
  endfacet
  facet normal 0.890995 -0.454013 0
    outer loop
      vertex 27.6875 -5.18354 2.76655
      vertex 28.049 -4.4741 0.599999
      vertex 28.049 -4.4741 2.76655
    endloop
  endfacet
  facet normal 0.891057 -0.453891 0
    outer loop
      vertex 27.5263 -5.5 0.599999
      vertex 27.6875 -5.18354 2.76655
      vertex 27.5263 -5.5 2.76655
    endloop
  endfacet
  facet normal 0.891014 -0.453975 1.54586e-05
    outer loop
      vertex 27.6875 -5.18354 2.76655
      vertex 27.5263 -5.5 0.599999
      vertex 28.049 -4.4741 0.599999
    endloop
  endfacet
  facet normal 0.891057 -0.453891 0
    outer loop
      vertex 28.049 -4.4741 6.6
      vertex 27.8878 -4.79056 4.43345
      vertex 28.049 -4.4741 4.43345
    endloop
  endfacet
  facet normal 0.891014 -0.453975 1.54586e-05
    outer loop
      vertex 27.5263 -5.5 6.6
      vertex 27.8878 -4.79056 4.43345
      vertex 28.049 -4.4741 6.6
    endloop
  endfacet
  facet normal 0.890995 -0.454013 0
    outer loop
      vertex 27.8878 -4.79056 4.43345
      vertex 27.5263 -5.5 6.6
      vertex 27.5263 -5.5 4.43345
    endloop
  endfacet
  facet normal 0.838645 -0.544679 0
    outer loop
      vertex 27.0926 -6.16777 2.76655
      vertex 27.5263 -5.5 0.599999
      vertex 27.5263 -5.5 2.76655
    endloop
  endfacet
  facet normal 0.838721 -0.544562 0
    outer loop
      vertex 26.8992 -6.46564 0.599999
      vertex 27.0926 -6.16777 2.76655
      vertex 26.8992 -6.46564 2.76655
    endloop
  endfacet
  facet normal 0.838668 -0.544643 1.58349e-05
    outer loop
      vertex 27.0926 -6.16777 2.76655
      vertex 26.8992 -6.46564 0.599999
      vertex 27.5263 -5.5 0.599999
    endloop
  endfacet
  facet normal 0.838592 -0.54476 0
    outer loop
      vertex 27.5263 -5.5 6.6
      vertex 27.3328 -5.79787 4.43345
      vertex 27.5263 -5.5 4.43345
    endloop
  endfacet
  facet normal 0.838668 -0.544643 -2.2875e-05
    outer loop
      vertex 26.8992 -6.46564 6.6
      vertex 27.3328 -5.79787 4.43345
      vertex 27.5263 -5.5 6.6
    endloop
  endfacet
  facet normal 0.838702 -0.544591 0
    outer loop
      vertex 27.3328 -5.79787 4.43345
      vertex 26.8992 -6.46564 6.6
      vertex 26.8992 -6.46564 4.43345
    endloop
  endfacet
  facet normal 0.156369 -0.987699 0
    outer loop
      vertex 19.9362 -10.8152 4.43345
      vertex 19.1498 -10.9397 6.6
      vertex 19.1498 -10.9397 4.43345
    endloop
  endfacet
  facet normal 0.156422 -0.98769 1.97394e-05
    outer loop
      vertex 19.1498 -10.9397 6.6
      vertex 19.9362 -10.8152 4.43345
      vertex 20.287 -10.7596 6.6
    endloop
  endfacet
  facet normal 0.156541 -0.987671 0
    outer loop
      vertex 20.287 -10.7596 6.6
      vertex 19.9362 -10.8152 4.43345
      vertex 20.287 -10.7596 4.43345
    endloop
  endfacet
  facet normal 0.156266 -0.987715 0
    outer loop
      vertex 19.1498 -10.9397 0.599999
      vertex 19.5006 -10.8842 2.76655
      vertex 19.1498 -10.9397 2.76655
    endloop
  endfacet
  facet normal 0.156422 -0.98769 -2.58488e-05
    outer loop
      vertex 20.287 -10.7596 0.599999
      vertex 19.5006 -10.8842 2.76655
      vertex 19.1498 -10.9397 0.599999
    endloop
  endfacet
  facet normal 0.156491 -0.987679 0
    outer loop
      vertex 19.5006 -10.8842 2.76655
      vertex 20.287 -10.7596 0.599999
      vertex 20.287 -10.7596 2.76655
    endloop
  endfacet
  facet normal 0.933563 0.358413 0
    outer loop
      vertex 28.049 4.4741 6.6
      vertex 28.1763 4.14252 4.43345
      vertex 28.049 4.4741 4.43345
    endloop
  endfacet
  facet normal 0.933586 0.358353 1.0477e-05
    outer loop
      vertex 28.4616 3.39919 6.6
      vertex 28.1763 4.14252 4.43345
      vertex 28.049 4.4741 6.6
    endloop
  endfacet
  facet normal 0.933596 0.358327 0
    outer loop
      vertex 28.1763 4.14252 4.43345
      vertex 28.4616 3.39919 6.6
      vertex 28.4616 3.39919 4.43345
    endloop
  endfacet
  facet normal 0.933596 0.358327 0
    outer loop
      vertex 28.3343 3.73077 2.76655
      vertex 28.049 4.4741 0.599999
      vertex 28.049 4.4741 2.76655
    endloop
  endfacet
  facet normal 0.933563 0.358413 -0
    outer loop
      vertex 28.4616 3.39919 0.599999
      vertex 28.3343 3.73077 2.76655
      vertex 28.4616 3.39919 2.76655
    endloop
  endfacet
  facet normal 0.933586 0.358353 1.0477e-05
    outer loop
      vertex 28.3343 3.73077 2.76655
      vertex 28.4616 3.39919 0.599999
      vertex 28.049 4.4741 0.599999
    endloop
  endfacet
  facet normal 0 0 -1
    outer loop
      vertex 21.5 0 0.599999
      vertex 29 0 0.599999
      vertex 28.9397 -1.14981 0.599999
    endloop
  endfacet
  facet normal 0 0 -1
    outer loop
      vertex 21.4808 -0.365849 0.599999
      vertex 28.9397 -1.14981 0.599999
      vertex 28.7596 -2.28703 0.599999
    endloop
  endfacet
  facet normal 0 0 -1
    outer loop
      vertex 29 0 0.599999
      vertex 21.5 0 0.599999
      vertex 28.9397 1.14981 0.599999
    endloop
  endfacet
  facet normal 0 0 -1
    outer loop
      vertex 21.4235 -0.727691 0.599999
      vertex 28.7596 -2.28703 0.599999
      vertex 28.4616 -3.39919 0.599999
    endloop
  endfacet
  facet normal 0 0 -1
    outer loop
      vertex 21.4808 0.365849 0.599999
      vertex 28.9397 1.14981 0.599999
      vertex 21.5 0 0.599999
    endloop
  endfacet
  facet normal 0 0 -1
    outer loop
      vertex 21.3287 -1.08156 0.599999
      vertex 28.4616 -3.39919 0.599999
      vertex 28.049 -4.4741 0.599999
    endloop
  endfacet
  facet normal -0 0 -1
    outer loop
      vertex 28.9397 1.14981 0.599999
      vertex 21.4808 0.365849 0.599999
      vertex 28.7596 2.28703 0.599999
    endloop
  endfacet
  facet normal 0 0 -1
    outer loop
      vertex 21.1974 -1.42358 0.599999
      vertex 28.049 -4.4741 0.599999
      vertex 27.5263 -5.5 0.599999
    endloop
  endfacet
  facet normal 0 0 -1
    outer loop
      vertex 21.4235 0.727691 0.599999
      vertex 28.7596 2.28703 0.599999
      vertex 21.4808 0.365849 0.599999
    endloop
  endfacet
  facet normal 0 0 -1
    outer loop
      vertex 21.0311 -1.75 0.599999
      vertex 27.5263 -5.5 0.599999
      vertex 26.8992 -6.46564 0.599999
    endloop
  endfacet
  facet normal -0 0 -1
    outer loop
      vertex 28.7596 2.28703 0.599999
      vertex 21.4235 0.727691 0.599999
      vertex 28.4616 3.39919 0.599999
    endloop
  endfacet
  facet normal 0 0 -1
    outer loop
      vertex 20.8316 -2.05725 0.599999
      vertex 26.8992 -6.46564 0.599999
      vertex 26.1746 -7.36044 0.599999
    endloop
  endfacet
  facet normal 0 0 -1
    outer loop
      vertex 21.3287 1.08156 0.599999
      vertex 28.4616 3.39919 0.599999
      vertex 21.4235 0.727691 0.599999
    endloop
  endfacet
  facet normal 0 0 -1
    outer loop
      vertex 20.601 -2.34196 0.599999
      vertex 26.1746 -7.36044 0.599999
      vertex 25.3604 -8.17459 0.599999
    endloop
  endfacet
  facet normal -0 0 -1
    outer loop
      vertex 28.4616 3.39919 0.599999
      vertex 21.3287 1.08156 0.599999
      vertex 28.049 4.4741 0.599999
    endloop
  endfacet
  facet normal 0 0 -1
    outer loop
      vertex 20.342 -2.60101 0.599999
      vertex 25.3604 -8.17459 0.599999
      vertex 24.4656 -8.89919 0.599999
    endloop
  endfacet
  facet normal 0 0 -1
    outer loop
      vertex 21.1974 1.42358 0.599999
      vertex 28.049 4.4741 0.599999
      vertex 21.3287 1.08156 0.599999
    endloop
  endfacet
  facet normal 0 0 -1
    outer loop
      vertex 20.0572 -2.83156 0.599999
      vertex 24.4656 -8.89919 0.599999
      vertex 23.5 -9.52628 0.599999
    endloop
  endfacet
  facet normal -0 0 -1
    outer loop
      vertex 28.049 4.4741 0.599999
      vertex 21.1974 1.42358 0.599999
      vertex 27.5263 5.5 0.599999
    endloop
  endfacet
  facet normal 0 0 -1
    outer loop
      vertex 19.75 -3.03109 0.599999
      vertex 23.5 -9.52628 0.599999
      vertex 22.4741 -10.049 0.599999
    endloop
  endfacet
  facet normal 0 0 -1
    outer loop
      vertex 21.0311 1.75 0.599999
      vertex 27.5263 5.5 0.599999
      vertex 21.1974 1.42358 0.599999
    endloop
  endfacet
  facet normal -0 0 -1
    outer loop
      vertex 27.5263 5.5 0.599999
      vertex 21.0311 1.75 0.599999
      vertex 26.8992 6.46564 0.599999
    endloop
  endfacet
  facet normal 0 0 -1
    outer loop
      vertex 28.9397 -1.14981 0.599999
      vertex 21.4808 -0.365849 0.599999
      vertex 21.5 0 0.599999
    endloop
  endfacet
  facet normal 0 0 -1
    outer loop
      vertex 28.7596 -2.28703 0.599999
      vertex 21.4235 -0.727691 0.599999
      vertex 21.4808 -0.365849 0.599999
    endloop
  endfacet
  facet normal 0 0 -1
    outer loop
      vertex 19.4236 -3.19741 0.599999
      vertex 22.4741 -10.049 0.599999
      vertex 21.3992 -10.4616 0.599999
    endloop
  endfacet
  facet normal 0 0 -1
    outer loop
      vertex 28.4616 -3.39919 0.599999
      vertex 21.3287 -1.08156 0.599999
      vertex 21.4235 -0.727691 0.599999
    endloop
  endfacet
  facet normal 0 0 -1
    outer loop
      vertex 28.049 -4.4741 0.599999
      vertex 21.1974 -1.42358 0.599999
      vertex 21.3287 -1.08156 0.599999
    endloop
  endfacet
  facet normal 0 0 -1
    outer loop
      vertex 27.5263 -5.5 0.599999
      vertex 21.0311 -1.75 0.599999
      vertex 21.1974 -1.42358 0.599999
    endloop
  endfacet
  facet normal 0 0 -1
    outer loop
      vertex 26.8992 -6.46564 0.599999
      vertex 20.8316 -2.05725 0.599999
      vertex 21.0311 -1.75 0.599999
    endloop
  endfacet
  facet normal 0 0 -1
    outer loop
      vertex 26.1746 -7.36044 0.599999
      vertex 20.601 -2.34196 0.599999
      vertex 20.8316 -2.05725 0.599999
    endloop
  endfacet
  facet normal 0 0 -1
    outer loop
      vertex 25.3604 -8.17459 0.599999
      vertex 20.342 -2.60101 0.599999
      vertex 20.601 -2.34196 0.599999
    endloop
  endfacet
  facet normal 0 0 -1
    outer loop
      vertex 19.0816 -3.3287 0.599999
      vertex 21.3992 -10.4616 0.599999
      vertex 20.287 -10.7596 0.599999
    endloop
  endfacet
  facet normal 0 0 -1
    outer loop
      vertex 24.4656 -8.89919 0.599999
      vertex 20.0572 -2.83156 0.599999
      vertex 20.342 -2.60101 0.599999
    endloop
  endfacet
  facet normal 0 0 -1
    outer loop
      vertex 23.5 -9.52628 0.599999
      vertex 19.75 -3.03109 0.599999
      vertex 20.0572 -2.83156 0.599999
    endloop
  endfacet
  facet normal 0 0 -1
    outer loop
      vertex 22.4741 -10.049 0.599999
      vertex 19.4236 -3.19741 0.599999
      vertex 19.75 -3.03109 0.599999
    endloop
  endfacet
  facet normal 0 0 -1
    outer loop
      vertex 18.7277 -3.42352 0.599999
      vertex 20.287 -10.7596 0.599999
      vertex 19.1498 -10.9397 0.599999
    endloop
  endfacet
  facet normal 0 0 -1
    outer loop
      vertex 21.3992 -10.4616 0.599999
      vertex 19.0816 -3.3287 0.599999
      vertex 19.4236 -3.19741 0.599999
    endloop
  endfacet
  facet normal 0 0 -1
    outer loop
      vertex 20.287 -10.7596 0.599999
      vertex 18.7277 -3.42352 0.599999
      vertex 19.0816 -3.3287 0.599999
    endloop
  endfacet
  facet normal 0 0 -1
    outer loop
      vertex 19.1498 -10.9397 0.599999
      vertex 18.3658 -3.48083 0.599999
      vertex 18.7277 -3.42352 0.599999
    endloop
  endfacet
  facet normal 0 0 -1
    outer loop
      vertex 18 -11 0.599999
      vertex 18.3658 -3.48083 0.599999
      vertex 19.1498 -10.9397 0.599999
    endloop
  endfacet
  facet normal 0 0 -1
    outer loop
      vertex 18 -11 0.599999
      vertex 18 -3.5 0.599999
      vertex 18.3658 -3.48083 0.599999
    endloop
  endfacet
  facet normal 0 0 -1
    outer loop
      vertex 18 -11 0.599999
      vertex 17.6342 -3.48083 0.599999
      vertex 18 -3.5 0.599999
    endloop
  endfacet
  facet normal 0 0 -1
    outer loop
      vertex 16.8502 -10.9397 0.599999
      vertex 17.6342 -3.48083 0.599999
      vertex 18 -11 0.599999
    endloop
  endfacet
  facet normal -0 0 -1
    outer loop
      vertex 17.6342 -3.48083 0.599999
      vertex 16.8502 -10.9397 0.599999
      vertex 17.2723 -3.42352 0.599999
    endloop
  endfacet
  facet normal 0 0 -1
    outer loop
      vertex 15.713 -10.7596 0.599999
      vertex 17.2723 -3.42352 0.599999
      vertex 16.8502 -10.9397 0.599999
    endloop
  endfacet
  facet normal -0 0 -1
    outer loop
      vertex 17.2723 -3.42352 0.599999
      vertex 15.713 -10.7596 0.599999
      vertex 16.9184 -3.3287 0.599999
    endloop
  endfacet
  facet normal 0 0 -1
    outer loop
      vertex 14.6008 -10.4616 0.599999
      vertex 16.9184 -3.3287 0.599999
      vertex 15.713 -10.7596 0.599999
    endloop
  endfacet
  facet normal -0 0 -1
    outer loop
      vertex 16.9184 -3.3287 0.599999
      vertex 14.6008 -10.4616 0.599999
      vertex 16.5764 -3.19741 0.599999
    endloop
  endfacet
  facet normal 0 0 -1
    outer loop
      vertex 13.5259 -10.049 0.599999
      vertex 16.5764 -3.19741 0.599999
      vertex 14.6008 -10.4616 0.599999
    endloop
  endfacet
  facet normal -0 0 -1
    outer loop
      vertex 16.5764 -3.19741 0.599999
      vertex 13.5259 -10.049 0.599999
      vertex 16.25 -3.03109 0.599999
    endloop
  endfacet
  facet normal 0 0 -1
    outer loop
      vertex 12.5 -9.52628 0.599999
      vertex 16.25 -3.03109 0.599999
      vertex 13.5259 -10.049 0.599999
    endloop
  endfacet
  facet normal -0 0 -1
    outer loop
      vertex 16.25 -3.03109 0.599999
      vertex 12.5 -9.52628 0.599999
      vertex 15.9428 -2.83156 0.599999
    endloop
  endfacet
  facet normal 0 0 -1
    outer loop
      vertex 11.5344 -8.89919 0.599999
      vertex 15.9428 -2.83156 0.599999
      vertex 12.5 -9.52628 0.599999
    endloop
  endfacet
  facet normal -0 0 -1
    outer loop
      vertex 15.9428 -2.83156 0.599999
      vertex 11.5344 -8.89919 0.599999
      vertex 15.658 -2.60101 0.599999
    endloop
  endfacet
  facet normal 0 0 -1
    outer loop
      vertex 10.6396 -8.17459 0.599999
      vertex 15.658 -2.60101 0.599999
      vertex 11.5344 -8.89919 0.599999
    endloop
  endfacet
  facet normal -0 0 -1
    outer loop
      vertex 15.658 -2.60101 0.599999
      vertex 10.6396 -8.17459 0.599999
      vertex 15.399 -2.34196 0.599999
    endloop
  endfacet
  facet normal 0 0 -1
    outer loop
      vertex 9.82541 -7.36044 0.599999
      vertex 15.399 -2.34196 0.599999
      vertex 10.6396 -8.17459 0.599999
    endloop
  endfacet
  facet normal -0 0 -1
    outer loop
      vertex 15.399 -2.34196 0.599999
      vertex 9.82541 -7.36044 0.599999
      vertex 15.1684 -2.05725 0.599999
    endloop
  endfacet
  facet normal 0 0 -1
    outer loop
      vertex 9.10081 -6.46564 0.599999
      vertex 15.1684 -2.05725 0.599999
      vertex 9.82541 -7.36044 0.599999
    endloop
  endfacet
  facet normal -0 0 -1
    outer loop
      vertex 15.1684 -2.05725 0.599999
      vertex 9.10081 -6.46564 0.599999
      vertex 14.9689 -1.75 0.599999
    endloop
  endfacet
  facet normal 0 0 -1
    outer loop
      vertex 20.8316 2.05725 0.599999
      vertex 26.8992 6.46564 0.599999
      vertex 21.0311 1.75 0.599999
    endloop
  endfacet
  facet normal -0 0 -1
    outer loop
      vertex 26.8992 6.46564 0.599999
      vertex 20.8316 2.05725 0.599999
      vertex 26.1746 7.36044 0.599999
    endloop
  endfacet
  facet normal 0 0 -1
    outer loop
      vertex 20.601 2.34196 0.599999
      vertex 26.1746 7.36044 0.599999
      vertex 20.8316 2.05725 0.599999
    endloop
  endfacet
  facet normal -0 0 -1
    outer loop
      vertex 26.1746 7.36044 0.599999
      vertex 20.601 2.34196 0.599999
      vertex 25.3604 8.17459 0.599999
    endloop
  endfacet
  facet normal 0 0 -1
    outer loop
      vertex 20.342 2.60101 0.599999
      vertex 25.3604 8.17459 0.599999
      vertex 20.601 2.34196 0.599999
    endloop
  endfacet
  facet normal -0 0 -1
    outer loop
      vertex 25.3604 8.17459 0.599999
      vertex 20.342 2.60101 0.599999
      vertex 24.4656 8.89919 0.599999
    endloop
  endfacet
  facet normal 0 0 -1
    outer loop
      vertex 20.0572 2.83156 0.599999
      vertex 24.4656 8.89919 0.599999
      vertex 20.342 2.60101 0.599999
    endloop
  endfacet
  facet normal -0 0 -1
    outer loop
      vertex 24.4656 8.89919 0.599999
      vertex 20.0572 2.83156 0.599999
      vertex 23.5 9.52628 0.599999
    endloop
  endfacet
  facet normal 0 0 -1
    outer loop
      vertex 19.75 3.03109 0.599999
      vertex 23.5 9.52628 0.599999
      vertex 20.0572 2.83156 0.599999
    endloop
  endfacet
  facet normal -0 0 -1
    outer loop
      vertex 23.5 9.52628 0.599999
      vertex 19.75 3.03109 0.599999
      vertex 22.4741 10.049 0.599999
    endloop
  endfacet
  facet normal 0 0 -1
    outer loop
      vertex 19.4236 3.19741 0.599999
      vertex 22.4741 10.049 0.599999
      vertex 19.75 3.03109 0.599999
    endloop
  endfacet
  facet normal -0 0 -1
    outer loop
      vertex 22.4741 10.049 0.599999
      vertex 19.4236 3.19741 0.599999
      vertex 21.3992 10.4616 0.599999
    endloop
  endfacet
  facet normal 0 0 -1
    outer loop
      vertex 19.0816 3.3287 0.599999
      vertex 21.3992 10.4616 0.599999
      vertex 19.4236 3.19741 0.599999
    endloop
  endfacet
  facet normal -0 0 -1
    outer loop
      vertex 21.3992 10.4616 0.599999
      vertex 19.0816 3.3287 0.599999
      vertex 20.287 10.7596 0.599999
    endloop
  endfacet
  facet normal 0 0 -1
    outer loop
      vertex 18.7277 3.42352 0.599999
      vertex 20.287 10.7596 0.599999
      vertex 19.0816 3.3287 0.599999
    endloop
  endfacet
  facet normal -0 0 -1
    outer loop
      vertex 20.287 10.7596 0.599999
      vertex 18.7277 3.42352 0.599999
      vertex 19.1498 10.9397 0.599999
    endloop
  endfacet
  facet normal 0 0 -1
    outer loop
      vertex 18.3658 3.48083 0.599999
      vertex 19.1498 10.9397 0.599999
      vertex 18.7277 3.42352 0.599999
    endloop
  endfacet
  facet normal 0 0 -1
    outer loop
      vertex 18 3.5 0.599999
      vertex 19.1498 10.9397 0.599999
      vertex 18.3658 3.48083 0.599999
    endloop
  endfacet
  facet normal 0 0 -1
    outer loop
      vertex 18 3.5 0.599999
      vertex 18 11 0.599999
      vertex 19.1498 10.9397 0.599999
    endloop
  endfacet
  facet normal 0 0 -1
    outer loop
      vertex 17.6342 3.48083 0.599999
      vertex 18 11 0.599999
      vertex 18 3.5 0.599999
    endloop
  endfacet
  facet normal 0 0 -1
    outer loop
      vertex 16.8502 10.9397 0.599999
      vertex 17.6342 3.48083 0.599999
      vertex 17.2723 3.42352 0.599999
    endloop
  endfacet
  facet normal 0 0 -1
    outer loop
      vertex 15.713 10.7596 0.599999
      vertex 17.2723 3.42352 0.599999
      vertex 16.9184 3.3287 0.599999
    endloop
  endfacet
  facet normal 0 0 -1
    outer loop
      vertex 17.6342 3.48083 0.599999
      vertex 16.8502 10.9397 0.599999
      vertex 18 11 0.599999
    endloop
  endfacet
  facet normal 0 0 -1
    outer loop
      vertex 14.6008 10.4616 0.599999
      vertex 16.9184 3.3287 0.599999
      vertex 16.5764 3.19741 0.599999
    endloop
  endfacet
  facet normal 0 0 -1
    outer loop
      vertex 13.5259 10.049 0.599999
      vertex 16.5764 3.19741 0.599999
      vertex 16.25 3.03109 0.599999
    endloop
  endfacet
  facet normal 0 0 -1
    outer loop
      vertex 12.5 9.52628 0.599999
      vertex 16.25 3.03109 0.599999
      vertex 15.9428 2.83156 0.599999
    endloop
  endfacet
  facet normal 0 0 -1
    outer loop
      vertex 17.2723 3.42352 0.599999
      vertex 15.713 10.7596 0.599999
      vertex 16.8502 10.9397 0.599999
    endloop
  endfacet
  facet normal 0 0 -1
    outer loop
      vertex 11.5344 8.89919 0.599999
      vertex 15.9428 2.83156 0.599999
      vertex 15.658 2.60101 0.599999
    endloop
  endfacet
  facet normal 0 0 -1
    outer loop
      vertex 10.6396 8.17459 0.599999
      vertex 15.658 2.60101 0.599999
      vertex 15.399 2.34196 0.599999
    endloop
  endfacet
  facet normal 0 0 -1
    outer loop
      vertex 9.82541 7.36044 0.599999
      vertex 15.399 2.34196 0.599999
      vertex 15.1684 2.05725 0.599999
    endloop
  endfacet
  facet normal 0 0 -1
    outer loop
      vertex 9.10081 6.46564 0.599999
      vertex 15.1684 2.05725 0.599999
      vertex 14.9689 1.75 0.599999
    endloop
  endfacet
  facet normal 0 0 -1
    outer loop
      vertex 8.47372 5.5 0.599999
      vertex 14.9689 1.75 0.599999
      vertex 14.8026 1.42358 0.599999
    endloop
  endfacet
  facet normal 0 0 -1
    outer loop
      vertex 7.951 4.4741 0.599999
      vertex 14.8026 1.42358 0.599999
      vertex 14.6713 1.08156 0.599999
    endloop
  endfacet
  facet normal 0 0 -1
    outer loop
      vertex 16.9184 3.3287 0.599999
      vertex 14.6008 10.4616 0.599999
      vertex 15.713 10.7596 0.599999
    endloop
  endfacet
  facet normal 0 0 -1
    outer loop
      vertex 7.53838 3.39919 0.599999
      vertex 14.6713 1.08156 0.599999
      vertex 14.5765 0.727691 0.599999
    endloop
  endfacet
  facet normal 0 0 -1
    outer loop
      vertex 7.24038 2.28703 0.599999
      vertex 14.5765 0.727691 0.599999
      vertex 14.5192 0.365849 0.599999
    endloop
  endfacet
  facet normal 0 0 -1
    outer loop
      vertex 7.06026 1.14981 0.599999
      vertex 14.5192 0.365849 0.599999
      vertex 14.5 0 0.599999
    endloop
  endfacet
  facet normal 0 0 -1
    outer loop
      vertex 8.47372 -5.5 0.599999
      vertex 14.9689 -1.75 0.599999
      vertex 9.10081 -6.46564 0.599999
    endloop
  endfacet
  facet normal 0 0 -1
    outer loop
      vertex 16.5764 3.19741 0.599999
      vertex 13.5259 10.049 0.599999
      vertex 14.6008 10.4616 0.599999
    endloop
  endfacet
  facet normal -0 0 -1
    outer loop
      vertex 14.9689 -1.75 0.599999
      vertex 8.47372 -5.5 0.599999
      vertex 14.8026 -1.42358 0.599999
    endloop
  endfacet
  facet normal 0 0 -1
    outer loop
      vertex 16.25 3.03109 0.599999
      vertex 12.5 9.52628 0.599999
      vertex 13.5259 10.049 0.599999
    endloop
  endfacet
  facet normal 0 0 -1
    outer loop
      vertex 7.951 -4.4741 0.599999
      vertex 14.8026 -1.42358 0.599999
      vertex 8.47372 -5.5 0.599999
    endloop
  endfacet
  facet normal 0 0 -1
    outer loop
      vertex 15.9428 2.83156 0.599999
      vertex 11.5344 8.89919 0.599999
      vertex 12.5 9.52628 0.599999
    endloop
  endfacet
  facet normal -0 0 -1
    outer loop
      vertex 14.8026 -1.42358 0.599999
      vertex 7.951 -4.4741 0.599999
      vertex 14.6713 -1.08156 0.599999
    endloop
  endfacet
  facet normal 0 0 -1
    outer loop
      vertex 15.658 2.60101 0.599999
      vertex 10.6396 8.17459 0.599999
      vertex 11.5344 8.89919 0.599999
    endloop
  endfacet
  facet normal 0 0 -1
    outer loop
      vertex 7.53838 -3.39919 0.599999
      vertex 14.6713 -1.08156 0.599999
      vertex 7.951 -4.4741 0.599999
    endloop
  endfacet
  facet normal 0 0 -1
    outer loop
      vertex 15.399 2.34196 0.599999
      vertex 9.82541 7.36044 0.599999
      vertex 10.6396 8.17459 0.599999
    endloop
  endfacet
  facet normal -0 0 -1
    outer loop
      vertex 14.6713 -1.08156 0.599999
      vertex 7.53838 -3.39919 0.599999
      vertex 14.5765 -0.727691 0.599999
    endloop
  endfacet
  facet normal 0 0 -1
    outer loop
      vertex 15.1684 2.05725 0.599999
      vertex 9.10081 6.46564 0.599999
      vertex 9.82541 7.36044 0.599999
    endloop
  endfacet
  facet normal 0 0 -1
    outer loop
      vertex 7.24038 -2.28703 0.599999
      vertex 14.5765 -0.727691 0.599999
      vertex 7.53838 -3.39919 0.599999
    endloop
  endfacet
  facet normal 0 0 -1
    outer loop
      vertex 14.9689 1.75 0.599999
      vertex 8.47372 5.5 0.599999
      vertex 9.10081 6.46564 0.599999
    endloop
  endfacet
  facet normal -0 0 -1
    outer loop
      vertex 14.5765 -0.727691 0.599999
      vertex 7.24038 -2.28703 0.599999
      vertex 14.5192 -0.365849 0.599999
    endloop
  endfacet
  facet normal 0 0 -1
    outer loop
      vertex 14.8026 1.42358 0.599999
      vertex 7.951 4.4741 0.599999
      vertex 8.47372 5.5 0.599999
    endloop
  endfacet
  facet normal 0 0 -1
    outer loop
      vertex 7.06026 -1.14981 0.599999
      vertex 14.5192 -0.365849 0.599999
      vertex 7.24038 -2.28703 0.599999
    endloop
  endfacet
  facet normal 0 0 -1
    outer loop
      vertex 14.6713 1.08156 0.599999
      vertex 7.53838 3.39919 0.599999
      vertex 7.951 4.4741 0.599999
    endloop
  endfacet
  facet normal -0 0 -1
    outer loop
      vertex 14.5192 -0.365849 0.599999
      vertex 7.06026 -1.14981 0.599999
      vertex 14.5 0 0.599999
    endloop
  endfacet
  facet normal 0 0 -1
    outer loop
      vertex 14.5765 0.727691 0.599999
      vertex 7.24038 2.28703 0.599999
      vertex 7.53838 3.39919 0.599999
    endloop
  endfacet
  facet normal 0 0 -1
    outer loop
      vertex 7 0 0.599999
      vertex 14.5 0 0.599999
      vertex 7.06026 -1.14981 0.599999
    endloop
  endfacet
  facet normal 0 0 -1
    outer loop
      vertex 14.5192 0.365849 0.599999
      vertex 7.06026 1.14981 0.599999
      vertex 7.24038 2.28703 0.599999
    endloop
  endfacet
  facet normal 0 0 -1
    outer loop
      vertex 14.5 0 0.599999
      vertex 7 0 0.599999
      vertex 7.06026 1.14981 0.599999
    endloop
  endfacet
  facet normal -0.258731 0.965949 0
    outer loop
      vertex 15.713 10.7596 0.599999
      vertex 15.3699 10.6677 2.76655
      vertex 15.713 10.7596 2.76655
    endloop
  endfacet
  facet normal -0.258808 0.965929 -1.30761e-05
    outer loop
      vertex 14.6008 10.4616 0.599999
      vertex 15.3699 10.6677 2.76655
      vertex 15.713 10.7596 0.599999
    endloop
  endfacet
  facet normal -0.258843 0.965919 0
    outer loop
      vertex 15.3699 10.6677 2.76655
      vertex 14.6008 10.4616 0.599999
      vertex 14.6008 10.4616 2.76655
    endloop
  endfacet
  facet normal -0.258843 0.965919 0
    outer loop
      vertex 14.9439 10.5535 4.43345
      vertex 15.713 10.7596 6.6
      vertex 15.713 10.7596 4.43345
    endloop
  endfacet
  facet normal -0.258808 0.965929 -1.30761e-05
    outer loop
      vertex 15.713 10.7596 6.6
      vertex 14.9439 10.5535 4.43345
      vertex 14.6008 10.4616 6.6
    endloop
  endfacet
  facet normal -0.258731 0.965949 0
    outer loop
      vertex 14.6008 10.4616 6.6
      vertex 14.9439 10.5535 4.43345
      vertex 14.6008 10.4616 4.43345
    endloop
  endfacet
  facet normal -0.0523743 -0.998628 0
    outer loop
      vertex 17.6453 -10.9814 4.43345
      vertex 16.8502 -10.9397 6.6
      vertex 16.8502 -10.9397 4.43345
    endloop
  endfacet
  facet normal -0.0523719 -0.998628 8.53871e-07
    outer loop
      vertex 16.8502 -10.9397 6.6
      vertex 17.6453 -10.9814 4.43345
      vertex 18 -11 6.6
    endloop
  endfacet
  facet normal -0.0523667 -0.998628 -0
    outer loop
      vertex 18 -11 6.6
      vertex 17.6453 -10.9814 4.43345
      vertex 18 -11 4.43345
    endloop
  endfacet
  facet normal -0.0523667 -0.998628 0
    outer loop
      vertex 16.8502 -10.9397 0.599999
      vertex 17.2049 -10.9583 2.76655
      vertex 16.8502 -10.9397 2.76655
    endloop
  endfacet
  facet normal -0.0523719 -0.998628 8.5387e-07
    outer loop
      vertex 18 -11 0.599999
      vertex 17.2049 -10.9583 2.76655
      vertex 16.8502 -10.9397 0.599999
    endloop
  endfacet
  facet normal -0.0523743 -0.998628 0
    outer loop
      vertex 17.2049 -10.9583 2.76655
      vertex 18 -11 0.599999
      vertex 18 -11 2.76655
    endloop
  endfacet
  facet normal -0.777145 0.629322 0
    outer loop
      vertex 9.32433 6.74166 4.43345
      vertex 9.82541 7.36044 6.6
      vertex 9.82541 7.36044 4.43345
    endloop
  endfacet
  facet normal -0.777141 0.629326 0
    outer loop
      vertex 9.10081 6.46564 6.6
      vertex 9.32433 6.74166 4.43345
      vertex 9.10081 6.46564 4.43345
    endloop
  endfacet
  facet normal -0.777144 0.629323 -6.43e-07
    outer loop
      vertex 9.32433 6.74166 4.43345
      vertex 9.10081 6.46564 6.6
      vertex 9.82541 7.36044 6.6
    endloop
  endfacet
  facet normal -0.777141 0.629326 0
    outer loop
      vertex 9.82541 7.36044 0.599999
      vertex 9.60189 7.08442 2.76655
      vertex 9.82541 7.36044 2.76655
    endloop
  endfacet
  facet normal -0.777144 0.629323 -6.43e-07
    outer loop
      vertex 9.10081 6.46564 0.599999
      vertex 9.60189 7.08442 2.76655
      vertex 9.82541 7.36044 0.599999
    endloop
  endfacet
  facet normal -0.777145 0.629322 0
    outer loop
      vertex 9.60189 7.08442 2.76655
      vertex 9.10081 6.46564 0.599999
      vertex 9.10081 6.46564 2.76655
    endloop
  endfacet
  facet normal -0.453935 -0.891035 -0
    outer loop
      vertex 12.5 -9.52628 2.76655
      vertex 12.5 -9.52628 0.599999
      vertex 12.8165 -9.68752 2.76655
    endloop
  endfacet
  facet normal -0.453989 -0.891007 9.92723e-06
    outer loop
      vertex 13.5259 -10.049 0.599999
      vertex 12.8165 -9.68752 2.76655
      vertex 12.5 -9.52628 0.599999
    endloop
  endfacet
  facet normal -0.454013 -0.890995 0
    outer loop
      vertex 12.8165 -9.68752 2.76655
      vertex 13.5259 -10.049 0.599999
      vertex 13.5259 -10.049 2.76655
    endloop
  endfacet
  facet normal -0.454013 -0.890995 0
    outer loop
      vertex 13.2094 -9.88776 4.43345
      vertex 12.5 -9.52628 6.6
      vertex 12.5 -9.52628 4.43345
    endloop
  endfacet
  facet normal -0.453989 -0.891007 9.92724e-06
    outer loop
      vertex 12.5 -9.52628 6.6
      vertex 13.2094 -9.88776 4.43345
      vertex 13.5259 -10.049 6.6
    endloop
  endfacet
  facet normal -0.453935 -0.891035 -0
    outer loop
      vertex 13.5259 -10.049 6.6
      vertex 13.2094 -9.88776 4.43345
      vertex 13.5259 -10.049 4.43345
    endloop
  endfacet
  facet normal -0.156369 0.987699 0
    outer loop
      vertex 16.0638 10.8152 4.43345
      vertex 16.8502 10.9397 6.6
      vertex 16.8502 10.9397 4.43345
    endloop
  endfacet
  facet normal -0.156422 0.98769 1.97394e-05
    outer loop
      vertex 16.8502 10.9397 6.6
      vertex 16.0638 10.8152 4.43345
      vertex 15.713 10.7596 6.6
    endloop
  endfacet
  facet normal -0.156541 0.987671 0
    outer loop
      vertex 15.713 10.7596 6.6
      vertex 16.0638 10.8152 4.43345
      vertex 15.713 10.7596 4.43345
    endloop
  endfacet
  facet normal -0.156266 0.987715 0
    outer loop
      vertex 16.8502 10.9397 0.599999
      vertex 16.4994 10.8842 2.76655
      vertex 16.8502 10.9397 2.76655
    endloop
  endfacet
  facet normal -0.156422 0.98769 -2.58488e-05
    outer loop
      vertex 15.713 10.7596 0.599999
      vertex 16.4994 10.8842 2.76655
      vertex 16.8502 10.9397 0.599999
    endloop
  endfacet
  facet normal -0.156491 0.987679 0
    outer loop
      vertex 16.4994 10.8842 2.76655
      vertex 15.713 10.7596 0.599999
      vertex 15.713 10.7596 2.76655
    endloop
  endfacet
  facet normal 0.0523743 0.998628 0
    outer loop
      vertex 18.3547 10.9814 4.43345
      vertex 19.1498 10.9397 6.6
      vertex 19.1498 10.9397 4.43345
    endloop
  endfacet
  facet normal 0.0523719 0.998628 8.53871e-07
    outer loop
      vertex 19.1498 10.9397 6.6
      vertex 18.3547 10.9814 4.43345
      vertex 18 11 6.6
    endloop
  endfacet
  facet normal 0.0523667 0.998628 0
    outer loop
      vertex 18 11 6.6
      vertex 18.3547 10.9814 4.43345
      vertex 18 11 4.43345
    endloop
  endfacet
  facet normal 0.0523667 0.998628 -0
    outer loop
      vertex 19.1498 10.9397 0.599999
      vertex 18.7951 10.9583 2.76655
      vertex 19.1498 10.9397 2.76655
    endloop
  endfacet
  facet normal 0.0523719 0.998628 8.5387e-07
    outer loop
      vertex 18 11 0.599999
      vertex 18.7951 10.9583 2.76655
      vertex 19.1498 10.9397 0.599999
    endloop
  endfacet
  facet normal 0.0523743 0.998628 0
    outer loop
      vertex 18.7951 10.9583 2.76655
      vertex 18 11 0.599999
      vertex 18 11 2.76655
    endloop
  endfacet
  facet normal 0.965919 0.258846 0
    outer loop
      vertex 28.6677 2.6301 2.76655
      vertex 28.4616 3.39919 0.599999
      vertex 28.4616 3.39919 2.76655
    endloop
  endfacet
  facet normal 0.965944 0.258753 -0
    outer loop
      vertex 28.7596 2.28703 0.599999
      vertex 28.6677 2.6301 2.76655
      vertex 28.7596 2.28703 2.76655
    endloop
  endfacet
  facet normal 0.965926 0.258817 -1.09663e-05
    outer loop
      vertex 28.6677 2.6301 2.76655
      vertex 28.7596 2.28703 0.599999
      vertex 28.4616 3.39919 0.599999
    endloop
  endfacet
  facet normal 0.965944 0.258753 0
    outer loop
      vertex 28.4616 3.39919 6.6
      vertex 28.5535 3.05612 4.43345
      vertex 28.4616 3.39919 4.43345
    endloop
  endfacet
  facet normal 0.965926 0.258817 -1.09663e-05
    outer loop
      vertex 28.7596 2.28703 6.6
      vertex 28.5535 3.05612 4.43345
      vertex 28.4616 3.39919 6.6
    endloop
  endfacet
  facet normal 0.965919 0.258846 0
    outer loop
      vertex 28.5535 3.05612 4.43345
      vertex 28.7596 2.28703 6.6
      vertex 28.7596 2.28703 4.43345
    endloop
  endfacet
  facet normal -0.629309 0.777155 0
    outer loop
      vertex 10.9156 8.39811 4.43345
      vertex 11.5344 8.89919 6.6
      vertex 11.5344 8.89919 4.43345
    endloop
  endfacet
  facet normal -0.629323 0.777144 6.45245e-06
    outer loop
      vertex 11.5344 8.89919 6.6
      vertex 10.9156 8.39811 4.43345
      vertex 10.6396 8.17459 6.6
    endloop
  endfacet
  facet normal -0.629354 0.777119 0
    outer loop
      vertex 10.6396 8.17459 6.6
      vertex 10.9156 8.39811 4.43345
      vertex 10.6396 8.17459 4.43345
    endloop
  endfacet
  facet normal -0.629216 0.77723 0
    outer loop
      vertex 11.5344 8.89919 0.599999
      vertex 11.2583 8.67567 2.76655
      vertex 11.5344 8.89919 2.76655
    endloop
  endfacet
  facet normal -0.629323 0.777144 -2.25948e-05
    outer loop
      vertex 10.6396 8.17459 0.599999
      vertex 11.2583 8.67567 2.76655
      vertex 11.5344 8.89919 0.599999
    endloop
  endfacet
  facet normal -0.629371 0.777105 0
    outer loop
      vertex 11.2583 8.67567 2.76655
      vertex 10.6396 8.17459 0.599999
      vertex 10.6396 8.17459 2.76655
    endloop
  endfacet
  facet normal -0.933579 0.358371 0
    outer loop
      vertex 7.66566 3.73077 4.43345
      vertex 7.951 4.4741 6.6
      vertex 7.951 4.4741 4.43345
    endloop
  endfacet
  facet normal -0.933582 0.358364 0
    outer loop
      vertex 7.53838 3.39919 6.6
      vertex 7.66566 3.73077 4.43345
      vertex 7.53838 3.39919 4.43345
    endloop
  endfacet
  facet normal -0.93358 0.358368 7.99669e-07
    outer loop
      vertex 7.66566 3.73077 4.43345
      vertex 7.53838 3.39919 6.6
      vertex 7.951 4.4741 6.6
    endloop
  endfacet
  facet normal -0.933582 0.358364 0
    outer loop
      vertex 7.951 4.4741 0.599999
      vertex 7.82372 4.14252 2.76655
      vertex 7.951 4.4741 2.76655
    endloop
  endfacet
  facet normal -0.93358 0.358368 7.99668e-07
    outer loop
      vertex 7.53838 3.39919 0.599999
      vertex 7.82372 4.14252 2.76655
      vertex 7.951 4.4741 0.599999
    endloop
  endfacet
  facet normal -0.933579 0.358371 0
    outer loop
      vertex 7.82372 4.14252 2.76655
      vertex 7.53838 3.39919 0.599999
      vertex 7.53838 3.39919 2.76655
    endloop
  endfacet
  facet normal -0.0523719 0.998628 -8.53871e-07
    outer loop
      vertex 18 11 6.6
      vertex 17.2049 10.9583 4.43345
      vertex 16.8502 10.9397 6.6
    endloop
  endfacet
  facet normal -0.0523743 0.998628 0
    outer loop
      vertex 17.2049 10.9583 4.43345
      vertex 18 11 6.6
      vertex 18 11 4.43345
    endloop
  endfacet
  facet normal -0.0523667 0.998628 0
    outer loop
      vertex 16.8502 10.9397 6.6
      vertex 17.2049 10.9583 4.43345
      vertex 16.8502 10.9397 4.43345
    endloop
  endfacet
  facet normal -0.0523667 0.998628 0
    outer loop
      vertex 18 11 0.599999
      vertex 17.6453 10.9814 2.76655
      vertex 18 11 2.76655
    endloop
  endfacet
  facet normal -0.0523719 0.998628 -8.5387e-07
    outer loop
      vertex 16.8502 10.9397 0.599999
      vertex 17.6453 10.9814 2.76655
      vertex 18 11 0.599999
    endloop
  endfacet
  facet normal -0.0523743 0.998628 0
    outer loop
      vertex 17.6453 10.9814 2.76655
      vertex 16.8502 10.9397 0.599999
      vertex 16.8502 10.9397 2.76655
    endloop
  endfacet
  facet normal -0.965925 0.258823 0
    outer loop
      vertex 7.3323 2.6301 4.43345
      vertex 7.53838 3.39919 6.6
      vertex 7.53838 3.39919 4.43345
    endloop
  endfacet
  facet normal -0.96593 0.258805 0
    outer loop
      vertex 7.24038 2.28703 6.6
      vertex 7.3323 2.6301 4.43345
      vertex 7.24038 2.28703 4.43345
    endloop
  endfacet
  facet normal -0.965926 0.258817 2.04959e-06
    outer loop
      vertex 7.3323 2.6301 4.43345
      vertex 7.24038 2.28703 6.6
      vertex 7.53838 3.39919 6.6
    endloop
  endfacet
  facet normal -0.965923 0.258831 0
    outer loop
      vertex 7.53838 3.39919 0.599999
      vertex 7.44645 3.05612 2.76655
      vertex 7.53838 3.39919 2.76655
    endloop
  endfacet
  facet normal -0.965926 0.258817 -2.40877e-06
    outer loop
      vertex 7.24038 2.28703 0.599999
      vertex 7.44645 3.05612 2.76655
      vertex 7.53838 3.39919 0.599999
    endloop
  endfacet
  facet normal -0.965928 0.258811 0
    outer loop
      vertex 7.44645 3.05612 2.76655
      vertex 7.24038 2.28703 0.599999
      vertex 7.24038 2.28703 2.76655
    endloop
  endfacet
  facet normal -0.99863 -0.0523347 0
    outer loop
      vertex 7.04167 -0.79513 4.43345
      vertex 7 0 6.6
      vertex 7 0 4.43345
    endloop
  endfacet
  facet normal -0.998629 -0.0523416 -0
    outer loop
      vertex 7.06026 -1.14981 6.6
      vertex 7.04167 -0.79513 4.43345
      vertex 7.06026 -1.14981 4.43345
    endloop
  endfacet
  facet normal -0.998629 -0.0523368 7.82148e-07
    outer loop
      vertex 7.04167 -0.79513 4.43345
      vertex 7.06026 -1.14981 6.6
      vertex 7 0 6.6
    endloop
  endfacet
  facet normal -0.998629 -0.0523412 0
    outer loop
      vertex 7 0 0.599999
      vertex 7.01859 -0.354683 2.76655
      vertex 7 0 2.76655
    endloop
  endfacet
  facet normal -0.998629 -0.0523368 7.09678e-07
    outer loop
      vertex 7.06026 -1.14981 0.599999
      vertex 7.01859 -0.354683 2.76655
      vertex 7 0 0.599999
    endloop
  endfacet
  facet normal -0.99863 -0.0523349 0
    outer loop
      vertex 7.01859 -0.354683 2.76655
      vertex 7.06026 -1.14981 0.599999
      vertex 7.06026 -1.14981 2.76655
    endloop
  endfacet
  facet normal -0.777141 -0.629326 0
    outer loop
      vertex 9.10081 -6.46564 0.599999
      vertex 9.32433 -6.74166 2.76655
      vertex 9.10081 -6.46564 2.76655
    endloop
  endfacet
  facet normal -0.777144 -0.629323 6.43e-07
    outer loop
      vertex 9.82541 -7.36044 0.599999
      vertex 9.32433 -6.74166 2.76655
      vertex 9.10081 -6.46564 0.599999
    endloop
  endfacet
  facet normal -0.777145 -0.629322 0
    outer loop
      vertex 9.32433 -6.74166 2.76655
      vertex 9.82541 -7.36044 0.599999
      vertex 9.82541 -7.36044 2.76655
    endloop
  endfacet
  facet normal -0.777145 -0.629322 0
    outer loop
      vertex 9.60189 -7.08442 4.43345
      vertex 9.10081 -6.46564 6.6
      vertex 9.10081 -6.46564 4.43345
    endloop
  endfacet
  facet normal -0.777141 -0.629326 -0
    outer loop
      vertex 9.82541 -7.36044 6.6
      vertex 9.60189 -7.08442 4.43345
      vertex 9.82541 -7.36044 4.43345
    endloop
  endfacet
  facet normal -0.777144 -0.629323 6.43e-07
    outer loop
      vertex 9.60189 -7.08442 4.43345
      vertex 9.82541 -7.36044 6.6
      vertex 9.10081 -6.46564 6.6
    endloop
  endfacet
  facet normal -0.629323 -0.777144 2.25948e-05
    outer loop
      vertex 11.2583 -8.67567 4.43345
      vertex 11.5344 -8.89919 6.6
      vertex 10.6396 -8.17459 6.6
    endloop
  endfacet
  facet normal -0.629216 -0.77723 -0
    outer loop
      vertex 11.5344 -8.89919 6.6
      vertex 11.2583 -8.67567 4.43345
      vertex 11.5344 -8.89919 4.43345
    endloop
  endfacet
  facet normal -0.629371 -0.777105 0
    outer loop
      vertex 11.2583 -8.67567 4.43345
      vertex 10.6396 -8.17459 6.6
      vertex 10.6396 -8.17459 4.43345
    endloop
  endfacet
  facet normal -0.629354 -0.777119 0
    outer loop
      vertex 10.6396 -8.17459 0.599999
      vertex 10.9156 -8.39811 2.76655
      vertex 10.6396 -8.17459 2.76655
    endloop
  endfacet
  facet normal -0.629323 -0.777144 -6.45245e-06
    outer loop
      vertex 11.5344 -8.89919 0.599999
      vertex 10.9156 -8.39811 2.76655
      vertex 10.6396 -8.17459 0.599999
    endloop
  endfacet
  facet normal -0.629309 -0.777155 0
    outer loop
      vertex 10.9156 -8.39811 2.76655
      vertex 11.5344 -8.89919 0.599999
      vertex 11.5344 -8.89919 2.76655
    endloop
  endfacet
  facet normal 0.933596 -0.358327 0
    outer loop
      vertex 28.1763 -4.14252 2.76655
      vertex 28.4616 -3.39919 0.599999
      vertex 28.4616 -3.39919 2.76655
    endloop
  endfacet
  facet normal 0.933563 -0.358413 0
    outer loop
      vertex 28.049 -4.4741 0.599999
      vertex 28.1763 -4.14252 2.76655
      vertex 28.049 -4.4741 2.76655
    endloop
  endfacet
  facet normal 0.933586 -0.358353 -1.0477e-05
    outer loop
      vertex 28.1763 -4.14252 2.76655
      vertex 28.049 -4.4741 0.599999
      vertex 28.4616 -3.39919 0.599999
    endloop
  endfacet
  facet normal 0.933563 -0.358413 0
    outer loop
      vertex 28.4616 -3.39919 6.6
      vertex 28.3343 -3.73077 4.43345
      vertex 28.4616 -3.39919 4.43345
    endloop
  endfacet
  facet normal 0.933586 -0.358353 -1.0477e-05
    outer loop
      vertex 28.049 -4.4741 6.6
      vertex 28.3343 -3.73077 4.43345
      vertex 28.4616 -3.39919 6.6
    endloop
  endfacet
  facet normal 0.933596 -0.358327 0
    outer loop
      vertex 28.3343 -3.73077 4.43345
      vertex 28.049 -4.4741 6.6
      vertex 28.049 -4.4741 4.43345
    endloop
  endfacet
  facet normal -0.544731 -0.838611 0
    outer loop
      vertex 11.5344 -8.89919 0.599999
      vertex 11.8322 -9.09263 2.76655
      vertex 11.5344 -8.89919 2.76655
    endloop
  endfacet
  facet normal -0.544652 -0.838662 -1.53387e-05
    outer loop
      vertex 12.5 -9.52628 0.599999
      vertex 11.8322 -9.09263 2.76655
      vertex 11.5344 -8.89919 0.599999
    endloop
  endfacet
  facet normal -0.544617 -0.838685 0
    outer loop
      vertex 11.8322 -9.09263 2.76655
      vertex 12.5 -9.52628 0.599999
      vertex 12.5 -9.52628 2.76655
    endloop
  endfacet
  facet normal -0.544675 -0.838647 0
    outer loop
      vertex 12.2021 -9.33284 4.43345
      vertex 11.5344 -8.89919 6.6
      vertex 11.5344 -8.89919 4.43345
    endloop
  endfacet
  facet normal -0.544652 -0.838662 9.80046e-06
    outer loop
      vertex 11.5344 -8.89919 6.6
      vertex 12.2021 -9.33284 4.43345
      vertex 12.5 -9.52628 6.6
    endloop
  endfacet
  facet normal -0.544602 -0.838694 -0
    outer loop
      vertex 12.5 -9.52628 6.6
      vertex 12.2021 -9.33284 4.43345
      vertex 12.5 -9.52628 4.43345
    endloop
  endfacet
  facet normal -0.358356 -0.933585 -6.65866e-06
    outer loop
      vertex 14.2692 -10.3343 4.43345
      vertex 14.6008 -10.4616 6.6
      vertex 13.5259 -10.049 6.6
    endloop
  endfacet
  facet normal -0.358339 -0.933591 0
    outer loop
      vertex 14.2692 -10.3343 4.43345
      vertex 13.5259 -10.049 6.6
      vertex 13.5259 -10.049 4.43345
    endloop
  endfacet
  facet normal -0.358394 -0.93357 -0
    outer loop
      vertex 14.6008 -10.4616 6.6
      vertex 14.2692 -10.3343 4.43345
      vertex 14.6008 -10.4616 4.43345
    endloop
  endfacet
  facet normal -0.358394 -0.93357 0
    outer loop
      vertex 13.5259 -10.049 0.599999
      vertex 13.8575 -10.1763 2.76655
      vertex 13.5259 -10.049 2.76655
    endloop
  endfacet
  facet normal -0.358356 -0.933585 -6.65865e-06
    outer loop
      vertex 14.6008 -10.4616 0.599999
      vertex 13.8575 -10.1763 2.76655
      vertex 13.5259 -10.049 0.599999
    endloop
  endfacet
  facet normal -0.358339 -0.933591 0
    outer loop
      vertex 13.8575 -10.1763 2.76655
      vertex 14.6008 -10.4616 0.599999
      vertex 14.6008 -10.4616 2.76655
    endloop
  endfacet
  facet normal -0.99863 0.0523349 0
    outer loop
      vertex 7.01859 0.354683 4.43345
      vertex 7.06026 1.14981 6.6
      vertex 7.06026 1.14981 4.43345
    endloop
  endfacet
  facet normal -0.998629 0.0523412 0
    outer loop
      vertex 7 0 6.6
      vertex 7.01859 0.354683 4.43345
      vertex 7 0 4.43345
    endloop
  endfacet
  facet normal -0.998629 0.0523368 -7.09678e-07
    outer loop
      vertex 7.01859 0.354683 4.43345
      vertex 7 0 6.6
      vertex 7.06026 1.14981 6.6
    endloop
  endfacet
  facet normal -0.998629 0.0523416 0
    outer loop
      vertex 7.06026 1.14981 0.599999
      vertex 7.04167 0.79513 2.76655
      vertex 7.06026 1.14981 2.76655
    endloop
  endfacet
  facet normal -0.998629 0.0523368 -7.82148e-07
    outer loop
      vertex 7 0 0.599999
      vertex 7.04167 0.79513 2.76655
      vertex 7.06026 1.14981 0.599999
    endloop
  endfacet
  facet normal -0.99863 0.0523347 0
    outer loop
      vertex 7.04167 0.79513 2.76655
      vertex 7 0 0.599999
      vertex 7 0 2.76655
    endloop
  endfacet
  facet normal 0 0 1
    outer loop
      vertex 21.5 0 6.6
      vertex 29 0 6.6
      vertex 28.9397 1.14981 6.6
    endloop
  endfacet
  facet normal 0 0 1
    outer loop
      vertex 21.4808 0.365849 6.6
      vertex 28.9397 1.14981 6.6
      vertex 28.7596 2.28703 6.6
    endloop
  endfacet
  facet normal 0 0 1
    outer loop
      vertex 29 0 6.6
      vertex 21.5 0 6.6
      vertex 28.9397 -1.14981 6.6
    endloop
  endfacet
  facet normal 0 0 1
    outer loop
      vertex 21.4235 0.727691 6.6
      vertex 28.7596 2.28703 6.6
      vertex 28.4616 3.39919 6.6
    endloop
  endfacet
  facet normal -0 0 1
    outer loop
      vertex 21.4808 -0.365849 6.6
      vertex 28.9397 -1.14981 6.6
      vertex 21.5 0 6.6
    endloop
  endfacet
  facet normal 0 0 1
    outer loop
      vertex 21.3287 1.08156 6.6
      vertex 28.4616 3.39919 6.6
      vertex 28.049 4.4741 6.6
    endloop
  endfacet
  facet normal 0 0 1
    outer loop
      vertex 28.9397 -1.14981 6.6
      vertex 21.4808 -0.365849 6.6
      vertex 28.7596 -2.28703 6.6
    endloop
  endfacet
  facet normal 0 0 1
    outer loop
      vertex 21.1974 1.42358 6.6
      vertex 28.049 4.4741 6.6
      vertex 27.5263 5.5 6.6
    endloop
  endfacet
  facet normal -0 0 1
    outer loop
      vertex 21.4235 -0.727691 6.6
      vertex 28.7596 -2.28703 6.6
      vertex 21.4808 -0.365849 6.6
    endloop
  endfacet
  facet normal 0 0 1
    outer loop
      vertex 21.0311 1.75 6.6
      vertex 27.5263 5.5 6.6
      vertex 26.8992 6.46564 6.6
    endloop
  endfacet
  facet normal 0 0 1
    outer loop
      vertex 28.7596 -2.28703 6.6
      vertex 21.4235 -0.727691 6.6
      vertex 28.4616 -3.39919 6.6
    endloop
  endfacet
  facet normal 0 0 1
    outer loop
      vertex 20.8316 2.05725 6.6
      vertex 26.8992 6.46564 6.6
      vertex 26.1746 7.36044 6.6
    endloop
  endfacet
  facet normal -0 0 1
    outer loop
      vertex 21.3287 -1.08156 6.6
      vertex 28.4616 -3.39919 6.6
      vertex 21.4235 -0.727691 6.6
    endloop
  endfacet
  facet normal 0 0 1
    outer loop
      vertex 20.601 2.34196 6.6
      vertex 26.1746 7.36044 6.6
      vertex 25.3604 8.17459 6.6
    endloop
  endfacet
  facet normal 0 0 1
    outer loop
      vertex 28.4616 -3.39919 6.6
      vertex 21.3287 -1.08156 6.6
      vertex 28.049 -4.4741 6.6
    endloop
  endfacet
  facet normal 0 0 1
    outer loop
      vertex 20.342 2.60101 6.6
      vertex 25.3604 8.17459 6.6
      vertex 24.4656 8.89919 6.6
    endloop
  endfacet
  facet normal -0 0 1
    outer loop
      vertex 21.1974 -1.42358 6.6
      vertex 28.049 -4.4741 6.6
      vertex 21.3287 -1.08156 6.6
    endloop
  endfacet
  facet normal 0 0 1
    outer loop
      vertex 20.0572 2.83156 6.6
      vertex 24.4656 8.89919 6.6
      vertex 23.5 9.52628 6.6
    endloop
  endfacet
  facet normal 0 0 1
    outer loop
      vertex 28.049 -4.4741 6.6
      vertex 21.1974 -1.42358 6.6
      vertex 27.5263 -5.5 6.6
    endloop
  endfacet
  facet normal 0 0 1
    outer loop
      vertex 19.75 3.03109 6.6
      vertex 23.5 9.52628 6.6
      vertex 22.4741 10.049 6.6
    endloop
  endfacet
  facet normal -0 0 1
    outer loop
      vertex 21.0311 -1.75 6.6
      vertex 27.5263 -5.5 6.6
      vertex 21.1974 -1.42358 6.6
    endloop
  endfacet
  facet normal 0 0 1
    outer loop
      vertex 27.5263 -5.5 6.6
      vertex 21.0311 -1.75 6.6
      vertex 26.8992 -6.46564 6.6
    endloop
  endfacet
  facet normal 0 0 1
    outer loop
      vertex 28.9397 1.14981 6.6
      vertex 21.4808 0.365849 6.6
      vertex 21.5 0 6.6
    endloop
  endfacet
  facet normal 0 0 1
    outer loop
      vertex 28.7596 2.28703 6.6
      vertex 21.4235 0.727691 6.6
      vertex 21.4808 0.365849 6.6
    endloop
  endfacet
  facet normal 0 0 1
    outer loop
      vertex 19.4236 3.19741 6.6
      vertex 22.4741 10.049 6.6
      vertex 21.3992 10.4616 6.6
    endloop
  endfacet
  facet normal 0 0 1
    outer loop
      vertex 28.4616 3.39919 6.6
      vertex 21.3287 1.08156 6.6
      vertex 21.4235 0.727691 6.6
    endloop
  endfacet
  facet normal 0 0 1
    outer loop
      vertex 28.049 4.4741 6.6
      vertex 21.1974 1.42358 6.6
      vertex 21.3287 1.08156 6.6
    endloop
  endfacet
  facet normal 0 0 1
    outer loop
      vertex 27.5263 5.5 6.6
      vertex 21.0311 1.75 6.6
      vertex 21.1974 1.42358 6.6
    endloop
  endfacet
  facet normal 0 0 1
    outer loop
      vertex 26.8992 6.46564 6.6
      vertex 20.8316 2.05725 6.6
      vertex 21.0311 1.75 6.6
    endloop
  endfacet
  facet normal 0 0 1
    outer loop
      vertex 26.1746 7.36044 6.6
      vertex 20.601 2.34196 6.6
      vertex 20.8316 2.05725 6.6
    endloop
  endfacet
  facet normal 0 0 1
    outer loop
      vertex 25.3604 8.17459 6.6
      vertex 20.342 2.60101 6.6
      vertex 20.601 2.34196 6.6
    endloop
  endfacet
  facet normal 0 0 1
    outer loop
      vertex 19.0816 3.3287 6.6
      vertex 21.3992 10.4616 6.6
      vertex 20.287 10.7596 6.6
    endloop
  endfacet
  facet normal 0 0 1
    outer loop
      vertex 24.4656 8.89919 6.6
      vertex 20.0572 2.83156 6.6
      vertex 20.342 2.60101 6.6
    endloop
  endfacet
  facet normal 0 0 1
    outer loop
      vertex 23.5 9.52628 6.6
      vertex 19.75 3.03109 6.6
      vertex 20.0572 2.83156 6.6
    endloop
  endfacet
  facet normal 0 0 1
    outer loop
      vertex 22.4741 10.049 6.6
      vertex 19.4236 3.19741 6.6
      vertex 19.75 3.03109 6.6
    endloop
  endfacet
  facet normal 0 0 1
    outer loop
      vertex 18.7277 3.42352 6.6
      vertex 20.287 10.7596 6.6
      vertex 19.1498 10.9397 6.6
    endloop
  endfacet
  facet normal 0 0 1
    outer loop
      vertex 21.3992 10.4616 6.6
      vertex 19.0816 3.3287 6.6
      vertex 19.4236 3.19741 6.6
    endloop
  endfacet
  facet normal 0 0 1
    outer loop
      vertex 20.287 10.7596 6.6
      vertex 18.7277 3.42352 6.6
      vertex 19.0816 3.3287 6.6
    endloop
  endfacet
  facet normal 0 0 1
    outer loop
      vertex 19.1498 10.9397 6.6
      vertex 18.3658 3.48083 6.6
      vertex 18.7277 3.42352 6.6
    endloop
  endfacet
  facet normal 0 0 1
    outer loop
      vertex 18 11 6.6
      vertex 18.3658 3.48083 6.6
      vertex 19.1498 10.9397 6.6
    endloop
  endfacet
  facet normal 0 0 1
    outer loop
      vertex 18 11 6.6
      vertex 18 3.5 6.6
      vertex 18.3658 3.48083 6.6
    endloop
  endfacet
  facet normal 0 0 1
    outer loop
      vertex 18 11 6.6
      vertex 17.6342 3.48083 6.6
      vertex 18 3.5 6.6
    endloop
  endfacet
  facet normal -0 0 1
    outer loop
      vertex 16.8502 10.9397 6.6
      vertex 17.6342 3.48083 6.6
      vertex 18 11 6.6
    endloop
  endfacet
  facet normal 0 0 1
    outer loop
      vertex 17.6342 3.48083 6.6
      vertex 16.8502 10.9397 6.6
      vertex 17.2723 3.42352 6.6
    endloop
  endfacet
  facet normal -0 0 1
    outer loop
      vertex 15.713 10.7596 6.6
      vertex 17.2723 3.42352 6.6
      vertex 16.8502 10.9397 6.6
    endloop
  endfacet
  facet normal 0 0 1
    outer loop
      vertex 17.2723 3.42352 6.6
      vertex 15.713 10.7596 6.6
      vertex 16.9184 3.3287 6.6
    endloop
  endfacet
  facet normal -0 0 1
    outer loop
      vertex 14.6008 10.4616 6.6
      vertex 16.9184 3.3287 6.6
      vertex 15.713 10.7596 6.6
    endloop
  endfacet
  facet normal 0 0 1
    outer loop
      vertex 16.9184 3.3287 6.6
      vertex 14.6008 10.4616 6.6
      vertex 16.5764 3.19741 6.6
    endloop
  endfacet
  facet normal -0 0 1
    outer loop
      vertex 13.5259 10.049 6.6
      vertex 16.5764 3.19741 6.6
      vertex 14.6008 10.4616 6.6
    endloop
  endfacet
  facet normal 0 0 1
    outer loop
      vertex 16.5764 3.19741 6.6
      vertex 13.5259 10.049 6.6
      vertex 16.25 3.03109 6.6
    endloop
  endfacet
  facet normal -0 0 1
    outer loop
      vertex 12.5 9.52628 6.6
      vertex 16.25 3.03109 6.6
      vertex 13.5259 10.049 6.6
    endloop
  endfacet
  facet normal 0 0 1
    outer loop
      vertex 16.25 3.03109 6.6
      vertex 12.5 9.52628 6.6
      vertex 15.9428 2.83156 6.6
    endloop
  endfacet
  facet normal -0 0 1
    outer loop
      vertex 11.5344 8.89919 6.6
      vertex 15.9428 2.83156 6.6
      vertex 12.5 9.52628 6.6
    endloop
  endfacet
  facet normal 0 0 1
    outer loop
      vertex 15.9428 2.83156 6.6
      vertex 11.5344 8.89919 6.6
      vertex 15.658 2.60101 6.6
    endloop
  endfacet
  facet normal -0 0 1
    outer loop
      vertex 10.6396 8.17459 6.6
      vertex 15.658 2.60101 6.6
      vertex 11.5344 8.89919 6.6
    endloop
  endfacet
  facet normal 0 0 1
    outer loop
      vertex 15.658 2.60101 6.6
      vertex 10.6396 8.17459 6.6
      vertex 15.399 2.34196 6.6
    endloop
  endfacet
  facet normal -0 0 1
    outer loop
      vertex 9.82541 7.36044 6.6
      vertex 15.399 2.34196 6.6
      vertex 10.6396 8.17459 6.6
    endloop
  endfacet
  facet normal 0 0 1
    outer loop
      vertex 15.399 2.34196 6.6
      vertex 9.82541 7.36044 6.6
      vertex 15.1684 2.05725 6.6
    endloop
  endfacet
  facet normal -0 0 1
    outer loop
      vertex 9.10081 6.46564 6.6
      vertex 15.1684 2.05725 6.6
      vertex 9.82541 7.36044 6.6
    endloop
  endfacet
  facet normal 0 0 1
    outer loop
      vertex 15.1684 2.05725 6.6
      vertex 9.10081 6.46564 6.6
      vertex 14.9689 1.75 6.6
    endloop
  endfacet
  facet normal -0 0 1
    outer loop
      vertex 20.8316 -2.05725 6.6
      vertex 26.8992 -6.46564 6.6
      vertex 21.0311 -1.75 6.6
    endloop
  endfacet
  facet normal 0 0 1
    outer loop
      vertex 26.8992 -6.46564 6.6
      vertex 20.8316 -2.05725 6.6
      vertex 26.1746 -7.36044 6.6
    endloop
  endfacet
  facet normal -0 0 1
    outer loop
      vertex 20.601 -2.34196 6.6
      vertex 26.1746 -7.36044 6.6
      vertex 20.8316 -2.05725 6.6
    endloop
  endfacet
  facet normal 0 0 1
    outer loop
      vertex 26.1746 -7.36044 6.6
      vertex 20.601 -2.34196 6.6
      vertex 25.3604 -8.17459 6.6
    endloop
  endfacet
  facet normal -0 0 1
    outer loop
      vertex 20.342 -2.60101 6.6
      vertex 25.3604 -8.17459 6.6
      vertex 20.601 -2.34196 6.6
    endloop
  endfacet
  facet normal 0 0 1
    outer loop
      vertex 25.3604 -8.17459 6.6
      vertex 20.342 -2.60101 6.6
      vertex 24.4656 -8.89919 6.6
    endloop
  endfacet
  facet normal -0 0 1
    outer loop
      vertex 20.0572 -2.83156 6.6
      vertex 24.4656 -8.89919 6.6
      vertex 20.342 -2.60101 6.6
    endloop
  endfacet
  facet normal 0 0 1
    outer loop
      vertex 24.4656 -8.89919 6.6
      vertex 20.0572 -2.83156 6.6
      vertex 23.5 -9.52628 6.6
    endloop
  endfacet
  facet normal -0 0 1
    outer loop
      vertex 19.75 -3.03109 6.6
      vertex 23.5 -9.52628 6.6
      vertex 20.0572 -2.83156 6.6
    endloop
  endfacet
  facet normal 0 0 1
    outer loop
      vertex 23.5 -9.52628 6.6
      vertex 19.75 -3.03109 6.6
      vertex 22.4741 -10.049 6.6
    endloop
  endfacet
  facet normal -0 0 1
    outer loop
      vertex 19.4236 -3.19741 6.6
      vertex 22.4741 -10.049 6.6
      vertex 19.75 -3.03109 6.6
    endloop
  endfacet
  facet normal 0 0 1
    outer loop
      vertex 22.4741 -10.049 6.6
      vertex 19.4236 -3.19741 6.6
      vertex 21.3992 -10.4616 6.6
    endloop
  endfacet
  facet normal -0 0 1
    outer loop
      vertex 19.0816 -3.3287 6.6
      vertex 21.3992 -10.4616 6.6
      vertex 19.4236 -3.19741 6.6
    endloop
  endfacet
  facet normal 0 0 1
    outer loop
      vertex 21.3992 -10.4616 6.6
      vertex 19.0816 -3.3287 6.6
      vertex 20.287 -10.7596 6.6
    endloop
  endfacet
  facet normal -0 0 1
    outer loop
      vertex 18.7277 -3.42352 6.6
      vertex 20.287 -10.7596 6.6
      vertex 19.0816 -3.3287 6.6
    endloop
  endfacet
  facet normal 0 0 1
    outer loop
      vertex 20.287 -10.7596 6.6
      vertex 18.7277 -3.42352 6.6
      vertex 19.1498 -10.9397 6.6
    endloop
  endfacet
  facet normal -0 0 1
    outer loop
      vertex 18.3658 -3.48083 6.6
      vertex 19.1498 -10.9397 6.6
      vertex 18.7277 -3.42352 6.6
    endloop
  endfacet
  facet normal -0 0 1
    outer loop
      vertex 18 -3.5 6.6
      vertex 19.1498 -10.9397 6.6
      vertex 18.3658 -3.48083 6.6
    endloop
  endfacet
  facet normal 0 0 1
    outer loop
      vertex 18 -3.5 6.6
      vertex 18 -11 6.6
      vertex 19.1498 -10.9397 6.6
    endloop
  endfacet
  facet normal 0 0 1
    outer loop
      vertex 17.6342 -3.48083 6.6
      vertex 18 -11 6.6
      vertex 18 -3.5 6.6
    endloop
  endfacet
  facet normal 0 0 1
    outer loop
      vertex 16.8502 -10.9397 6.6
      vertex 17.6342 -3.48083 6.6
      vertex 17.2723 -3.42352 6.6
    endloop
  endfacet
  facet normal 0 0 1
    outer loop
      vertex 15.713 -10.7596 6.6
      vertex 17.2723 -3.42352 6.6
      vertex 16.9184 -3.3287 6.6
    endloop
  endfacet
  facet normal 0 0 1
    outer loop
      vertex 17.6342 -3.48083 6.6
      vertex 16.8502 -10.9397 6.6
      vertex 18 -11 6.6
    endloop
  endfacet
  facet normal 0 0 1
    outer loop
      vertex 14.6008 -10.4616 6.6
      vertex 16.9184 -3.3287 6.6
      vertex 16.5764 -3.19741 6.6
    endloop
  endfacet
  facet normal 0 0 1
    outer loop
      vertex 13.5259 -10.049 6.6
      vertex 16.5764 -3.19741 6.6
      vertex 16.25 -3.03109 6.6
    endloop
  endfacet
  facet normal 0 0 1
    outer loop
      vertex 12.5 -9.52628 6.6
      vertex 16.25 -3.03109 6.6
      vertex 15.9428 -2.83156 6.6
    endloop
  endfacet
  facet normal 0 0 1
    outer loop
      vertex 17.2723 -3.42352 6.6
      vertex 15.713 -10.7596 6.6
      vertex 16.8502 -10.9397 6.6
    endloop
  endfacet
  facet normal 0 0 1
    outer loop
      vertex 11.5344 -8.89919 6.6
      vertex 15.9428 -2.83156 6.6
      vertex 15.658 -2.60101 6.6
    endloop
  endfacet
  facet normal 0 0 1
    outer loop
      vertex 10.6396 -8.17459 6.6
      vertex 15.658 -2.60101 6.6
      vertex 15.399 -2.34196 6.6
    endloop
  endfacet
  facet normal 0 0 1
    outer loop
      vertex 9.82541 -7.36044 6.6
      vertex 15.399 -2.34196 6.6
      vertex 15.1684 -2.05725 6.6
    endloop
  endfacet
  facet normal 0 0 1
    outer loop
      vertex 9.10081 -6.46564 6.6
      vertex 15.1684 -2.05725 6.6
      vertex 14.9689 -1.75 6.6
    endloop
  endfacet
  facet normal 0 0 1
    outer loop
      vertex 8.47372 -5.5 6.6
      vertex 14.9689 -1.75 6.6
      vertex 14.8026 -1.42358 6.6
    endloop
  endfacet
  facet normal 0 0 1
    outer loop
      vertex 7.951 -4.4741 6.6
      vertex 14.8026 -1.42358 6.6
      vertex 14.6713 -1.08156 6.6
    endloop
  endfacet
  facet normal 0 0 1
    outer loop
      vertex 16.9184 -3.3287 6.6
      vertex 14.6008 -10.4616 6.6
      vertex 15.713 -10.7596 6.6
    endloop
  endfacet
  facet normal 0 0 1
    outer loop
      vertex 7.53838 -3.39919 6.6
      vertex 14.6713 -1.08156 6.6
      vertex 14.5765 -0.727691 6.6
    endloop
  endfacet
  facet normal 0 0 1
    outer loop
      vertex 7.24038 -2.28703 6.6
      vertex 14.5765 -0.727691 6.6
      vertex 14.5192 -0.365849 6.6
    endloop
  endfacet
  facet normal 0 0 1
    outer loop
      vertex 7.06026 -1.14981 6.6
      vertex 14.5192 -0.365849 6.6
      vertex 14.5 0 6.6
    endloop
  endfacet
  facet normal -0 0 1
    outer loop
      vertex 8.47372 5.5 6.6
      vertex 14.9689 1.75 6.6
      vertex 9.10081 6.46564 6.6
    endloop
  endfacet
  facet normal 0 0 1
    outer loop
      vertex 16.5764 -3.19741 6.6
      vertex 13.5259 -10.049 6.6
      vertex 14.6008 -10.4616 6.6
    endloop
  endfacet
  facet normal 0 0 1
    outer loop
      vertex 14.9689 1.75 6.6
      vertex 8.47372 5.5 6.6
      vertex 14.8026 1.42358 6.6
    endloop
  endfacet
  facet normal 0 0 1
    outer loop
      vertex 16.25 -3.03109 6.6
      vertex 12.5 -9.52628 6.6
      vertex 13.5259 -10.049 6.6
    endloop
  endfacet
  facet normal -0 0 1
    outer loop
      vertex 7.951 4.4741 6.6
      vertex 14.8026 1.42358 6.6
      vertex 8.47372 5.5 6.6
    endloop
  endfacet
  facet normal 0 0 1
    outer loop
      vertex 15.9428 -2.83156 6.6
      vertex 11.5344 -8.89919 6.6
      vertex 12.5 -9.52628 6.6
    endloop
  endfacet
  facet normal 0 0 1
    outer loop
      vertex 14.8026 1.42358 6.6
      vertex 7.951 4.4741 6.6
      vertex 14.6713 1.08156 6.6
    endloop
  endfacet
  facet normal 0 0 1
    outer loop
      vertex 15.658 -2.60101 6.6
      vertex 10.6396 -8.17459 6.6
      vertex 11.5344 -8.89919 6.6
    endloop
  endfacet
  facet normal -0 0 1
    outer loop
      vertex 7.53838 3.39919 6.6
      vertex 14.6713 1.08156 6.6
      vertex 7.951 4.4741 6.6
    endloop
  endfacet
  facet normal 0 0 1
    outer loop
      vertex 15.399 -2.34196 6.6
      vertex 9.82541 -7.36044 6.6
      vertex 10.6396 -8.17459 6.6
    endloop
  endfacet
  facet normal 0 0 1
    outer loop
      vertex 14.6713 1.08156 6.6
      vertex 7.53838 3.39919 6.6
      vertex 14.5765 0.727691 6.6
    endloop
  endfacet
  facet normal 0 0 1
    outer loop
      vertex 15.1684 -2.05725 6.6
      vertex 9.10081 -6.46564 6.6
      vertex 9.82541 -7.36044 6.6
    endloop
  endfacet
  facet normal -0 0 1
    outer loop
      vertex 7.24038 2.28703 6.6
      vertex 14.5765 0.727691 6.6
      vertex 7.53838 3.39919 6.6
    endloop
  endfacet
  facet normal 0 0 1
    outer loop
      vertex 14.9689 -1.75 6.6
      vertex 8.47372 -5.5 6.6
      vertex 9.10081 -6.46564 6.6
    endloop
  endfacet
  facet normal 0 0 1
    outer loop
      vertex 14.5765 0.727691 6.6
      vertex 7.24038 2.28703 6.6
      vertex 14.5192 0.365849 6.6
    endloop
  endfacet
  facet normal 0 0 1
    outer loop
      vertex 14.8026 -1.42358 6.6
      vertex 7.951 -4.4741 6.6
      vertex 8.47372 -5.5 6.6
    endloop
  endfacet
  facet normal -0 0 1
    outer loop
      vertex 7.06026 1.14981 6.6
      vertex 14.5192 0.365849 6.6
      vertex 7.24038 2.28703 6.6
    endloop
  endfacet
  facet normal 0 0 1
    outer loop
      vertex 14.6713 -1.08156 6.6
      vertex 7.53838 -3.39919 6.6
      vertex 7.951 -4.4741 6.6
    endloop
  endfacet
  facet normal 0 0 1
    outer loop
      vertex 14.5192 0.365849 6.6
      vertex 7.06026 1.14981 6.6
      vertex 14.5 0 6.6
    endloop
  endfacet
  facet normal 0 0 1
    outer loop
      vertex 14.5765 -0.727691 6.6
      vertex 7.24038 -2.28703 6.6
      vertex 7.53838 -3.39919 6.6
    endloop
  endfacet
  facet normal 0 0 1
    outer loop
      vertex 7 0 6.6
      vertex 14.5 0 6.6
      vertex 7.06026 1.14981 6.6
    endloop
  endfacet
  facet normal 0 0 1
    outer loop
      vertex 14.5192 -0.365849 6.6
      vertex 7.06026 -1.14981 6.6
      vertex 7.24038 -2.28703 6.6
    endloop
  endfacet
  facet normal 0 0 1
    outer loop
      vertex 14.5 0 6.6
      vertex 7 0 6.6
      vertex 7.06026 -1.14981 6.6
    endloop
  endfacet
  facet normal -0.891012 0.453981 0
    outer loop
      vertex 8.47372 5.5 0.599999
      vertex 8.31248 5.18354 2.76655
      vertex 8.47372 5.5 2.76655
    endloop
  endfacet
  facet normal -0.891007 0.453989 1.54545e-06
    outer loop
      vertex 7.951 4.4741 0.599999
      vertex 8.31248 5.18354 2.76655
      vertex 8.47372 5.5 0.599999
    endloop
  endfacet
  facet normal -0.891005 0.453993 0
    outer loop
      vertex 8.31248 5.18354 2.76655
      vertex 7.951 4.4741 0.599999
      vertex 7.951 4.4741 2.76655
    endloop
  endfacet
  facet normal -0.891005 0.453993 0
    outer loop
      vertex 8.11224 4.79056 4.43345
      vertex 8.47372 5.5 6.6
      vertex 8.47372 5.5 4.43345
    endloop
  endfacet
  facet normal -0.891012 0.453981 0
    outer loop
      vertex 7.951 4.4741 6.6
      vertex 8.11224 4.79056 4.43345
      vertex 7.951 4.4741 4.43345
    endloop
  endfacet
  facet normal -0.891007 0.453989 1.54545e-06
    outer loop
      vertex 8.11224 4.79056 4.43345
      vertex 7.951 4.4741 6.6
      vertex 8.47372 5.5 6.6
    endloop
  endfacet
  facet normal 0.15641 0.987692 -0
    outer loop
      vertex 18.7277 3.42352 6.6
      vertex 18.3658 3.48083 7.2
      vertex 18.7277 3.42352 7.2
    endloop
  endfacet
  facet normal 0.15641 0.987692 0
    outer loop
      vertex 18.3658 3.48083 7.2
      vertex 18.7277 3.42352 6.6
      vertex 18.3658 3.48083 6.6
    endloop
  endfacet
  facet normal 0.15641 0.987692 -0
    outer loop
      vertex 18.7277 3.42352 0
      vertex 18.3658 3.48083 0.599999
      vertex 18.7277 3.42352 0.599999
    endloop
  endfacet
  facet normal 0.15641 0.987692 0
    outer loop
      vertex 18.3658 3.48083 0.599999
      vertex 18.7277 3.42352 0
      vertex 18.3658 3.48083 0
    endloop
  endfacet
  facet normal 0.987693 0.156407 0
    outer loop
      vertex 21.4808 0.365849 0.599999
      vertex 21.4235 0.727691 0
      vertex 21.4235 0.727691 0.599999
    endloop
  endfacet
  facet normal 0.987693 0.156407 0
    outer loop
      vertex 21.4235 0.727691 0
      vertex 21.4808 0.365849 0.599999
      vertex 21.4808 0.365849 0
    endloop
  endfacet
  facet normal 0.987693 0.156407 0
    outer loop
      vertex 21.4808 0.365849 7.2
      vertex 21.4235 0.727691 6.6
      vertex 21.4235 0.727691 7.2
    endloop
  endfacet
  facet normal 0.987693 0.156407 0
    outer loop
      vertex 21.4235 0.727691 6.6
      vertex 21.4808 0.365849 7.2
      vertex 21.4808 0.365849 6.6
    endloop
  endfacet
  facet normal 0.998626 0.0524085 0
    outer loop
      vertex 21.5 0 7.2
      vertex 21.4808 0.365849 6.6
      vertex 21.4808 0.365849 7.2
    endloop
  endfacet
  facet normal 0.998626 0.0524085 0
    outer loop
      vertex 21.4808 0.365849 6.6
      vertex 21.5 0 7.2
      vertex 21.5 0 6.6
    endloop
  endfacet
  facet normal 0.998626 0.0524085 0
    outer loop
      vertex 21.5 0 0.599999
      vertex 21.4808 0.365849 0
      vertex 21.4808 0.365849 0.599999
    endloop
  endfacet
  facet normal 0.998626 0.0524085 0
    outer loop
      vertex 21.4808 0.365849 0
      vertex 21.5 0 0.599999
      vertex 21.5 0 0
    endloop
  endfacet
  facet normal 0.965939 0.258771 0
    outer loop
      vertex 21.4235 0.727691 0.599999
      vertex 21.3287 1.08156 0
      vertex 21.3287 1.08156 0.599999
    endloop
  endfacet
  facet normal 0.965939 0.258771 0
    outer loop
      vertex 21.3287 1.08156 0
      vertex 21.4235 0.727691 0.599999
      vertex 21.4235 0.727691 0
    endloop
  endfacet
  facet normal 0.965939 0.258771 0
    outer loop
      vertex 21.4235 0.727691 7.2
      vertex 21.3287 1.08156 6.6
      vertex 21.3287 1.08156 7.2
    endloop
  endfacet
  facet normal 0.965939 0.258771 0
    outer loop
      vertex 21.3287 1.08156 6.6
      vertex 21.4235 0.727691 7.2
      vertex 21.4235 0.727691 6.6
    endloop
  endfacet
  facet normal -0.0523339 0.99863 0
    outer loop
      vertex 18 3.5 6.6
      vertex 17.6342 3.48083 7.2
      vertex 18 3.5 7.2
    endloop
  endfacet
  facet normal -0.0523339 0.99863 0
    outer loop
      vertex 17.6342 3.48083 7.2
      vertex 18 3.5 6.6
      vertex 17.6342 3.48083 6.6
    endloop
  endfacet
  facet normal -0.0523339 0.99863 0
    outer loop
      vertex 18 3.5 0
      vertex 17.6342 3.48083 0.599999
      vertex 18 3.5 0.599999
    endloop
  endfacet
  facet normal -0.0523339 0.99863 0
    outer loop
      vertex 17.6342 3.48083 0.599999
      vertex 18 3.5 0
      vertex 17.6342 3.48083 0
    endloop
  endfacet
  facet normal 0.0523339 -0.99863 0
    outer loop
      vertex 18 -3.5 0
      vertex 18.3658 -3.48083 0.599999
      vertex 18 -3.5 0.599999
    endloop
  endfacet
  facet normal 0.0523339 -0.99863 0
    outer loop
      vertex 18.3658 -3.48083 0.599999
      vertex 18 -3.5 0
      vertex 18.3658 -3.48083 0
    endloop
  endfacet
  facet normal 0.0523339 -0.99863 0
    outer loop
      vertex 18 -3.5 6.6
      vertex 18.3658 -3.48083 7.2
      vertex 18 -3.5 7.2
    endloop
  endfacet
  facet normal 0.0523339 -0.99863 0
    outer loop
      vertex 18.3658 -3.48083 7.2
      vertex 18 -3.5 6.6
      vertex 18.3658 -3.48083 6.6
    endloop
  endfacet
  facet normal -0.987693 -0.156407 0
    outer loop
      vertex 14.5765 -0.727691 6.6
      vertex 14.5192 -0.365849 7.2
      vertex 14.5192 -0.365849 6.6
    endloop
  endfacet
  facet normal -0.987693 -0.156407 0
    outer loop
      vertex 14.5192 -0.365849 7.2
      vertex 14.5765 -0.727691 6.6
      vertex 14.5765 -0.727691 7.2
    endloop
  endfacet
  facet normal -0.987693 -0.156407 0
    outer loop
      vertex 14.5765 -0.727691 0
      vertex 14.5192 -0.365849 0.599999
      vertex 14.5192 -0.365849 0
    endloop
  endfacet
  facet normal -0.987693 -0.156407 0
    outer loop
      vertex 14.5192 -0.365849 0.599999
      vertex 14.5765 -0.727691 0
      vertex 14.5765 -0.727691 0.599999
    endloop
  endfacet
  facet normal -0.891028 0.453949 0
    outer loop
      vertex 14.8026 1.42358 6.6
      vertex 14.9689 1.75 7.2
      vertex 14.9689 1.75 6.6
    endloop
  endfacet
  facet normal -0.891028 0.453949 0
    outer loop
      vertex 14.9689 1.75 7.2
      vertex 14.8026 1.42358 6.6
      vertex 14.8026 1.42358 7.2
    endloop
  endfacet
  facet normal -0.891028 0.453949 0
    outer loop
      vertex 14.8026 1.42358 0
      vertex 14.9689 1.75 0.599999
      vertex 14.9689 1.75 0
    endloop
  endfacet
  facet normal -0.891028 0.453949 0
    outer loop
      vertex 14.9689 1.75 0.599999
      vertex 14.8026 1.42358 0
      vertex 14.8026 1.42358 0.599999
    endloop
  endfacet
  facet normal -0.707175 0.707039 0
    outer loop
      vertex 15.399 2.34196 0
      vertex 15.658 2.60101 0.599999
      vertex 15.658 2.60101 0
    endloop
  endfacet
  facet normal -0.707175 0.707039 0
    outer loop
      vertex 15.658 2.60101 0.599999
      vertex 15.399 2.34196 0
      vertex 15.399 2.34196 0.599999
    endloop
  endfacet
  facet normal -0.707175 0.707039 0
    outer loop
      vertex 15.399 2.34196 6.6
      vertex 15.658 2.60101 7.2
      vertex 15.658 2.60101 6.6
    endloop
  endfacet
  facet normal -0.707175 0.707039 0
    outer loop
      vertex 15.658 2.60101 7.2
      vertex 15.399 2.34196 6.6
      vertex 15.399 2.34196 7.2
    endloop
  endfacet
  facet normal 0.707175 0.707039 0
    outer loop
      vertex 20.601 2.34196 7.2
      vertex 20.342 2.60101 6.6
      vertex 20.342 2.60101 7.2
    endloop
  endfacet
  facet normal 0.707175 0.707039 0
    outer loop
      vertex 20.342 2.60101 6.6
      vertex 20.601 2.34196 7.2
      vertex 20.601 2.34196 6.6
    endloop
  endfacet
  facet normal 0.707175 0.707039 0
    outer loop
      vertex 20.601 2.34196 0.599999
      vertex 20.342 2.60101 0
      vertex 20.342 2.60101 0.599999
    endloop
  endfacet
  facet normal 0.707175 0.707039 0
    outer loop
      vertex 20.342 2.60101 0
      vertex 20.601 2.34196 0.599999
      vertex 20.601 2.34196 0
    endloop
  endfacet
  facet normal 0.15641 -0.987692 0
    outer loop
      vertex 18.3658 -3.48083 0
      vertex 18.7277 -3.42352 0.599999
      vertex 18.3658 -3.48083 0.599999
    endloop
  endfacet
  facet normal 0.15641 -0.987692 0
    outer loop
      vertex 18.7277 -3.42352 0.599999
      vertex 18.3658 -3.48083 0
      vertex 18.7277 -3.42352 0
    endloop
  endfacet
  facet normal 0.15641 -0.987692 0
    outer loop
      vertex 18.3658 -3.48083 6.6
      vertex 18.7277 -3.42352 7.2
      vertex 18.3658 -3.48083 7.2
    endloop
  endfacet
  facet normal 0.15641 -0.987692 0
    outer loop
      vertex 18.7277 -3.42352 7.2
      vertex 18.3658 -3.48083 6.6
      vertex 18.7277 -3.42352 6.6
    endloop
  endfacet
  facet normal 0.358388 0.933573 -0
    outer loop
      vertex 19.4236 3.19741 0
      vertex 19.0816 3.3287 0.599999
      vertex 19.4236 3.19741 0.599999
    endloop
  endfacet
  facet normal 0.358388 0.933573 0
    outer loop
      vertex 19.0816 3.3287 0.599999
      vertex 19.4236 3.19741 0
      vertex 19.0816 3.3287 0
    endloop
  endfacet
  facet normal 0.358388 0.933573 -0
    outer loop
      vertex 19.4236 3.19741 6.6
      vertex 19.0816 3.3287 7.2
      vertex 19.4236 3.19741 7.2
    endloop
  endfacet
  facet normal 0.358388 0.933573 0
    outer loop
      vertex 19.0816 3.3287 7.2
      vertex 19.4236 3.19741 6.6
      vertex 19.0816 3.3287 6.6
    endloop
  endfacet
  facet normal -0.965939 -0.258771 0
    outer loop
      vertex 14.6713 -1.08156 0
      vertex 14.5765 -0.727691 0.599999
      vertex 14.5765 -0.727691 0
    endloop
  endfacet
  facet normal -0.965939 -0.258771 0
    outer loop
      vertex 14.5765 -0.727691 0.599999
      vertex 14.6713 -1.08156 0
      vertex 14.6713 -1.08156 0.599999
    endloop
  endfacet
  facet normal -0.965939 -0.258771 0
    outer loop
      vertex 14.6713 -1.08156 6.6
      vertex 14.5765 -0.727691 7.2
      vertex 14.5765 -0.727691 6.6
    endloop
  endfacet
  facet normal -0.965939 -0.258771 0
    outer loop
      vertex 14.5765 -0.727691 7.2
      vertex 14.6713 -1.08156 6.6
      vertex 14.6713 -1.08156 7.2
    endloop
  endfacet
  facet normal 0.987693 -0.156407 0
    outer loop
      vertex 21.4235 -0.727691 7.2
      vertex 21.4808 -0.365849 6.6
      vertex 21.4808 -0.365849 7.2
    endloop
  endfacet
  facet normal 0.987693 -0.156407 0
    outer loop
      vertex 21.4808 -0.365849 6.6
      vertex 21.4235 -0.727691 7.2
      vertex 21.4235 -0.727691 6.6
    endloop
  endfacet
  facet normal 0.987693 -0.156407 0
    outer loop
      vertex 21.4235 -0.727691 0.599999
      vertex 21.4808 -0.365849 0
      vertex 21.4808 -0.365849 0.599999
    endloop
  endfacet
  facet normal 0.987693 -0.156407 0
    outer loop
      vertex 21.4808 -0.365849 0
      vertex 21.4235 -0.727691 0.599999
      vertex 21.4235 -0.727691 0
    endloop
  endfacet
  facet normal 0.629194 0.777248 -0
    outer loop
      vertex 20.342 2.60101 0
      vertex 20.0572 2.83156 0.599999
      vertex 20.342 2.60101 0.599999
    endloop
  endfacet
  facet normal 0.629194 0.777248 0
    outer loop
      vertex 20.0572 2.83156 0.599999
      vertex 20.342 2.60101 0
      vertex 20.0572 2.83156 0
    endloop
  endfacet
  facet normal 0.629194 0.777248 -0
    outer loop
      vertex 20.342 2.60101 6.6
      vertex 20.0572 2.83156 7.2
      vertex 20.342 2.60101 7.2
    endloop
  endfacet
  facet normal 0.629194 0.777248 0
    outer loop
      vertex 20.0572 2.83156 7.2
      vertex 20.342 2.60101 6.6
      vertex 20.0572 2.83156 6.6
    endloop
  endfacet
  facet normal 0.358388 -0.933573 0
    outer loop
      vertex 19.0816 -3.3287 6.6
      vertex 19.4236 -3.19741 7.2
      vertex 19.0816 -3.3287 7.2
    endloop
  endfacet
  facet normal 0.358388 -0.933573 0
    outer loop
      vertex 19.4236 -3.19741 7.2
      vertex 19.0816 -3.3287 6.6
      vertex 19.4236 -3.19741 6.6
    endloop
  endfacet
  facet normal 0.358388 -0.933573 0
    outer loop
      vertex 19.0816 -3.3287 0
      vertex 19.4236 -3.19741 0.599999
      vertex 19.0816 -3.3287 0.599999
    endloop
  endfacet
  facet normal 0.358388 -0.933573 0
    outer loop
      vertex 19.4236 -3.19741 0.599999
      vertex 19.0816 -3.3287 0
      vertex 19.4236 -3.19741 0
    endloop
  endfacet
  facet normal 0.838709 0.544581 0
    outer loop
      vertex 21.0311 1.75 0.599999
      vertex 20.8316 2.05725 0
      vertex 20.8316 2.05725 0.599999
    endloop
  endfacet
  facet normal 0.838709 0.544581 0
    outer loop
      vertex 20.8316 2.05725 0
      vertex 21.0311 1.75 0.599999
      vertex 21.0311 1.75 0
    endloop
  endfacet
  facet normal 0.838709 0.544581 0
    outer loop
      vertex 21.0311 1.75 7.2
      vertex 20.8316 2.05725 6.6
      vertex 20.8316 2.05725 7.2
    endloop
  endfacet
  facet normal 0.838709 0.544581 0
    outer loop
      vertex 20.8316 2.05725 6.6
      vertex 21.0311 1.75 7.2
      vertex 21.0311 1.75 6.6
    endloop
  endfacet
  facet normal -0.258801 0.965931 0
    outer loop
      vertex 17.2723 3.42352 0
      vertex 16.9184 3.3287 0.599999
      vertex 17.2723 3.42352 0.599999
    endloop
  endfacet
  facet normal -0.258801 0.965931 0
    outer loop
      vertex 16.9184 3.3287 0.599999
      vertex 17.2723 3.42352 0
      vertex 16.9184 3.3287 0
    endloop
  endfacet
  facet normal -0.258801 0.965931 0
    outer loop
      vertex 17.2723 3.42352 6.6
      vertex 16.9184 3.3287 7.2
      vertex 17.2723 3.42352 7.2
    endloop
  endfacet
  facet normal -0.258801 0.965931 0
    outer loop
      vertex 16.9184 3.3287 7.2
      vertex 17.2723 3.42352 6.6
      vertex 16.9184 3.3287 6.6
    endloop
  endfacet
  facet normal 0.998626 -0.0524085 0
    outer loop
      vertex 21.4808 -0.365849 7.2
      vertex 21.5 0 6.6
      vertex 21.5 0 7.2
    endloop
  endfacet
  facet normal 0.998626 -0.0524085 0
    outer loop
      vertex 21.5 0 6.6
      vertex 21.4808 -0.365849 7.2
      vertex 21.4808 -0.365849 6.6
    endloop
  endfacet
  facet normal 0.998626 -0.0524085 0
    outer loop
      vertex 21.4808 -0.365849 0.599999
      vertex 21.5 0 0
      vertex 21.5 0 0.599999
    endloop
  endfacet
  facet normal 0.998626 -0.0524085 0
    outer loop
      vertex 21.5 0 0
      vertex 21.4808 -0.365849 0.599999
      vertex 21.4808 -0.365849 0
    endloop
  endfacet
  facet normal 0.838709 -0.544581 0
    outer loop
      vertex 20.8316 -2.05725 0.599999
      vertex 21.0311 -1.75 0
      vertex 21.0311 -1.75 0.599999
    endloop
  endfacet
  facet normal 0.838709 -0.544581 0
    outer loop
      vertex 21.0311 -1.75 0
      vertex 20.8316 -2.05725 0.599999
      vertex 20.8316 -2.05725 0
    endloop
  endfacet
  facet normal 0.838709 -0.544581 0
    outer loop
      vertex 20.8316 -2.05725 7.2
      vertex 21.0311 -1.75 6.6
      vertex 21.0311 -1.75 7.2
    endloop
  endfacet
  facet normal 0.838709 -0.544581 0
    outer loop
      vertex 21.0311 -1.75 6.6
      vertex 20.8316 -2.05725 7.2
      vertex 20.8316 -2.05725 6.6
    endloop
  endfacet
  facet normal -0.5447 0.838631 0
    outer loop
      vertex 16.25 3.03109 6.6
      vertex 15.9428 2.83156 7.2
      vertex 16.25 3.03109 7.2
    endloop
  endfacet
  facet normal -0.5447 0.838631 0
    outer loop
      vertex 15.9428 2.83156 7.2
      vertex 16.25 3.03109 6.6
      vertex 15.9428 2.83156 6.6
    endloop
  endfacet
  facet normal -0.5447 0.838631 0
    outer loop
      vertex 16.25 3.03109 0
      vertex 15.9428 2.83156 0.599999
      vertex 16.25 3.03109 0.599999
    endloop
  endfacet
  facet normal -0.5447 0.838631 0
    outer loop
      vertex 15.9428 2.83156 0.599999
      vertex 16.25 3.03109 0
      vertex 15.9428 2.83156 0
    endloop
  endfacet
  facet normal 0.965939 -0.258771 0
    outer loop
      vertex 21.3287 -1.08156 7.2
      vertex 21.4235 -0.727691 6.6
      vertex 21.4235 -0.727691 7.2
    endloop
  endfacet
  facet normal 0.965939 -0.258771 0
    outer loop
      vertex 21.4235 -0.727691 6.6
      vertex 21.3287 -1.08156 7.2
      vertex 21.3287 -1.08156 6.6
    endloop
  endfacet
  facet normal 0.965939 -0.258771 0
    outer loop
      vertex 21.3287 -1.08156 0.599999
      vertex 21.4235 -0.727691 0
      vertex 21.4235 -0.727691 0.599999
    endloop
  endfacet
  facet normal 0.965939 -0.258771 0
    outer loop
      vertex 21.4235 -0.727691 0
      vertex 21.3287 -1.08156 0.599999
      vertex 21.3287 -1.08156 0
    endloop
  endfacet
  facet normal -0.933571 0.358394 0
    outer loop
      vertex 14.6713 1.08156 0
      vertex 14.8026 1.42358 0.599999
      vertex 14.8026 1.42358 0
    endloop
  endfacet
  facet normal -0.933571 0.358394 0
    outer loop
      vertex 14.8026 1.42358 0.599999
      vertex 14.6713 1.08156 0
      vertex 14.6713 1.08156 0.599999
    endloop
  endfacet
  facet normal -0.933571 0.358394 0
    outer loop
      vertex 14.6713 1.08156 6.6
      vertex 14.8026 1.42358 7.2
      vertex 14.8026 1.42358 6.6
    endloop
  endfacet
  facet normal -0.933571 0.358394 0
    outer loop
      vertex 14.8026 1.42358 7.2
      vertex 14.6713 1.08156 6.6
      vertex 14.6713 1.08156 7.2
    endloop
  endfacet
  facet normal -0.629194 0.777248 0
    outer loop
      vertex 15.9428 2.83156 0
      vertex 15.658 2.60101 0.599999
      vertex 15.9428 2.83156 0.599999
    endloop
  endfacet
  facet normal -0.629194 0.777248 0
    outer loop
      vertex 15.658 2.60101 0.599999
      vertex 15.9428 2.83156 0
      vertex 15.658 2.60101 0
    endloop
  endfacet
  facet normal -0.629194 0.777248 0
    outer loop
      vertex 15.9428 2.83156 6.6
      vertex 15.658 2.60101 7.2
      vertex 15.9428 2.83156 7.2
    endloop
  endfacet
  facet normal -0.629194 0.777248 0
    outer loop
      vertex 15.658 2.60101 7.2
      vertex 15.9428 2.83156 6.6
      vertex 15.658 2.60101 6.6
    endloop
  endfacet
  facet normal -0.838709 -0.544581 0
    outer loop
      vertex 15.1684 -2.05725 0
      vertex 14.9689 -1.75 0.599999
      vertex 14.9689 -1.75 0
    endloop
  endfacet
  facet normal -0.838709 -0.544581 0
    outer loop
      vertex 14.9689 -1.75 0.599999
      vertex 15.1684 -2.05725 0
      vertex 15.1684 -2.05725 0.599999
    endloop
  endfacet
  facet normal -0.838709 -0.544581 0
    outer loop
      vertex 15.1684 -2.05725 6.6
      vertex 14.9689 -1.75 7.2
      vertex 14.9689 -1.75 6.6
    endloop
  endfacet
  facet normal -0.838709 -0.544581 0
    outer loop
      vertex 14.9689 -1.75 7.2
      vertex 15.1684 -2.05725 6.6
      vertex 15.1684 -2.05725 7.2
    endloop
  endfacet
  facet normal 0 0 1
    outer loop
      vertex 19.7 0 7.2
      vertex 21.5 0 7.2
      vertex 21.4808 0.365849 7.2
    endloop
  endfacet
  facet normal 0 0 1
    outer loop
      vertex 19.6907 0.177698 7.2
      vertex 21.4808 0.365849 7.2
      vertex 21.4235 0.727691 7.2
    endloop
  endfacet
  facet normal 0 0 1
    outer loop
      vertex 21.5 0 7.2
      vertex 19.7 0 7.2
      vertex 21.4808 -0.365849 7.2
    endloop
  endfacet
  facet normal 0 0 1
    outer loop
      vertex 19.6628 0.35345 7.2
      vertex 21.4235 0.727691 7.2
      vertex 21.3287 1.08156 7.2
    endloop
  endfacet
  facet normal -0 0 1
    outer loop
      vertex 19.6907 -0.177698 7.2
      vertex 21.4808 -0.365849 7.2
      vertex 19.7 0 7.2
    endloop
  endfacet
  facet normal 0 0 1
    outer loop
      vertex 19.6168 0.525329 7.2
      vertex 21.3287 1.08156 7.2
      vertex 21.1974 1.42358 7.2
    endloop
  endfacet
  facet normal 0 0 1
    outer loop
      vertex 21.4808 -0.365849 7.2
      vertex 19.6907 -0.177698 7.2
      vertex 21.4235 -0.727691 7.2
    endloop
  endfacet
  facet normal 0 0 1
    outer loop
      vertex 19.553 0.691452 7.2
      vertex 21.1974 1.42358 7.2
      vertex 21.0311 1.75 7.2
    endloop
  endfacet
  facet normal -0 0 1
    outer loop
      vertex 19.6628 -0.35345 7.2
      vertex 21.4235 -0.727691 7.2
      vertex 19.6907 -0.177698 7.2
    endloop
  endfacet
  facet normal 0 0 1
    outer loop
      vertex 19.4722 0.849999 7.2
      vertex 21.0311 1.75 7.2
      vertex 20.8316 2.05725 7.2
    endloop
  endfacet
  facet normal 0 0 1
    outer loop
      vertex 21.4235 -0.727691 7.2
      vertex 19.6628 -0.35345 7.2
      vertex 21.3287 -1.08156 7.2
    endloop
  endfacet
  facet normal 0 0 1
    outer loop
      vertex 19.3753 0.999234 7.2
      vertex 20.8316 2.05725 7.2
      vertex 20.601 2.34196 7.2
    endloop
  endfacet
  facet normal -0 0 1
    outer loop
      vertex 19.6168 -0.525329 7.2
      vertex 21.3287 -1.08156 7.2
      vertex 19.6628 -0.35345 7.2
    endloop
  endfacet
  facet normal 0 0 1
    outer loop
      vertex 19.2633 1.13752 7.2
      vertex 20.601 2.34196 7.2
      vertex 20.342 2.60101 7.2
    endloop
  endfacet
  facet normal 0 0 1
    outer loop
      vertex 21.3287 -1.08156 7.2
      vertex 19.6168 -0.525329 7.2
      vertex 21.1974 -1.42358 7.2
    endloop
  endfacet
  facet normal 0 0 1
    outer loop
      vertex 19.1375 1.26335 7.2
      vertex 20.342 2.60101 7.2
      vertex 20.0572 2.83156 7.2
    endloop
  endfacet
  facet normal -0 0 1
    outer loop
      vertex 19.553 -0.691452 7.2
      vertex 21.1974 -1.42358 7.2
      vertex 19.6168 -0.525329 7.2
    endloop
  endfacet
  facet normal 0 0 1
    outer loop
      vertex 18.9992 1.37533 7.2
      vertex 20.0572 2.83156 7.2
      vertex 19.75 3.03109 7.2
    endloop
  endfacet
  facet normal 0 0 1
    outer loop
      vertex 21.1974 -1.42358 7.2
      vertex 19.553 -0.691452 7.2
      vertex 21.0311 -1.75 7.2
    endloop
  endfacet
  facet normal -0 0 1
    outer loop
      vertex 19.4722 -0.849999 7.2
      vertex 21.0311 -1.75 7.2
      vertex 19.553 -0.691452 7.2
    endloop
  endfacet
  facet normal 0 0 1
    outer loop
      vertex 21.4808 0.365849 7.2
      vertex 19.6907 0.177698 7.2
      vertex 19.7 0 7.2
    endloop
  endfacet
  facet normal 0 0 1
    outer loop
      vertex 21.4235 0.727691 7.2
      vertex 19.6628 0.35345 7.2
      vertex 19.6907 0.177698 7.2
    endloop
  endfacet
  facet normal 0 0 1
    outer loop
      vertex 21.3287 1.08156 7.2
      vertex 19.6168 0.525329 7.2
      vertex 19.6628 0.35345 7.2
    endloop
  endfacet
  facet normal 0 0 1
    outer loop
      vertex 21.1974 1.42358 7.2
      vertex 19.553 0.691452 7.2
      vertex 19.6168 0.525329 7.2
    endloop
  endfacet
  facet normal 0 0 1
    outer loop
      vertex 21.0311 1.75 7.2
      vertex 19.4722 0.849999 7.2
      vertex 19.553 0.691452 7.2
    endloop
  endfacet
  facet normal 0 0 1
    outer loop
      vertex 18.85 1.47224 7.2
      vertex 19.75 3.03109 7.2
      vertex 19.4236 3.19741 7.2
    endloop
  endfacet
  facet normal 0 0 1
    outer loop
      vertex 20.8316 2.05725 7.2
      vertex 19.3753 0.999234 7.2
      vertex 19.4722 0.849999 7.2
    endloop
  endfacet
  facet normal 0 0 1
    outer loop
      vertex 20.601 2.34196 7.2
      vertex 19.2633 1.13752 7.2
      vertex 19.3753 0.999234 7.2
    endloop
  endfacet
  facet normal 0 0 1
    outer loop
      vertex 20.342 2.60101 7.2
      vertex 19.1375 1.26335 7.2
      vertex 19.2633 1.13752 7.2
    endloop
  endfacet
  facet normal 0 0 1
    outer loop
      vertex 18.6915 1.55303 7.2
      vertex 19.4236 3.19741 7.2
      vertex 19.0816 3.3287 7.2
    endloop
  endfacet
  facet normal 0 0 1
    outer loop
      vertex 20.0572 2.83156 7.2
      vertex 18.9992 1.37533 7.2
      vertex 19.1375 1.26335 7.2
    endloop
  endfacet
  facet normal 0 0 1
    outer loop
      vertex 19.75 3.03109 7.2
      vertex 18.85 1.47224 7.2
      vertex 18.9992 1.37533 7.2
    endloop
  endfacet
  facet normal 0 0 1
    outer loop
      vertex 18.5253 1.6168 7.2
      vertex 19.0816 3.3287 7.2
      vertex 18.7277 3.42352 7.2
    endloop
  endfacet
  facet normal 0 0 1
    outer loop
      vertex 19.4236 3.19741 7.2
      vertex 18.6915 1.55303 7.2
      vertex 18.85 1.47224 7.2
    endloop
  endfacet
  facet normal 0 0 1
    outer loop
      vertex 19.0816 3.3287 7.2
      vertex 18.5253 1.6168 7.2
      vertex 18.6915 1.55303 7.2
    endloop
  endfacet
  facet normal 0 0 1
    outer loop
      vertex 18.3535 1.66285 7.2
      vertex 18.7277 3.42352 7.2
      vertex 18.3658 3.48083 7.2
    endloop
  endfacet
  facet normal 0 0 1
    outer loop
      vertex 18.7277 3.42352 7.2
      vertex 18.3535 1.66285 7.2
      vertex 18.5253 1.6168 7.2
    endloop
  endfacet
  facet normal 0 0 1
    outer loop
      vertex 18.3658 3.48083 7.2
      vertex 18.1777 1.69069 7.2
      vertex 18.3535 1.66285 7.2
    endloop
  endfacet
  facet normal 0 0 1
    outer loop
      vertex 18 3.5 7.2
      vertex 18.1777 1.69069 7.2
      vertex 18.3658 3.48083 7.2
    endloop
  endfacet
  facet normal 0 0 1
    outer loop
      vertex 18 3.5 7.2
      vertex 18 1.7 7.2
      vertex 18.1777 1.69069 7.2
    endloop
  endfacet
  facet normal 0 0 1
    outer loop
      vertex 18 3.5 7.2
      vertex 17.8223 1.69069 7.2
      vertex 18 1.7 7.2
    endloop
  endfacet
  facet normal -0 0 1
    outer loop
      vertex 17.6342 3.48083 7.2
      vertex 17.8223 1.69069 7.2
      vertex 18 3.5 7.2
    endloop
  endfacet
  facet normal 0 0 1
    outer loop
      vertex 17.8223 1.69069 7.2
      vertex 17.6342 3.48083 7.2
      vertex 17.6465 1.66285 7.2
    endloop
  endfacet
  facet normal -0 0 1
    outer loop
      vertex 17.2723 3.42352 7.2
      vertex 17.6465 1.66285 7.2
      vertex 17.6342 3.48083 7.2
    endloop
  endfacet
  facet normal 0 0 1
    outer loop
      vertex 17.6465 1.66285 7.2
      vertex 17.2723 3.42352 7.2
      vertex 17.4747 1.6168 7.2
    endloop
  endfacet
  facet normal -0 0 1
    outer loop
      vertex 16.9184 3.3287 7.2
      vertex 17.4747 1.6168 7.2
      vertex 17.2723 3.42352 7.2
    endloop
  endfacet
  facet normal 0 0 1
    outer loop
      vertex 17.4747 1.6168 7.2
      vertex 16.9184 3.3287 7.2
      vertex 17.3085 1.55303 7.2
    endloop
  endfacet
  facet normal -0 0 1
    outer loop
      vertex 16.5764 3.19741 7.2
      vertex 17.3085 1.55303 7.2
      vertex 16.9184 3.3287 7.2
    endloop
  endfacet
  facet normal 0 0 1
    outer loop
      vertex 17.3085 1.55303 7.2
      vertex 16.5764 3.19741 7.2
      vertex 17.15 1.47224 7.2
    endloop
  endfacet
  facet normal -0 0 1
    outer loop
      vertex 16.25 3.03109 7.2
      vertex 17.15 1.47224 7.2
      vertex 16.5764 3.19741 7.2
    endloop
  endfacet
  facet normal 0 0 1
    outer loop
      vertex 17.15 1.47224 7.2
      vertex 16.25 3.03109 7.2
      vertex 17.0008 1.37533 7.2
    endloop
  endfacet
  facet normal -0 0 1
    outer loop
      vertex 15.9428 2.83156 7.2
      vertex 17.0008 1.37533 7.2
      vertex 16.25 3.03109 7.2
    endloop
  endfacet
  facet normal 0 0 1
    outer loop
      vertex 17.0008 1.37533 7.2
      vertex 15.9428 2.83156 7.2
      vertex 16.8625 1.26335 7.2
    endloop
  endfacet
  facet normal -0 0 1
    outer loop
      vertex 15.658 2.60101 7.2
      vertex 16.8625 1.26335 7.2
      vertex 15.9428 2.83156 7.2
    endloop
  endfacet
  facet normal 0 0 1
    outer loop
      vertex 16.8625 1.26335 7.2
      vertex 15.658 2.60101 7.2
      vertex 16.7367 1.13752 7.2
    endloop
  endfacet
  facet normal -0 0 1
    outer loop
      vertex 15.399 2.34196 7.2
      vertex 16.7367 1.13752 7.2
      vertex 15.658 2.60101 7.2
    endloop
  endfacet
  facet normal 0 0 1
    outer loop
      vertex 16.7367 1.13752 7.2
      vertex 15.399 2.34196 7.2
      vertex 16.6247 0.999234 7.2
    endloop
  endfacet
  facet normal -0 0 1
    outer loop
      vertex 15.1684 2.05725 7.2
      vertex 16.6247 0.999234 7.2
      vertex 15.399 2.34196 7.2
    endloop
  endfacet
  facet normal -0 0 1
    outer loop
      vertex 14.9689 1.75 7.2
      vertex 16.5278 0.849999 7.2
      vertex 15.1684 2.05725 7.2
    endloop
  endfacet
  facet normal 0 0 1
    outer loop
      vertex 16.6247 0.999234 7.2
      vertex 15.1684 2.05725 7.2
      vertex 16.5278 0.849999 7.2
    endloop
  endfacet
  facet normal 0 0 1
    outer loop
      vertex 21.0311 -1.75 7.2
      vertex 19.4722 -0.849999 7.2
      vertex 20.8316 -2.05725 7.2
    endloop
  endfacet
  facet normal -0 0 1
    outer loop
      vertex 19.3753 -0.999234 7.2
      vertex 20.8316 -2.05725 7.2
      vertex 19.4722 -0.849999 7.2
    endloop
  endfacet
  facet normal 0 0 1
    outer loop
      vertex 20.8316 -2.05725 7.2
      vertex 19.3753 -0.999234 7.2
      vertex 20.601 -2.34196 7.2
    endloop
  endfacet
  facet normal -0 0 1
    outer loop
      vertex 19.2633 -1.13752 7.2
      vertex 20.601 -2.34196 7.2
      vertex 19.3753 -0.999234 7.2
    endloop
  endfacet
  facet normal 0 0 1
    outer loop
      vertex 20.601 -2.34196 7.2
      vertex 19.2633 -1.13752 7.2
      vertex 20.342 -2.60101 7.2
    endloop
  endfacet
  facet normal -0 0 1
    outer loop
      vertex 19.1375 -1.26335 7.2
      vertex 20.342 -2.60101 7.2
      vertex 19.2633 -1.13752 7.2
    endloop
  endfacet
  facet normal 0 0 1
    outer loop
      vertex 20.342 -2.60101 7.2
      vertex 19.1375 -1.26335 7.2
      vertex 20.0572 -2.83156 7.2
    endloop
  endfacet
  facet normal -0 0 1
    outer loop
      vertex 18.9992 -1.37533 7.2
      vertex 20.0572 -2.83156 7.2
      vertex 19.1375 -1.26335 7.2
    endloop
  endfacet
  facet normal 0 0 1
    outer loop
      vertex 20.0572 -2.83156 7.2
      vertex 18.9992 -1.37533 7.2
      vertex 19.75 -3.03109 7.2
    endloop
  endfacet
  facet normal -0 0 1
    outer loop
      vertex 18.85 -1.47224 7.2
      vertex 19.75 -3.03109 7.2
      vertex 18.9992 -1.37533 7.2
    endloop
  endfacet
  facet normal 0 0 1
    outer loop
      vertex 19.75 -3.03109 7.2
      vertex 18.85 -1.47224 7.2
      vertex 19.4236 -3.19741 7.2
    endloop
  endfacet
  facet normal -0 0 1
    outer loop
      vertex 18.6915 -1.55303 7.2
      vertex 19.4236 -3.19741 7.2
      vertex 18.85 -1.47224 7.2
    endloop
  endfacet
  facet normal 0 0 1
    outer loop
      vertex 19.4236 -3.19741 7.2
      vertex 18.6915 -1.55303 7.2
      vertex 19.0816 -3.3287 7.2
    endloop
  endfacet
  facet normal -0 0 1
    outer loop
      vertex 18.5253 -1.6168 7.2
      vertex 19.0816 -3.3287 7.2
      vertex 18.6915 -1.55303 7.2
    endloop
  endfacet
  facet normal 0 0 1
    outer loop
      vertex 19.0816 -3.3287 7.2
      vertex 18.5253 -1.6168 7.2
      vertex 18.7277 -3.42352 7.2
    endloop
  endfacet
  facet normal -0 0 1
    outer loop
      vertex 18.3535 -1.66285 7.2
      vertex 18.7277 -3.42352 7.2
      vertex 18.5253 -1.6168 7.2
    endloop
  endfacet
  facet normal 0 0 1
    outer loop
      vertex 18.7277 -3.42352 7.2
      vertex 18.3535 -1.66285 7.2
      vertex 18.3658 -3.48083 7.2
    endloop
  endfacet
  facet normal -0 0 1
    outer loop
      vertex 18.1777 -1.69069 7.2
      vertex 18.3658 -3.48083 7.2
      vertex 18.3535 -1.66285 7.2
    endloop
  endfacet
  facet normal -0 0 1
    outer loop
      vertex 18 -1.7 7.2
      vertex 18.3658 -3.48083 7.2
      vertex 18.1777 -1.69069 7.2
    endloop
  endfacet
  facet normal 0 0 1
    outer loop
      vertex 18 -1.7 7.2
      vertex 18 -3.5 7.2
      vertex 18.3658 -3.48083 7.2
    endloop
  endfacet
  facet normal 0 0 1
    outer loop
      vertex 17.8223 -1.69069 7.2
      vertex 18 -3.5 7.2
      vertex 18 -1.7 7.2
    endloop
  endfacet
  facet normal 0 0 1
    outer loop
      vertex 17.6342 -3.48083 7.2
      vertex 17.8223 -1.69069 7.2
      vertex 17.6465 -1.66285 7.2
    endloop
  endfacet
  facet normal 0 0 1
    outer loop
      vertex 17.8223 -1.69069 7.2
      vertex 17.6342 -3.48083 7.2
      vertex 18 -3.5 7.2
    endloop
  endfacet
  facet normal 0 0 1
    outer loop
      vertex 17.2723 -3.42352 7.2
      vertex 17.6465 -1.66285 7.2
      vertex 17.4747 -1.6168 7.2
    endloop
  endfacet
  facet normal 0 0 1
    outer loop
      vertex 16.9184 -3.3287 7.2
      vertex 17.4747 -1.6168 7.2
      vertex 17.3085 -1.55303 7.2
    endloop
  endfacet
  facet normal 0 0 1
    outer loop
      vertex 17.6465 -1.66285 7.2
      vertex 17.2723 -3.42352 7.2
      vertex 17.6342 -3.48083 7.2
    endloop
  endfacet
  facet normal 0 0 1
    outer loop
      vertex 16.5764 -3.19741 7.2
      vertex 17.3085 -1.55303 7.2
      vertex 17.15 -1.47224 7.2
    endloop
  endfacet
  facet normal 0 0 1
    outer loop
      vertex 16.25 -3.03109 7.2
      vertex 17.15 -1.47224 7.2
      vertex 17.0008 -1.37533 7.2
    endloop
  endfacet
  facet normal 0 0 1
    outer loop
      vertex 17.4747 -1.6168 7.2
      vertex 16.9184 -3.3287 7.2
      vertex 17.2723 -3.42352 7.2
    endloop
  endfacet
  facet normal 0 0 1
    outer loop
      vertex 15.9428 -2.83156 7.2
      vertex 17.0008 -1.37533 7.2
      vertex 16.8625 -1.26335 7.2
    endloop
  endfacet
  facet normal 0 0 1
    outer loop
      vertex 15.658 -2.60101 7.2
      vertex 16.8625 -1.26335 7.2
      vertex 16.7367 -1.13752 7.2
    endloop
  endfacet
  facet normal 0 0 1
    outer loop
      vertex 15.399 -2.34196 7.2
      vertex 16.7367 -1.13752 7.2
      vertex 16.6247 -0.999234 7.2
    endloop
  endfacet
  facet normal 0 0 1
    outer loop
      vertex 17.3085 -1.55303 7.2
      vertex 16.5764 -3.19741 7.2
      vertex 16.9184 -3.3287 7.2
    endloop
  endfacet
  facet normal 0 0 1
    outer loop
      vertex 15.1684 -2.05725 7.2
      vertex 16.6247 -0.999234 7.2
      vertex 16.5278 -0.849999 7.2
    endloop
  endfacet
  facet normal 0 0 1
    outer loop
      vertex 14.9689 -1.75 7.2
      vertex 16.5278 -0.849999 7.2
      vertex 16.447 -0.691452 7.2
    endloop
  endfacet
  facet normal 0 0 1
    outer loop
      vertex 14.8026 -1.42358 7.2
      vertex 16.447 -0.691452 7.2
      vertex 16.3832 -0.525329 7.2
    endloop
  endfacet
  facet normal 0 0 1
    outer loop
      vertex 14.6713 -1.08156 7.2
      vertex 16.3832 -0.525329 7.2
      vertex 16.3372 -0.35345 7.2
    endloop
  endfacet
  facet normal 0 0 1
    outer loop
      vertex 14.5765 -0.727691 7.2
      vertex 16.3372 -0.35345 7.2
      vertex 16.3093 -0.177698 7.2
    endloop
  endfacet
  facet normal 0 0 1
    outer loop
      vertex 17.15 -1.47224 7.2
      vertex 16.25 -3.03109 7.2
      vertex 16.5764 -3.19741 7.2
    endloop
  endfacet
  facet normal 0 0 1
    outer loop
      vertex 14.5192 -0.365849 7.2
      vertex 16.3093 -0.177698 7.2
      vertex 16.3 0 7.2
    endloop
  endfacet
  facet normal 0 0 1
    outer loop
      vertex 16.5278 0.849999 7.2
      vertex 14.9689 1.75 7.2
      vertex 16.447 0.691452 7.2
    endloop
  endfacet
  facet normal -0 0 1
    outer loop
      vertex 14.8026 1.42358 7.2
      vertex 16.447 0.691452 7.2
      vertex 14.9689 1.75 7.2
    endloop
  endfacet
  facet normal 0 0 1
    outer loop
      vertex 17.0008 -1.37533 7.2
      vertex 15.9428 -2.83156 7.2
      vertex 16.25 -3.03109 7.2
    endloop
  endfacet
  facet normal 0 0 1
    outer loop
      vertex 16.447 0.691452 7.2
      vertex 14.8026 1.42358 7.2
      vertex 16.3832 0.525329 7.2
    endloop
  endfacet
  facet normal 0 0 1
    outer loop
      vertex 16.8625 -1.26335 7.2
      vertex 15.658 -2.60101 7.2
      vertex 15.9428 -2.83156 7.2
    endloop
  endfacet
  facet normal -0 0 1
    outer loop
      vertex 14.6713 1.08156 7.2
      vertex 16.3832 0.525329 7.2
      vertex 14.8026 1.42358 7.2
    endloop
  endfacet
  facet normal 0 0 1
    outer loop
      vertex 16.7367 -1.13752 7.2
      vertex 15.399 -2.34196 7.2
      vertex 15.658 -2.60101 7.2
    endloop
  endfacet
  facet normal 0 0 1
    outer loop
      vertex 16.3832 0.525329 7.2
      vertex 14.6713 1.08156 7.2
      vertex 16.3372 0.35345 7.2
    endloop
  endfacet
  facet normal 0 0 1
    outer loop
      vertex 16.6247 -0.999234 7.2
      vertex 15.1684 -2.05725 7.2
      vertex 15.399 -2.34196 7.2
    endloop
  endfacet
  facet normal -0 0 1
    outer loop
      vertex 14.5765 0.727691 7.2
      vertex 16.3372 0.35345 7.2
      vertex 14.6713 1.08156 7.2
    endloop
  endfacet
  facet normal 0 0 1
    outer loop
      vertex 16.5278 -0.849999 7.2
      vertex 14.9689 -1.75 7.2
      vertex 15.1684 -2.05725 7.2
    endloop
  endfacet
  facet normal 0 0 1
    outer loop
      vertex 16.3372 0.35345 7.2
      vertex 14.5765 0.727691 7.2
      vertex 16.3093 0.177698 7.2
    endloop
  endfacet
  facet normal 0 0 1
    outer loop
      vertex 16.447 -0.691452 7.2
      vertex 14.8026 -1.42358 7.2
      vertex 14.9689 -1.75 7.2
    endloop
  endfacet
  facet normal -0 0 1
    outer loop
      vertex 14.5192 0.365849 7.2
      vertex 16.3093 0.177698 7.2
      vertex 14.5765 0.727691 7.2
    endloop
  endfacet
  facet normal 0 0 1
    outer loop
      vertex 16.3832 -0.525329 7.2
      vertex 14.6713 -1.08156 7.2
      vertex 14.8026 -1.42358 7.2
    endloop
  endfacet
  facet normal 0 0 1
    outer loop
      vertex 16.3093 0.177698 7.2
      vertex 14.5192 0.365849 7.2
      vertex 16.3 0 7.2
    endloop
  endfacet
  facet normal 0 0 1
    outer loop
      vertex 16.3372 -0.35345 7.2
      vertex 14.5765 -0.727691 7.2
      vertex 14.6713 -1.08156 7.2
    endloop
  endfacet
  facet normal 0 0 1
    outer loop
      vertex 14.5 0 7.2
      vertex 16.3 0 7.2
      vertex 14.5192 0.365849 7.2
    endloop
  endfacet
  facet normal 0 0 1
    outer loop
      vertex 16.3093 -0.177698 7.2
      vertex 14.5192 -0.365849 7.2
      vertex 14.5765 -0.727691 7.2
    endloop
  endfacet
  facet normal 0 0 1
    outer loop
      vertex 16.3 0 7.2
      vertex 14.5 0 7.2
      vertex 14.5192 -0.365849 7.2
    endloop
  endfacet
  facet normal -0.838709 0.544581 0
    outer loop
      vertex 14.9689 1.75 0
      vertex 15.1684 2.05725 0.599999
      vertex 15.1684 2.05725 0
    endloop
  endfacet
  facet normal -0.838709 0.544581 0
    outer loop
      vertex 15.1684 2.05725 0.599999
      vertex 14.9689 1.75 0
      vertex 14.9689 1.75 0.599999
    endloop
  endfacet
  facet normal -0.838709 0.544581 0
    outer loop
      vertex 14.9689 1.75 6.6
      vertex 15.1684 2.05725 7.2
      vertex 15.1684 2.05725 6.6
    endloop
  endfacet
  facet normal -0.838709 0.544581 0
    outer loop
      vertex 15.1684 2.05725 7.2
      vertex 14.9689 1.75 6.6
      vertex 14.9689 1.75 7.2
    endloop
  endfacet
  facet normal 0.454014 0.890994 -0
    outer loop
      vertex 19.75 3.03109 0
      vertex 19.4236 3.19741 0.599999
      vertex 19.75 3.03109 0.599999
    endloop
  endfacet
  facet normal 0.454014 0.890994 0
    outer loop
      vertex 19.4236 3.19741 0.599999
      vertex 19.75 3.03109 0
      vertex 19.4236 3.19741 0
    endloop
  endfacet
  facet normal 0.454014 0.890994 -0
    outer loop
      vertex 19.75 3.03109 6.6
      vertex 19.4236 3.19741 7.2
      vertex 19.75 3.03109 7.2
    endloop
  endfacet
  facet normal 0.454014 0.890994 0
    outer loop
      vertex 19.4236 3.19741 7.2
      vertex 19.75 3.03109 6.6
      vertex 19.4236 3.19741 6.6
    endloop
  endfacet
  facet normal 0.891028 -0.453949 0
    outer loop
      vertex 21.0311 -1.75 7.2
      vertex 21.1974 -1.42358 6.6
      vertex 21.1974 -1.42358 7.2
    endloop
  endfacet
  facet normal 0.891028 -0.453949 0
    outer loop
      vertex 21.1974 -1.42358 6.6
      vertex 21.0311 -1.75 7.2
      vertex 21.0311 -1.75 6.6
    endloop
  endfacet
  facet normal 0.891028 -0.453949 0
    outer loop
      vertex 21.0311 -1.75 0.599999
      vertex 21.1974 -1.42358 0
      vertex 21.1974 -1.42358 0.599999
    endloop
  endfacet
  facet normal 0.891028 -0.453949 0
    outer loop
      vertex 21.1974 -1.42358 0
      vertex 21.0311 -1.75 0.599999
      vertex 21.0311 -1.75 0
    endloop
  endfacet
  facet normal -0.629194 -0.777248 0
    outer loop
      vertex 15.658 -2.60101 6.6
      vertex 15.9428 -2.83156 7.2
      vertex 15.658 -2.60101 7.2
    endloop
  endfacet
  facet normal -0.629194 -0.777248 -0
    outer loop
      vertex 15.9428 -2.83156 7.2
      vertex 15.658 -2.60101 6.6
      vertex 15.9428 -2.83156 6.6
    endloop
  endfacet
  facet normal -0.629194 -0.777248 0
    outer loop
      vertex 15.658 -2.60101 0
      vertex 15.9428 -2.83156 0.599999
      vertex 15.658 -2.60101 0.599999
    endloop
  endfacet
  facet normal -0.629194 -0.777248 -0
    outer loop
      vertex 15.9428 -2.83156 0.599999
      vertex 15.658 -2.60101 0
      vertex 15.9428 -2.83156 0
    endloop
  endfacet
  facet normal 0.454014 -0.890994 0
    outer loop
      vertex 19.4236 -3.19741 6.6
      vertex 19.75 -3.03109 7.2
      vertex 19.4236 -3.19741 7.2
    endloop
  endfacet
  facet normal 0.454014 -0.890994 0
    outer loop
      vertex 19.75 -3.03109 7.2
      vertex 19.4236 -3.19741 6.6
      vertex 19.75 -3.03109 6.6
    endloop
  endfacet
  facet normal 0.454014 -0.890994 0
    outer loop
      vertex 19.4236 -3.19741 0
      vertex 19.75 -3.03109 0.599999
      vertex 19.4236 -3.19741 0.599999
    endloop
  endfacet
  facet normal 0.454014 -0.890994 0
    outer loop
      vertex 19.75 -3.03109 0.599999
      vertex 19.4236 -3.19741 0
      vertex 19.75 -3.03109 0
    endloop
  endfacet
  facet normal 0.258801 0.965931 -0
    outer loop
      vertex 19.0816 3.3287 6.6
      vertex 18.7277 3.42352 7.2
      vertex 19.0816 3.3287 7.2
    endloop
  endfacet
  facet normal 0.258801 0.965931 0
    outer loop
      vertex 18.7277 3.42352 7.2
      vertex 19.0816 3.3287 6.6
      vertex 18.7277 3.42352 6.6
    endloop
  endfacet
  facet normal 0.258801 0.965931 -0
    outer loop
      vertex 19.0816 3.3287 0
      vertex 18.7277 3.42352 0.599999
      vertex 19.0816 3.3287 0.599999
    endloop
  endfacet
  facet normal 0.258801 0.965931 0
    outer loop
      vertex 18.7277 3.42352 0.599999
      vertex 19.0816 3.3287 0
      vertex 18.7277 3.42352 0
    endloop
  endfacet
  facet normal 0.777084 -0.629397 0
    outer loop
      vertex 20.601 -2.34196 0.599999
      vertex 20.8316 -2.05725 0
      vertex 20.8316 -2.05725 0.599999
    endloop
  endfacet
  facet normal 0.777084 -0.629397 0
    outer loop
      vertex 20.8316 -2.05725 0
      vertex 20.601 -2.34196 0.599999
      vertex 20.601 -2.34196 0
    endloop
  endfacet
  facet normal 0.777084 -0.629397 0
    outer loop
      vertex 20.601 -2.34196 7.2
      vertex 20.8316 -2.05725 6.6
      vertex 20.8316 -2.05725 7.2
    endloop
  endfacet
  facet normal 0.777084 -0.629397 0
    outer loop
      vertex 20.8316 -2.05725 6.6
      vertex 20.601 -2.34196 7.2
      vertex 20.601 -2.34196 6.6
    endloop
  endfacet
  facet normal 0.777084 0.629397 0
    outer loop
      vertex 20.8316 2.05725 0.599999
      vertex 20.601 2.34196 0
      vertex 20.601 2.34196 0.599999
    endloop
  endfacet
  facet normal 0.777084 0.629397 0
    outer loop
      vertex 20.601 2.34196 0
      vertex 20.8316 2.05725 0.599999
      vertex 20.8316 2.05725 0
    endloop
  endfacet
  facet normal 0.777084 0.629397 0
    outer loop
      vertex 20.8316 2.05725 7.2
      vertex 20.601 2.34196 6.6
      vertex 20.601 2.34196 7.2
    endloop
  endfacet
  facet normal 0.777084 0.629397 0
    outer loop
      vertex 20.601 2.34196 6.6
      vertex 20.8316 2.05725 7.2
      vertex 20.8316 2.05725 6.6
    endloop
  endfacet
  facet normal 0.5447 0.838631 -0
    outer loop
      vertex 20.0572 2.83156 6.6
      vertex 19.75 3.03109 7.2
      vertex 20.0572 2.83156 7.2
    endloop
  endfacet
  facet normal 0.5447 0.838631 0
    outer loop
      vertex 19.75 3.03109 7.2
      vertex 20.0572 2.83156 6.6
      vertex 19.75 3.03109 6.6
    endloop
  endfacet
  facet normal 0.5447 0.838631 -0
    outer loop
      vertex 20.0572 2.83156 0
      vertex 19.75 3.03109 0.599999
      vertex 20.0572 2.83156 0.599999
    endloop
  endfacet
  facet normal 0.5447 0.838631 0
    outer loop
      vertex 19.75 3.03109 0.599999
      vertex 20.0572 2.83156 0
      vertex 19.75 3.03109 0
    endloop
  endfacet
  facet normal -0.15641 0.987692 0
    outer loop
      vertex 17.6342 3.48083 6.6
      vertex 17.2723 3.42352 7.2
      vertex 17.6342 3.48083 7.2
    endloop
  endfacet
  facet normal -0.15641 0.987692 0
    outer loop
      vertex 17.2723 3.42352 7.2
      vertex 17.6342 3.48083 6.6
      vertex 17.2723 3.42352 6.6
    endloop
  endfacet
  facet normal -0.15641 0.987692 0
    outer loop
      vertex 17.6342 3.48083 0
      vertex 17.2723 3.42352 0.599999
      vertex 17.6342 3.48083 0.599999
    endloop
  endfacet
  facet normal -0.15641 0.987692 0
    outer loop
      vertex 17.2723 3.42352 0.599999
      vertex 17.6342 3.48083 0
      vertex 17.2723 3.42352 0
    endloop
  endfacet
  facet normal 0.933571 0.358394 0
    outer loop
      vertex 21.3287 1.08156 0.599999
      vertex 21.1974 1.42358 0
      vertex 21.1974 1.42358 0.599999
    endloop
  endfacet
  facet normal 0.933571 0.358394 0
    outer loop
      vertex 21.1974 1.42358 0
      vertex 21.3287 1.08156 0.599999
      vertex 21.3287 1.08156 0
    endloop
  endfacet
  facet normal 0.933571 0.358394 0
    outer loop
      vertex 21.3287 1.08156 7.2
      vertex 21.1974 1.42358 6.6
      vertex 21.1974 1.42358 7.2
    endloop
  endfacet
  facet normal 0.933571 0.358394 0
    outer loop
      vertex 21.1974 1.42358 6.6
      vertex 21.3287 1.08156 7.2
      vertex 21.3287 1.08156 6.6
    endloop
  endfacet
  facet normal 0.0523339 0.99863 -0
    outer loop
      vertex 18.3658 3.48083 6.6
      vertex 18 3.5 7.2
      vertex 18.3658 3.48083 7.2
    endloop
  endfacet
  facet normal 0.0523339 0.99863 0
    outer loop
      vertex 18 3.5 7.2
      vertex 18.3658 3.48083 6.6
      vertex 18 3.5 6.6
    endloop
  endfacet
  facet normal 0.0523339 0.99863 -0
    outer loop
      vertex 18.3658 3.48083 0
      vertex 18 3.5 0.599999
      vertex 18.3658 3.48083 0.599999
    endloop
  endfacet
  facet normal 0.0523339 0.99863 0
    outer loop
      vertex 18 3.5 0.599999
      vertex 18.3658 3.48083 0
      vertex 18 3.5 0
    endloop
  endfacet
  facet normal -0.358388 -0.933573 0
    outer loop
      vertex 16.5764 -3.19741 6.6
      vertex 16.9184 -3.3287 7.2
      vertex 16.5764 -3.19741 7.2
    endloop
  endfacet
  facet normal -0.358388 -0.933573 -0
    outer loop
      vertex 16.9184 -3.3287 7.2
      vertex 16.5764 -3.19741 6.6
      vertex 16.9184 -3.3287 6.6
    endloop
  endfacet
  facet normal -0.358388 -0.933573 0
    outer loop
      vertex 16.5764 -3.19741 0
      vertex 16.9184 -3.3287 0.599999
      vertex 16.5764 -3.19741 0.599999
    endloop
  endfacet
  facet normal -0.358388 -0.933573 -0
    outer loop
      vertex 16.9184 -3.3287 0.599999
      vertex 16.5764 -3.19741 0
      vertex 16.9184 -3.3287 0
    endloop
  endfacet
  facet normal -0.987693 0.156407 0
    outer loop
      vertex 14.5192 0.365849 0
      vertex 14.5765 0.727691 0.599999
      vertex 14.5765 0.727691 0
    endloop
  endfacet
  facet normal -0.987693 0.156407 0
    outer loop
      vertex 14.5765 0.727691 0.599999
      vertex 14.5192 0.365849 0
      vertex 14.5192 0.365849 0.599999
    endloop
  endfacet
  facet normal -0.987693 0.156407 0
    outer loop
      vertex 14.5192 0.365849 6.6
      vertex 14.5765 0.727691 7.2
      vertex 14.5765 0.727691 6.6
    endloop
  endfacet
  facet normal -0.987693 0.156407 0
    outer loop
      vertex 14.5765 0.727691 7.2
      vertex 14.5192 0.365849 6.6
      vertex 14.5192 0.365849 7.2
    endloop
  endfacet
  facet normal 0.891028 0.453949 0
    outer loop
      vertex 21.1974 1.42358 7.2
      vertex 21.0311 1.75 6.6
      vertex 21.0311 1.75 7.2
    endloop
  endfacet
  facet normal 0.891028 0.453949 0
    outer loop
      vertex 21.0311 1.75 6.6
      vertex 21.1974 1.42358 7.2
      vertex 21.1974 1.42358 6.6
    endloop
  endfacet
  facet normal 0.891028 0.453949 0
    outer loop
      vertex 21.1974 1.42358 0.599999
      vertex 21.0311 1.75 0
      vertex 21.0311 1.75 0.599999
    endloop
  endfacet
  facet normal 0.891028 0.453949 0
    outer loop
      vertex 21.0311 1.75 0
      vertex 21.1974 1.42358 0.599999
      vertex 21.1974 1.42358 0
    endloop
  endfacet
  facet normal -0.454014 0.890994 0
    outer loop
      vertex 16.5764 3.19741 6.6
      vertex 16.25 3.03109 7.2
      vertex 16.5764 3.19741 7.2
    endloop
  endfacet
  facet normal -0.454014 0.890994 0
    outer loop
      vertex 16.25 3.03109 7.2
      vertex 16.5764 3.19741 6.6
      vertex 16.25 3.03109 6.6
    endloop
  endfacet
  facet normal -0.454014 0.890994 0
    outer loop
      vertex 16.5764 3.19741 0
      vertex 16.25 3.03109 0.599999
      vertex 16.5764 3.19741 0.599999
    endloop
  endfacet
  facet normal -0.454014 0.890994 0
    outer loop
      vertex 16.25 3.03109 0.599999
      vertex 16.5764 3.19741 0
      vertex 16.25 3.03109 0
    endloop
  endfacet
  facet normal 0.629194 -0.777248 0
    outer loop
      vertex 20.0572 -2.83156 0
      vertex 20.342 -2.60101 0.599999
      vertex 20.0572 -2.83156 0.599999
    endloop
  endfacet
  facet normal 0.629194 -0.777248 0
    outer loop
      vertex 20.342 -2.60101 0.599999
      vertex 20.0572 -2.83156 0
      vertex 20.342 -2.60101 0
    endloop
  endfacet
  facet normal 0.629194 -0.777248 0
    outer loop
      vertex 20.0572 -2.83156 6.6
      vertex 20.342 -2.60101 7.2
      vertex 20.0572 -2.83156 7.2
    endloop
  endfacet
  facet normal 0.629194 -0.777248 0
    outer loop
      vertex 20.342 -2.60101 7.2
      vertex 20.0572 -2.83156 6.6
      vertex 20.342 -2.60101 6.6
    endloop
  endfacet
  facet normal -0.777084 0.629397 0
    outer loop
      vertex 15.1684 2.05725 0
      vertex 15.399 2.34196 0.599999
      vertex 15.399 2.34196 0
    endloop
  endfacet
  facet normal -0.777084 0.629397 0
    outer loop
      vertex 15.399 2.34196 0.599999
      vertex 15.1684 2.05725 0
      vertex 15.1684 2.05725 0.599999
    endloop
  endfacet
  facet normal -0.777084 0.629397 0
    outer loop
      vertex 15.1684 2.05725 6.6
      vertex 15.399 2.34196 7.2
      vertex 15.399 2.34196 6.6
    endloop
  endfacet
  facet normal -0.777084 0.629397 0
    outer loop
      vertex 15.399 2.34196 7.2
      vertex 15.1684 2.05725 6.6
      vertex 15.1684 2.05725 7.2
    endloop
  endfacet
  facet normal -0.933571 -0.358394 0
    outer loop
      vertex 14.8026 -1.42358 0
      vertex 14.6713 -1.08156 0.599999
      vertex 14.6713 -1.08156 0
    endloop
  endfacet
  facet normal -0.933571 -0.358394 0
    outer loop
      vertex 14.6713 -1.08156 0.599999
      vertex 14.8026 -1.42358 0
      vertex 14.8026 -1.42358 0.599999
    endloop
  endfacet
  facet normal -0.933571 -0.358394 0
    outer loop
      vertex 14.8026 -1.42358 6.6
      vertex 14.6713 -1.08156 7.2
      vertex 14.6713 -1.08156 6.6
    endloop
  endfacet
  facet normal -0.933571 -0.358394 0
    outer loop
      vertex 14.6713 -1.08156 7.2
      vertex 14.8026 -1.42358 6.6
      vertex 14.8026 -1.42358 7.2
    endloop
  endfacet
  facet normal -0.965939 0.258771 0
    outer loop
      vertex 14.5765 0.727691 0
      vertex 14.6713 1.08156 0.599999
      vertex 14.6713 1.08156 0
    endloop
  endfacet
  facet normal -0.965939 0.258771 0
    outer loop
      vertex 14.6713 1.08156 0.599999
      vertex 14.5765 0.727691 0
      vertex 14.5765 0.727691 0.599999
    endloop
  endfacet
  facet normal -0.965939 0.258771 0
    outer loop
      vertex 14.5765 0.727691 6.6
      vertex 14.6713 1.08156 7.2
      vertex 14.6713 1.08156 6.6
    endloop
  endfacet
  facet normal -0.965939 0.258771 0
    outer loop
      vertex 14.6713 1.08156 7.2
      vertex 14.5765 0.727691 6.6
      vertex 14.5765 0.727691 7.2
    endloop
  endfacet
  facet normal -0.891028 -0.453949 0
    outer loop
      vertex 14.9689 -1.75 6.6
      vertex 14.8026 -1.42358 7.2
      vertex 14.8026 -1.42358 6.6
    endloop
  endfacet
  facet normal -0.891028 -0.453949 0
    outer loop
      vertex 14.8026 -1.42358 7.2
      vertex 14.9689 -1.75 6.6
      vertex 14.9689 -1.75 7.2
    endloop
  endfacet
  facet normal -0.891028 -0.453949 0
    outer loop
      vertex 14.9689 -1.75 0
      vertex 14.8026 -1.42358 0.599999
      vertex 14.8026 -1.42358 0
    endloop
  endfacet
  facet normal -0.891028 -0.453949 0
    outer loop
      vertex 14.8026 -1.42358 0.599999
      vertex 14.9689 -1.75 0
      vertex 14.9689 -1.75 0.599999
    endloop
  endfacet
  facet normal 0.258801 -0.965931 0
    outer loop
      vertex 18.7277 -3.42352 6.6
      vertex 19.0816 -3.3287 7.2
      vertex 18.7277 -3.42352 7.2
    endloop
  endfacet
  facet normal 0.258801 -0.965931 0
    outer loop
      vertex 19.0816 -3.3287 7.2
      vertex 18.7277 -3.42352 6.6
      vertex 19.0816 -3.3287 6.6
    endloop
  endfacet
  facet normal 0.258801 -0.965931 0
    outer loop
      vertex 18.7277 -3.42352 0
      vertex 19.0816 -3.3287 0.599999
      vertex 18.7277 -3.42352 0.599999
    endloop
  endfacet
  facet normal 0.258801 -0.965931 0
    outer loop
      vertex 19.0816 -3.3287 0.599999
      vertex 18.7277 -3.42352 0
      vertex 19.0816 -3.3287 0
    endloop
  endfacet
  facet normal -0.258801 -0.965931 0
    outer loop
      vertex 16.9184 -3.3287 6.6
      vertex 17.2723 -3.42352 7.2
      vertex 16.9184 -3.3287 7.2
    endloop
  endfacet
  facet normal -0.258801 -0.965931 -0
    outer loop
      vertex 17.2723 -3.42352 7.2
      vertex 16.9184 -3.3287 6.6
      vertex 17.2723 -3.42352 6.6
    endloop
  endfacet
  facet normal -0.258801 -0.965931 0
    outer loop
      vertex 16.9184 -3.3287 0
      vertex 17.2723 -3.42352 0.599999
      vertex 16.9184 -3.3287 0.599999
    endloop
  endfacet
  facet normal -0.258801 -0.965931 -0
    outer loop
      vertex 17.2723 -3.42352 0.599999
      vertex 16.9184 -3.3287 0
      vertex 17.2723 -3.42352 0
    endloop
  endfacet
  facet normal -0.454014 -0.890994 0
    outer loop
      vertex 16.25 -3.03109 0
      vertex 16.5764 -3.19741 0.599999
      vertex 16.25 -3.03109 0.599999
    endloop
  endfacet
  facet normal -0.454014 -0.890994 -0
    outer loop
      vertex 16.5764 -3.19741 0.599999
      vertex 16.25 -3.03109 0
      vertex 16.5764 -3.19741 0
    endloop
  endfacet
  facet normal -0.454014 -0.890994 0
    outer loop
      vertex 16.25 -3.03109 6.6
      vertex 16.5764 -3.19741 7.2
      vertex 16.25 -3.03109 7.2
    endloop
  endfacet
  facet normal -0.454014 -0.890994 -0
    outer loop
      vertex 16.5764 -3.19741 7.2
      vertex 16.25 -3.03109 6.6
      vertex 16.5764 -3.19741 6.6
    endloop
  endfacet
  facet normal -0.998626 -0.0524085 0
    outer loop
      vertex 14.5192 -0.365849 6.6
      vertex 14.5 0 7.2
      vertex 14.5 0 6.6
    endloop
  endfacet
  facet normal -0.998626 -0.0524085 0
    outer loop
      vertex 14.5 0 7.2
      vertex 14.5192 -0.365849 6.6
      vertex 14.5192 -0.365849 7.2
    endloop
  endfacet
  facet normal -0.998626 -0.0524085 0
    outer loop
      vertex 14.5192 -0.365849 0
      vertex 14.5 0 0.599999
      vertex 14.5 0 0
    endloop
  endfacet
  facet normal -0.998626 -0.0524085 0
    outer loop
      vertex 14.5 0 0.599999
      vertex 14.5192 -0.365849 0
      vertex 14.5192 -0.365849 0.599999
    endloop
  endfacet
  facet normal -0.358388 0.933573 0
    outer loop
      vertex 16.9184 3.3287 0
      vertex 16.5764 3.19741 0.599999
      vertex 16.9184 3.3287 0.599999
    endloop
  endfacet
  facet normal -0.358388 0.933573 0
    outer loop
      vertex 16.5764 3.19741 0.599999
      vertex 16.9184 3.3287 0
      vertex 16.5764 3.19741 0
    endloop
  endfacet
  facet normal -0.358388 0.933573 0
    outer loop
      vertex 16.9184 3.3287 6.6
      vertex 16.5764 3.19741 7.2
      vertex 16.9184 3.3287 7.2
    endloop
  endfacet
  facet normal -0.358388 0.933573 0
    outer loop
      vertex 16.5764 3.19741 7.2
      vertex 16.9184 3.3287 6.6
      vertex 16.5764 3.19741 6.6
    endloop
  endfacet
  facet normal -0.777084 -0.629397 0
    outer loop
      vertex 15.399 -2.34196 0
      vertex 15.1684 -2.05725 0.599999
      vertex 15.1684 -2.05725 0
    endloop
  endfacet
  facet normal -0.777084 -0.629397 0
    outer loop
      vertex 15.1684 -2.05725 0.599999
      vertex 15.399 -2.34196 0
      vertex 15.399 -2.34196 0.599999
    endloop
  endfacet
  facet normal -0.777084 -0.629397 0
    outer loop
      vertex 15.399 -2.34196 6.6
      vertex 15.1684 -2.05725 7.2
      vertex 15.1684 -2.05725 6.6
    endloop
  endfacet
  facet normal -0.777084 -0.629397 0
    outer loop
      vertex 15.1684 -2.05725 7.2
      vertex 15.399 -2.34196 6.6
      vertex 15.399 -2.34196 7.2
    endloop
  endfacet
  facet normal -0.707175 -0.707039 0
    outer loop
      vertex 15.658 -2.60101 6.6
      vertex 15.399 -2.34196 7.2
      vertex 15.399 -2.34196 6.6
    endloop
  endfacet
  facet normal -0.707175 -0.707039 0
    outer loop
      vertex 15.399 -2.34196 7.2
      vertex 15.658 -2.60101 6.6
      vertex 15.658 -2.60101 7.2
    endloop
  endfacet
  facet normal -0.707175 -0.707039 0
    outer loop
      vertex 15.658 -2.60101 0
      vertex 15.399 -2.34196 0.599999
      vertex 15.399 -2.34196 0
    endloop
  endfacet
  facet normal -0.707175 -0.707039 0
    outer loop
      vertex 15.399 -2.34196 0.599999
      vertex 15.658 -2.60101 0
      vertex 15.658 -2.60101 0.599999
    endloop
  endfacet
  facet normal 0.5447 -0.838631 0
    outer loop
      vertex 19.75 -3.03109 6.6
      vertex 20.0572 -2.83156 7.2
      vertex 19.75 -3.03109 7.2
    endloop
  endfacet
  facet normal 0.5447 -0.838631 0
    outer loop
      vertex 20.0572 -2.83156 7.2
      vertex 19.75 -3.03109 6.6
      vertex 20.0572 -2.83156 6.6
    endloop
  endfacet
  facet normal 0.5447 -0.838631 0
    outer loop
      vertex 19.75 -3.03109 0
      vertex 20.0572 -2.83156 0.599999
      vertex 19.75 -3.03109 0.599999
    endloop
  endfacet
  facet normal 0.5447 -0.838631 0
    outer loop
      vertex 20.0572 -2.83156 0.599999
      vertex 19.75 -3.03109 0
      vertex 20.0572 -2.83156 0
    endloop
  endfacet
  facet normal 0.933571 -0.358394 0
    outer loop
      vertex 21.1974 -1.42358 7.2
      vertex 21.3287 -1.08156 6.6
      vertex 21.3287 -1.08156 7.2
    endloop
  endfacet
  facet normal 0.933571 -0.358394 0
    outer loop
      vertex 21.3287 -1.08156 6.6
      vertex 21.1974 -1.42358 7.2
      vertex 21.1974 -1.42358 6.6
    endloop
  endfacet
  facet normal 0.933571 -0.358394 0
    outer loop
      vertex 21.1974 -1.42358 0.599999
      vertex 21.3287 -1.08156 0
      vertex 21.3287 -1.08156 0.599999
    endloop
  endfacet
  facet normal 0.933571 -0.358394 0
    outer loop
      vertex 21.3287 -1.08156 0
      vertex 21.1974 -1.42358 0.599999
      vertex 21.1974 -1.42358 0
    endloop
  endfacet
  facet normal 0 0 -1
    outer loop
      vertex 19.7 0 0
      vertex 21.5 0 0
      vertex 21.4808 -0.365849 0
    endloop
  endfacet
  facet normal 0 0 -1
    outer loop
      vertex 19.6907 -0.177698 0
      vertex 21.4808 -0.365849 0
      vertex 21.4235 -0.727691 0
    endloop
  endfacet
  facet normal 0 0 -1
    outer loop
      vertex 21.5 0 0
      vertex 19.7 0 0
      vertex 21.4808 0.365849 0
    endloop
  endfacet
  facet normal 0 0 -1
    outer loop
      vertex 19.6628 -0.35345 0
      vertex 21.4235 -0.727691 0
      vertex 21.3287 -1.08156 0
    endloop
  endfacet
  facet normal 0 0 -1
    outer loop
      vertex 19.6907 0.177698 0
      vertex 21.4808 0.365849 0
      vertex 19.7 0 0
    endloop
  endfacet
  facet normal 0 0 -1
    outer loop
      vertex 19.6168 -0.525329 0
      vertex 21.3287 -1.08156 0
      vertex 21.1974 -1.42358 0
    endloop
  endfacet
  facet normal -0 0 -1
    outer loop
      vertex 21.4808 0.365849 0
      vertex 19.6907 0.177698 0
      vertex 21.4235 0.727691 0
    endloop
  endfacet
  facet normal 0 0 -1
    outer loop
      vertex 19.553 -0.691452 0
      vertex 21.1974 -1.42358 0
      vertex 21.0311 -1.75 0
    endloop
  endfacet
  facet normal 0 0 -1
    outer loop
      vertex 19.6628 0.35345 0
      vertex 21.4235 0.727691 0
      vertex 19.6907 0.177698 0
    endloop
  endfacet
  facet normal 0 0 -1
    outer loop
      vertex 19.4722 -0.849999 0
      vertex 21.0311 -1.75 0
      vertex 20.8316 -2.05725 0
    endloop
  endfacet
  facet normal -0 0 -1
    outer loop
      vertex 21.4235 0.727691 0
      vertex 19.6628 0.35345 0
      vertex 21.3287 1.08156 0
    endloop
  endfacet
  facet normal 0 0 -1
    outer loop
      vertex 19.3753 -0.999234 0
      vertex 20.8316 -2.05725 0
      vertex 20.601 -2.34196 0
    endloop
  endfacet
  facet normal 0 0 -1
    outer loop
      vertex 19.6168 0.525329 0
      vertex 21.3287 1.08156 0
      vertex 19.6628 0.35345 0
    endloop
  endfacet
  facet normal 0 0 -1
    outer loop
      vertex 19.2633 -1.13752 0
      vertex 20.601 -2.34196 0
      vertex 20.342 -2.60101 0
    endloop
  endfacet
  facet normal -0 0 -1
    outer loop
      vertex 21.3287 1.08156 0
      vertex 19.6168 0.525329 0
      vertex 21.1974 1.42358 0
    endloop
  endfacet
  facet normal 0 0 -1
    outer loop
      vertex 19.1375 -1.26335 0
      vertex 20.342 -2.60101 0
      vertex 20.0572 -2.83156 0
    endloop
  endfacet
  facet normal 0 0 -1
    outer loop
      vertex 19.553 0.691452 0
      vertex 21.1974 1.42358 0
      vertex 19.6168 0.525329 0
    endloop
  endfacet
  facet normal 0 0 -1
    outer loop
      vertex 18.9992 -1.37533 0
      vertex 20.0572 -2.83156 0
      vertex 19.75 -3.03109 0
    endloop
  endfacet
  facet normal -0 0 -1
    outer loop
      vertex 21.1974 1.42358 0
      vertex 19.553 0.691452 0
      vertex 21.0311 1.75 0
    endloop
  endfacet
  facet normal 0 0 -1
    outer loop
      vertex 19.4722 0.849999 0
      vertex 21.0311 1.75 0
      vertex 19.553 0.691452 0
    endloop
  endfacet
  facet normal 0 0 -1
    outer loop
      vertex 21.4808 -0.365849 0
      vertex 19.6907 -0.177698 0
      vertex 19.7 0 0
    endloop
  endfacet
  facet normal 0 0 -1
    outer loop
      vertex 21.4235 -0.727691 0
      vertex 19.6628 -0.35345 0
      vertex 19.6907 -0.177698 0
    endloop
  endfacet
  facet normal 0 0 -1
    outer loop
      vertex 21.3287 -1.08156 0
      vertex 19.6168 -0.525329 0
      vertex 19.6628 -0.35345 0
    endloop
  endfacet
  facet normal 0 0 -1
    outer loop
      vertex 21.1974 -1.42358 0
      vertex 19.553 -0.691452 0
      vertex 19.6168 -0.525329 0
    endloop
  endfacet
  facet normal 0 0 -1
    outer loop
      vertex 21.0311 -1.75 0
      vertex 19.4722 -0.849999 0
      vertex 19.553 -0.691452 0
    endloop
  endfacet
  facet normal 0 0 -1
    outer loop
      vertex 18.85 -1.47224 0
      vertex 19.75 -3.03109 0
      vertex 19.4236 -3.19741 0
    endloop
  endfacet
  facet normal 0 0 -1
    outer loop
      vertex 20.8316 -2.05725 0
      vertex 19.3753 -0.999234 0
      vertex 19.4722 -0.849999 0
    endloop
  endfacet
  facet normal 0 0 -1
    outer loop
      vertex 20.601 -2.34196 0
      vertex 19.2633 -1.13752 0
      vertex 19.3753 -0.999234 0
    endloop
  endfacet
  facet normal 0 0 -1
    outer loop
      vertex 20.342 -2.60101 0
      vertex 19.1375 -1.26335 0
      vertex 19.2633 -1.13752 0
    endloop
  endfacet
  facet normal 0 0 -1
    outer loop
      vertex 18.6915 -1.55303 0
      vertex 19.4236 -3.19741 0
      vertex 19.0816 -3.3287 0
    endloop
  endfacet
  facet normal 0 0 -1
    outer loop
      vertex 20.0572 -2.83156 0
      vertex 18.9992 -1.37533 0
      vertex 19.1375 -1.26335 0
    endloop
  endfacet
  facet normal 0 0 -1
    outer loop
      vertex 19.75 -3.03109 0
      vertex 18.85 -1.47224 0
      vertex 18.9992 -1.37533 0
    endloop
  endfacet
  facet normal 0 0 -1
    outer loop
      vertex 18.5253 -1.6168 0
      vertex 19.0816 -3.3287 0
      vertex 18.7277 -3.42352 0
    endloop
  endfacet
  facet normal 0 0 -1
    outer loop
      vertex 19.4236 -3.19741 0
      vertex 18.6915 -1.55303 0
      vertex 18.85 -1.47224 0
    endloop
  endfacet
  facet normal 0 0 -1
    outer loop
      vertex 19.0816 -3.3287 0
      vertex 18.5253 -1.6168 0
      vertex 18.6915 -1.55303 0
    endloop
  endfacet
  facet normal 0 0 -1
    outer loop
      vertex 18.3535 -1.66285 0
      vertex 18.7277 -3.42352 0
      vertex 18.3658 -3.48083 0
    endloop
  endfacet
  facet normal 0 0 -1
    outer loop
      vertex 18.7277 -3.42352 0
      vertex 18.3535 -1.66285 0
      vertex 18.5253 -1.6168 0
    endloop
  endfacet
  facet normal 0 0 -1
    outer loop
      vertex 18.3658 -3.48083 0
      vertex 18.1777 -1.69069 0
      vertex 18.3535 -1.66285 0
    endloop
  endfacet
  facet normal 0 0 -1
    outer loop
      vertex 18 -3.5 0
      vertex 18.1777 -1.69069 0
      vertex 18.3658 -3.48083 0
    endloop
  endfacet
  facet normal 0 0 -1
    outer loop
      vertex 18 -3.5 0
      vertex 18 -1.7 0
      vertex 18.1777 -1.69069 0
    endloop
  endfacet
  facet normal 0 0 -1
    outer loop
      vertex 18 -3.5 0
      vertex 17.8223 -1.69069 0
      vertex 18 -1.7 0
    endloop
  endfacet
  facet normal 0 0 -1
    outer loop
      vertex 17.6342 -3.48083 0
      vertex 17.8223 -1.69069 0
      vertex 18 -3.5 0
    endloop
  endfacet
  facet normal -0 0 -1
    outer loop
      vertex 17.8223 -1.69069 0
      vertex 17.6342 -3.48083 0
      vertex 17.6465 -1.66285 0
    endloop
  endfacet
  facet normal 0 0 -1
    outer loop
      vertex 17.2723 -3.42352 0
      vertex 17.6465 -1.66285 0
      vertex 17.6342 -3.48083 0
    endloop
  endfacet
  facet normal -0 0 -1
    outer loop
      vertex 17.6465 -1.66285 0
      vertex 17.2723 -3.42352 0
      vertex 17.4747 -1.6168 0
    endloop
  endfacet
  facet normal 0 0 -1
    outer loop
      vertex 16.9184 -3.3287 0
      vertex 17.4747 -1.6168 0
      vertex 17.2723 -3.42352 0
    endloop
  endfacet
  facet normal -0 0 -1
    outer loop
      vertex 17.4747 -1.6168 0
      vertex 16.9184 -3.3287 0
      vertex 17.3085 -1.55303 0
    endloop
  endfacet
  facet normal 0 0 -1
    outer loop
      vertex 16.5764 -3.19741 0
      vertex 17.3085 -1.55303 0
      vertex 16.9184 -3.3287 0
    endloop
  endfacet
  facet normal -0 0 -1
    outer loop
      vertex 17.3085 -1.55303 0
      vertex 16.5764 -3.19741 0
      vertex 17.15 -1.47224 0
    endloop
  endfacet
  facet normal 0 0 -1
    outer loop
      vertex 16.25 -3.03109 0
      vertex 17.15 -1.47224 0
      vertex 16.5764 -3.19741 0
    endloop
  endfacet
  facet normal -0 0 -1
    outer loop
      vertex 17.15 -1.47224 0
      vertex 16.25 -3.03109 0
      vertex 17.0008 -1.37533 0
    endloop
  endfacet
  facet normal 0 0 -1
    outer loop
      vertex 15.9428 -2.83156 0
      vertex 17.0008 -1.37533 0
      vertex 16.25 -3.03109 0
    endloop
  endfacet
  facet normal -0 0 -1
    outer loop
      vertex 17.0008 -1.37533 0
      vertex 15.9428 -2.83156 0
      vertex 16.8625 -1.26335 0
    endloop
  endfacet
  facet normal 0 0 -1
    outer loop
      vertex 15.658 -2.60101 0
      vertex 16.8625 -1.26335 0
      vertex 15.9428 -2.83156 0
    endloop
  endfacet
  facet normal -0 0 -1
    outer loop
      vertex 16.8625 -1.26335 0
      vertex 15.658 -2.60101 0
      vertex 16.7367 -1.13752 0
    endloop
  endfacet
  facet normal 0 0 -1
    outer loop
      vertex 15.399 -2.34196 0
      vertex 16.7367 -1.13752 0
      vertex 15.658 -2.60101 0
    endloop
  endfacet
  facet normal -0 0 -1
    outer loop
      vertex 16.7367 -1.13752 0
      vertex 15.399 -2.34196 0
      vertex 16.6247 -0.999234 0
    endloop
  endfacet
  facet normal 0 0 -1
    outer loop
      vertex 15.1684 -2.05725 0
      vertex 16.6247 -0.999234 0
      vertex 15.399 -2.34196 0
    endloop
  endfacet
  facet normal 0 0 -1
    outer loop
      vertex 14.9689 -1.75 0
      vertex 16.5278 -0.849999 0
      vertex 15.1684 -2.05725 0
    endloop
  endfacet
  facet normal -0 0 -1
    outer loop
      vertex 16.6247 -0.999234 0
      vertex 15.1684 -2.05725 0
      vertex 16.5278 -0.849999 0
    endloop
  endfacet
  facet normal -0 0 -1
    outer loop
      vertex 21.0311 1.75 0
      vertex 19.4722 0.849999 0
      vertex 20.8316 2.05725 0
    endloop
  endfacet
  facet normal 0 0 -1
    outer loop
      vertex 19.3753 0.999234 0
      vertex 20.8316 2.05725 0
      vertex 19.4722 0.849999 0
    endloop
  endfacet
  facet normal -0 0 -1
    outer loop
      vertex 20.8316 2.05725 0
      vertex 19.3753 0.999234 0
      vertex 20.601 2.34196 0
    endloop
  endfacet
  facet normal 0 0 -1
    outer loop
      vertex 19.2633 1.13752 0
      vertex 20.601 2.34196 0
      vertex 19.3753 0.999234 0
    endloop
  endfacet
  facet normal -0 0 -1
    outer loop
      vertex 20.601 2.34196 0
      vertex 19.2633 1.13752 0
      vertex 20.342 2.60101 0
    endloop
  endfacet
  facet normal 0 0 -1
    outer loop
      vertex 19.1375 1.26335 0
      vertex 20.342 2.60101 0
      vertex 19.2633 1.13752 0
    endloop
  endfacet
  facet normal -0 0 -1
    outer loop
      vertex 20.342 2.60101 0
      vertex 19.1375 1.26335 0
      vertex 20.0572 2.83156 0
    endloop
  endfacet
  facet normal 0 0 -1
    outer loop
      vertex 18.9992 1.37533 0
      vertex 20.0572 2.83156 0
      vertex 19.1375 1.26335 0
    endloop
  endfacet
  facet normal -0 0 -1
    outer loop
      vertex 20.0572 2.83156 0
      vertex 18.9992 1.37533 0
      vertex 19.75 3.03109 0
    endloop
  endfacet
  facet normal 0 0 -1
    outer loop
      vertex 18.85 1.47224 0
      vertex 19.75 3.03109 0
      vertex 18.9992 1.37533 0
    endloop
  endfacet
  facet normal -0 0 -1
    outer loop
      vertex 19.75 3.03109 0
      vertex 18.85 1.47224 0
      vertex 19.4236 3.19741 0
    endloop
  endfacet
  facet normal 0 0 -1
    outer loop
      vertex 18.6915 1.55303 0
      vertex 19.4236 3.19741 0
      vertex 18.85 1.47224 0
    endloop
  endfacet
  facet normal -0 0 -1
    outer loop
      vertex 19.4236 3.19741 0
      vertex 18.6915 1.55303 0
      vertex 19.0816 3.3287 0
    endloop
  endfacet
  facet normal 0 0 -1
    outer loop
      vertex 18.5253 1.6168 0
      vertex 19.0816 3.3287 0
      vertex 18.6915 1.55303 0
    endloop
  endfacet
  facet normal -0 0 -1
    outer loop
      vertex 19.0816 3.3287 0
      vertex 18.5253 1.6168 0
      vertex 18.7277 3.42352 0
    endloop
  endfacet
  facet normal 0 0 -1
    outer loop
      vertex 18.3535 1.66285 0
      vertex 18.7277 3.42352 0
      vertex 18.5253 1.6168 0
    endloop
  endfacet
  facet normal -0 0 -1
    outer loop
      vertex 18.7277 3.42352 0
      vertex 18.3535 1.66285 0
      vertex 18.3658 3.48083 0
    endloop
  endfacet
  facet normal 0 0 -1
    outer loop
      vertex 18.1777 1.69069 0
      vertex 18.3658 3.48083 0
      vertex 18.3535 1.66285 0
    endloop
  endfacet
  facet normal 0 0 -1
    outer loop
      vertex 18 1.7 0
      vertex 18.3658 3.48083 0
      vertex 18.1777 1.69069 0
    endloop
  endfacet
  facet normal 0 0 -1
    outer loop
      vertex 18 1.7 0
      vertex 18 3.5 0
      vertex 18.3658 3.48083 0
    endloop
  endfacet
  facet normal 0 0 -1
    outer loop
      vertex 17.8223 1.69069 0
      vertex 18 3.5 0
      vertex 18 1.7 0
    endloop
  endfacet
  facet normal 0 0 -1
    outer loop
      vertex 17.6342 3.48083 0
      vertex 17.8223 1.69069 0
      vertex 17.6465 1.66285 0
    endloop
  endfacet
  facet normal 0 0 -1
    outer loop
      vertex 17.8223 1.69069 0
      vertex 17.6342 3.48083 0
      vertex 18 3.5 0
    endloop
  endfacet
  facet normal 0 0 -1
    outer loop
      vertex 17.2723 3.42352 0
      vertex 17.6465 1.66285 0
      vertex 17.4747 1.6168 0
    endloop
  endfacet
  facet normal 0 0 -1
    outer loop
      vertex 16.9184 3.3287 0
      vertex 17.4747 1.6168 0
      vertex 17.3085 1.55303 0
    endloop
  endfacet
  facet normal 0 0 -1
    outer loop
      vertex 17.6465 1.66285 0
      vertex 17.2723 3.42352 0
      vertex 17.6342 3.48083 0
    endloop
  endfacet
  facet normal 0 0 -1
    outer loop
      vertex 16.5764 3.19741 0
      vertex 17.3085 1.55303 0
      vertex 17.15 1.47224 0
    endloop
  endfacet
  facet normal 0 0 -1
    outer loop
      vertex 16.25 3.03109 0
      vertex 17.15 1.47224 0
      vertex 17.0008 1.37533 0
    endloop
  endfacet
  facet normal 0 0 -1
    outer loop
      vertex 17.4747 1.6168 0
      vertex 16.9184 3.3287 0
      vertex 17.2723 3.42352 0
    endloop
  endfacet
  facet normal 0 0 -1
    outer loop
      vertex 15.9428 2.83156 0
      vertex 17.0008 1.37533 0
      vertex 16.8625 1.26335 0
    endloop
  endfacet
  facet normal 0 0 -1
    outer loop
      vertex 15.658 2.60101 0
      vertex 16.8625 1.26335 0
      vertex 16.7367 1.13752 0
    endloop
  endfacet
  facet normal 0 0 -1
    outer loop
      vertex 15.399 2.34196 0
      vertex 16.7367 1.13752 0
      vertex 16.6247 0.999234 0
    endloop
  endfacet
  facet normal 0 0 -1
    outer loop
      vertex 17.3085 1.55303 0
      vertex 16.5764 3.19741 0
      vertex 16.9184 3.3287 0
    endloop
  endfacet
  facet normal 0 0 -1
    outer loop
      vertex 15.1684 2.05725 0
      vertex 16.6247 0.999234 0
      vertex 16.5278 0.849999 0
    endloop
  endfacet
  facet normal 0 0 -1
    outer loop
      vertex 14.9689 1.75 0
      vertex 16.5278 0.849999 0
      vertex 16.447 0.691452 0
    endloop
  endfacet
  facet normal 0 0 -1
    outer loop
      vertex 14.8026 1.42358 0
      vertex 16.447 0.691452 0
      vertex 16.3832 0.525329 0
    endloop
  endfacet
  facet normal 0 0 -1
    outer loop
      vertex 14.6713 1.08156 0
      vertex 16.3832 0.525329 0
      vertex 16.3372 0.35345 0
    endloop
  endfacet
  facet normal 0 0 -1
    outer loop
      vertex 14.5765 0.727691 0
      vertex 16.3372 0.35345 0
      vertex 16.3093 0.177698 0
    endloop
  endfacet
  facet normal 0 0 -1
    outer loop
      vertex 17.15 1.47224 0
      vertex 16.25 3.03109 0
      vertex 16.5764 3.19741 0
    endloop
  endfacet
  facet normal 0 0 -1
    outer loop
      vertex 14.5192 0.365849 0
      vertex 16.3093 0.177698 0
      vertex 16.3 0 0
    endloop
  endfacet
  facet normal -0 0 -1
    outer loop
      vertex 16.5278 -0.849999 0
      vertex 14.9689 -1.75 0
      vertex 16.447 -0.691452 0
    endloop
  endfacet
  facet normal 0 0 -1
    outer loop
      vertex 14.8026 -1.42358 0
      vertex 16.447 -0.691452 0
      vertex 14.9689 -1.75 0
    endloop
  endfacet
  facet normal 0 0 -1
    outer loop
      vertex 17.0008 1.37533 0
      vertex 15.9428 2.83156 0
      vertex 16.25 3.03109 0
    endloop
  endfacet
  facet normal -0 0 -1
    outer loop
      vertex 16.447 -0.691452 0
      vertex 14.8026 -1.42358 0
      vertex 16.3832 -0.525329 0
    endloop
  endfacet
  facet normal 0 0 -1
    outer loop
      vertex 16.8625 1.26335 0
      vertex 15.658 2.60101 0
      vertex 15.9428 2.83156 0
    endloop
  endfacet
  facet normal 0 0 -1
    outer loop
      vertex 14.6713 -1.08156 0
      vertex 16.3832 -0.525329 0
      vertex 14.8026 -1.42358 0
    endloop
  endfacet
  facet normal 0 0 -1
    outer loop
      vertex 16.7367 1.13752 0
      vertex 15.399 2.34196 0
      vertex 15.658 2.60101 0
    endloop
  endfacet
  facet normal -0 0 -1
    outer loop
      vertex 16.3832 -0.525329 0
      vertex 14.6713 -1.08156 0
      vertex 16.3372 -0.35345 0
    endloop
  endfacet
  facet normal 0 0 -1
    outer loop
      vertex 16.6247 0.999234 0
      vertex 15.1684 2.05725 0
      vertex 15.399 2.34196 0
    endloop
  endfacet
  facet normal 0 0 -1
    outer loop
      vertex 14.5765 -0.727691 0
      vertex 16.3372 -0.35345 0
      vertex 14.6713 -1.08156 0
    endloop
  endfacet
  facet normal 0 0 -1
    outer loop
      vertex 16.5278 0.849999 0
      vertex 14.9689 1.75 0
      vertex 15.1684 2.05725 0
    endloop
  endfacet
  facet normal -0 0 -1
    outer loop
      vertex 16.3372 -0.35345 0
      vertex 14.5765 -0.727691 0
      vertex 16.3093 -0.177698 0
    endloop
  endfacet
  facet normal 0 0 -1
    outer loop
      vertex 16.447 0.691452 0
      vertex 14.8026 1.42358 0
      vertex 14.9689 1.75 0
    endloop
  endfacet
  facet normal 0 0 -1
    outer loop
      vertex 14.5192 -0.365849 0
      vertex 16.3093 -0.177698 0
      vertex 14.5765 -0.727691 0
    endloop
  endfacet
  facet normal 0 0 -1
    outer loop
      vertex 16.3832 0.525329 0
      vertex 14.6713 1.08156 0
      vertex 14.8026 1.42358 0
    endloop
  endfacet
  facet normal -0 0 -1
    outer loop
      vertex 16.3093 -0.177698 0
      vertex 14.5192 -0.365849 0
      vertex 16.3 0 0
    endloop
  endfacet
  facet normal 0 0 -1
    outer loop
      vertex 16.3372 0.35345 0
      vertex 14.5765 0.727691 0
      vertex 14.6713 1.08156 0
    endloop
  endfacet
  facet normal 0 0 -1
    outer loop
      vertex 14.5 0 0
      vertex 16.3 0 0
      vertex 14.5192 -0.365849 0
    endloop
  endfacet
  facet normal 0 0 -1
    outer loop
      vertex 16.3093 0.177698 0
      vertex 14.5192 0.365849 0
      vertex 14.5765 0.727691 0
    endloop
  endfacet
  facet normal 0 0 -1
    outer loop
      vertex 16.3 0 0
      vertex 14.5 0 0
      vertex 14.5192 0.365849 0
    endloop
  endfacet
  facet normal -0.0523339 -0.99863 0
    outer loop
      vertex 17.6342 -3.48083 0
      vertex 18 -3.5 0.599999
      vertex 17.6342 -3.48083 0.599999
    endloop
  endfacet
  facet normal -0.0523339 -0.99863 -0
    outer loop
      vertex 18 -3.5 0.599999
      vertex 17.6342 -3.48083 0
      vertex 18 -3.5 0
    endloop
  endfacet
  facet normal -0.0523339 -0.99863 0
    outer loop
      vertex 17.6342 -3.48083 6.6
      vertex 18 -3.5 7.2
      vertex 17.6342 -3.48083 7.2
    endloop
  endfacet
  facet normal -0.0523339 -0.99863 -0
    outer loop
      vertex 18 -3.5 7.2
      vertex 17.6342 -3.48083 6.6
      vertex 18 -3.5 6.6
    endloop
  endfacet
  facet normal -0.998626 0.0524085 0
    outer loop
      vertex 14.5 0 6.6
      vertex 14.5192 0.365849 7.2
      vertex 14.5192 0.365849 6.6
    endloop
  endfacet
  facet normal -0.998626 0.0524085 0
    outer loop
      vertex 14.5192 0.365849 7.2
      vertex 14.5 0 6.6
      vertex 14.5 0 7.2
    endloop
  endfacet
  facet normal -0.998626 0.0524085 0
    outer loop
      vertex 14.5 0 0
      vertex 14.5192 0.365849 0.599999
      vertex 14.5192 0.365849 0
    endloop
  endfacet
  facet normal -0.998626 0.0524085 0
    outer loop
      vertex 14.5192 0.365849 0.599999
      vertex 14.5 0 0
      vertex 14.5 0 0.599999
    endloop
  endfacet
  facet normal -0.15641 -0.987692 0
    outer loop
      vertex 17.2723 -3.42352 0
      vertex 17.6342 -3.48083 0.599999
      vertex 17.2723 -3.42352 0.599999
    endloop
  endfacet
  facet normal -0.15641 -0.987692 -0
    outer loop
      vertex 17.6342 -3.48083 0.599999
      vertex 17.2723 -3.42352 0
      vertex 17.6342 -3.48083 0
    endloop
  endfacet
  facet normal -0.15641 -0.987692 0
    outer loop
      vertex 17.2723 -3.42352 6.6
      vertex 17.6342 -3.48083 7.2
      vertex 17.2723 -3.42352 7.2
    endloop
  endfacet
  facet normal -0.15641 -0.987692 -0
    outer loop
      vertex 17.6342 -3.48083 7.2
      vertex 17.2723 -3.42352 6.6
      vertex 17.6342 -3.48083 6.6
    endloop
  endfacet
  facet normal -0.5447 -0.838631 0
    outer loop
      vertex 15.9428 -2.83156 6.6
      vertex 16.25 -3.03109 7.2
      vertex 15.9428 -2.83156 7.2
    endloop
  endfacet
  facet normal -0.5447 -0.838631 -0
    outer loop
      vertex 16.25 -3.03109 7.2
      vertex 15.9428 -2.83156 6.6
      vertex 16.25 -3.03109 6.6
    endloop
  endfacet
  facet normal -0.5447 -0.838631 0
    outer loop
      vertex 15.9428 -2.83156 0
      vertex 16.25 -3.03109 0.599999
      vertex 15.9428 -2.83156 0.599999
    endloop
  endfacet
  facet normal -0.5447 -0.838631 -0
    outer loop
      vertex 16.25 -3.03109 0.599999
      vertex 15.9428 -2.83156 0
      vertex 16.25 -3.03109 0
    endloop
  endfacet
  facet normal 0.707175 -0.707039 0
    outer loop
      vertex 20.342 -2.60101 0.599999
      vertex 20.601 -2.34196 0
      vertex 20.601 -2.34196 0.599999
    endloop
  endfacet
  facet normal 0.707175 -0.707039 0
    outer loop
      vertex 20.601 -2.34196 0
      vertex 20.342 -2.60101 0.599999
      vertex 20.342 -2.60101 0
    endloop
  endfacet
  facet normal 0.707175 -0.707039 0
    outer loop
      vertex 20.342 -2.60101 7.2
      vertex 20.601 -2.34196 6.6
      vertex 20.601 -2.34196 7.2
    endloop
  endfacet
  facet normal 0.707175 -0.707039 0
    outer loop
      vertex 20.601 -2.34196 6.6
      vertex 20.342 -2.60101 7.2
      vertex 20.342 -2.60101 6.6
    endloop
  endfacet
  facet normal -0.156413 0.987692 0
    outer loop
      vertex 18.3535 -1.66285 0
      vertex 18.1777 -1.69069 7.2
      vertex 18.3535 -1.66285 7.2
    endloop
  endfacet
  facet normal -0.156413 0.987692 0
    outer loop
      vertex 18.1777 -1.69069 7.2
      vertex 18.3535 -1.66285 0
      vertex 18.1777 -1.69069 0
    endloop
  endfacet
  facet normal -0.987633 -0.156783 0
    outer loop
      vertex 19.6907 0.177698 0
      vertex 19.6628 0.35345 7.2
      vertex 19.6628 0.35345 0
    endloop
  endfacet
  facet normal -0.987633 -0.156783 0
    outer loop
      vertex 19.6628 0.35345 7.2
      vertex 19.6907 0.177698 0
      vertex 19.6907 0.177698 7.2
    endloop
  endfacet
  facet normal -0.998633 -0.0522645 0
    outer loop
      vertex 19.7 0 0
      vertex 19.6907 0.177698 7.2
      vertex 19.6907 0.177698 0
    endloop
  endfacet
  facet normal -0.998633 -0.0522645 0
    outer loop
      vertex 19.6907 0.177698 7.2
      vertex 19.7 0 0
      vertex 19.7 0 7.2
    endloop
  endfacet
  facet normal -0.987633 0.156783 0
    outer loop
      vertex 19.6628 -0.35345 0
      vertex 19.6907 -0.177698 7.2
      vertex 19.6907 -0.177698 0
    endloop
  endfacet
  facet normal -0.987633 0.156783 0
    outer loop
      vertex 19.6907 -0.177698 7.2
      vertex 19.6628 -0.35345 0
      vertex 19.6628 -0.35345 7.2
    endloop
  endfacet
  facet normal -0.35823 -0.933633 0
    outer loop
      vertex 18.5253 1.6168 0
      vertex 18.6915 1.55303 7.2
      vertex 18.5253 1.6168 7.2
    endloop
  endfacet
  facet normal -0.35823 -0.933633 -0
    outer loop
      vertex 18.6915 1.55303 7.2
      vertex 18.5253 1.6168 0
      vertex 18.6915 1.55303 0
    endloop
  endfacet
  facet normal -0.454125 0.890938 0
    outer loop
      vertex 18.85 -1.47224 0
      vertex 18.6915 -1.55303 7.2
      vertex 18.85 -1.47224 7.2
    endloop
  endfacet
  facet normal -0.454125 0.890938 0
    outer loop
      vertex 18.6915 -1.55303 7.2
      vertex 18.85 -1.47224 0
      vertex 18.6915 -1.55303 0
    endloop
  endfacet
  facet normal -0.454125 -0.890938 0
    outer loop
      vertex 18.6915 1.55303 0
      vertex 18.85 1.47224 7.2
      vertex 18.6915 1.55303 7.2
    endloop
  endfacet
  facet normal -0.454125 -0.890938 -0
    outer loop
      vertex 18.85 1.47224 7.2
      vertex 18.6915 1.55303 0
      vertex 18.85 1.47224 0
    endloop
  endfacet
  facet normal -0.258905 -0.965903 0
    outer loop
      vertex 18.3535 1.66285 0
      vertex 18.5253 1.6168 7.2
      vertex 18.3535 1.66285 7.2
    endloop
  endfacet
  facet normal -0.258905 -0.965903 -0
    outer loop
      vertex 18.5253 1.6168 7.2
      vertex 18.3535 1.66285 0
      vertex 18.5253 1.6168 0
    endloop
  endfacet
  facet normal 0.35823 -0.933633 0
    outer loop
      vertex 17.3085 1.55303 0
      vertex 17.4747 1.6168 7.2
      vertex 17.3085 1.55303 7.2
    endloop
  endfacet
  facet normal 0.35823 -0.933633 0
    outer loop
      vertex 17.4747 1.6168 7.2
      vertex 17.3085 1.55303 0
      vertex 17.4747 1.6168 0
    endloop
  endfacet
  facet normal -0.777096 0.629382 0
    outer loop
      vertex 19.2633 -1.13752 0
      vertex 19.3753 -0.999234 7.2
      vertex 19.3753 -0.999234 0
    endloop
  endfacet
  facet normal -0.777096 0.629382 0
    outer loop
      vertex 19.3753 -0.999234 7.2
      vertex 19.2633 -1.13752 0
      vertex 19.2633 -1.13752 7.2
    endloop
  endfacet
  facet normal -0.35823 0.933633 0
    outer loop
      vertex 18.6915 -1.55303 0
      vertex 18.5253 -1.6168 7.2
      vertex 18.6915 -1.55303 7.2
    endloop
  endfacet
  facet normal -0.35823 0.933633 0
    outer loop
      vertex 18.5253 -1.6168 7.2
      vertex 18.6915 -1.55303 0
      vertex 18.5253 -1.6168 0
    endloop
  endfacet
  facet normal 0.89097 -0.454063 0
    outer loop
      vertex 16.447 0.691452 7.2
      vertex 16.5278 0.849999 0
      vertex 16.5278 0.849999 7.2
    endloop
  endfacet
  facet normal 0.89097 -0.454063 0
    outer loop
      vertex 16.5278 0.849999 0
      vertex 16.447 0.691452 7.2
      vertex 16.447 0.691452 0
    endloop
  endfacet
  facet normal 0.629276 0.777182 -0
    outer loop
      vertex 17.0008 -1.37533 0
      vertex 16.8625 -1.26335 7.2
      vertex 17.0008 -1.37533 7.2
    endloop
  endfacet
  facet normal 0.629276 0.777182 0
    outer loop
      vertex 16.8625 -1.26335 7.2
      vertex 17.0008 -1.37533 0
      vertex 16.8625 -1.26335 0
    endloop
  endfacet
  facet normal -0.258905 0.965903 0
    outer loop
      vertex 18.5253 -1.6168 0
      vertex 18.3535 -1.66285 7.2
      vertex 18.5253 -1.6168 7.2
    endloop
  endfacet
  facet normal -0.258905 0.965903 0
    outer loop
      vertex 18.3535 -1.66285 7.2
      vertex 18.5253 -1.6168 0
      vertex 18.3535 -1.66285 0
    endloop
  endfacet
  facet normal -0.998633 0.0522645 0
    outer loop
      vertex 19.6907 -0.177698 0
      vertex 19.7 0 7.2
      vertex 19.7 0 0
    endloop
  endfacet
  facet normal -0.998633 0.0522645 0
    outer loop
      vertex 19.7 0 7.2
      vertex 19.6907 -0.177698 0
      vertex 19.6907 -0.177698 7.2
    endloop
  endfacet
  facet normal 0.258905 0.965903 -0
    outer loop
      vertex 17.6465 -1.66285 0
      vertex 17.4747 -1.6168 7.2
      vertex 17.6465 -1.66285 7.2
    endloop
  endfacet
  facet normal 0.258905 0.965903 0
    outer loop
      vertex 17.4747 -1.6168 7.2
      vertex 17.6465 -1.66285 0
      vertex 17.4747 -1.6168 0
    endloop
  endfacet
  facet normal -0.544712 -0.838623 0
    outer loop
      vertex 18.85 1.47224 0
      vertex 18.9992 1.37533 7.2
      vertex 18.85 1.47224 7.2
    endloop
  endfacet
  facet normal -0.544712 -0.838623 -0
    outer loop
      vertex 18.9992 1.37533 7.2
      vertex 18.85 1.47224 0
      vertex 18.9992 1.37533 0
    endloop
  endfacet
  facet normal 0.0523199 0.99863 -0
    outer loop
      vertex 18 -1.7 0
      vertex 17.8223 -1.69069 7.2
      vertex 18 -1.7 7.2
    endloop
  endfacet
  facet normal 0.0523199 0.99863 0
    outer loop
      vertex 17.8223 -1.69069 7.2
      vertex 18 -1.7 0
      vertex 17.8223 -1.69069 0
    endloop
  endfacet
  facet normal -0.838707 -0.544582 0
    outer loop
      vertex 19.4722 0.849999 0
      vertex 19.3753 0.999234 7.2
      vertex 19.3753 0.999234 0
    endloop
  endfacet
  facet normal -0.838707 -0.544582 0
    outer loop
      vertex 19.3753 0.999234 7.2
      vertex 19.4722 0.849999 0
      vertex 19.4722 0.849999 7.2
    endloop
  endfacet
  facet normal -0.0523199 0.99863 0
    outer loop
      vertex 18.1777 -1.69069 0
      vertex 18 -1.7 7.2
      vertex 18.1777 -1.69069 7.2
    endloop
  endfacet
  facet normal -0.0523199 0.99863 0
    outer loop
      vertex 18 -1.7 7.2
      vertex 18.1777 -1.69069 0
      vertex 18 -1.7 0
    endloop
  endfacet
  facet normal 0.454125 -0.890938 0
    outer loop
      vertex 17.15 1.47224 0
      vertex 17.3085 1.55303 7.2
      vertex 17.15 1.47224 7.2
    endloop
  endfacet
  facet normal 0.454125 -0.890938 0
    outer loop
      vertex 17.3085 1.55303 7.2
      vertex 17.15 1.47224 0
      vertex 17.3085 1.55303 0
    endloop
  endfacet
  facet normal -0.89097 -0.454063 0
    outer loop
      vertex 19.553 0.691452 0
      vertex 19.4722 0.849999 7.2
      vertex 19.4722 0.849999 0
    endloop
  endfacet
  facet normal -0.89097 -0.454063 0
    outer loop
      vertex 19.4722 0.849999 7.2
      vertex 19.553 0.691452 0
      vertex 19.553 0.691452 7.2
    endloop
  endfacet
  facet normal 0.987633 -0.156783 0
    outer loop
      vertex 16.3093 0.177698 7.2
      vertex 16.3372 0.35345 0
      vertex 16.3372 0.35345 7.2
    endloop
  endfacet
  facet normal 0.987633 -0.156783 0
    outer loop
      vertex 16.3372 0.35345 0
      vertex 16.3093 0.177698 7.2
      vertex 16.3093 0.177698 0
    endloop
  endfacet
  facet normal 0.933521 0.358522 0
    outer loop
      vertex 16.447 -0.691452 7.2
      vertex 16.3832 -0.525329 0
      vertex 16.3832 -0.525329 7.2
    endloop
  endfacet
  facet normal 0.933521 0.358522 0
    outer loop
      vertex 16.3832 -0.525329 0
      vertex 16.447 -0.691452 7.2
      vertex 16.447 -0.691452 0
    endloop
  endfacet
  facet normal 0.987633 0.156783 0
    outer loop
      vertex 16.3372 -0.35345 7.2
      vertex 16.3093 -0.177698 0
      vertex 16.3093 -0.177698 7.2
    endloop
  endfacet
  facet normal 0.987633 0.156783 0
    outer loop
      vertex 16.3093 -0.177698 0
      vertex 16.3372 -0.35345 7.2
      vertex 16.3372 -0.35345 0
    endloop
  endfacet
  facet normal -0.707191 0.707022 0
    outer loop
      vertex 19.1375 -1.26335 0
      vertex 19.2633 -1.13752 7.2
      vertex 19.2633 -1.13752 0
    endloop
  endfacet
  facet normal -0.707191 0.707022 0
    outer loop
      vertex 19.2633 -1.13752 7.2
      vertex 19.1375 -1.26335 0
      vertex 19.1375 -1.26335 7.2
    endloop
  endfacet
  facet normal -0.933521 -0.358522 0
    outer loop
      vertex 19.6168 0.525329 0
      vertex 19.553 0.691452 7.2
      vertex 19.553 0.691452 0
    endloop
  endfacet
  facet normal -0.933521 -0.358522 0
    outer loop
      vertex 19.553 0.691452 7.2
      vertex 19.6168 0.525329 0
      vertex 19.6168 0.525329 7.2
    endloop
  endfacet
  facet normal 0.777096 0.629382 0
    outer loop
      vertex 16.7367 -1.13752 7.2
      vertex 16.6247 -0.999234 0
      vertex 16.6247 -0.999234 7.2
    endloop
  endfacet
  facet normal 0.777096 0.629382 0
    outer loop
      vertex 16.6247 -0.999234 0
      vertex 16.7367 -1.13752 7.2
      vertex 16.7367 -1.13752 0
    endloop
  endfacet
  facet normal -0.777096 -0.629382 0
    outer loop
      vertex 19.3753 0.999234 0
      vertex 19.2633 1.13752 7.2
      vertex 19.2633 1.13752 0
    endloop
  endfacet
  facet normal -0.777096 -0.629382 0
    outer loop
      vertex 19.2633 1.13752 7.2
      vertex 19.3753 0.999234 0
      vertex 19.3753 0.999234 7.2
    endloop
  endfacet
  facet normal 0.777096 -0.629382 0
    outer loop
      vertex 16.6247 0.999234 7.2
      vertex 16.7367 1.13752 0
      vertex 16.7367 1.13752 7.2
    endloop
  endfacet
  facet normal 0.777096 -0.629382 0
    outer loop
      vertex 16.7367 1.13752 0
      vertex 16.6247 0.999234 7.2
      vertex 16.6247 0.999234 0
    endloop
  endfacet
  facet normal 0.629276 -0.777182 0
    outer loop
      vertex 16.8625 1.26335 0
      vertex 17.0008 1.37533 7.2
      vertex 16.8625 1.26335 7.2
    endloop
  endfacet
  facet normal 0.629276 -0.777182 0
    outer loop
      vertex 17.0008 1.37533 7.2
      vertex 16.8625 1.26335 0
      vertex 17.0008 1.37533 0
    endloop
  endfacet
  facet normal 0.544712 0.838623 -0
    outer loop
      vertex 17.15 -1.47224 0
      vertex 17.0008 -1.37533 7.2
      vertex 17.15 -1.47224 7.2
    endloop
  endfacet
  facet normal 0.544712 0.838623 0
    outer loop
      vertex 17.0008 -1.37533 7.2
      vertex 17.15 -1.47224 0
      vertex 17.0008 -1.37533 0
    endloop
  endfacet
  facet normal -0.707191 -0.707022 0
    outer loop
      vertex 19.2633 1.13752 0
      vertex 19.1375 1.26335 7.2
      vertex 19.1375 1.26335 0
    endloop
  endfacet
  facet normal -0.707191 -0.707022 0
    outer loop
      vertex 19.1375 1.26335 7.2
      vertex 19.2633 1.13752 0
      vertex 19.2633 1.13752 7.2
    endloop
  endfacet
  facet normal -0.966003 0.258531 0
    outer loop
      vertex 19.6168 -0.525329 0
      vertex 19.6628 -0.35345 7.2
      vertex 19.6628 -0.35345 0
    endloop
  endfacet
  facet normal -0.966003 0.258531 0
    outer loop
      vertex 19.6628 -0.35345 7.2
      vertex 19.6168 -0.525329 0
      vertex 19.6168 -0.525329 7.2
    endloop
  endfacet
  facet normal 0.156413 0.987692 -0
    outer loop
      vertex 17.8223 -1.69069 0
      vertex 17.6465 -1.66285 7.2
      vertex 17.8223 -1.69069 7.2
    endloop
  endfacet
  facet normal 0.156413 0.987692 0
    outer loop
      vertex 17.6465 -1.66285 7.2
      vertex 17.8223 -1.69069 0
      vertex 17.6465 -1.66285 0
    endloop
  endfacet
  facet normal 0.838707 -0.544582 0
    outer loop
      vertex 16.5278 0.849999 7.2
      vertex 16.6247 0.999234 0
      vertex 16.6247 0.999234 7.2
    endloop
  endfacet
  facet normal 0.838707 -0.544582 0
    outer loop
      vertex 16.6247 0.999234 0
      vertex 16.5278 0.849999 7.2
      vertex 16.5278 0.849999 0
    endloop
  endfacet
  facet normal 0.156413 -0.987692 0
    outer loop
      vertex 17.6465 1.66285 0
      vertex 17.8223 1.69069 7.2
      vertex 17.6465 1.66285 7.2
    endloop
  endfacet
  facet normal 0.156413 -0.987692 0
    outer loop
      vertex 17.8223 1.69069 7.2
      vertex 17.6465 1.66285 0
      vertex 17.8223 1.69069 0
    endloop
  endfacet
  facet normal 0.258905 -0.965903 0
    outer loop
      vertex 17.4747 1.6168 0
      vertex 17.6465 1.66285 7.2
      vertex 17.4747 1.6168 7.2
    endloop
  endfacet
  facet normal 0.258905 -0.965903 0
    outer loop
      vertex 17.6465 1.66285 7.2
      vertex 17.4747 1.6168 0
      vertex 17.6465 1.66285 0
    endloop
  endfacet
  facet normal -0.629276 -0.777182 0
    outer loop
      vertex 18.9992 1.37533 0
      vertex 19.1375 1.26335 7.2
      vertex 18.9992 1.37533 7.2
    endloop
  endfacet
  facet normal -0.629276 -0.777182 -0
    outer loop
      vertex 19.1375 1.26335 7.2
      vertex 18.9992 1.37533 0
      vertex 19.1375 1.26335 0
    endloop
  endfacet
  facet normal 0.966003 0.258531 0
    outer loop
      vertex 16.3832 -0.525329 7.2
      vertex 16.3372 -0.35345 0
      vertex 16.3372 -0.35345 7.2
    endloop
  endfacet
  facet normal 0.966003 0.258531 0
    outer loop
      vertex 16.3372 -0.35345 0
      vertex 16.3832 -0.525329 7.2
      vertex 16.3832 -0.525329 0
    endloop
  endfacet
  facet normal 0.966003 -0.258531 0
    outer loop
      vertex 16.3372 0.35345 7.2
      vertex 16.3832 0.525329 0
      vertex 16.3832 0.525329 7.2
    endloop
  endfacet
  facet normal 0.966003 -0.258531 0
    outer loop
      vertex 16.3832 0.525329 0
      vertex 16.3372 0.35345 7.2
      vertex 16.3372 0.35345 0
    endloop
  endfacet
  facet normal -0.966003 -0.258531 0
    outer loop
      vertex 19.6628 0.35345 0
      vertex 19.6168 0.525329 7.2
      vertex 19.6168 0.525329 0
    endloop
  endfacet
  facet normal -0.966003 -0.258531 0
    outer loop
      vertex 19.6168 0.525329 7.2
      vertex 19.6628 0.35345 0
      vertex 19.6628 0.35345 7.2
    endloop
  endfacet
  facet normal -0.933521 0.358522 0
    outer loop
      vertex 19.553 -0.691452 0
      vertex 19.6168 -0.525329 7.2
      vertex 19.6168 -0.525329 0
    endloop
  endfacet
  facet normal -0.933521 0.358522 0
    outer loop
      vertex 19.6168 -0.525329 7.2
      vertex 19.553 -0.691452 0
      vertex 19.553 -0.691452 7.2
    endloop
  endfacet
  facet normal 0.998633 0.0522645 0
    outer loop
      vertex 16.3093 -0.177698 7.2
      vertex 16.3 0 0
      vertex 16.3 0 7.2
    endloop
  endfacet
  facet normal 0.998633 0.0522645 0
    outer loop
      vertex 16.3 0 0
      vertex 16.3093 -0.177698 7.2
      vertex 16.3093 -0.177698 0
    endloop
  endfacet
  facet normal 0.707191 -0.707022 0
    outer loop
      vertex 16.7367 1.13752 7.2
      vertex 16.8625 1.26335 0
      vertex 16.8625 1.26335 7.2
    endloop
  endfacet
  facet normal 0.707191 -0.707022 0
    outer loop
      vertex 16.8625 1.26335 0
      vertex 16.7367 1.13752 7.2
      vertex 16.7367 1.13752 0
    endloop
  endfacet
  facet normal -0.544712 0.838623 0
    outer loop
      vertex 18.9992 -1.37533 0
      vertex 18.85 -1.47224 7.2
      vertex 18.9992 -1.37533 7.2
    endloop
  endfacet
  facet normal -0.544712 0.838623 0
    outer loop
      vertex 18.85 -1.47224 7.2
      vertex 18.9992 -1.37533 0
      vertex 18.85 -1.47224 0
    endloop
  endfacet
  facet normal 0.0523199 -0.99863 0
    outer loop
      vertex 17.8223 1.69069 0
      vertex 18 1.7 7.2
      vertex 17.8223 1.69069 7.2
    endloop
  endfacet
  facet normal 0.0523199 -0.99863 0
    outer loop
      vertex 18 1.7 7.2
      vertex 17.8223 1.69069 0
      vertex 18 1.7 0
    endloop
  endfacet
  facet normal 0.89097 0.454063 0
    outer loop
      vertex 16.5278 -0.849999 7.2
      vertex 16.447 -0.691452 0
      vertex 16.447 -0.691452 7.2
    endloop
  endfacet
  facet normal 0.89097 0.454063 0
    outer loop
      vertex 16.447 -0.691452 0
      vertex 16.5278 -0.849999 7.2
      vertex 16.5278 -0.849999 0
    endloop
  endfacet
  facet normal -0.0523199 -0.99863 0
    outer loop
      vertex 18 1.7 0
      vertex 18.1777 1.69069 7.2
      vertex 18 1.7 7.2
    endloop
  endfacet
  facet normal -0.0523199 -0.99863 -0
    outer loop
      vertex 18.1777 1.69069 7.2
      vertex 18 1.7 0
      vertex 18.1777 1.69069 0
    endloop
  endfacet
  facet normal -0.89097 0.454063 0
    outer loop
      vertex 19.4722 -0.849999 0
      vertex 19.553 -0.691452 7.2
      vertex 19.553 -0.691452 0
    endloop
  endfacet
  facet normal -0.89097 0.454063 0
    outer loop
      vertex 19.553 -0.691452 7.2
      vertex 19.4722 -0.849999 0
      vertex 19.4722 -0.849999 7.2
    endloop
  endfacet
  facet normal -0.629276 0.777182 0
    outer loop
      vertex 19.1375 -1.26335 0
      vertex 18.9992 -1.37533 7.2
      vertex 19.1375 -1.26335 7.2
    endloop
  endfacet
  facet normal -0.629276 0.777182 0
    outer loop
      vertex 18.9992 -1.37533 7.2
      vertex 19.1375 -1.26335 0
      vertex 18.9992 -1.37533 0
    endloop
  endfacet
  facet normal -0.838707 0.544582 0
    outer loop
      vertex 19.3753 -0.999234 0
      vertex 19.4722 -0.849999 7.2
      vertex 19.4722 -0.849999 0
    endloop
  endfacet
  facet normal -0.838707 0.544582 0
    outer loop
      vertex 19.4722 -0.849999 7.2
      vertex 19.3753 -0.999234 0
      vertex 19.3753 -0.999234 7.2
    endloop
  endfacet
  facet normal 0.544712 -0.838623 0
    outer loop
      vertex 17.0008 1.37533 0
      vertex 17.15 1.47224 7.2
      vertex 17.0008 1.37533 7.2
    endloop
  endfacet
  facet normal 0.544712 -0.838623 0
    outer loop
      vertex 17.15 1.47224 7.2
      vertex 17.0008 1.37533 0
      vertex 17.15 1.47224 0
    endloop
  endfacet
  facet normal 0.838707 0.544582 0
    outer loop
      vertex 16.6247 -0.999234 7.2
      vertex 16.5278 -0.849999 0
      vertex 16.5278 -0.849999 7.2
    endloop
  endfacet
  facet normal 0.838707 0.544582 0
    outer loop
      vertex 16.5278 -0.849999 0
      vertex 16.6247 -0.999234 7.2
      vertex 16.6247 -0.999234 0
    endloop
  endfacet
  facet normal 0.933521 -0.358522 0
    outer loop
      vertex 16.3832 0.525329 7.2
      vertex 16.447 0.691452 0
      vertex 16.447 0.691452 7.2
    endloop
  endfacet
  facet normal 0.933521 -0.358522 0
    outer loop
      vertex 16.447 0.691452 0
      vertex 16.3832 0.525329 7.2
      vertex 16.3832 0.525329 0
    endloop
  endfacet
  facet normal 0.998633 -0.0522645 0
    outer loop
      vertex 16.3 0 7.2
      vertex 16.3093 0.177698 0
      vertex 16.3093 0.177698 7.2
    endloop
  endfacet
  facet normal 0.998633 -0.0522645 0
    outer loop
      vertex 16.3093 0.177698 0
      vertex 16.3 0 7.2
      vertex 16.3 0 0
    endloop
  endfacet
  facet normal 0.454125 0.890938 -0
    outer loop
      vertex 17.3085 -1.55303 0
      vertex 17.15 -1.47224 7.2
      vertex 17.3085 -1.55303 7.2
    endloop
  endfacet
  facet normal 0.454125 0.890938 0
    outer loop
      vertex 17.15 -1.47224 7.2
      vertex 17.3085 -1.55303 0
      vertex 17.15 -1.47224 0
    endloop
  endfacet
  facet normal 0.707191 0.707022 0
    outer loop
      vertex 16.8625 -1.26335 7.2
      vertex 16.7367 -1.13752 0
      vertex 16.7367 -1.13752 7.2
    endloop
  endfacet
  facet normal 0.707191 0.707022 0
    outer loop
      vertex 16.7367 -1.13752 0
      vertex 16.8625 -1.26335 7.2
      vertex 16.8625 -1.26335 0
    endloop
  endfacet
  facet normal -0.156413 -0.987692 0
    outer loop
      vertex 18.1777 1.69069 0
      vertex 18.3535 1.66285 7.2
      vertex 18.1777 1.69069 7.2
    endloop
  endfacet
  facet normal -0.156413 -0.987692 -0
    outer loop
      vertex 18.3535 1.66285 7.2
      vertex 18.1777 1.69069 0
      vertex 18.3535 1.66285 0
    endloop
  endfacet
  facet normal 0.35823 0.933633 -0
    outer loop
      vertex 17.4747 -1.6168 0
      vertex 17.3085 -1.55303 7.2
      vertex 17.4747 -1.6168 7.2
    endloop
  endfacet
  facet normal 0.35823 0.933633 0
    outer loop
      vertex 17.3085 -1.55303 7.2
      vertex 17.4747 -1.6168 0
      vertex 17.3085 -1.55303 0
    endloop
  endfacet
  facet normal 0.706622 -0.0370316 0.706622
    outer loop
      vertex 7.04167 0.79513 2.76655
      vertex 7 0 2.76655
      vertex 8.5 0 1.26655
    endloop
  endfacet
  facet normal 0.706622 -0.0370365 0.706621
    outer loop
      vertex 7.04167 0.79513 2.76655
      vertex 8.55204 0.99302 1.26655
      vertex 7.06026 1.14981 2.76655
    endloop
  endfacet
  facet normal 0.706622 -0.0370311 0.706622
    outer loop
      vertex 8.55204 0.99302 1.26655
      vertex 7.04167 0.79513 2.76655
      vertex 8.5 0 1.26655
    endloop
  endfacet
  facet normal 0.706622 -0.0370311 -0.706621
    outer loop
      vertex 8.5 0 5.93345
      vertex 7.01859 0.354683 4.43345
      vertex 8.55204 0.99302 5.93345
    endloop
  endfacet
  facet normal 0.706622 -0.0370362 -0.706622
    outer loop
      vertex 7.01859 0.354683 4.43345
      vertex 8.5 0 5.93345
      vertex 7 0 4.43345
    endloop
  endfacet
  facet normal 0.706623 -0.0370318 -0.706621
    outer loop
      vertex 8.55204 0.99302 5.93345
      vertex 7.01859 0.354683 4.43345
      vertex 7.06026 1.14981 4.43345
    endloop
  endfacet
  facet normal -0.706616 0.0369765 -0.706631
    outer loop
      vertex 10.8335 0 3.6
      vertex 8.5 0 5.93345
      vertex 10.8727 0.749107 3.6
    endloop
  endfacet
  facet normal -0.706623 0.0370311 -0.706621
    outer loop
      vertex 10.8727 0.749107 3.6
      vertex 8.5 0 5.93345
      vertex 8.55204 0.99302 5.93345
    endloop
  endfacet
  facet normal -0.706614 0.0370307 0.706629
    outer loop
      vertex 8.55204 0.99302 1.26655
      vertex 8.5 0 1.26655
      vertex 10.8335 0 3.6
    endloop
  endfacet
  facet normal -0.706627 0.0369771 0.706619
    outer loop
      vertex 10.8727 0.749107 3.6
      vertex 8.55204 0.99302 1.26655
      vertex 10.8335 0 3.6
    endloop
  endfacet
  facet normal 0.69888 -0.110695 0.706621
    outer loop
      vertex 7.06026 1.14981 2.76655
      vertex 8.55204 0.99302 1.26655
      vertex 7.18482 1.93623 2.76655
    endloop
  endfacet
  facet normal 0.698881 -0.110689 0.706621
    outer loop
      vertex 7.18482 1.93623 2.76655
      vertex 8.7076 1.97516 1.26655
      vertex 7.24038 2.28703 2.76655
    endloop
  endfacet
  facet normal 0.69888 -0.110695 0.706621
    outer loop
      vertex 8.7076 1.97516 1.26655
      vertex 7.18482 1.93623 2.76655
      vertex 8.55204 0.99302 1.26655
    endloop
  endfacet
  facet normal 0.69888 -0.110695 -0.706622
    outer loop
      vertex 8.55204 0.99302 5.93345
      vertex 7.11582 1.50061 4.43345
      vertex 8.7076 1.97516 5.93345
    endloop
  endfacet
  facet normal 0.698881 -0.110689 -0.706621
    outer loop
      vertex 8.55204 0.99302 5.93345
      vertex 7.06026 1.14981 4.43345
      vertex 7.11582 1.50061 4.43345
    endloop
  endfacet
  facet normal 0.69888 -0.110695 -0.706622
    outer loop
      vertex 8.7076 1.97516 5.93345
      vertex 7.11582 1.50061 4.43345
      vertex 7.24038 2.28703 4.43345
    endloop
  endfacet
  facet normal -0.698874 0.11074 -0.706619
    outer loop
      vertex 10.8727 0.749107 3.6
      vertex 8.55204 0.99302 5.93345
      vertex 10.9901 1.49001 3.6
    endloop
  endfacet
  facet normal -0.698873 0.110694 -0.706628
    outer loop
      vertex 10.9901 1.49001 3.6
      vertex 8.55204 0.99302 5.93345
      vertex 8.7076 1.97516 5.93345
    endloop
  endfacet
  facet normal -0.69888 0.110695 0.706621
    outer loop
      vertex 8.7076 1.97516 1.26655
      vertex 8.55204 0.99302 1.26655
      vertex 10.8727 0.749107 3.6
    endloop
  endfacet
  facet normal -0.698865 0.110739 0.706629
    outer loop
      vertex 10.9901 1.49001 3.6
      vertex 8.7076 1.97516 1.26655
      vertex 10.8727 0.749107 3.6
    endloop
  endfacet
  facet normal 0.683482 -0.183132 0.706622
    outer loop
      vertex 7.44645 3.05612 2.76655
      vertex 7.24038 2.28703 2.76655
      vertex 8.7076 1.97516 1.26655
    endloop
  endfacet
  facet normal 0.683479 -0.183147 0.706621
    outer loop
      vertex 7.44645 3.05612 2.76655
      vertex 8.96496 2.93566 1.26655
      vertex 7.53838 3.39919 2.76655
    endloop
  endfacet
  facet normal 0.683481 -0.183135 0.706622
    outer loop
      vertex 8.96496 2.93566 1.26655
      vertex 7.44645 3.05612 2.76655
      vertex 8.7076 1.97516 1.26655
    endloop
  endfacet
  facet normal 0.683481 -0.183135 -0.706622
    outer loop
      vertex 8.7076 1.97516 5.93345
      vertex 7.3323 2.6301 4.43345
      vertex 8.96496 2.93566 5.93345
    endloop
  endfacet
  facet normal 0.683483 -0.183128 -0.706622
    outer loop
      vertex 7.3323 2.6301 4.43345
      vertex 8.7076 1.97516 5.93345
      vertex 7.24038 2.28703 4.43345
    endloop
  endfacet
  facet normal 0.683481 -0.183141 -0.706621
    outer loop
      vertex 8.96496 2.93566 5.93345
      vertex 7.3323 2.6301 4.43345
      vertex 7.53838 3.39919 4.43345
    endloop
  endfacet
  facet normal -0.683485 0.183094 -0.706629
    outer loop
      vertex 10.9901 1.49001 3.6
      vertex 8.7076 1.97516 5.93345
      vertex 11.1842 2.21458 3.6
    endloop
  endfacet
  facet normal -0.683482 0.183135 -0.706621
    outer loop
      vertex 11.1842 2.21458 3.6
      vertex 8.7076 1.97516 5.93345
      vertex 8.96496 2.93566 5.93345
    endloop
  endfacet
  facet normal -0.683476 0.183133 0.706628
    outer loop
      vertex 8.96496 2.93566 1.26655
      vertex 8.7076 1.97516 1.26655
      vertex 10.9901 1.49001 3.6
    endloop
  endfacet
  facet normal -0.683494 0.183096 0.70662
    outer loop
      vertex 11.1842 2.21458 3.6
      vertex 8.96496 2.93566 1.26655
      vertex 10.9901 1.49001 3.6
    endloop
  endfacet
  facet normal 0.660594 -0.25358 0.706621
    outer loop
      vertex 7.82372 4.14252 2.76655
      vertex 7.53838 3.39919 2.76655
      vertex 8.96496 2.93566 1.26655
    endloop
  endfacet
  facet normal 0.660595 -0.253575 0.706622
    outer loop
      vertex 7.82372 4.14252 2.76655
      vertex 9.32132 3.864 1.26655
      vertex 7.951 4.4741 2.76655
    endloop
  endfacet
  facet normal 0.660593 -0.253581 0.706621
    outer loop
      vertex 9.32132 3.864 1.26655
      vertex 7.82372 4.14252 2.76655
      vertex 8.96496 2.93566 1.26655
    endloop
  endfacet
  facet normal 0.660593 -0.25358 -0.706622
    outer loop
      vertex 8.96496 2.93566 5.93345
      vertex 7.66566 3.73077 4.43345
      vertex 9.32132 3.864 5.93345
    endloop
  endfacet
  facet normal 0.660595 -0.253575 -0.706621
    outer loop
      vertex 7.66566 3.73077 4.43345
      vertex 8.96496 2.93566 5.93345
      vertex 7.53838 3.39919 4.43345
    endloop
  endfacet
  facet normal 0.660593 -0.25358 -0.706622
    outer loop
      vertex 9.32132 3.864 5.93345
      vertex 7.66566 3.73077 4.43345
      vertex 7.951 4.4741 4.43345
    endloop
  endfacet
  facet normal -0.660602 0.253555 -0.706622
    outer loop
      vertex 11.1842 2.21458 3.6
      vertex 8.96496 2.93566 5.93345
      vertex 11.453 2.9149 3.6
    endloop
  endfacet
  facet normal -0.660597 0.253582 -0.706617
    outer loop
      vertex 11.453 2.9149 3.6
      vertex 8.96496 2.93566 5.93345
      vertex 9.32132 3.864 5.93345
    endloop
  endfacet
  facet normal -0.660593 0.25358 0.706622
    outer loop
      vertex 9.32132 3.864 1.26655
      vertex 8.96496 2.93566 1.26655
      vertex 11.1842 2.21458 3.6
    endloop
  endfacet
  facet normal -0.660607 0.253557 0.706617
    outer loop
      vertex 11.453 2.9149 3.6
      vertex 9.32132 3.864 1.26655
      vertex 11.1842 2.21458 3.6
    endloop
  endfacet
  facet normal 0.630468 -0.321241 0.706622
    outer loop
      vertex 7.951 4.4741 2.76655
      vertex 9.32132 3.864 1.26655
      vertex 8.31248 5.18354 2.76655
    endloop
  endfacet
  facet normal 0.630472 -0.321233 0.706622
    outer loop
      vertex 8.31248 5.18354 2.76655
      vertex 9.77276 4.75 1.26655
      vertex 8.47372 5.5 2.76655
    endloop
  endfacet
  facet normal 0.630469 -0.32124 0.706621
    outer loop
      vertex 9.77276 4.75 1.26655
      vertex 8.31248 5.18354 2.76655
      vertex 9.32132 3.864 1.26655
    endloop
  endfacet
  facet normal 0.630468 -0.32124 -0.706623
    outer loop
      vertex 9.32132 3.864 5.93345
      vertex 8.11224 4.79056 4.43345
      vertex 9.77276 4.75 5.93345
    endloop
  endfacet
  facet normal 0.630472 -0.321233 -0.706622
    outer loop
      vertex 7.951 4.4741 4.43345
      vertex 8.11224 4.79056 4.43345
      vertex 9.32132 3.864 5.93345
    endloop
  endfacet
  facet normal 0.630467 -0.321241 -0.706622
    outer loop
      vertex 9.77276 4.75 5.93345
      vertex 8.11224 4.79056 4.43345
      vertex 8.47372 5.5 4.43345
    endloop
  endfacet
  facet normal -0.630455 0.321279 -0.706616
    outer loop
      vertex 11.453 2.9149 3.6
      vertex 9.32132 3.864 5.93345
      vertex 11.7936 3.58327 3.6
    endloop
  endfacet
  facet normal -0.630467 0.321239 -0.706624
    outer loop
      vertex 11.7936 3.58327 3.6
      vertex 9.32132 3.864 5.93345
      vertex 9.77276 4.75 5.93345
    endloop
  endfacet
  facet normal -0.630472 0.321242 0.706617
    outer loop
      vertex 9.77276 4.75 1.26655
      vertex 9.32132 3.864 1.26655
      vertex 11.453 2.9149 3.6
    endloop
  endfacet
  facet normal -0.630447 0.321275 0.706625
    outer loop
      vertex 11.7936 3.58327 3.6
      vertex 9.77276 4.75 1.26655
      vertex 11.453 2.9149 3.6
    endloop
  endfacet
  facet normal 0.593438 -0.385379 0.706622
    outer loop
      vertex 8.47372 5.5 2.76655
      vertex 9.77276 4.75 1.26655
      vertex 8.90737 6.16777 2.76655
    endloop
  endfacet
  facet normal 0.593441 -0.385387 0.706615
    outer loop
      vertex 8.90737 6.16777 2.76655
      vertex 10.3143 5.58396 1.26655
      vertex 9.10081 6.46564 2.76655
    endloop
  endfacet
  facet normal 0.593453 -0.385364 0.706617
    outer loop
      vertex 10.3143 5.58396 1.26655
      vertex 8.90737 6.16777 2.76655
      vertex 9.77276 4.75 1.26655
    endloop
  endfacet
  facet normal 0.593451 -0.385363 -0.70662
    outer loop
      vertex 9.77276 4.75 5.93345
      vertex 8.66716 5.79787 4.43345
      vertex 10.3143 5.58396 5.93345
    endloop
  endfacet
  facet normal 0.593435 -0.385383 -0.706622
    outer loop
      vertex 8.66716 5.79787 4.43345
      vertex 9.77276 4.75 5.93345
      vertex 8.47372 5.5 4.43345
    endloop
  endfacet
  facet normal 0.593444 -0.385383 -0.706615
    outer loop
      vertex 10.3143 5.58396 5.93345
      vertex 8.66716 5.79787 4.43345
      vertex 9.10081 6.46564 4.43345
    endloop
  endfacet
  facet normal -0.593457 0.385343 -0.706625
    outer loop
      vertex 11.7936 3.58327 3.6
      vertex 9.77276 4.75 5.93345
      vertex 12.2021 4.21239 3.6
    endloop
  endfacet
  facet normal -0.59345 0.385362 -0.706621
    outer loop
      vertex 12.2021 4.21239 3.6
      vertex 9.77276 4.75 5.93345
      vertex 10.3143 5.58396 5.93345
    endloop
  endfacet
  facet normal -0.593447 0.38536 0.706624
    outer loop
      vertex 10.3143 5.58396 1.26655
      vertex 9.77276 4.75 1.26655
      vertex 11.7936 3.58327 3.6
    endloop
  endfacet
  facet normal -0.593461 0.385346 0.706621
    outer loop
      vertex 12.2021 4.21239 3.6
      vertex 10.3143 5.58396 1.26655
      vertex 11.7936 3.58327 3.6
    endloop
  endfacet
  facet normal 0.549906 -0.445307 0.706616
    outer loop
      vertex 9.10081 6.46564 2.76655
      vertex 10.3143 5.58396 1.26655
      vertex 9.60189 7.08442 2.76655
    endloop
  endfacet
  facet normal 0.549902 -0.445309 0.706617
    outer loop
      vertex 9.60189 7.08442 2.76655
      vertex 10.9401 6.35674 1.26655
      vertex 9.82541 7.36044 2.76655
    endloop
  endfacet
  facet normal 0.5499 -0.445311 0.706617
    outer loop
      vertex 10.9401 6.35674 1.26655
      vertex 9.60189 7.08442 2.76655
      vertex 10.3143 5.58396 1.26655
    endloop
  endfacet
  facet normal 0.549901 -0.445312 -0.706616
    outer loop
      vertex 10.3143 5.58396 5.93345
      vertex 9.32433 6.74166 4.43345
      vertex 10.9401 6.35674 5.93345
    endloop
  endfacet
  facet normal 0.549903 -0.44531 -0.706615
    outer loop
      vertex 9.32433 6.74166 4.43345
      vertex 10.3143 5.58396 5.93345
      vertex 9.10081 6.46564 4.43345
    endloop
  endfacet
  facet normal 0.549904 -0.445305 -0.706617
    outer loop
      vertex 10.9401 6.35674 5.93345
      vertex 9.32433 6.74166 4.43345
      vertex 9.82541 7.36044 4.43345
    endloop
  endfacet
  facet normal -0.549893 0.445313 -0.706622
    outer loop
      vertex 12.2021 4.21239 3.6
      vertex 10.3143 5.58396 5.93345
      vertex 12.6742 4.79536 3.6
    endloop
  endfacet
  facet normal -0.549896 0.445308 -0.706623
    outer loop
      vertex 12.6742 4.79536 3.6
      vertex 10.3143 5.58396 5.93345
      vertex 10.9401 6.35674 5.93345
    endloop
  endfacet
  facet normal -0.549897 0.445308 0.706622
    outer loop
      vertex 10.9401 6.35674 1.26655
      vertex 10.3143 5.58396 1.26655
      vertex 12.2021 4.21239 3.6
    endloop
  endfacet
  facet normal -0.549892 0.445313 0.706623
    outer loop
      vertex 12.6742 4.79536 3.6
      vertex 10.9401 6.35674 1.26655
      vertex 12.2021 4.21239 3.6
    endloop
  endfacet
  facet normal 0.500321 -0.500364 0.706622
    outer loop
      vertex 10.6396 8.17459 2.76655
      vertex 10.9401 6.35674 1.26655
      vertex 11.6433 7.05988 1.26655
    endloop
  endfacet
  facet normal 0.500333 -0.500358 0.706617
    outer loop
      vertex 10.9401 6.35674 1.26655
      vertex 10.6396 8.17459 2.76655
      vertex 9.82541 7.36044 2.76655
    endloop
  endfacet
  facet normal 0.500321 -0.500364 -0.706622
    outer loop
      vertex 10.9401 6.35674 5.93345
      vertex 10.6396 8.17459 4.43345
      vertex 11.6433 7.05988 5.93345
    endloop
  endfacet
  facet normal 0.500333 -0.500358 -0.706617
    outer loop
      vertex 10.6396 8.17459 4.43345
      vertex 10.9401 6.35674 5.93345
      vertex 9.82541 7.36044 4.43345
    endloop
  endfacet
  facet normal -0.500358 0.500339 -0.706613
    outer loop
      vertex 12.6742 4.79536 3.6
      vertex 11.6433 7.05988 5.93345
      vertex 13.2046 5.32578 3.6
    endloop
  endfacet
  facet normal -0.500321 0.500364 -0.706622
    outer loop
      vertex 11.6433 7.05988 5.93345
      vertex 12.6742 4.79536 3.6
      vertex 10.9401 6.35674 5.93345
    endloop
  endfacet
  facet normal -0.500358 0.500339 0.706613
    outer loop
      vertex 11.6433 7.05988 1.26655
      vertex 12.6742 4.79536 3.6
      vertex 13.2046 5.32578 3.6
    endloop
  endfacet
  facet normal -0.500321 0.500364 0.706622
    outer loop
      vertex 12.6742 4.79536 3.6
      vertex 11.6433 7.05988 1.26655
      vertex 10.9401 6.35674 1.26655
    endloop
  endfacet
  facet normal 0.445337 -0.549873 0.706622
    outer loop
      vertex 10.6396 8.17459 2.76655
      vertex 11.6433 7.05988 1.26655
      vertex 11.2583 8.67567 2.76655
    endloop
  endfacet
  facet normal 0.445233 -0.549968 0.706613
    outer loop
      vertex 11.2583 8.67567 2.76655
      vertex 12.416 7.68566 1.26655
      vertex 11.5344 8.89919 2.76655
    endloop
  endfacet
  facet normal 0.445325 -0.549878 0.706625
    outer loop
      vertex 12.416 7.68566 1.26655
      vertex 11.2583 8.67567 2.76655
      vertex 11.6433 7.05988 1.26655
    endloop
  endfacet
  facet normal 0.445328 -0.549881 -0.706622
    outer loop
      vertex 11.6433 7.05988 5.93345
      vertex 10.9156 8.39811 4.43345
      vertex 12.416 7.68566 5.93345
    endloop
  endfacet
  facet normal 0.445325 -0.549883 -0.706622
    outer loop
      vertex 10.9156 8.39811 4.43345
      vertex 11.6433 7.05988 5.93345
      vertex 10.6396 8.17459 4.43345
    endloop
  endfacet
  facet normal 0.445301 -0.549916 -0.706611
    outer loop
      vertex 12.416 7.68566 5.93345
      vertex 10.9156 8.39811 4.43345
      vertex 11.5344 8.89919 4.43345
    endloop
  endfacet
  facet normal -0.445293 0.549919 -0.706614
    outer loop
      vertex 13.2046 5.32578 3.6
      vertex 11.6433 7.05988 5.93345
      vertex 13.7876 5.79786 3.6
    endloop
  endfacet
  facet normal -0.445326 0.549879 -0.706624
    outer loop
      vertex 13.7876 5.79786 3.6
      vertex 11.6433 7.05988 5.93345
      vertex 12.416 7.68566 5.93345
    endloop
  endfacet
  facet normal -0.445331 0.549886 0.706616
    outer loop
      vertex 12.416 7.68566 1.26655
      vertex 11.6433 7.05988 1.26655
      vertex 13.2046 5.32578 3.6
    endloop
  endfacet
  facet normal -0.445286 0.54991 0.706625
    outer loop
      vertex 13.7876 5.79786 3.6
      vertex 12.416 7.68566 1.26655
      vertex 13.2046 5.32578 3.6
    endloop
  endfacet
  facet normal 0.385412 -0.593427 0.706613
    outer loop
      vertex 12.2021 9.33284 2.76655
      vertex 11.5344 8.89919 2.76655
      vertex 12.416 7.68566 1.26655
    endloop
  endfacet
  facet normal 0.385355 -0.593452 0.706623
    outer loop
      vertex 12.2021 9.33284 2.76655
      vertex 13.25 8.22724 1.26655
      vertex 12.5 9.52628 2.76655
    endloop
  endfacet
  facet normal 0.385368 -0.593442 0.706624
    outer loop
      vertex 13.25 8.22724 1.26655
      vertex 12.2021 9.33284 2.76655
      vertex 12.416 7.68566 1.26655
    endloop
  endfacet
  facet normal 0.385368 -0.593443 -0.706623
    outer loop
      vertex 12.416 7.68566 5.93345
      vertex 11.8322 9.09263 4.43345
      vertex 13.25 8.22724 5.93345
    endloop
  endfacet
  facet normal 0.385451 -0.5934 -0.706615
    outer loop
      vertex 11.8322 9.09263 4.43345
      vertex 12.416 7.68566 5.93345
      vertex 11.5344 8.89919 4.43345
    endloop
  endfacet
  facet normal 0.385366 -0.593445 -0.706623
    outer loop
      vertex 13.25 8.22724 5.93345
      vertex 11.8322 9.09263 4.43345
      vertex 12.5 9.52628 4.43345
    endloop
  endfacet
  facet normal -0.385386 0.593431 -0.706625
    outer loop
      vertex 13.7876 5.79786 3.6
      vertex 12.416 7.68566 5.93345
      vertex 14.4167 6.20641 3.6
    endloop
  endfacet
  facet normal -0.38537 0.593446 -0.70662
    outer loop
      vertex 14.4167 6.20641 3.6
      vertex 12.416 7.68566 5.93345
      vertex 13.25 8.22724 5.93345
    endloop
  endfacet
  facet normal -0.385368 0.593443 0.706624
    outer loop
      vertex 13.25 8.22724 1.26655
      vertex 12.416 7.68566 1.26655
      vertex 13.7876 5.79786 3.6
    endloop
  endfacet
  facet normal -0.385388 0.593434 0.70662
    outer loop
      vertex 14.4167 6.20641 3.6
      vertex 13.25 8.22724 1.26655
      vertex 13.7876 5.79786 3.6
    endloop
  endfacet
  facet normal 0.321255 -0.63046 0.706623
    outer loop
      vertex 13.2094 9.88776 2.76655
      vertex 12.5 9.52628 2.76655
      vertex 13.25 8.22724 1.26655
    endloop
  endfacet
  facet normal 0.3212 -0.630488 0.706623
    outer loop
      vertex 13.2094 9.88776 2.76655
      vertex 14.136 8.67868 1.26655
      vertex 13.5259 10.049 2.76655
    endloop
  endfacet
  facet normal 0.321238 -0.630464 0.706627
    outer loop
      vertex 14.136 8.67868 1.26655
      vertex 13.2094 9.88776 2.76655
      vertex 13.25 8.22724 1.26655
    endloop
  endfacet
  facet normal 0.321242 -0.630473 -0.706617
    outer loop
      vertex 13.25 8.22724 5.93345
      vertex 12.8165 9.68752 4.43345
      vertex 14.136 8.67868 5.93345
    endloop
  endfacet
  facet normal 0.321201 -0.630489 -0.706621
    outer loop
      vertex 12.8165 9.68752 4.43345
      vertex 13.25 8.22724 5.93345
      vertex 12.5 9.52628 4.43345
    endloop
  endfacet
  facet normal 0.321256 -0.630461 -0.706621
    outer loop
      vertex 14.136 8.67868 5.93345
      vertex 12.8165 9.68752 4.43345
      vertex 13.5259 10.049 4.43345
    endloop
  endfacet
  facet normal -0.321235 0.630473 -0.70662
    outer loop
      vertex 14.4167 6.20641 3.6
      vertex 13.25 8.22724 5.93345
      vertex 15.0851 6.54697 3.6
    endloop
  endfacet
  facet normal -0.32124 0.630469 -0.706621
    outer loop
      vertex 15.0851 6.54697 3.6
      vertex 13.25 8.22724 5.93345
      vertex 14.136 8.67868 5.93345
    endloop
  endfacet
  facet normal -0.321241 0.63047 0.70662
    outer loop
      vertex 14.136 8.67868 1.26655
      vertex 13.25 8.22724 1.26655
      vertex 14.4167 6.20641 3.6
    endloop
  endfacet
  facet normal -0.321235 0.630471 0.706622
    outer loop
      vertex 15.0851 6.54697 3.6
      vertex 14.136 8.67868 1.26655
      vertex 14.4167 6.20641 3.6
    endloop
  endfacet
  facet normal 0.253558 -0.660602 0.706621
    outer loop
      vertex 14.2692 10.3343 2.76655
      vertex 13.5259 10.049 2.76655
      vertex 14.136 8.67868 1.26655
    endloop
  endfacet
  facet normal 0.2536 -0.660594 0.706614
    outer loop
      vertex 14.2692 10.3343 2.76655
      vertex 15.0643 9.03504 1.26655
      vertex 14.6008 10.4616 2.76655
    endloop
  endfacet
  facet normal 0.253593 -0.660597 0.706613
    outer loop
      vertex 15.0643 9.03504 1.26655
      vertex 14.2692 10.3343 2.76655
      vertex 14.136 8.67868 1.26655
    endloop
  endfacet
  facet normal 0.253589 -0.660588 -0.706623
    outer loop
      vertex 14.136 8.67868 5.93345
      vertex 13.8575 10.1763 4.43345
      vertex 15.0643 9.03504 5.93345
    endloop
  endfacet
  facet normal 0.253596 -0.660586 -0.706622
    outer loop
      vertex 13.8575 10.1763 4.43345
      vertex 14.136 8.67868 5.93345
      vertex 13.5259 10.049 4.43345
    endloop
  endfacet
  facet normal 0.25356 -0.660608 -0.706615
    outer loop
      vertex 15.0643 9.03504 5.93345
      vertex 13.8575 10.1763 4.43345
      vertex 14.6008 10.4616 4.43345
    endloop
  endfacet
  facet normal -0.253578 0.660594 -0.706621
    outer loop
      vertex 15.0851 6.54697 3.6
      vertex 14.136 8.67868 5.93345
      vertex 15.7854 6.81579 3.6
    endloop
  endfacet
  facet normal -0.253589 0.660587 -0.706624
    outer loop
      vertex 15.7854 6.81579 3.6
      vertex 14.136 8.67868 5.93345
      vertex 15.0643 9.03504 5.93345
    endloop
  endfacet
  facet normal -0.25359 0.660589 0.706622
    outer loop
      vertex 15.0643 9.03504 1.26655
      vertex 14.136 8.67868 1.26655
      vertex 15.0851 6.54697 3.6
    endloop
  endfacet
  facet normal -0.253577 0.660591 0.706624
    outer loop
      vertex 15.7854 6.81579 3.6
      vertex 15.0643 9.03504 1.26655
      vertex 15.0851 6.54697 3.6
    endloop
  endfacet
  facet normal 0.183157 -0.683483 0.706615
    outer loop
      vertex 14.6008 10.4616 2.76655
      vertex 15.0643 9.03504 1.26655
      vertex 15.3699 10.6677 2.76655
    endloop
  endfacet
  facet normal 0.183078 -0.683505 0.706614
    outer loop
      vertex 15.3699 10.6677 2.76655
      vertex 16.0248 9.2924 1.26655
      vertex 15.713 10.7596 2.76655
    endloop
  endfacet
  facet normal 0.183135 -0.683483 0.70662
    outer loop
      vertex 16.0248 9.2924 1.26655
      vertex 15.3699 10.6677 2.76655
      vertex 15.0643 9.03504 1.26655
    endloop
  endfacet
  facet normal 0.183138 -0.683496 -0.706607
    outer loop
      vertex 15.0643 9.03504 5.93345
      vertex 14.9439 10.5535 4.43345
      vertex 16.0248 9.2924 5.93345
    endloop
  endfacet
  facet normal 0.183078 -0.683506 -0.706613
    outer loop
      vertex 15.0643 9.03504 5.93345
      vertex 14.6008 10.4616 4.43345
      vertex 14.9439 10.5535 4.43345
    endloop
  endfacet
  facet normal 0.183157 -0.683486 -0.706612
    outer loop
      vertex 16.0248 9.2924 5.93345
      vertex 14.9439 10.5535 4.43345
      vertex 15.713 10.7596 4.43345
    endloop
  endfacet
  facet normal -0.183132 0.68348 -0.706624
    outer loop
      vertex 15.7854 6.81579 3.6
      vertex 15.0643 9.03504 5.93345
      vertex 16.51 7.00994 3.6
    endloop
  endfacet
  facet normal -0.183134 0.68348 -0.706624
    outer loop
      vertex 16.51 7.00994 3.6
      vertex 15.0643 9.03504 5.93345
      vertex 16.0248 9.2924 5.93345
    endloop
  endfacet
  facet normal -0.183134 0.68348 0.706624
    outer loop
      vertex 16.0248 9.2924 1.26655
      vertex 15.0643 9.03504 1.26655
      vertex 15.7854 6.81579 3.6
    endloop
  endfacet
  facet normal -0.183132 0.68348 0.706624
    outer loop
      vertex 16.0248 9.2924 1.26655
      vertex 15.7854 6.81579 3.6
      vertex 16.51 7.00994 3.6
    endloop
  endfacet
  facet normal 0.110733 -0.69888 0.706615
    outer loop
      vertex 15.713 10.7596 2.76655
      vertex 16.0248 9.2924 1.26655
      vertex 16.4994 10.8842 2.76655
    endloop
  endfacet
  facet normal 0.110574 -0.698905 0.706615
    outer loop
      vertex 16.4994 10.8842 2.76655
      vertex 17.007 9.44796 1.26655
      vertex 16.8502 10.9397 2.76655
    endloop
  endfacet
  facet normal 0.110687 -0.698876 0.706626
    outer loop
      vertex 17.007 9.44796 1.26655
      vertex 16.4994 10.8842 2.76655
      vertex 16.0248 9.2924 1.26655
    endloop
  endfacet
  facet normal 0.110688 -0.698879 -0.706624
    outer loop
      vertex 16.0248 9.2924 5.93345
      vertex 16.0638 10.8152 4.43345
      vertex 17.007 9.44796 5.93345
    endloop
  endfacet
  facet normal 0.110768 -0.698873 -0.706616
    outer loop
      vertex 16.0638 10.8152 4.43345
      vertex 16.0248 9.2924 5.93345
      vertex 15.713 10.7596 4.43345
    endloop
  endfacet
  facet normal 0.110647 -0.698896 -0.706613
    outer loop
      vertex 17.007 9.44796 5.93345
      vertex 16.0638 10.8152 4.43345
      vertex 16.8502 10.9397 4.43345
    endloop
  endfacet
  facet normal -0.110694 0.698878 -0.706623
    outer loop
      vertex 16.51 7.00994 3.6
      vertex 16.0248 9.2924 5.93345
      vertex 17.2509 7.12729 3.6
    endloop
  endfacet
  facet normal -0.110688 0.69888 -0.706622
    outer loop
      vertex 17.2509 7.12729 3.6
      vertex 16.0248 9.2924 5.93345
      vertex 17.007 9.44796 5.93345
    endloop
  endfacet
  facet normal -0.110688 0.698879 0.706623
    outer loop
      vertex 17.007 9.44796 1.26655
      vertex 16.0248 9.2924 1.26655
      vertex 16.51 7.00994 3.6
    endloop
  endfacet
  facet normal -0.110694 0.698879 0.706622
    outer loop
      vertex 17.007 9.44796 1.26655
      vertex 16.51 7.00994 3.6
      vertex 17.2509 7.12729 3.6
    endloop
  endfacet
  facet normal 0.0370601 -0.70663 0.706612
    outer loop
      vertex 17.6453 10.9814 2.76655
      vertex 16.8502 10.9397 2.76655
      vertex 17.007 9.44796 1.26655
    endloop
  endfacet
  facet normal 0.037032 -0.706624 0.706619
    outer loop
      vertex 18 9.5 1.26655
      vertex 17.6453 10.9814 2.76655
      vertex 17.007 9.44796 1.26655
    endloop
  endfacet
  facet normal 0.0370543 -0.706621 0.706621
    outer loop
      vertex 17.6453 10.9814 2.76655
      vertex 18 9.5 1.26655
      vertex 18 11 2.76655
    endloop
  endfacet
  facet normal 0.0370547 -0.70663 -0.706612
    outer loop
      vertex 17.2049 10.9583 4.43345
      vertex 17.007 9.44796 5.93345
      vertex 16.8502 10.9397 4.43345
    endloop
  endfacet
  facet normal 0.0370322 -0.706629 -0.706614
    outer loop
      vertex 17.007 9.44796 5.93345
      vertex 17.2049 10.9583 4.43345
      vertex 18 9.5 5.93345
    endloop
  endfacet
  facet normal 0.0370596 -0.706621 -0.706621
    outer loop
      vertex 18 9.5 5.93345
      vertex 17.2049 10.9583 4.43345
      vertex 18 11 4.43345
    endloop
  endfacet
  facet normal -0.0370337 0.706621 -0.706622
    outer loop
      vertex 17.2509 7.12729 3.6
      vertex 17.007 9.44796 5.93345
      vertex 18 7.16655 3.6
    endloop
  endfacet
  facet normal -0.0370318 0.706622 -0.706622
    outer loop
      vertex 18 7.16655 3.6
      vertex 17.007 9.44796 5.93345
      vertex 18 9.5 5.93345
    endloop
  endfacet
  facet normal -0.0370318 0.706621 0.706622
    outer loop
      vertex 18 9.5 1.26655
      vertex 17.007 9.44796 1.26655
      vertex 17.2509 7.12729 3.6
    endloop
  endfacet
  facet normal -0.0370337 0.706622 0.706622
    outer loop
      vertex 18 9.5 1.26655
      vertex 17.2509 7.12729 3.6
      vertex 18 7.16655 3.6
    endloop
  endfacet
  facet normal -0.0370596 -0.706621 0.706621
    outer loop
      vertex 18 11 2.76655
      vertex 18 9.5 1.26655
      vertex 18.7951 10.9583 2.76655
    endloop
  endfacet
  facet normal -0.0370322 -0.706629 0.706614
    outer loop
      vertex 18.993 9.44796 1.26655
      vertex 18.7951 10.9583 2.76655
      vertex 18 9.5 1.26655
    endloop
  endfacet
  facet normal -0.0370547 -0.70663 0.706612
    outer loop
      vertex 18.7951 10.9583 2.76655
      vertex 18.993 9.44796 1.26655
      vertex 19.1498 10.9397 2.76655
    endloop
  endfacet
  facet normal -0.0370543 -0.706621 -0.706621
    outer loop
      vertex 18.3547 10.9814 4.43345
      vertex 18 9.5 5.93345
      vertex 18 11 4.43345
    endloop
  endfacet
  facet normal -0.037032 -0.706624 -0.706619
    outer loop
      vertex 18 9.5 5.93345
      vertex 18.3547 10.9814 4.43345
      vertex 18.993 9.44796 5.93345
    endloop
  endfacet
  facet normal -0.0370601 -0.70663 -0.706612
    outer loop
      vertex 18.993 9.44796 5.93345
      vertex 18.3547 10.9814 4.43345
      vertex 19.1498 10.9397 4.43345
    endloop
  endfacet
  facet normal 0.0370337 0.706622 -0.706622
    outer loop
      vertex 18.7491 7.12729 3.6
      vertex 18 7.16655 3.6
      vertex 18 9.5 5.93345
    endloop
  endfacet
  facet normal 0.0370318 0.706621 -0.706622
    outer loop
      vertex 18.7491 7.12729 3.6
      vertex 18 9.5 5.93345
      vertex 18.993 9.44796 5.93345
    endloop
  endfacet
  facet normal 0.0370318 0.706622 0.706622
    outer loop
      vertex 18 9.5 1.26655
      vertex 18 7.16655 3.6
      vertex 18.993 9.44796 1.26655
    endloop
  endfacet
  facet normal 0.0370337 0.706621 0.706622
    outer loop
      vertex 18.993 9.44796 1.26655
      vertex 18 7.16655 3.6
      vertex 18.7491 7.12729 3.6
    endloop
  endfacet
  facet normal -0.110647 -0.698896 0.706613
    outer loop
      vertex 19.1498 10.9397 2.76655
      vertex 18.993 9.44796 1.26655
      vertex 19.9362 10.8152 2.76655
    endloop
  endfacet
  facet normal -0.110768 -0.698873 0.706616
    outer loop
      vertex 19.9362 10.8152 2.76655
      vertex 19.9752 9.2924 1.26655
      vertex 20.287 10.7596 2.76655
    endloop
  endfacet
  facet normal -0.110688 -0.698879 0.706624
    outer loop
      vertex 19.9752 9.2924 1.26655
      vertex 19.9362 10.8152 2.76655
      vertex 18.993 9.44796 1.26655
    endloop
  endfacet
  facet normal -0.110687 -0.698876 -0.706626
    outer loop
      vertex 18.993 9.44796 5.93345
      vertex 19.5006 10.8842 4.43345
      vertex 19.9752 9.2924 5.93345
    endloop
  endfacet
  facet normal -0.110574 -0.698905 -0.706615
    outer loop
      vertex 19.5006 10.8842 4.43345
      vertex 18.993 9.44796 5.93345
      vertex 19.1498 10.9397 4.43345
    endloop
  endfacet
  facet normal -0.110733 -0.69888 -0.706615
    outer loop
      vertex 19.9752 9.2924 5.93345
      vertex 19.5006 10.8842 4.43345
      vertex 20.287 10.7596 4.43345
    endloop
  endfacet
  facet normal 0.110694 0.698879 -0.706622
    outer loop
      vertex 19.49 7.00994 3.6
      vertex 18.7491 7.12729 3.6
      vertex 18.993 9.44796 5.93345
    endloop
  endfacet
  facet normal 0.110688 0.698879 -0.706623
    outer loop
      vertex 19.49 7.00994 3.6
      vertex 18.993 9.44796 5.93345
      vertex 19.9752 9.2924 5.93345
    endloop
  endfacet
  facet normal 0.110688 0.69888 0.706622
    outer loop
      vertex 18.993 9.44796 1.26655
      vertex 18.7491 7.12729 3.6
      vertex 19.9752 9.2924 1.26655
    endloop
  endfacet
  facet normal 0.110694 0.698878 0.706623
    outer loop
      vertex 19.9752 9.2924 1.26655
      vertex 18.7491 7.12729 3.6
      vertex 19.49 7.00994 3.6
    endloop
  endfacet
  facet normal -0.183157 -0.683486 0.706612
    outer loop
      vertex 20.287 10.7596 2.76655
      vertex 19.9752 9.2924 1.26655
      vertex 21.0561 10.5535 2.76655
    endloop
  endfacet
  facet normal -0.183078 -0.683506 0.706613
    outer loop
      vertex 21.0561 10.5535 2.76655
      vertex 20.9357 9.03504 1.26655
      vertex 21.3992 10.4616 2.76655
    endloop
  endfacet
  facet normal -0.183138 -0.683496 0.706607
    outer loop
      vertex 20.9357 9.03504 1.26655
      vertex 21.0561 10.5535 2.76655
      vertex 19.9752 9.2924 1.26655
    endloop
  endfacet
  facet normal -0.183135 -0.683483 -0.70662
    outer loop
      vertex 19.9752 9.2924 5.93345
      vertex 20.6301 10.6677 4.43345
      vertex 20.9357 9.03504 5.93345
    endloop
  endfacet
  facet normal -0.183078 -0.683505 -0.706614
    outer loop
      vertex 20.6301 10.6677 4.43345
      vertex 19.9752 9.2924 5.93345
      vertex 20.287 10.7596 4.43345
    endloop
  endfacet
  facet normal -0.183157 -0.683483 -0.706615
    outer loop
      vertex 21.3992 10.4616 4.43345
      vertex 20.9357 9.03504 5.93345
      vertex 20.6301 10.6677 4.43345
    endloop
  endfacet
  facet normal 0.183132 0.68348 -0.706624
    outer loop
      vertex 20.2146 6.81579 3.6
      vertex 19.49 7.00994 3.6
      vertex 19.9752 9.2924 5.93345
    endloop
  endfacet
  facet normal 0.183134 0.68348 -0.706624
    outer loop
      vertex 20.2146 6.81579 3.6
      vertex 19.9752 9.2924 5.93345
      vertex 20.9357 9.03504 5.93345
    endloop
  endfacet
  facet normal 0.183134 0.68348 0.706624
    outer loop
      vertex 19.9752 9.2924 1.26655
      vertex 19.49 7.00994 3.6
      vertex 20.9357 9.03504 1.26655
    endloop
  endfacet
  facet normal 0.183132 0.68348 0.706624
    outer loop
      vertex 20.9357 9.03504 1.26655
      vertex 19.49 7.00994 3.6
      vertex 20.2146 6.81579 3.6
    endloop
  endfacet
  facet normal -0.25356 -0.660608 0.706615
    outer loop
      vertex 21.3992 10.4616 2.76655
      vertex 20.9357 9.03504 1.26655
      vertex 22.1425 10.1763 2.76655
    endloop
  endfacet
  facet normal -0.253596 -0.660586 0.706622
    outer loop
      vertex 22.1425 10.1763 2.76655
      vertex 21.864 8.67868 1.26655
      vertex 22.4741 10.049 2.76655
    endloop
  endfacet
  facet normal -0.253589 -0.660588 0.706623
    outer loop
      vertex 21.864 8.67868 1.26655
      vertex 22.1425 10.1763 2.76655
      vertex 20.9357 9.03504 1.26655
    endloop
  endfacet
  facet normal -0.253593 -0.660597 -0.706613
    outer loop
      vertex 20.9357 9.03504 5.93345
      vertex 21.7308 10.3343 4.43345
      vertex 21.864 8.67868 5.93345
    endloop
  endfacet
  facet normal -0.2536 -0.660594 -0.706614
    outer loop
      vertex 21.7308 10.3343 4.43345
      vertex 20.9357 9.03504 5.93345
      vertex 21.3992 10.4616 4.43345
    endloop
  endfacet
  facet normal -0.253558 -0.660602 -0.706621
    outer loop
      vertex 21.864 8.67868 5.93345
      vertex 21.7308 10.3343 4.43345
      vertex 22.4741 10.049 4.43345
    endloop
  endfacet
  facet normal 0.253577 0.660591 -0.706624
    outer loop
      vertex 20.9149 6.54697 3.6
      vertex 20.2146 6.81579 3.6
      vertex 20.9357 9.03504 5.93345
    endloop
  endfacet
  facet normal 0.25359 0.660589 -0.706622
    outer loop
      vertex 21.864 8.67868 5.93345
      vertex 20.9149 6.54697 3.6
      vertex 20.9357 9.03504 5.93345
    endloop
  endfacet
  facet normal 0.253589 0.660587 0.706624
    outer loop
      vertex 20.9357 9.03504 1.26655
      vertex 20.2146 6.81579 3.6
      vertex 21.864 8.67868 1.26655
    endloop
  endfacet
  facet normal 0.253578 0.660594 0.706621
    outer loop
      vertex 21.864 8.67868 1.26655
      vertex 20.2146 6.81579 3.6
      vertex 20.9149 6.54697 3.6
    endloop
  endfacet
  facet normal -0.321256 -0.630461 0.706621
    outer loop
      vertex 23.1835 9.68752 2.76655
      vertex 22.4741 10.049 2.76655
      vertex 21.864 8.67868 1.26655
    endloop
  endfacet
  facet normal -0.321201 -0.630489 0.706621
    outer loop
      vertex 23.1835 9.68752 2.76655
      vertex 22.75 8.22724 1.26655
      vertex 23.5 9.52628 2.76655
    endloop
  endfacet
  facet normal -0.321242 -0.630473 0.706617
    outer loop
      vertex 22.75 8.22724 1.26655
      vertex 23.1835 9.68752 2.76655
      vertex 21.864 8.67868 1.26655
    endloop
  endfacet
  facet normal -0.321238 -0.630464 -0.706627
    outer loop
      vertex 21.864 8.67868 5.93345
      vertex 22.7906 9.88776 4.43345
      vertex 22.75 8.22724 5.93345
    endloop
  endfacet
  facet normal -0.3212 -0.630488 -0.706623
    outer loop
      vertex 22.7906 9.88776 4.43345
      vertex 21.864 8.67868 5.93345
      vertex 22.4741 10.049 4.43345
    endloop
  endfacet
  facet normal -0.321255 -0.63046 -0.706623
    outer loop
      vertex 23.5 9.52628 4.43345
      vertex 22.75 8.22724 5.93345
      vertex 22.7906 9.88776 4.43345
    endloop
  endfacet
  facet normal 0.321235 0.630471 -0.706622
    outer loop
      vertex 21.5833 6.20641 3.6
      vertex 20.9149 6.54697 3.6
      vertex 21.864 8.67868 5.93345
    endloop
  endfacet
  facet normal 0.321241 0.63047 -0.70662
    outer loop
      vertex 22.75 8.22724 5.93345
      vertex 21.5833 6.20641 3.6
      vertex 21.864 8.67868 5.93345
    endloop
  endfacet
  facet normal 0.32124 0.630469 0.706621
    outer loop
      vertex 21.864 8.67868 1.26655
      vertex 20.9149 6.54697 3.6
      vertex 22.75 8.22724 1.26655
    endloop
  endfacet
  facet normal 0.321235 0.630473 0.70662
    outer loop
      vertex 22.75 8.22724 1.26655
      vertex 20.9149 6.54697 3.6
      vertex 21.5833 6.20641 3.6
    endloop
  endfacet
  facet normal -0.385366 -0.593445 0.706623
    outer loop
      vertex 23.5 9.52628 2.76655
      vertex 22.75 8.22724 1.26655
      vertex 24.1678 9.09263 2.76655
    endloop
  endfacet
  facet normal -0.385451 -0.5934 0.706615
    outer loop
      vertex 24.1678 9.09263 2.76655
      vertex 23.584 7.68566 1.26655
      vertex 24.4656 8.89919 2.76655
    endloop
  endfacet
  facet normal -0.385368 -0.593443 0.706623
    outer loop
      vertex 23.584 7.68566 1.26655
      vertex 24.1678 9.09263 2.76655
      vertex 22.75 8.22724 1.26655
    endloop
  endfacet
  facet normal -0.385368 -0.593442 -0.706624
    outer loop
      vertex 22.75 8.22724 5.93345
      vertex 23.7979 9.33284 4.43345
      vertex 23.584 7.68566 5.93345
    endloop
  endfacet
  facet normal -0.385355 -0.593452 -0.706623
    outer loop
      vertex 23.7979 9.33284 4.43345
      vertex 22.75 8.22724 5.93345
      vertex 23.5 9.52628 4.43345
    endloop
  endfacet
  facet normal -0.385412 -0.593427 -0.706613
    outer loop
      vertex 24.4656 8.89919 4.43345
      vertex 23.584 7.68566 5.93345
      vertex 23.7979 9.33284 4.43345
    endloop
  endfacet
  facet normal 0.385388 0.593434 -0.70662
    outer loop
      vertex 22.2124 5.79786 3.6
      vertex 21.5833 6.20641 3.6
      vertex 22.75 8.22724 5.93345
    endloop
  endfacet
  facet normal 0.385368 0.593443 -0.706624
    outer loop
      vertex 23.584 7.68566 5.93345
      vertex 22.2124 5.79786 3.6
      vertex 22.75 8.22724 5.93345
    endloop
  endfacet
  facet normal 0.38537 0.593446 0.70662
    outer loop
      vertex 22.75 8.22724 1.26655
      vertex 21.5833 6.20641 3.6
      vertex 23.584 7.68566 1.26655
    endloop
  endfacet
  facet normal 0.385386 0.593431 0.706625
    outer loop
      vertex 23.584 7.68566 1.26655
      vertex 21.5833 6.20641 3.6
      vertex 22.2124 5.79786 3.6
    endloop
  endfacet
  facet normal -0.445301 -0.549916 0.706611
    outer loop
      vertex 24.4656 8.89919 2.76655
      vertex 23.584 7.68566 1.26655
      vertex 25.0844 8.39811 2.76655
    endloop
  endfacet
  facet normal -0.445325 -0.549883 0.706622
    outer loop
      vertex 25.0844 8.39811 2.76655
      vertex 24.3567 7.05988 1.26655
      vertex 25.3604 8.17459 2.76655
    endloop
  endfacet
  facet normal -0.445328 -0.549881 0.706622
    outer loop
      vertex 24.3567 7.05988 1.26655
      vertex 25.0844 8.39811 2.76655
      vertex 23.584 7.68566 1.26655
    endloop
  endfacet
  facet normal -0.445325 -0.549878 -0.706625
    outer loop
      vertex 23.584 7.68566 5.93345
      vertex 24.7417 8.67567 4.43345
      vertex 24.3567 7.05988 5.93345
    endloop
  endfacet
  facet normal -0.445233 -0.549968 -0.706613
    outer loop
      vertex 24.7417 8.67567 4.43345
      vertex 23.584 7.68566 5.93345
      vertex 24.4656 8.89919 4.43345
    endloop
  endfacet
  facet normal -0.445337 -0.549873 -0.706622
    outer loop
      vertex 25.3604 8.17459 4.43345
      vertex 24.3567 7.05988 5.93345
      vertex 24.7417 8.67567 4.43345
    endloop
  endfacet
  facet normal 0.445286 0.54991 -0.706625
    outer loop
      vertex 22.7954 5.32578 3.6
      vertex 22.2124 5.79786 3.6
      vertex 23.584 7.68566 5.93345
    endloop
  endfacet
  facet normal 0.445331 0.549886 -0.706616
    outer loop
      vertex 24.3567 7.05988 5.93345
      vertex 22.7954 5.32578 3.6
      vertex 23.584 7.68566 5.93345
    endloop
  endfacet
  facet normal 0.445326 0.549879 0.706624
    outer loop
      vertex 23.584 7.68566 1.26655
      vertex 22.2124 5.79786 3.6
      vertex 24.3567 7.05988 1.26655
    endloop
  endfacet
  facet normal 0.445293 0.549919 0.706614
    outer loop
      vertex 24.3567 7.05988 1.26655
      vertex 22.2124 5.79786 3.6
      vertex 22.7954 5.32578 3.6
    endloop
  endfacet
  facet normal -0.500329 -0.50036 0.706619
    outer loop
      vertex 25.3604 8.17459 2.76655
      vertex 25.0599 6.35674 1.26655
      vertex 26.1746 7.36044 2.76655
    endloop
  endfacet
  facet normal -0.500321 -0.500364 0.706622
    outer loop
      vertex 25.0599 6.35674 1.26655
      vertex 25.3604 8.17459 2.76655
      vertex 24.3567 7.05988 1.26655
    endloop
  endfacet
  facet normal -0.500329 -0.50036 -0.706619
    outer loop
      vertex 25.0599 6.35674 5.93345
      vertex 25.3604 8.17459 4.43345
      vertex 26.1746 7.36044 4.43345
    endloop
  endfacet
  facet normal -0.500321 -0.500364 -0.706622
    outer loop
      vertex 25.3604 8.17459 4.43345
      vertex 25.0599 6.35674 5.93345
      vertex 24.3567 7.05988 5.93345
    endloop
  endfacet
  facet normal 0.500321 0.500364 -0.706622
    outer loop
      vertex 23.3258 4.79536 3.6
      vertex 24.3567 7.05988 5.93345
      vertex 25.0599 6.35674 5.93345
    endloop
  endfacet
  facet normal 0.500358 0.500339 -0.706613
    outer loop
      vertex 24.3567 7.05988 5.93345
      vertex 23.3258 4.79536 3.6
      vertex 22.7954 5.32578 3.6
    endloop
  endfacet
  facet normal 0.500321 0.500364 0.706622
    outer loop
      vertex 24.3567 7.05988 1.26655
      vertex 23.3258 4.79536 3.6
      vertex 25.0599 6.35674 1.26655
    endloop
  endfacet
  facet normal 0.500358 0.500339 0.706613
    outer loop
      vertex 23.3258 4.79536 3.6
      vertex 24.3567 7.05988 1.26655
      vertex 22.7954 5.32578 3.6
    endloop
  endfacet
  facet normal -0.549894 -0.445315 0.70662
    outer loop
      vertex 26.1746 7.36044 2.76655
      vertex 25.0599 6.35674 1.26655
      vertex 26.6757 6.74166 2.76655
    endloop
  endfacet
  facet normal -0.549921 -0.445284 0.706618
    outer loop
      vertex 26.6757 6.74166 2.76655
      vertex 25.6857 5.58396 1.26655
      vertex 26.8992 6.46564 2.76655
    endloop
  endfacet
  facet normal -0.549897 -0.445309 0.706621
    outer loop
      vertex 25.6857 5.58396 1.26655
      vertex 26.6757 6.74166 2.76655
      vertex 25.0599 6.35674 1.26655
    endloop
  endfacet
  facet normal -0.549902 -0.445312 -0.706615
    outer loop
      vertex 25.0599 6.35674 5.93345
      vertex 26.3981 7.08442 4.43345
      vertex 25.6857 5.58396 5.93345
    endloop
  endfacet
  facet normal -0.549921 -0.445284 -0.706619
    outer loop
      vertex 26.3981 7.08442 4.43345
      vertex 25.0599 6.35674 5.93345
      vertex 26.1746 7.36044 4.43345
    endloop
  endfacet
  facet normal -0.549896 -0.445316 -0.706617
    outer loop
      vertex 26.8992 6.46564 4.43345
      vertex 25.6857 5.58396 5.93345
      vertex 26.3981 7.08442 4.43345
    endloop
  endfacet
  facet normal 0.549892 0.445313 -0.706623
    outer loop
      vertex 23.7979 4.21239 3.6
      vertex 23.3258 4.79536 3.6
      vertex 25.0599 6.35674 5.93345
    endloop
  endfacet
  facet normal 0.549897 0.445308 -0.706622
    outer loop
      vertex 25.6857 5.58396 5.93345
      vertex 23.7979 4.21239 3.6
      vertex 25.0599 6.35674 5.93345
    endloop
  endfacet
  facet normal 0.549896 0.445308 0.706623
    outer loop
      vertex 25.0599 6.35674 1.26655
      vertex 23.3258 4.79536 3.6
      vertex 25.6857 5.58396 1.26655
    endloop
  endfacet
  facet normal 0.549893 0.445313 0.706622
    outer loop
      vertex 25.6857 5.58396 1.26655
      vertex 23.3258 4.79536 3.6
      vertex 23.7979 4.21239 3.6
    endloop
  endfacet
  facet normal -0.593463 -0.385351 0.706616
    outer loop
      vertex 26.8992 6.46564 2.76655
      vertex 25.6857 5.58396 1.26655
      vertex 27.3328 5.79787 2.76655
    endloop
  endfacet
  facet normal -0.593373 -0.385462 0.706631
    outer loop
      vertex 27.3328 5.79787 2.76655
      vertex 26.2272 4.75 1.26655
      vertex 27.5263 5.5 2.76655
    endloop
  endfacet
  facet normal -0.593466 -0.385344 0.706618
    outer loop
      vertex 26.2272 4.75 1.26655
      vertex 27.3328 5.79787 2.76655
      vertex 25.6857 5.58396 1.26655
    endloop
  endfacet
  facet normal -0.593469 -0.385346 -0.706614
    outer loop
      vertex 25.6857 5.58396 5.93345
      vertex 27.0926 6.16777 4.43345
      vertex 26.2272 4.75 5.93345
    endloop
  endfacet
  facet normal -0.593477 -0.385331 -0.706615
    outer loop
      vertex 27.0926 6.16777 4.43345
      vertex 25.6857 5.58396 5.93345
      vertex 26.8992 6.46564 4.43345
    endloop
  endfacet
  facet normal -0.593408 -0.385404 -0.706633
    outer loop
      vertex 27.5263 5.5 4.43345
      vertex 26.2272 4.75 5.93345
      vertex 27.0926 6.16777 4.43345
    endloop
  endfacet
  facet normal 0.593461 0.385346 -0.706621
    outer loop
      vertex 24.2064 3.58327 3.6
      vertex 23.7979 4.21239 3.6
      vertex 25.6857 5.58396 5.93345
    endloop
  endfacet
  facet normal 0.593464 0.385343 -0.70662
    outer loop
      vertex 26.2272 4.75 5.93345
      vertex 24.2064 3.58327 3.6
      vertex 25.6857 5.58396 5.93345
    endloop
  endfacet
  facet normal 0.593463 0.385343 0.706621
    outer loop
      vertex 25.6857 5.58396 1.26655
      vertex 23.7979 4.21239 3.6
      vertex 26.2272 4.75 1.26655
    endloop
  endfacet
  facet normal 0.593462 0.385346 0.70662
    outer loop
      vertex 26.2272 4.75 1.26655
      vertex 23.7979 4.21239 3.6
      vertex 24.2064 3.58327 3.6
    endloop
  endfacet
  facet normal -0.630449 -0.321249 0.706635
    outer loop
      vertex 27.5263 5.5 2.76655
      vertex 26.2272 4.75 1.26655
      vertex 27.8878 4.79056 2.76655
    endloop
  endfacet
  facet normal -0.630506 -0.321171 0.706619
    outer loop
      vertex 27.8878 4.79056 2.76655
      vertex 26.6787 3.864 1.26655
      vertex 28.049 4.4741 2.76655
    endloop
  endfacet
  facet normal -0.630444 -0.32127 0.70663
    outer loop
      vertex 26.6787 3.864 1.26655
      vertex 27.8878 4.79056 2.76655
      vertex 26.2272 4.75 1.26655
    endloop
  endfacet
  facet normal -0.630451 -0.321274 -0.706622
    outer loop
      vertex 26.2272 4.75 5.93345
      vertex 27.6875 5.18354 4.43345
      vertex 26.6787 3.864 5.93345
    endloop
  endfacet
  facet normal -0.630495 -0.321165 -0.706633
    outer loop
      vertex 27.6875 5.18354 4.43345
      vertex 26.2272 4.75 5.93345
      vertex 27.5263 5.5 4.43345
    endloop
  endfacet
  facet normal -0.630465 -0.321258 -0.706617
    outer loop
      vertex 28.049 4.4741 4.43345
      vertex 26.6787 3.864 5.93345
      vertex 27.6875 5.18354 4.43345
    endloop
  endfacet
  facet normal 0.630452 0.321277 -0.70662
    outer loop
      vertex 24.547 2.9149 3.6
      vertex 24.2064 3.58327 3.6
      vertex 26.2272 4.75 5.93345
    endloop
  endfacet
  facet normal 0.630454 0.321275 -0.706619
    outer loop
      vertex 26.6787 3.864 5.93345
      vertex 24.547 2.9149 3.6
      vertex 26.2272 4.75 5.93345
    endloop
  endfacet
  facet normal 0.630453 0.321275 0.706619
    outer loop
      vertex 26.2272 4.75 1.26655
      vertex 24.2064 3.58327 3.6
      vertex 26.6787 3.864 1.26655
    endloop
  endfacet
  facet normal 0.630453 0.321277 0.706619
    outer loop
      vertex 26.6787 3.864 1.26655
      vertex 24.2064 3.58327 3.6
      vertex 24.547 2.9149 3.6
    endloop
  endfacet
  facet normal -0.66061 -0.253551 0.706617
    outer loop
      vertex 28.049 4.4741 2.76655
      vertex 26.6787 3.864 1.26655
      vertex 28.3343 3.73077 2.76655
    endloop
  endfacet
  facet normal -0.660579 -0.253609 0.706625
    outer loop
      vertex 28.3343 3.73077 2.76655
      vertex 27.035 2.93566 1.26655
      vertex 28.4616 3.39919 2.76655
    endloop
  endfacet
  facet normal -0.66061 -0.253545 0.706618
    outer loop
      vertex 27.035 2.93566 1.26655
      vertex 28.3343 3.73077 2.76655
      vertex 26.6787 3.864 1.26655
    endloop
  endfacet
  facet normal -0.660604 -0.253542 -0.706625
    outer loop
      vertex 26.6787 3.864 5.93345
      vertex 28.1763 4.14252 4.43345
      vertex 27.035 2.93566 5.93345
    endloop
  endfacet
  facet normal -0.660585 -0.253611 -0.706618
    outer loop
      vertex 28.1763 4.14252 4.43345
      vertex 26.6787 3.864 5.93345
      vertex 28.049 4.4741 4.43345
    endloop
  endfacet
  facet normal -0.660601 -0.253547 -0.706626
    outer loop
      vertex 28.4616 3.39919 4.43345
      vertex 27.035 2.93566 5.93345
      vertex 28.1763 4.14252 4.43345
    endloop
  endfacet
  facet normal 0.660605 0.253556 -0.706619
    outer loop
      vertex 24.8158 2.21458 3.6
      vertex 24.547 2.9149 3.6
      vertex 26.6787 3.864 5.93345
    endloop
  endfacet
  facet normal 0.660611 0.253545 -0.706617
    outer loop
      vertex 27.035 2.93566 5.93345
      vertex 24.8158 2.21458 3.6
      vertex 26.6787 3.864 5.93345
    endloop
  endfacet
  facet normal 0.66061 0.253544 0.706619
    outer loop
      vertex 26.6787 3.864 1.26655
      vertex 24.547 2.9149 3.6
      vertex 27.035 2.93566 1.26655
    endloop
  endfacet
  facet normal 0.660607 0.253557 0.706617
    outer loop
      vertex 27.035 2.93566 1.26655
      vertex 24.547 2.9149 3.6
      vertex 24.8158 2.21458 3.6
    endloop
  endfacet
  facet normal -0.683472 -0.183156 0.706626
    outer loop
      vertex 28.6677 2.6301 2.76655
      vertex 28.4616 3.39919 2.76655
      vertex 27.035 2.93566 1.26655
    endloop
  endfacet
  facet normal -0.683497 -0.183092 0.706618
    outer loop
      vertex 28.6677 2.6301 2.76655
      vertex 27.2924 1.97516 1.26655
      vertex 28.7596 2.28703 2.76655
    endloop
  endfacet
  facet normal -0.683472 -0.18316 0.706625
    outer loop
      vertex 27.2924 1.97516 1.26655
      vertex 28.6677 2.6301 2.76655
      vertex 27.035 2.93566 1.26655
    endloop
  endfacet
  facet normal -0.683479 -0.183162 -0.706618
    outer loop
      vertex 27.035 2.93566 5.93345
      vertex 28.5535 3.05612 4.43345
      vertex 27.2924 1.97516 5.93345
    endloop
  endfacet
  facet normal -0.683491 -0.18309 -0.706624
    outer loop
      vertex 28.5535 3.05612 4.43345
      vertex 27.035 2.93566 5.93345
      vertex 28.4616 3.39919 4.43345
    endloop
  endfacet
  facet normal -0.683481 -0.183159 -0.706617
    outer loop
      vertex 28.7596 2.28703 4.43345
      vertex 27.2924 1.97516 5.93345
      vertex 28.5535 3.05612 4.43345
    endloop
  endfacet
  facet normal 0.683499 0.183098 -0.706614
    outer loop
      vertex 25.0099 1.49001 3.6
      vertex 24.8158 2.21458 3.6
      vertex 27.035 2.93566 5.93345
    endloop
  endfacet
  facet normal 0.683469 0.18316 -0.706627
    outer loop
      vertex 27.2924 1.97516 5.93345
      vertex 25.0099 1.49001 3.6
      vertex 27.035 2.93566 5.93345
    endloop
  endfacet
  facet normal 0.68348 0.183163 0.706616
    outer loop
      vertex 27.035 2.93566 1.26655
      vertex 24.8158 2.21458 3.6
      vertex 27.2924 1.97516 1.26655
    endloop
  endfacet
  facet normal 0.683485 0.183094 0.706629
    outer loop
      vertex 27.2924 1.97516 1.26655
      vertex 24.8158 2.21458 3.6
      vertex 25.0099 1.49001 3.6
    endloop
  endfacet
  facet normal -0.698878 -0.11073 0.706618
    outer loop
      vertex 28.8842 1.50061 2.76655
      vertex 28.7596 2.28703 2.76655
      vertex 27.2924 1.97516 1.26655
    endloop
  endfacet
  facet normal -0.698915 -0.110575 0.706605
    outer loop
      vertex 28.8842 1.50061 2.76655
      vertex 27.448 0.99302 1.26655
      vertex 28.9397 1.14981 2.76655
    endloop
  endfacet
  facet normal -0.698877 -0.110723 0.706619
    outer loop
      vertex 27.448 0.99302 1.26655
      vertex 28.8842 1.50061 2.76655
      vertex 27.2924 1.97516 1.26655
    endloop
  endfacet
  facet normal -0.698874 -0.110722 -0.706623
    outer loop
      vertex 27.2924 1.97516 5.93345
      vertex 28.8152 1.93623 4.43345
      vertex 27.448 0.99302 5.93345
    endloop
  endfacet
  facet normal -0.698871 -0.110767 -0.706619
    outer loop
      vertex 28.8152 1.93623 4.43345
      vertex 27.2924 1.97516 5.93345
      vertex 28.7596 2.28703 4.43345
    endloop
  endfacet
  facet normal -0.698906 -0.110645 -0.706604
    outer loop
      vertex 28.9397 1.14981 4.43345
      vertex 27.448 0.99302 5.93345
      vertex 28.8152 1.93623 4.43345
    endloop
  endfacet
  facet normal 0.698865 0.110739 -0.706629
    outer loop
      vertex 25.1273 0.749107 3.6
      vertex 25.0099 1.49001 3.6
      vertex 27.2924 1.97516 5.93345
    endloop
  endfacet
  facet normal 0.698871 0.110722 -0.706626
    outer loop
      vertex 27.448 0.99302 5.93345
      vertex 25.1273 0.749107 3.6
      vertex 27.2924 1.97516 5.93345
    endloop
  endfacet
  facet normal 0.698868 0.110721 0.706629
    outer loop
      vertex 27.2924 1.97516 1.26655
      vertex 25.0099 1.49001 3.6
      vertex 27.448 0.99302 1.26655
    endloop
  endfacet
  facet normal 0.698869 0.110739 0.706625
    outer loop
      vertex 27.448 0.99302 1.26655
      vertex 25.0099 1.49001 3.6
      vertex 25.1273 0.749107 3.6
    endloop
  endfacet
  facet normal -0.706639 -0.0370593 0.706603
    outer loop
      vertex 28.9397 1.14981 2.76655
      vertex 27.448 0.99302 1.26655
      vertex 28.9814 0.354683 2.76655
    endloop
  endfacet
  facet normal -0.706629 -0.037003 0.706616
    outer loop
      vertex 27.5 0 1.26655
      vertex 28.9814 0.354683 2.76655
      vertex 27.448 0.99302 1.26655
    endloop
  endfacet
  facet normal -0.706621 -0.0370561 0.706621
    outer loop
      vertex 28.9814 0.354683 2.76655
      vertex 27.5 0 1.26655
      vertex 29 0 2.76655
    endloop
  endfacet
  facet normal -0.706639 -0.0370573 -0.706603
    outer loop
      vertex 28.9583 0.79513 4.43345
      vertex 27.448 0.99302 5.93345
      vertex 28.9397 1.14981 4.43345
    endloop
  endfacet
  facet normal -0.706637 -0.0370034 -0.706608
    outer loop
      vertex 27.448 0.99302 5.93345
      vertex 28.9583 0.79513 4.43345
      vertex 27.5 0 5.93345
    endloop
  endfacet
  facet normal -0.706621 -0.0370582 -0.706621
    outer loop
      vertex 29 0 4.43345
      vertex 27.5 0 5.93345
      vertex 28.9583 0.79513 4.43345
    endloop
  endfacet
  facet normal 0.706621 0.0369768 -0.706625
    outer loop
      vertex 25.1665 0 3.6
      vertex 25.1273 0.749107 3.6
      vertex 27.448 0.99302 5.93345
    endloop
  endfacet
  facet normal 0.706615 0.0370023 -0.70663
    outer loop
      vertex 27.5 0 5.93345
      vertex 25.1665 0 3.6
      vertex 27.448 0.99302 5.93345
    endloop
  endfacet
  facet normal 0.706619 0.0370025 0.706626
    outer loop
      vertex 27.448 0.99302 1.26655
      vertex 25.1273 0.749107 3.6
      vertex 27.5 0 1.26655
    endloop
  endfacet
  facet normal 0.706616 0.0369765 0.706631
    outer loop
      vertex 27.5 0 1.26655
      vertex 25.1273 0.749107 3.6
      vertex 25.1665 0 3.6
    endloop
  endfacet
  facet normal -0.706621 0.0370582 0.706621
    outer loop
      vertex 29 0 2.76655
      vertex 27.5 0 1.26655
      vertex 28.9583 -0.79513 2.76655
    endloop
  endfacet
  facet normal -0.706637 0.0370034 0.706608
    outer loop
      vertex 27.448 -0.99302 1.26655
      vertex 28.9583 -0.79513 2.76655
      vertex 27.5 0 1.26655
    endloop
  endfacet
  facet normal -0.706639 0.0370573 0.706603
    outer loop
      vertex 28.9583 -0.79513 2.76655
      vertex 27.448 -0.99302 1.26655
      vertex 28.9397 -1.14981 2.76655
    endloop
  endfacet
  facet normal -0.706621 0.0370561 -0.706621
    outer loop
      vertex 28.9814 -0.354683 4.43345
      vertex 27.5 0 5.93345
      vertex 29 0 4.43345
    endloop
  endfacet
  facet normal -0.706629 0.037003 -0.706616
    outer loop
      vertex 27.5 0 5.93345
      vertex 28.9814 -0.354683 4.43345
      vertex 27.448 -0.99302 5.93345
    endloop
  endfacet
  facet normal -0.706639 0.0370593 -0.706603
    outer loop
      vertex 28.9397 -1.14981 4.43345
      vertex 27.448 -0.99302 5.93345
      vertex 28.9814 -0.354683 4.43345
    endloop
  endfacet
  facet normal 0.706616 -0.0369765 -0.706631
    outer loop
      vertex 27.5 0 5.93345
      vertex 25.1273 -0.749107 3.6
      vertex 25.1665 0 3.6
    endloop
  endfacet
  facet normal 0.706619 -0.0370025 -0.706626
    outer loop
      vertex 27.448 -0.99302 5.93345
      vertex 25.1273 -0.749107 3.6
      vertex 27.5 0 5.93345
    endloop
  endfacet
  facet normal 0.706615 -0.0370023 0.70663
    outer loop
      vertex 27.5 0 1.26655
      vertex 25.1665 0 3.6
      vertex 27.448 -0.99302 1.26655
    endloop
  endfacet
  facet normal 0.706621 -0.0369768 0.706625
    outer loop
      vertex 25.1665 0 3.6
      vertex 25.1273 -0.749107 3.6
      vertex 27.448 -0.99302 1.26655
    endloop
  endfacet
  facet normal -0.698906 0.110645 0.706604
    outer loop
      vertex 28.9397 -1.14981 2.76655
      vertex 27.448 -0.99302 1.26655
      vertex 28.8152 -1.93623 2.76655
    endloop
  endfacet
  facet normal -0.698874 0.110722 0.706623
    outer loop
      vertex 27.2924 -1.97516 1.26655
      vertex 28.8152 -1.93623 2.76655
      vertex 27.448 -0.99302 1.26655
    endloop
  endfacet
  facet normal -0.698871 0.110767 0.706619
    outer loop
      vertex 28.8152 -1.93623 2.76655
      vertex 27.2924 -1.97516 1.26655
      vertex 28.7596 -2.28703 2.76655
    endloop
  endfacet
  facet normal -0.698915 0.110575 -0.706605
    outer loop
      vertex 28.8842 -1.50061 4.43345
      vertex 27.448 -0.99302 5.93345
      vertex 28.9397 -1.14981 4.43345
    endloop
  endfacet
  facet normal -0.698877 0.110723 -0.706619
    outer loop
      vertex 27.448 -0.99302 5.93345
      vertex 28.8842 -1.50061 4.43345
      vertex 27.2924 -1.97516 5.93345
    endloop
  endfacet
  facet normal -0.698878 0.11073 -0.706618
    outer loop
      vertex 28.8842 -1.50061 4.43345
      vertex 28.7596 -2.28703 4.43345
      vertex 27.2924 -1.97516 5.93345
    endloop
  endfacet
  facet normal 0.698869 -0.110739 -0.706625
    outer loop
      vertex 27.448 -0.99302 5.93345
      vertex 25.0099 -1.49001 3.6
      vertex 25.1273 -0.749107 3.6
    endloop
  endfacet
  facet normal 0.698868 -0.110721 -0.706629
    outer loop
      vertex 27.2924 -1.97516 5.93345
      vertex 25.0099 -1.49001 3.6
      vertex 27.448 -0.99302 5.93345
    endloop
  endfacet
  facet normal 0.698871 -0.110722 0.706626
    outer loop
      vertex 27.448 -0.99302 1.26655
      vertex 25.1273 -0.749107 3.6
      vertex 27.2924 -1.97516 1.26655
    endloop
  endfacet
  facet normal 0.698865 -0.110739 0.706629
    outer loop
      vertex 25.1273 -0.749107 3.6
      vertex 25.0099 -1.49001 3.6
      vertex 27.2924 -1.97516 1.26655
    endloop
  endfacet
  facet normal -0.683481 0.183159 0.706617
    outer loop
      vertex 28.7596 -2.28703 2.76655
      vertex 27.2924 -1.97516 1.26655
      vertex 28.5535 -3.05612 2.76655
    endloop
  endfacet
  facet normal -0.683479 0.183162 0.706618
    outer loop
      vertex 27.035 -2.93566 1.26655
      vertex 28.5535 -3.05612 2.76655
      vertex 27.2924 -1.97516 1.26655
    endloop
  endfacet
  facet normal -0.683491 0.18309 0.706624
    outer loop
      vertex 28.5535 -3.05612 2.76655
      vertex 27.035 -2.93566 1.26655
      vertex 28.4616 -3.39919 2.76655
    endloop
  endfacet
  facet normal -0.683497 0.183092 -0.706618
    outer loop
      vertex 28.6677 -2.6301 4.43345
      vertex 27.2924 -1.97516 5.93345
      vertex 28.7596 -2.28703 4.43345
    endloop
  endfacet
  facet normal -0.683472 0.18316 -0.706625
    outer loop
      vertex 27.2924 -1.97516 5.93345
      vertex 28.6677 -2.6301 4.43345
      vertex 27.035 -2.93566 5.93345
    endloop
  endfacet
  facet normal -0.683472 0.183156 -0.706626
    outer loop
      vertex 28.6677 -2.6301 4.43345
      vertex 28.4616 -3.39919 4.43345
      vertex 27.035 -2.93566 5.93345
    endloop
  endfacet
  facet normal 0.683485 -0.183094 -0.706629
    outer loop
      vertex 27.2924 -1.97516 5.93345
      vertex 24.8158 -2.21458 3.6
      vertex 25.0099 -1.49001 3.6
    endloop
  endfacet
  facet normal 0.68348 -0.183163 -0.706616
    outer loop
      vertex 27.035 -2.93566 5.93345
      vertex 24.8158 -2.21458 3.6
      vertex 27.2924 -1.97516 5.93345
    endloop
  endfacet
  facet normal 0.683469 -0.18316 0.706627
    outer loop
      vertex 27.2924 -1.97516 1.26655
      vertex 25.0099 -1.49001 3.6
      vertex 27.035 -2.93566 1.26655
    endloop
  endfacet
  facet normal 0.683499 -0.183098 0.706614
    outer loop
      vertex 25.0099 -1.49001 3.6
      vertex 24.8158 -2.21458 3.6
      vertex 27.035 -2.93566 1.26655
    endloop
  endfacet
  facet normal -0.660601 0.253547 0.706626
    outer loop
      vertex 28.4616 -3.39919 2.76655
      vertex 27.035 -2.93566 1.26655
      vertex 28.1763 -4.14252 2.76655
    endloop
  endfacet
  facet normal -0.660604 0.253542 0.706625
    outer loop
      vertex 26.6787 -3.864 1.26655
      vertex 28.1763 -4.14252 2.76655
      vertex 27.035 -2.93566 1.26655
    endloop
  endfacet
  facet normal -0.660585 0.253611 0.706618
    outer loop
      vertex 28.1763 -4.14252 2.76655
      vertex 26.6787 -3.864 1.26655
      vertex 28.049 -4.4741 2.76655
    endloop
  endfacet
  facet normal -0.660579 0.253609 -0.706625
    outer loop
      vertex 28.3343 -3.73077 4.43345
      vertex 27.035 -2.93566 5.93345
      vertex 28.4616 -3.39919 4.43345
    endloop
  endfacet
  facet normal -0.66061 0.253545 -0.706618
    outer loop
      vertex 27.035 -2.93566 5.93345
      vertex 28.3343 -3.73077 4.43345
      vertex 26.6787 -3.864 5.93345
    endloop
  endfacet
  facet normal -0.66061 0.253551 -0.706617
    outer loop
      vertex 28.049 -4.4741 4.43345
      vertex 26.6787 -3.864 5.93345
      vertex 28.3343 -3.73077 4.43345
    endloop
  endfacet
  facet normal 0.660607 -0.253557 -0.706617
    outer loop
      vertex 27.035 -2.93566 5.93345
      vertex 24.547 -2.9149 3.6
      vertex 24.8158 -2.21458 3.6
    endloop
  endfacet
  facet normal 0.66061 -0.253544 -0.706619
    outer loop
      vertex 26.6787 -3.864 5.93345
      vertex 24.547 -2.9149 3.6
      vertex 27.035 -2.93566 5.93345
    endloop
  endfacet
  facet normal 0.660611 -0.253545 0.706617
    outer loop
      vertex 27.035 -2.93566 1.26655
      vertex 24.8158 -2.21458 3.6
      vertex 26.6787 -3.864 1.26655
    endloop
  endfacet
  facet normal 0.660605 -0.253556 0.706619
    outer loop
      vertex 24.8158 -2.21458 3.6
      vertex 24.547 -2.9149 3.6
      vertex 26.6787 -3.864 1.26655
    endloop
  endfacet
  facet normal -0.630465 0.321258 0.706617
    outer loop
      vertex 28.049 -4.4741 2.76655
      vertex 26.6787 -3.864 1.26655
      vertex 27.6875 -5.18354 2.76655
    endloop
  endfacet
  facet normal -0.630451 0.321274 0.706622
    outer loop
      vertex 26.2272 -4.75 1.26655
      vertex 27.6875 -5.18354 2.76655
      vertex 26.6787 -3.864 1.26655
    endloop
  endfacet
  facet normal -0.630495 0.321165 0.706633
    outer loop
      vertex 27.6875 -5.18354 2.76655
      vertex 26.2272 -4.75 1.26655
      vertex 27.5263 -5.5 2.76655
    endloop
  endfacet
  facet normal -0.630506 0.321171 -0.706619
    outer loop
      vertex 27.8878 -4.79056 4.43345
      vertex 26.6787 -3.864 5.93345
      vertex 28.049 -4.4741 4.43345
    endloop
  endfacet
  facet normal -0.630444 0.32127 -0.70663
    outer loop
      vertex 26.6787 -3.864 5.93345
      vertex 27.8878 -4.79056 4.43345
      vertex 26.2272 -4.75 5.93345
    endloop
  endfacet
  facet normal -0.630449 0.321249 -0.706635
    outer loop
      vertex 27.5263 -5.5 4.43345
      vertex 26.2272 -4.75 5.93345
      vertex 27.8878 -4.79056 4.43345
    endloop
  endfacet
  facet normal 0.630453 -0.321277 -0.706619
    outer loop
      vertex 26.6787 -3.864 5.93345
      vertex 24.2064 -3.58327 3.6
      vertex 24.547 -2.9149 3.6
    endloop
  endfacet
  facet normal 0.630453 -0.321275 -0.706619
    outer loop
      vertex 26.2272 -4.75 5.93345
      vertex 24.2064 -3.58327 3.6
      vertex 26.6787 -3.864 5.93345
    endloop
  endfacet
  facet normal 0.630454 -0.321275 0.706619
    outer loop
      vertex 26.6787 -3.864 1.26655
      vertex 24.547 -2.9149 3.6
      vertex 26.2272 -4.75 1.26655
    endloop
  endfacet
  facet normal 0.630452 -0.321277 0.70662
    outer loop
      vertex 24.547 -2.9149 3.6
      vertex 24.2064 -3.58327 3.6
      vertex 26.2272 -4.75 1.26655
    endloop
  endfacet
  facet normal -0.593408 0.385404 0.706633
    outer loop
      vertex 27.5263 -5.5 2.76655
      vertex 26.2272 -4.75 1.26655
      vertex 27.0926 -6.16777 2.76655
    endloop
  endfacet
  facet normal -0.593469 0.385346 0.706614
    outer loop
      vertex 25.6857 -5.58396 1.26655
      vertex 27.0926 -6.16777 2.76655
      vertex 26.2272 -4.75 1.26655
    endloop
  endfacet
  facet normal -0.593477 0.385331 0.706615
    outer loop
      vertex 27.0926 -6.16777 2.76655
      vertex 25.6857 -5.58396 1.26655
      vertex 26.8992 -6.46564 2.76655
    endloop
  endfacet
  facet normal -0.593373 0.385462 -0.706631
    outer loop
      vertex 27.3328 -5.79787 4.43345
      vertex 26.2272 -4.75 5.93345
      vertex 27.5263 -5.5 4.43345
    endloop
  endfacet
  facet normal -0.593466 0.385344 -0.706618
    outer loop
      vertex 26.2272 -4.75 5.93345
      vertex 27.3328 -5.79787 4.43345
      vertex 25.6857 -5.58396 5.93345
    endloop
  endfacet
  facet normal -0.593463 0.385351 -0.706616
    outer loop
      vertex 26.8992 -6.46564 4.43345
      vertex 25.6857 -5.58396 5.93345
      vertex 27.3328 -5.79787 4.43345
    endloop
  endfacet
  facet normal 0.593462 -0.385346 -0.70662
    outer loop
      vertex 26.2272 -4.75 5.93345
      vertex 23.7979 -4.21239 3.6
      vertex 24.2064 -3.58327 3.6
    endloop
  endfacet
  facet normal 0.593463 -0.385343 -0.706621
    outer loop
      vertex 25.6857 -5.58396 5.93345
      vertex 23.7979 -4.21239 3.6
      vertex 26.2272 -4.75 5.93345
    endloop
  endfacet
  facet normal 0.593464 -0.385343 0.70662
    outer loop
      vertex 26.2272 -4.75 1.26655
      vertex 24.2064 -3.58327 3.6
      vertex 25.6857 -5.58396 1.26655
    endloop
  endfacet
  facet normal 0.593461 -0.385346 0.706621
    outer loop
      vertex 24.2064 -3.58327 3.6
      vertex 23.7979 -4.21239 3.6
      vertex 25.6857 -5.58396 1.26655
    endloop
  endfacet
  facet normal -0.549896 0.445316 0.706617
    outer loop
      vertex 26.8992 -6.46564 2.76655
      vertex 25.6857 -5.58396 1.26655
      vertex 26.3981 -7.08442 2.76655
    endloop
  endfacet
  facet normal -0.549902 0.445312 0.706615
    outer loop
      vertex 25.0599 -6.35674 1.26655
      vertex 26.3981 -7.08442 2.76655
      vertex 25.6857 -5.58396 1.26655
    endloop
  endfacet
  facet normal -0.549921 0.445284 0.706619
    outer loop
      vertex 26.3981 -7.08442 2.76655
      vertex 25.0599 -6.35674 1.26655
      vertex 26.1746 -7.36044 2.76655
    endloop
  endfacet
  facet normal -0.549921 0.445284 -0.706618
    outer loop
      vertex 26.6757 -6.74166 4.43345
      vertex 25.6857 -5.58396 5.93345
      vertex 26.8992 -6.46564 4.43345
    endloop
  endfacet
  facet normal -0.549897 0.445309 -0.706621
    outer loop
      vertex 25.6857 -5.58396 5.93345
      vertex 26.6757 -6.74166 4.43345
      vertex 25.0599 -6.35674 5.93345
    endloop
  endfacet
  facet normal -0.549894 0.445315 -0.70662
    outer loop
      vertex 26.1746 -7.36044 4.43345
      vertex 25.0599 -6.35674 5.93345
      vertex 26.6757 -6.74166 4.43345
    endloop
  endfacet
  facet normal 0.549893 -0.445313 -0.706622
    outer loop
      vertex 25.6857 -5.58396 5.93345
      vertex 23.3258 -4.79536 3.6
      vertex 23.7979 -4.21239 3.6
    endloop
  endfacet
  facet normal 0.549896 -0.445308 -0.706623
    outer loop
      vertex 25.0599 -6.35674 5.93345
      vertex 23.3258 -4.79536 3.6
      vertex 25.6857 -5.58396 5.93345
    endloop
  endfacet
  facet normal 0.549897 -0.445308 0.706622
    outer loop
      vertex 25.6857 -5.58396 1.26655
      vertex 23.7979 -4.21239 3.6
      vertex 25.0599 -6.35674 1.26655
    endloop
  endfacet
  facet normal 0.549892 -0.445313 0.706623
    outer loop
      vertex 23.7979 -4.21239 3.6
      vertex 23.3258 -4.79536 3.6
      vertex 25.0599 -6.35674 1.26655
    endloop
  endfacet
  facet normal -0.500329 0.50036 0.706619
    outer loop
      vertex 25.0599 -6.35674 1.26655
      vertex 25.3604 -8.17459 2.76655
      vertex 26.1746 -7.36044 2.76655
    endloop
  endfacet
  facet normal -0.500321 0.500364 0.706622
    outer loop
      vertex 25.3604 -8.17459 2.76655
      vertex 25.0599 -6.35674 1.26655
      vertex 24.3567 -7.05988 1.26655
    endloop
  endfacet
  facet normal -0.500329 0.50036 -0.706619
    outer loop
      vertex 25.3604 -8.17459 4.43345
      vertex 25.0599 -6.35674 5.93345
      vertex 26.1746 -7.36044 4.43345
    endloop
  endfacet
  facet normal -0.500321 0.500364 -0.706622
    outer loop
      vertex 25.0599 -6.35674 5.93345
      vertex 25.3604 -8.17459 4.43345
      vertex 24.3567 -7.05988 5.93345
    endloop
  endfacet
  facet normal 0.500321 -0.500364 -0.706622
    outer loop
      vertex 24.3567 -7.05988 5.93345
      vertex 23.3258 -4.79536 3.6
      vertex 25.0599 -6.35674 5.93345
    endloop
  endfacet
  facet normal 0.500358 -0.500339 -0.706613
    outer loop
      vertex 23.3258 -4.79536 3.6
      vertex 24.3567 -7.05988 5.93345
      vertex 22.7954 -5.32578 3.6
    endloop
  endfacet
  facet normal 0.500321 -0.500364 0.706622
    outer loop
      vertex 23.3258 -4.79536 3.6
      vertex 24.3567 -7.05988 1.26655
      vertex 25.0599 -6.35674 1.26655
    endloop
  endfacet
  facet normal 0.500358 -0.500339 0.706613
    outer loop
      vertex 24.3567 -7.05988 1.26655
      vertex 23.3258 -4.79536 3.6
      vertex 22.7954 -5.32578 3.6
    endloop
  endfacet
  facet normal -0.445337 0.549873 0.706622
    outer loop
      vertex 25.3604 -8.17459 2.76655
      vertex 24.3567 -7.05988 1.26655
      vertex 24.7417 -8.67567 2.76655
    endloop
  endfacet
  facet normal -0.445325 0.549878 0.706625
    outer loop
      vertex 23.584 -7.68566 1.26655
      vertex 24.7417 -8.67567 2.76655
      vertex 24.3567 -7.05988 1.26655
    endloop
  endfacet
  facet normal -0.445233 0.549968 0.706613
    outer loop
      vertex 24.7417 -8.67567 2.76655
      vertex 23.584 -7.68566 1.26655
      vertex 24.4656 -8.89919 2.76655
    endloop
  endfacet
  facet normal -0.445325 0.549883 -0.706622
    outer loop
      vertex 25.0844 -8.39811 4.43345
      vertex 24.3567 -7.05988 5.93345
      vertex 25.3604 -8.17459 4.43345
    endloop
  endfacet
  facet normal -0.445328 0.549881 -0.706622
    outer loop
      vertex 24.3567 -7.05988 5.93345
      vertex 25.0844 -8.39811 4.43345
      vertex 23.584 -7.68566 5.93345
    endloop
  endfacet
  facet normal -0.445301 0.549916 -0.706611
    outer loop
      vertex 24.4656 -8.89919 4.43345
      vertex 23.584 -7.68566 5.93345
      vertex 25.0844 -8.39811 4.43345
    endloop
  endfacet
  facet normal 0.445293 -0.549919 -0.706614
    outer loop
      vertex 24.3567 -7.05988 5.93345
      vertex 22.2124 -5.79786 3.6
      vertex 22.7954 -5.32578 3.6
    endloop
  endfacet
  facet normal 0.445326 -0.549879 -0.706624
    outer loop
      vertex 23.584 -7.68566 5.93345
      vertex 22.2124 -5.79786 3.6
      vertex 24.3567 -7.05988 5.93345
    endloop
  endfacet
  facet normal 0.445331 -0.549886 0.706616
    outer loop
      vertex 24.3567 -7.05988 1.26655
      vertex 22.7954 -5.32578 3.6
      vertex 23.584 -7.68566 1.26655
    endloop
  endfacet
  facet normal 0.445286 -0.54991 0.706625
    outer loop
      vertex 22.7954 -5.32578 3.6
      vertex 22.2124 -5.79786 3.6
      vertex 23.584 -7.68566 1.26655
    endloop
  endfacet
  facet normal -0.385412 0.593427 0.706613
    outer loop
      vertex 24.4656 -8.89919 2.76655
      vertex 23.584 -7.68566 1.26655
      vertex 23.7979 -9.33284 2.76655
    endloop
  endfacet
  facet normal -0.385368 0.593442 0.706624
    outer loop
      vertex 22.75 -8.22724 1.26655
      vertex 23.7979 -9.33284 2.76655
      vertex 23.584 -7.68566 1.26655
    endloop
  endfacet
  facet normal -0.385355 0.593452 0.706623
    outer loop
      vertex 23.7979 -9.33284 2.76655
      vertex 22.75 -8.22724 1.26655
      vertex 23.5 -9.52628 2.76655
    endloop
  endfacet
  facet normal -0.385451 0.5934 -0.706615
    outer loop
      vertex 24.1678 -9.09263 4.43345
      vertex 23.584 -7.68566 5.93345
      vertex 24.4656 -8.89919 4.43345
    endloop
  endfacet
  facet normal -0.385368 0.593443 -0.706623
    outer loop
      vertex 23.584 -7.68566 5.93345
      vertex 24.1678 -9.09263 4.43345
      vertex 22.75 -8.22724 5.93345
    endloop
  endfacet
  facet normal -0.385366 0.593445 -0.706623
    outer loop
      vertex 23.5 -9.52628 4.43345
      vertex 22.75 -8.22724 5.93345
      vertex 24.1678 -9.09263 4.43345
    endloop
  endfacet
  facet normal 0.385386 -0.593431 -0.706625
    outer loop
      vertex 23.584 -7.68566 5.93345
      vertex 21.5833 -6.20641 3.6
      vertex 22.2124 -5.79786 3.6
    endloop
  endfacet
  facet normal 0.38537 -0.593446 -0.70662
    outer loop
      vertex 22.75 -8.22724 5.93345
      vertex 21.5833 -6.20641 3.6
      vertex 23.584 -7.68566 5.93345
    endloop
  endfacet
  facet normal 0.385368 -0.593443 0.706624
    outer loop
      vertex 23.584 -7.68566 1.26655
      vertex 22.2124 -5.79786 3.6
      vertex 22.75 -8.22724 1.26655
    endloop
  endfacet
  facet normal 0.385388 -0.593434 0.70662
    outer loop
      vertex 22.2124 -5.79786 3.6
      vertex 21.5833 -6.20641 3.6
      vertex 22.75 -8.22724 1.26655
    endloop
  endfacet
  facet normal -0.321255 0.63046 0.706623
    outer loop
      vertex 23.5 -9.52628 2.76655
      vertex 22.75 -8.22724 1.26655
      vertex 22.7906 -9.88776 2.76655
    endloop
  endfacet
  facet normal -0.321238 0.630464 0.706627
    outer loop
      vertex 21.864 -8.67868 1.26655
      vertex 22.7906 -9.88776 2.76655
      vertex 22.75 -8.22724 1.26655
    endloop
  endfacet
  facet normal -0.3212 0.630488 0.706623
    outer loop
      vertex 22.7906 -9.88776 2.76655
      vertex 21.864 -8.67868 1.26655
      vertex 22.4741 -10.049 2.76655
    endloop
  endfacet
  facet normal -0.321201 0.630489 -0.706621
    outer loop
      vertex 23.1835 -9.68752 4.43345
      vertex 22.75 -8.22724 5.93345
      vertex 23.5 -9.52628 4.43345
    endloop
  endfacet
  facet normal -0.321242 0.630473 -0.706617
    outer loop
      vertex 22.75 -8.22724 5.93345
      vertex 23.1835 -9.68752 4.43345
      vertex 21.864 -8.67868 5.93345
    endloop
  endfacet
  facet normal -0.321256 0.630461 -0.706621
    outer loop
      vertex 22.4741 -10.049 4.43345
      vertex 21.864 -8.67868 5.93345
      vertex 23.1835 -9.68752 4.43345
    endloop
  endfacet
  facet normal 0.321235 -0.630473 -0.70662
    outer loop
      vertex 22.75 -8.22724 5.93345
      vertex 20.9149 -6.54697 3.6
      vertex 21.5833 -6.20641 3.6
    endloop
  endfacet
  facet normal 0.32124 -0.630469 -0.706621
    outer loop
      vertex 21.864 -8.67868 5.93345
      vertex 20.9149 -6.54697 3.6
      vertex 22.75 -8.22724 5.93345
    endloop
  endfacet
  facet normal 0.321241 -0.63047 0.70662
    outer loop
      vertex 22.75 -8.22724 1.26655
      vertex 21.5833 -6.20641 3.6
      vertex 21.864 -8.67868 1.26655
    endloop
  endfacet
  facet normal 0.321235 -0.630471 0.706622
    outer loop
      vertex 21.5833 -6.20641 3.6
      vertex 20.9149 -6.54697 3.6
      vertex 21.864 -8.67868 1.26655
    endloop
  endfacet
  facet normal -0.253558 0.660602 0.706621
    outer loop
      vertex 21.864 -8.67868 1.26655
      vertex 21.7308 -10.3343 2.76655
      vertex 22.4741 -10.049 2.76655
    endloop
  endfacet
  facet normal -0.253593 0.660597 0.706613
    outer loop
      vertex 20.9357 -9.03504 1.26655
      vertex 21.7308 -10.3343 2.76655
      vertex 21.864 -8.67868 1.26655
    endloop
  endfacet
  facet normal -0.2536 0.660594 0.706614
    outer loop
      vertex 21.7308 -10.3343 2.76655
      vertex 20.9357 -9.03504 1.26655
      vertex 21.3992 -10.4616 2.76655
    endloop
  endfacet
  facet normal -0.253596 0.660586 -0.706622
    outer loop
      vertex 22.1425 -10.1763 4.43345
      vertex 21.864 -8.67868 5.93345
      vertex 22.4741 -10.049 4.43345
    endloop
  endfacet
  facet normal -0.253589 0.660588 -0.706623
    outer loop
      vertex 21.864 -8.67868 5.93345
      vertex 22.1425 -10.1763 4.43345
      vertex 20.9357 -9.03504 5.93345
    endloop
  endfacet
  facet normal -0.25356 0.660608 -0.706615
    outer loop
      vertex 21.3992 -10.4616 4.43345
      vertex 20.9357 -9.03504 5.93345
      vertex 22.1425 -10.1763 4.43345
    endloop
  endfacet
  facet normal 0.253578 -0.660594 -0.706621
    outer loop
      vertex 21.864 -8.67868 5.93345
      vertex 20.2146 -6.81579 3.6
      vertex 20.9149 -6.54697 3.6
    endloop
  endfacet
  facet normal 0.253589 -0.660587 -0.706624
    outer loop
      vertex 20.9357 -9.03504 5.93345
      vertex 20.2146 -6.81579 3.6
      vertex 21.864 -8.67868 5.93345
    endloop
  endfacet
  facet normal 0.25359 -0.660589 0.706622
    outer loop
      vertex 21.864 -8.67868 1.26655
      vertex 20.9149 -6.54697 3.6
      vertex 20.9357 -9.03504 1.26655
    endloop
  endfacet
  facet normal 0.253577 -0.660591 0.706624
    outer loop
      vertex 20.9149 -6.54697 3.6
      vertex 20.2146 -6.81579 3.6
      vertex 20.9357 -9.03504 1.26655
    endloop
  endfacet
  facet normal -0.183157 0.683483 0.706615
    outer loop
      vertex 21.3992 -10.4616 2.76655
      vertex 20.9357 -9.03504 1.26655
      vertex 20.6301 -10.6677 2.76655
    endloop
  endfacet
  facet normal -0.183135 0.683483 0.70662
    outer loop
      vertex 19.9752 -9.2924 1.26655
      vertex 20.6301 -10.6677 2.76655
      vertex 20.9357 -9.03504 1.26655
    endloop
  endfacet
  facet normal -0.183078 0.683505 0.706614
    outer loop
      vertex 20.6301 -10.6677 2.76655
      vertex 19.9752 -9.2924 1.26655
      vertex 20.287 -10.7596 2.76655
    endloop
  endfacet
  facet normal -0.183078 0.683506 -0.706613
    outer loop
      vertex 21.0561 -10.5535 4.43345
      vertex 20.9357 -9.03504 5.93345
      vertex 21.3992 -10.4616 4.43345
    endloop
  endfacet
  facet normal -0.183138 0.683496 -0.706607
    outer loop
      vertex 20.9357 -9.03504 5.93345
      vertex 21.0561 -10.5535 4.43345
      vertex 19.9752 -9.2924 5.93345
    endloop
  endfacet
  facet normal -0.183157 0.683486 -0.706612
    outer loop
      vertex 20.287 -10.7596 4.43345
      vertex 19.9752 -9.2924 5.93345
      vertex 21.0561 -10.5535 4.43345
    endloop
  endfacet
  facet normal 0.183132 -0.68348 -0.706624
    outer loop
      vertex 20.9357 -9.03504 5.93345
      vertex 19.49 -7.00994 3.6
      vertex 20.2146 -6.81579 3.6
    endloop
  endfacet
  facet normal 0.183134 -0.68348 -0.706624
    outer loop
      vertex 19.9752 -9.2924 5.93345
      vertex 19.49 -7.00994 3.6
      vertex 20.9357 -9.03504 5.93345
    endloop
  endfacet
  facet normal 0.183134 -0.68348 0.706624
    outer loop
      vertex 20.2146 -6.81579 3.6
      vertex 19.9752 -9.2924 1.26655
      vertex 20.9357 -9.03504 1.26655
    endloop
  endfacet
  facet normal 0.183132 -0.68348 0.706624
    outer loop
      vertex 20.2146 -6.81579 3.6
      vertex 19.49 -7.00994 3.6
      vertex 19.9752 -9.2924 1.26655
    endloop
  endfacet
  facet normal -0.110733 0.69888 0.706615
    outer loop
      vertex 19.9752 -9.2924 1.26655
      vertex 19.5006 -10.8842 2.76655
      vertex 20.287 -10.7596 2.76655
    endloop
  endfacet
  facet normal -0.110687 0.698876 0.706626
    outer loop
      vertex 18.993 -9.44796 1.26655
      vertex 19.5006 -10.8842 2.76655
      vertex 19.9752 -9.2924 1.26655
    endloop
  endfacet
  facet normal -0.110574 0.698905 0.706615
    outer loop
      vertex 19.5006 -10.8842 2.76655
      vertex 18.993 -9.44796 1.26655
      vertex 19.1498 -10.9397 2.76655
    endloop
  endfacet
  facet normal -0.110768 0.698873 -0.706616
    outer loop
      vertex 19.9362 -10.8152 4.43345
      vertex 19.9752 -9.2924 5.93345
      vertex 20.287 -10.7596 4.43345
    endloop
  endfacet
  facet normal -0.110688 0.698879 -0.706624
    outer loop
      vertex 19.9752 -9.2924 5.93345
      vertex 19.9362 -10.8152 4.43345
      vertex 18.993 -9.44796 5.93345
    endloop
  endfacet
  facet normal -0.110647 0.698896 -0.706613
    outer loop
      vertex 19.1498 -10.9397 4.43345
      vertex 18.993 -9.44796 5.93345
      vertex 19.9362 -10.8152 4.43345
    endloop
  endfacet
  facet normal 0.110694 -0.698878 -0.706623
    outer loop
      vertex 19.9752 -9.2924 5.93345
      vertex 18.7491 -7.12729 3.6
      vertex 19.49 -7.00994 3.6
    endloop
  endfacet
  facet normal 0.110688 -0.69888 -0.706622
    outer loop
      vertex 18.993 -9.44796 5.93345
      vertex 18.7491 -7.12729 3.6
      vertex 19.9752 -9.2924 5.93345
    endloop
  endfacet
  facet normal 0.110688 -0.698879 0.706623
    outer loop
      vertex 19.49 -7.00994 3.6
      vertex 18.993 -9.44796 1.26655
      vertex 19.9752 -9.2924 1.26655
    endloop
  endfacet
  facet normal 0.110694 -0.698879 0.706622
    outer loop
      vertex 19.49 -7.00994 3.6
      vertex 18.7491 -7.12729 3.6
      vertex 18.993 -9.44796 1.26655
    endloop
  endfacet
  facet normal -0.0370601 0.70663 0.706612
    outer loop
      vertex 18.993 -9.44796 1.26655
      vertex 18.3547 -10.9814 2.76655
      vertex 19.1498 -10.9397 2.76655
    endloop
  endfacet
  facet normal -0.037032 0.706624 0.706619
    outer loop
      vertex 18 -9.5 1.26655
      vertex 18.3547 -10.9814 2.76655
      vertex 18.993 -9.44796 1.26655
    endloop
  endfacet
  facet normal -0.0370543 0.706621 0.706621
    outer loop
      vertex 18.3547 -10.9814 2.76655
      vertex 18 -9.5 1.26655
      vertex 18 -11 2.76655
    endloop
  endfacet
  facet normal -0.0370547 0.70663 -0.706612
    outer loop
      vertex 18.7951 -10.9583 4.43345
      vertex 18.993 -9.44796 5.93345
      vertex 19.1498 -10.9397 4.43345
    endloop
  endfacet
  facet normal -0.0370322 0.706629 -0.706614
    outer loop
      vertex 18.993 -9.44796 5.93345
      vertex 18.7951 -10.9583 4.43345
      vertex 18 -9.5 5.93345
    endloop
  endfacet
  facet normal -0.0370596 0.706621 -0.706621
    outer loop
      vertex 18.7951 -10.9583 4.43345
      vertex 18 -11 4.43345
      vertex 18 -9.5 5.93345
    endloop
  endfacet
  facet normal 0.0370337 -0.706621 -0.706622
    outer loop
      vertex 18.993 -9.44796 5.93345
      vertex 18 -7.16655 3.6
      vertex 18.7491 -7.12729 3.6
    endloop
  endfacet
  facet normal 0.0370318 -0.706622 -0.706622
    outer loop
      vertex 18.993 -9.44796 5.93345
      vertex 18 -9.5 5.93345
      vertex 18 -7.16655 3.6
    endloop
  endfacet
  facet normal 0.0370318 -0.706621 0.706622
    outer loop
      vertex 18.7491 -7.12729 3.6
      vertex 18 -9.5 1.26655
      vertex 18.993 -9.44796 1.26655
    endloop
  endfacet
  facet normal 0.0370337 -0.706622 0.706622
    outer loop
      vertex 18 -7.16655 3.6
      vertex 18 -9.5 1.26655
      vertex 18.7491 -7.12729 3.6
    endloop
  endfacet
  facet normal 0.0370596 0.706621 0.706621
    outer loop
      vertex 18 -9.5 1.26655
      vertex 17.2049 -10.9583 2.76655
      vertex 18 -11 2.76655
    endloop
  endfacet
  facet normal 0.0370322 0.706629 0.706614
    outer loop
      vertex 17.007 -9.44796 1.26655
      vertex 17.2049 -10.9583 2.76655
      vertex 18 -9.5 1.26655
    endloop
  endfacet
  facet normal 0.0370547 0.70663 0.706612
    outer loop
      vertex 17.2049 -10.9583 2.76655
      vertex 17.007 -9.44796 1.26655
      vertex 16.8502 -10.9397 2.76655
    endloop
  endfacet
  facet normal 0.0370543 0.706621 -0.706621
    outer loop
      vertex 17.6453 -10.9814 4.43345
      vertex 18 -9.5 5.93345
      vertex 18 -11 4.43345
    endloop
  endfacet
  facet normal 0.037032 0.706624 -0.706619
    outer loop
      vertex 18 -9.5 5.93345
      vertex 17.6453 -10.9814 4.43345
      vertex 17.007 -9.44796 5.93345
    endloop
  endfacet
  facet normal 0.0370601 0.70663 -0.706612
    outer loop
      vertex 17.6453 -10.9814 4.43345
      vertex 16.8502 -10.9397 4.43345
      vertex 17.007 -9.44796 5.93345
    endloop
  endfacet
  facet normal -0.0370337 -0.706622 -0.706622
    outer loop
      vertex 18 -9.5 5.93345
      vertex 17.2509 -7.12729 3.6
      vertex 18 -7.16655 3.6
    endloop
  endfacet
  facet normal -0.0370318 -0.706621 -0.706622
    outer loop
      vertex 18 -9.5 5.93345
      vertex 17.007 -9.44796 5.93345
      vertex 17.2509 -7.12729 3.6
    endloop
  endfacet
  facet normal -0.0370318 -0.706622 0.706622
    outer loop
      vertex 18 -7.16655 3.6
      vertex 17.007 -9.44796 1.26655
      vertex 18 -9.5 1.26655
    endloop
  endfacet
  facet normal -0.0370337 -0.706621 0.706622
    outer loop
      vertex 17.2509 -7.12729 3.6
      vertex 17.007 -9.44796 1.26655
      vertex 18 -7.16655 3.6
    endloop
  endfacet
  facet normal 0.110647 0.698896 0.706613
    outer loop
      vertex 17.007 -9.44796 1.26655
      vertex 16.0638 -10.8152 2.76655
      vertex 16.8502 -10.9397 2.76655
    endloop
  endfacet
  facet normal 0.110688 0.698879 0.706624
    outer loop
      vertex 16.0248 -9.2924 1.26655
      vertex 16.0638 -10.8152 2.76655
      vertex 17.007 -9.44796 1.26655
    endloop
  endfacet
  facet normal 0.110768 0.698873 0.706616
    outer loop
      vertex 16.0638 -10.8152 2.76655
      vertex 16.0248 -9.2924 1.26655
      vertex 15.713 -10.7596 2.76655
    endloop
  endfacet
  facet normal 0.110574 0.698905 -0.706615
    outer loop
      vertex 16.4994 -10.8842 4.43345
      vertex 17.007 -9.44796 5.93345
      vertex 16.8502 -10.9397 4.43345
    endloop
  endfacet
  facet normal 0.110687 0.698876 -0.706626
    outer loop
      vertex 17.007 -9.44796 5.93345
      vertex 16.4994 -10.8842 4.43345
      vertex 16.0248 -9.2924 5.93345
    endloop
  endfacet
  facet normal 0.110733 0.69888 -0.706615
    outer loop
      vertex 15.713 -10.7596 4.43345
      vertex 16.0248 -9.2924 5.93345
      vertex 16.4994 -10.8842 4.43345
    endloop
  endfacet
  facet normal -0.110694 -0.698879 -0.706622
    outer loop
      vertex 17.007 -9.44796 5.93345
      vertex 16.51 -7.00994 3.6
      vertex 17.2509 -7.12729 3.6
    endloop
  endfacet
  facet normal -0.110688 -0.698879 -0.706623
    outer loop
      vertex 17.007 -9.44796 5.93345
      vertex 16.0248 -9.2924 5.93345
      vertex 16.51 -7.00994 3.6
    endloop
  endfacet
  facet normal -0.110688 -0.69888 0.706622
    outer loop
      vertex 17.2509 -7.12729 3.6
      vertex 16.0248 -9.2924 1.26655
      vertex 17.007 -9.44796 1.26655
    endloop
  endfacet
  facet normal -0.110694 -0.698878 0.706623
    outer loop
      vertex 16.51 -7.00994 3.6
      vertex 16.0248 -9.2924 1.26655
      vertex 17.2509 -7.12729 3.6
    endloop
  endfacet
  facet normal 0.183157 0.683486 0.706612
    outer loop
      vertex 16.0248 -9.2924 1.26655
      vertex 14.9439 -10.5535 2.76655
      vertex 15.713 -10.7596 2.76655
    endloop
  endfacet
  facet normal 0.183138 0.683496 0.706607
    outer loop
      vertex 15.0643 -9.03504 1.26655
      vertex 14.9439 -10.5535 2.76655
      vertex 16.0248 -9.2924 1.26655
    endloop
  endfacet
  facet normal 0.183078 0.683506 0.706613
    outer loop
      vertex 15.0643 -9.03504 1.26655
      vertex 14.6008 -10.4616 2.76655
      vertex 14.9439 -10.5535 2.76655
    endloop
  endfacet
  facet normal 0.183078 0.683505 -0.706614
    outer loop
      vertex 15.3699 -10.6677 4.43345
      vertex 16.0248 -9.2924 5.93345
      vertex 15.713 -10.7596 4.43345
    endloop
  endfacet
  facet normal 0.183135 0.683483 -0.70662
    outer loop
      vertex 16.0248 -9.2924 5.93345
      vertex 15.3699 -10.6677 4.43345
      vertex 15.0643 -9.03504 5.93345
    endloop
  endfacet
  facet normal 0.183157 0.683483 -0.706615
    outer loop
      vertex 14.6008 -10.4616 4.43345
      vertex 15.0643 -9.03504 5.93345
      vertex 15.3699 -10.6677 4.43345
    endloop
  endfacet
  facet normal -0.183132 -0.68348 -0.706624
    outer loop
      vertex 16.0248 -9.2924 5.93345
      vertex 15.7854 -6.81579 3.6
      vertex 16.51 -7.00994 3.6
    endloop
  endfacet
  facet normal -0.183134 -0.68348 -0.706624
    outer loop
      vertex 16.0248 -9.2924 5.93345
      vertex 15.0643 -9.03504 5.93345
      vertex 15.7854 -6.81579 3.6
    endloop
  endfacet
  facet normal -0.183134 -0.68348 0.706624
    outer loop
      vertex 16.51 -7.00994 3.6
      vertex 15.0643 -9.03504 1.26655
      vertex 16.0248 -9.2924 1.26655
    endloop
  endfacet
  facet normal -0.183132 -0.68348 0.706624
    outer loop
      vertex 15.7854 -6.81579 3.6
      vertex 15.0643 -9.03504 1.26655
      vertex 16.51 -7.00994 3.6
    endloop
  endfacet
  facet normal 0.25356 0.660608 0.706615
    outer loop
      vertex 15.0643 -9.03504 1.26655
      vertex 13.8575 -10.1763 2.76655
      vertex 14.6008 -10.4616 2.76655
    endloop
  endfacet
  facet normal 0.253589 0.660588 0.706623
    outer loop
      vertex 14.136 -8.67868 1.26655
      vertex 13.8575 -10.1763 2.76655
      vertex 15.0643 -9.03504 1.26655
    endloop
  endfacet
  facet normal 0.253596 0.660586 0.706622
    outer loop
      vertex 13.8575 -10.1763 2.76655
      vertex 14.136 -8.67868 1.26655
      vertex 13.5259 -10.049 2.76655
    endloop
  endfacet
  facet normal 0.2536 0.660594 -0.706614
    outer loop
      vertex 14.2692 -10.3343 4.43345
      vertex 15.0643 -9.03504 5.93345
      vertex 14.6008 -10.4616 4.43345
    endloop
  endfacet
  facet normal 0.253593 0.660597 -0.706613
    outer loop
      vertex 15.0643 -9.03504 5.93345
      vertex 14.2692 -10.3343 4.43345
      vertex 14.136 -8.67868 5.93345
    endloop
  endfacet
  facet normal 0.253558 0.660602 -0.706621
    outer loop
      vertex 14.2692 -10.3343 4.43345
      vertex 13.5259 -10.049 4.43345
      vertex 14.136 -8.67868 5.93345
    endloop
  endfacet
  facet normal -0.253577 -0.660591 -0.706624
    outer loop
      vertex 15.7854 -6.81579 3.6
      vertex 15.0643 -9.03504 5.93345
      vertex 15.0851 -6.54697 3.6
    endloop
  endfacet
  facet normal -0.25359 -0.660589 -0.706622
    outer loop
      vertex 15.0643 -9.03504 5.93345
      vertex 14.136 -8.67868 5.93345
      vertex 15.0851 -6.54697 3.6
    endloop
  endfacet
  facet normal -0.253589 -0.660587 0.706624
    outer loop
      vertex 15.7854 -6.81579 3.6
      vertex 14.136 -8.67868 1.26655
      vertex 15.0643 -9.03504 1.26655
    endloop
  endfacet
  facet normal -0.253578 -0.660594 0.706621
    outer loop
      vertex 15.0851 -6.54697 3.6
      vertex 14.136 -8.67868 1.26655
      vertex 15.7854 -6.81579 3.6
    endloop
  endfacet
  facet normal 0.321256 0.630461 0.706621
    outer loop
      vertex 14.136 -8.67868 1.26655
      vertex 12.8165 -9.68752 2.76655
      vertex 13.5259 -10.049 2.76655
    endloop
  endfacet
  facet normal 0.321242 0.630473 0.706617
    outer loop
      vertex 13.25 -8.22724 1.26655
      vertex 12.8165 -9.68752 2.76655
      vertex 14.136 -8.67868 1.26655
    endloop
  endfacet
  facet normal 0.321201 0.630489 0.706621
    outer loop
      vertex 12.8165 -9.68752 2.76655
      vertex 13.25 -8.22724 1.26655
      vertex 12.5 -9.52628 2.76655
    endloop
  endfacet
  facet normal 0.3212 0.630488 -0.706623
    outer loop
      vertex 13.2094 -9.88776 4.43345
      vertex 14.136 -8.67868 5.93345
      vertex 13.5259 -10.049 4.43345
    endloop
  endfacet
  facet normal 0.321238 0.630464 -0.706627
    outer loop
      vertex 14.136 -8.67868 5.93345
      vertex 13.2094 -9.88776 4.43345
      vertex 13.25 -8.22724 5.93345
    endloop
  endfacet
  facet normal 0.321255 0.63046 -0.706623
    outer loop
      vertex 13.2094 -9.88776 4.43345
      vertex 12.5 -9.52628 4.43345
      vertex 13.25 -8.22724 5.93345
    endloop
  endfacet
  facet normal -0.321235 -0.630471 -0.706622
    outer loop
      vertex 15.0851 -6.54697 3.6
      vertex 14.136 -8.67868 5.93345
      vertex 14.4167 -6.20641 3.6
    endloop
  endfacet
  facet normal -0.321241 -0.63047 -0.70662
    outer loop
      vertex 14.136 -8.67868 5.93345
      vertex 13.25 -8.22724 5.93345
      vertex 14.4167 -6.20641 3.6
    endloop
  endfacet
  facet normal -0.32124 -0.630469 0.706621
    outer loop
      vertex 15.0851 -6.54697 3.6
      vertex 13.25 -8.22724 1.26655
      vertex 14.136 -8.67868 1.26655
    endloop
  endfacet
  facet normal -0.321235 -0.630473 0.70662
    outer loop
      vertex 14.4167 -6.20641 3.6
      vertex 13.25 -8.22724 1.26655
      vertex 15.0851 -6.54697 3.6
    endloop
  endfacet
  facet normal 0.385366 0.593445 0.706623
    outer loop
      vertex 13.25 -8.22724 1.26655
      vertex 11.8322 -9.09263 2.76655
      vertex 12.5 -9.52628 2.76655
    endloop
  endfacet
  facet normal 0.385368 0.593443 0.706623
    outer loop
      vertex 12.416 -7.68566 1.26655
      vertex 11.8322 -9.09263 2.76655
      vertex 13.25 -8.22724 1.26655
    endloop
  endfacet
  facet normal 0.385451 0.5934 0.706615
    outer loop
      vertex 11.8322 -9.09263 2.76655
      vertex 12.416 -7.68566 1.26655
      vertex 11.5344 -8.89919 2.76655
    endloop
  endfacet
  facet normal 0.385355 0.593452 -0.706623
    outer loop
      vertex 12.2021 -9.33284 4.43345
      vertex 13.25 -8.22724 5.93345
      vertex 12.5 -9.52628 4.43345
    endloop
  endfacet
  facet normal 0.385368 0.593442 -0.706624
    outer loop
      vertex 13.25 -8.22724 5.93345
      vertex 12.2021 -9.33284 4.43345
      vertex 12.416 -7.68566 5.93345
    endloop
  endfacet
  facet normal 0.385412 0.593427 -0.706613
    outer loop
      vertex 12.2021 -9.33284 4.43345
      vertex 11.5344 -8.89919 4.43345
      vertex 12.416 -7.68566 5.93345
    endloop
  endfacet
  facet normal -0.385388 -0.593434 -0.70662
    outer loop
      vertex 14.4167 -6.20641 3.6
      vertex 13.25 -8.22724 5.93345
      vertex 13.7876 -5.79786 3.6
    endloop
  endfacet
  facet normal -0.385368 -0.593443 -0.706624
    outer loop
      vertex 13.25 -8.22724 5.93345
      vertex 12.416 -7.68566 5.93345
      vertex 13.7876 -5.79786 3.6
    endloop
  endfacet
  facet normal -0.38537 -0.593446 0.70662
    outer loop
      vertex 14.4167 -6.20641 3.6
      vertex 12.416 -7.68566 1.26655
      vertex 13.25 -8.22724 1.26655
    endloop
  endfacet
  facet normal -0.385386 -0.593431 0.706625
    outer loop
      vertex 13.7876 -5.79786 3.6
      vertex 12.416 -7.68566 1.26655
      vertex 14.4167 -6.20641 3.6
    endloop
  endfacet
  facet normal 0.445301 0.549916 0.706611
    outer loop
      vertex 12.416 -7.68566 1.26655
      vertex 10.9156 -8.39811 2.76655
      vertex 11.5344 -8.89919 2.76655
    endloop
  endfacet
  facet normal 0.445328 0.549881 0.706622
    outer loop
      vertex 11.6433 -7.05988 1.26655
      vertex 10.9156 -8.39811 2.76655
      vertex 12.416 -7.68566 1.26655
    endloop
  endfacet
  facet normal 0.445325 0.549883 0.706622
    outer loop
      vertex 10.9156 -8.39811 2.76655
      vertex 11.6433 -7.05988 1.26655
      vertex 10.6396 -8.17459 2.76655
    endloop
  endfacet
  facet normal 0.445233 0.549968 -0.706613
    outer loop
      vertex 11.2583 -8.67567 4.43345
      vertex 12.416 -7.68566 5.93345
      vertex 11.5344 -8.89919 4.43345
    endloop
  endfacet
  facet normal 0.445325 0.549878 -0.706625
    outer loop
      vertex 12.416 -7.68566 5.93345
      vertex 11.2583 -8.67567 4.43345
      vertex 11.6433 -7.05988 5.93345
    endloop
  endfacet
  facet normal 0.445337 0.549873 -0.706622
    outer loop
      vertex 10.6396 -8.17459 4.43345
      vertex 11.6433 -7.05988 5.93345
      vertex 11.2583 -8.67567 4.43345
    endloop
  endfacet
  facet normal -0.445286 -0.54991 -0.706625
    outer loop
      vertex 13.7876 -5.79786 3.6
      vertex 12.416 -7.68566 5.93345
      vertex 13.2046 -5.32578 3.6
    endloop
  endfacet
  facet normal -0.445331 -0.549886 -0.706616
    outer loop
      vertex 12.416 -7.68566 5.93345
      vertex 11.6433 -7.05988 5.93345
      vertex 13.2046 -5.32578 3.6
    endloop
  endfacet
  facet normal -0.445326 -0.549879 0.706624
    outer loop
      vertex 13.7876 -5.79786 3.6
      vertex 11.6433 -7.05988 1.26655
      vertex 12.416 -7.68566 1.26655
    endloop
  endfacet
  facet normal -0.445293 -0.549919 0.706614
    outer loop
      vertex 13.2046 -5.32578 3.6
      vertex 11.6433 -7.05988 1.26655
      vertex 13.7876 -5.79786 3.6
    endloop
  endfacet
  facet normal 0.500321 0.500364 0.706622
    outer loop
      vertex 10.9401 -6.35674 1.26655
      vertex 10.6396 -8.17459 2.76655
      vertex 11.6433 -7.05988 1.26655
    endloop
  endfacet
  facet normal 0.500333 0.500358 0.706617
    outer loop
      vertex 10.6396 -8.17459 2.76655
      vertex 10.9401 -6.35674 1.26655
      vertex 9.82541 -7.36044 2.76655
    endloop
  endfacet
  facet normal 0.500321 0.500364 -0.706622
    outer loop
      vertex 10.6396 -8.17459 4.43345
      vertex 10.9401 -6.35674 5.93345
      vertex 11.6433 -7.05988 5.93345
    endloop
  endfacet
  facet normal 0.500333 0.500358 -0.706617
    outer loop
      vertex 10.9401 -6.35674 5.93345
      vertex 10.6396 -8.17459 4.43345
      vertex 9.82541 -7.36044 4.43345
    endloop
  endfacet
  facet normal -0.500358 -0.500339 -0.706613
    outer loop
      vertex 11.6433 -7.05988 5.93345
      vertex 12.6742 -4.79536 3.6
      vertex 13.2046 -5.32578 3.6
    endloop
  endfacet
  facet normal -0.500321 -0.500364 -0.706622
    outer loop
      vertex 12.6742 -4.79536 3.6
      vertex 11.6433 -7.05988 5.93345
      vertex 10.9401 -6.35674 5.93345
    endloop
  endfacet
  facet normal -0.500358 -0.500339 0.706613
    outer loop
      vertex 12.6742 -4.79536 3.6
      vertex 11.6433 -7.05988 1.26655
      vertex 13.2046 -5.32578 3.6
    endloop
  endfacet
  facet normal -0.500321 -0.500364 0.706622
    outer loop
      vertex 11.6433 -7.05988 1.26655
      vertex 12.6742 -4.79536 3.6
      vertex 10.9401 -6.35674 1.26655
    endloop
  endfacet
  facet normal 0.549904 0.445305 0.706617
    outer loop
      vertex 10.9401 -6.35674 1.26655
      vertex 9.32433 -6.74166 2.76655
      vertex 9.82541 -7.36044 2.76655
    endloop
  endfacet
  facet normal 0.549901 0.445312 0.706616
    outer loop
      vertex 10.3143 -5.58396 1.26655
      vertex 9.32433 -6.74166 2.76655
      vertex 10.9401 -6.35674 1.26655
    endloop
  endfacet
  facet normal 0.549903 0.44531 0.706615
    outer loop
      vertex 9.32433 -6.74166 2.76655
      vertex 10.3143 -5.58396 1.26655
      vertex 9.10081 -6.46564 2.76655
    endloop
  endfacet
  facet normal 0.549902 0.445309 -0.706617
    outer loop
      vertex 9.60189 -7.08442 4.43345
      vertex 10.9401 -6.35674 5.93345
      vertex 9.82541 -7.36044 4.43345
    endloop
  endfacet
  facet normal 0.5499 0.445311 -0.706617
    outer loop
      vertex 10.9401 -6.35674 5.93345
      vertex 9.60189 -7.08442 4.43345
      vertex 10.3143 -5.58396 5.93345
    endloop
  endfacet
  facet normal 0.549906 0.445307 -0.706616
    outer loop
      vertex 9.10081 -6.46564 4.43345
      vertex 10.3143 -5.58396 5.93345
      vertex 9.60189 -7.08442 4.43345
    endloop
  endfacet
  facet normal -0.549892 -0.445313 -0.706623
    outer loop
      vertex 12.6742 -4.79536 3.6
      vertex 10.9401 -6.35674 5.93345
      vertex 12.2021 -4.21239 3.6
    endloop
  endfacet
  facet normal -0.549897 -0.445308 -0.706622
    outer loop
      vertex 10.9401 -6.35674 5.93345
      vertex 10.3143 -5.58396 5.93345
      vertex 12.2021 -4.21239 3.6
    endloop
  endfacet
  facet normal -0.549896 -0.445308 0.706623
    outer loop
      vertex 12.6742 -4.79536 3.6
      vertex 10.3143 -5.58396 1.26655
      vertex 10.9401 -6.35674 1.26655
    endloop
  endfacet
  facet normal -0.549893 -0.445313 0.706622
    outer loop
      vertex 12.2021 -4.21239 3.6
      vertex 10.3143 -5.58396 1.26655
      vertex 12.6742 -4.79536 3.6
    endloop
  endfacet
  facet normal 0.593444 0.385383 0.706615
    outer loop
      vertex 10.3143 -5.58396 1.26655
      vertex 8.66716 -5.79787 2.76655
      vertex 9.10081 -6.46564 2.76655
    endloop
  endfacet
  facet normal 0.593451 0.385363 0.70662
    outer loop
      vertex 9.77276 -4.75 1.26655
      vertex 8.66716 -5.79787 2.76655
      vertex 10.3143 -5.58396 1.26655
    endloop
  endfacet
  facet normal 0.593435 0.385383 0.706622
    outer loop
      vertex 8.66716 -5.79787 2.76655
      vertex 9.77276 -4.75 1.26655
      vertex 8.47372 -5.5 2.76655
    endloop
  endfacet
  facet normal 0.593441 0.385387 -0.706615
    outer loop
      vertex 8.90737 -6.16777 4.43345
      vertex 10.3143 -5.58396 5.93345
      vertex 9.10081 -6.46564 4.43345
    endloop
  endfacet
  facet normal 0.593453 0.385364 -0.706617
    outer loop
      vertex 10.3143 -5.58396 5.93345
      vertex 8.90737 -6.16777 4.43345
      vertex 9.77276 -4.75 5.93345
    endloop
  endfacet
  facet normal 0.593438 0.385379 -0.706622
    outer loop
      vertex 8.47372 -5.5 4.43345
      vertex 9.77276 -4.75 5.93345
      vertex 8.90737 -6.16777 4.43345
    endloop
  endfacet
  facet normal -0.593461 -0.385346 -0.706621
    outer loop
      vertex 12.2021 -4.21239 3.6
      vertex 10.3143 -5.58396 5.93345
      vertex 11.7936 -3.58327 3.6
    endloop
  endfacet
  facet normal -0.593447 -0.38536 -0.706624
    outer loop
      vertex 10.3143 -5.58396 5.93345
      vertex 9.77276 -4.75 5.93345
      vertex 11.7936 -3.58327 3.6
    endloop
  endfacet
  facet normal -0.59345 -0.385362 0.706621
    outer loop
      vertex 12.2021 -4.21239 3.6
      vertex 9.77276 -4.75 1.26655
      vertex 10.3143 -5.58396 1.26655
    endloop
  endfacet
  facet normal -0.593457 -0.385343 0.706625
    outer loop
      vertex 11.7936 -3.58327 3.6
      vertex 9.77276 -4.75 1.26655
      vertex 12.2021 -4.21239 3.6
    endloop
  endfacet
  facet normal 0.630467 0.321241 0.706622
    outer loop
      vertex 9.77276 -4.75 1.26655
      vertex 8.11224 -4.79056 2.76655
      vertex 8.47372 -5.5 2.76655
    endloop
  endfacet
  facet normal 0.630468 0.32124 0.706623
    outer loop
      vertex 9.32132 -3.864 1.26655
      vertex 8.11224 -4.79056 2.76655
      vertex 9.77276 -4.75 1.26655
    endloop
  endfacet
  facet normal 0.630472 0.321233 0.706622
    outer loop
      vertex 7.951 -4.4741 2.76655
      vertex 8.11224 -4.79056 2.76655
      vertex 9.32132 -3.864 1.26655
    endloop
  endfacet
  facet normal 0.630472 0.321233 -0.706622
    outer loop
      vertex 8.31248 -5.18354 4.43345
      vertex 9.77276 -4.75 5.93345
      vertex 8.47372 -5.5 4.43345
    endloop
  endfacet
  facet normal 0.630469 0.32124 -0.706621
    outer loop
      vertex 9.77276 -4.75 5.93345
      vertex 8.31248 -5.18354 4.43345
      vertex 9.32132 -3.864 5.93345
    endloop
  endfacet
  facet normal 0.630468 0.321241 -0.706622
    outer loop
      vertex 7.951 -4.4741 4.43345
      vertex 9.32132 -3.864 5.93345
      vertex 8.31248 -5.18354 4.43345
    endloop
  endfacet
  facet normal -0.630447 -0.321275 -0.706625
    outer loop
      vertex 11.7936 -3.58327 3.6
      vertex 9.77276 -4.75 5.93345
      vertex 11.453 -2.9149 3.6
    endloop
  endfacet
  facet normal -0.630472 -0.321242 -0.706617
    outer loop
      vertex 9.77276 -4.75 5.93345
      vertex 9.32132 -3.864 5.93345
      vertex 11.453 -2.9149 3.6
    endloop
  endfacet
  facet normal -0.630467 -0.321239 0.706624
    outer loop
      vertex 11.7936 -3.58327 3.6
      vertex 9.32132 -3.864 1.26655
      vertex 9.77276 -4.75 1.26655
    endloop
  endfacet
  facet normal -0.630455 -0.321279 0.706616
    outer loop
      vertex 11.453 -2.9149 3.6
      vertex 9.32132 -3.864 1.26655
      vertex 11.7936 -3.58327 3.6
    endloop
  endfacet
  facet normal 0.660593 0.25358 0.706622
    outer loop
      vertex 9.32132 -3.864 1.26655
      vertex 7.66566 -3.73077 2.76655
      vertex 7.951 -4.4741 2.76655
    endloop
  endfacet
  facet normal 0.660593 0.25358 0.706622
    outer loop
      vertex 8.96496 -2.93566 1.26655
      vertex 7.66566 -3.73077 2.76655
      vertex 9.32132 -3.864 1.26655
    endloop
  endfacet
  facet normal 0.660595 0.253575 0.706621
    outer loop
      vertex 7.66566 -3.73077 2.76655
      vertex 8.96496 -2.93566 1.26655
      vertex 7.53838 -3.39919 2.76655
    endloop
  endfacet
  facet normal 0.660595 0.253575 -0.706622
    outer loop
      vertex 7.82372 -4.14252 4.43345
      vertex 9.32132 -3.864 5.93345
      vertex 7.951 -4.4741 4.43345
    endloop
  endfacet
  facet normal 0.660593 0.253581 -0.706621
    outer loop
      vertex 9.32132 -3.864 5.93345
      vertex 7.82372 -4.14252 4.43345
      vertex 8.96496 -2.93566 5.93345
    endloop
  endfacet
  facet normal 0.660594 0.25358 -0.706621
    outer loop
      vertex 7.82372 -4.14252 4.43345
      vertex 7.53838 -3.39919 4.43345
      vertex 8.96496 -2.93566 5.93345
    endloop
  endfacet
  facet normal -0.660607 -0.253557 -0.706617
    outer loop
      vertex 11.453 -2.9149 3.6
      vertex 9.32132 -3.864 5.93345
      vertex 11.1842 -2.21458 3.6
    endloop
  endfacet
  facet normal -0.660593 -0.25358 -0.706622
    outer loop
      vertex 9.32132 -3.864 5.93345
      vertex 8.96496 -2.93566 5.93345
      vertex 11.1842 -2.21458 3.6
    endloop
  endfacet
  facet normal -0.660597 -0.253582 0.706617
    outer loop
      vertex 11.453 -2.9149 3.6
      vertex 8.96496 -2.93566 1.26655
      vertex 9.32132 -3.864 1.26655
    endloop
  endfacet
  facet normal -0.660602 -0.253555 0.706622
    outer loop
      vertex 11.1842 -2.21458 3.6
      vertex 8.96496 -2.93566 1.26655
      vertex 11.453 -2.9149 3.6
    endloop
  endfacet
  facet normal 0.683481 0.183141 0.706621
    outer loop
      vertex 8.96496 -2.93566 1.26655
      vertex 7.3323 -2.6301 2.76655
      vertex 7.53838 -3.39919 2.76655
    endloop
  endfacet
  facet normal 0.683481 0.183135 0.706622
    outer loop
      vertex 8.7076 -1.97516 1.26655
      vertex 7.3323 -2.6301 2.76655
      vertex 8.96496 -2.93566 1.26655
    endloop
  endfacet
  facet normal 0.683483 0.183128 0.706622
    outer loop
      vertex 7.3323 -2.6301 2.76655
      vertex 8.7076 -1.97516 1.26655
      vertex 7.24038 -2.28703 2.76655
    endloop
  endfacet
  facet normal 0.683479 0.183147 -0.706621
    outer loop
      vertex 7.44645 -3.05612 4.43345
      vertex 8.96496 -2.93566 5.93345
      vertex 7.53838 -3.39919 4.43345
    endloop
  endfacet
  facet normal 0.683481 0.183135 -0.706622
    outer loop
      vertex 8.96496 -2.93566 5.93345
      vertex 7.44645 -3.05612 4.43345
      vertex 8.7076 -1.97516 5.93345
    endloop
  endfacet
  facet normal 0.683482 0.183132 -0.706622
    outer loop
      vertex 7.44645 -3.05612 4.43345
      vertex 7.24038 -2.28703 4.43345
      vertex 8.7076 -1.97516 5.93345
    endloop
  endfacet
  facet normal -0.683494 -0.183096 -0.70662
    outer loop
      vertex 11.1842 -2.21458 3.6
      vertex 8.96496 -2.93566 5.93345
      vertex 10.9901 -1.49001 3.6
    endloop
  endfacet
  facet normal -0.683476 -0.183133 -0.706628
    outer loop
      vertex 8.96496 -2.93566 5.93345
      vertex 8.7076 -1.97516 5.93345
      vertex 10.9901 -1.49001 3.6
    endloop
  endfacet
  facet normal -0.683482 -0.183135 0.706621
    outer loop
      vertex 11.1842 -2.21458 3.6
      vertex 8.7076 -1.97516 1.26655
      vertex 8.96496 -2.93566 1.26655
    endloop
  endfacet
  facet normal -0.683485 -0.183094 0.706629
    outer loop
      vertex 10.9901 -1.49001 3.6
      vertex 8.7076 -1.97516 1.26655
      vertex 11.1842 -2.21458 3.6
    endloop
  endfacet
  facet normal 0.69888 0.110695 0.706622
    outer loop
      vertex 8.7076 -1.97516 1.26655
      vertex 7.11582 -1.50061 2.76655
      vertex 7.24038 -2.28703 2.76655
    endloop
  endfacet
  facet normal 0.69888 0.110695 0.706622
    outer loop
      vertex 8.55204 -0.99302 1.26655
      vertex 7.11582 -1.50061 2.76655
      vertex 8.7076 -1.97516 1.26655
    endloop
  endfacet
  facet normal 0.698881 0.110689 0.706621
    outer loop
      vertex 8.55204 -0.99302 1.26655
      vertex 7.06026 -1.14981 2.76655
      vertex 7.11582 -1.50061 2.76655
    endloop
  endfacet
  facet normal 0.698881 0.110689 -0.706621
    outer loop
      vertex 7.18482 -1.93623 4.43345
      vertex 8.7076 -1.97516 5.93345
      vertex 7.24038 -2.28703 4.43345
    endloop
  endfacet
  facet normal 0.69888 0.110695 -0.706621
    outer loop
      vertex 8.7076 -1.97516 5.93345
      vertex 7.18482 -1.93623 4.43345
      vertex 8.55204 -0.99302 5.93345
    endloop
  endfacet
  facet normal 0.69888 0.110695 -0.706621
    outer loop
      vertex 7.06026 -1.14981 4.43345
      vertex 8.55204 -0.99302 5.93345
      vertex 7.18482 -1.93623 4.43345
    endloop
  endfacet
  facet normal -0.698865 -0.110739 -0.706629
    outer loop
      vertex 10.9901 -1.49001 3.6
      vertex 8.7076 -1.97516 5.93345
      vertex 10.8727 -0.749107 3.6
    endloop
  endfacet
  facet normal -0.69888 -0.110695 -0.706621
    outer loop
      vertex 8.7076 -1.97516 5.93345
      vertex 8.55204 -0.99302 5.93345
      vertex 10.8727 -0.749107 3.6
    endloop
  endfacet
  facet normal -0.698873 -0.110694 0.706628
    outer loop
      vertex 10.9901 -1.49001 3.6
      vertex 8.55204 -0.99302 1.26655
      vertex 8.7076 -1.97516 1.26655
    endloop
  endfacet
  facet normal -0.698874 -0.11074 0.706619
    outer loop
      vertex 10.8727 -0.749107 3.6
      vertex 8.55204 -0.99302 1.26655
      vertex 10.9901 -1.49001 3.6
    endloop
  endfacet
  facet normal 0.706623 0.0370318 0.706621
    outer loop
      vertex 8.55204 -0.99302 1.26655
      vertex 7.01859 -0.354683 2.76655
      vertex 7.06026 -1.14981 2.76655
    endloop
  endfacet
  facet normal 0.706622 0.0370362 0.706622
    outer loop
      vertex 7.01859 -0.354683 2.76655
      vertex 8.5 0 1.26655
      vertex 7 0 2.76655
    endloop
  endfacet
  facet normal 0.706622 0.0370311 0.706621
    outer loop
      vertex 8.5 0 1.26655
      vertex 7.01859 -0.354683 2.76655
      vertex 8.55204 -0.99302 1.26655
    endloop
  endfacet
  facet normal 0.706622 0.0370365 -0.706621
    outer loop
      vertex 7.04167 -0.79513 4.43345
      vertex 8.55204 -0.99302 5.93345
      vertex 7.06026 -1.14981 4.43345
    endloop
  endfacet
  facet normal 0.706622 0.0370311 -0.706622
    outer loop
      vertex 8.55204 -0.99302 5.93345
      vertex 7.04167 -0.79513 4.43345
      vertex 8.5 0 5.93345
    endloop
  endfacet
  facet normal 0.706622 0.0370316 -0.706622
    outer loop
      vertex 7.04167 -0.79513 4.43345
      vertex 7 0 4.43345
      vertex 8.5 0 5.93345
    endloop
  endfacet
  facet normal -0.706627 -0.0369771 -0.706619
    outer loop
      vertex 10.8727 -0.749107 3.6
      vertex 8.55204 -0.99302 5.93345
      vertex 10.8335 0 3.6
    endloop
  endfacet
  facet normal -0.706614 -0.0370307 -0.706629
    outer loop
      vertex 8.55204 -0.99302 5.93345
      vertex 8.5 0 5.93345
      vertex 10.8335 0 3.6
    endloop
  endfacet
  facet normal -0.706623 -0.0370311 0.706621
    outer loop
      vertex 10.8727 -0.749107 3.6
      vertex 8.5 0 1.26655
      vertex 8.55204 -0.99302 1.26655
    endloop
  endfacet
  facet normal -0.706616 -0.0369765 0.706631
    outer loop
      vertex 10.8335 0 3.6
      vertex 8.5 0 1.26655
      vertex 10.8727 -0.749107 3.6
    endloop
  endfacet
endsolid OpenSCAD_Model
