solid OpenSCAD_Model
  facet normal 1 0 0
    outer loop
      vertex 23 55 3
      vertex 23 47 -3
      vertex 23 55 -23
    endloop
  endfacet
  facet normal 1 -0 0
    outer loop
      vertex 23 3 3
      vertex 23 47 -3
      vertex 23 55 3
    endloop
  endfacet
  facet normal 1 0 0
    outer loop
      vertex 23 47 -3
      vertex 23 3 3
      vertex 23 3 -3
    endloop
  endfacet
  facet normal 1 0 0
    outer loop
      vertex 23 55 -23
      vertex 23 47 -3
      vertex 23 47 -23
    endloop
  endfacet
  facet normal 0 1 0
    outer loop
      vertex 23 55 3
      vertex 10 55 2.5
      vertex -23 55 3
    endloop
  endfacet
  facet normal 0 1 0
    outer loop
      vertex 23 55 3
      vertex 10 55 -22.5
      vertex 10 55 2.5
    endloop
  endfacet
  facet normal 0 1 0
    outer loop
      vertex 10 55 -22.5
      vertex 23 55 -23
      vertex -10 55 -22.5
    endloop
  endfacet
  facet normal 0 1 -0
    outer loop
      vertex 23 55 -23
      vertex 10 55 -22.5
      vertex 23 55 3
    endloop
  endfacet
  facet normal 0 1 -0
    outer loop
      vertex -10 55 2.5
      vertex -23 55 3
      vertex 10 55 2.5
    endloop
  endfacet
  facet normal 0 1 -0
    outer loop
      vertex -10 55 -22.5
      vertex -23 55 3
      vertex -10 55 2.5
    endloop
  endfacet
  facet normal 0 1 0
    outer loop
      vertex -10 55 -22.5
      vertex -23 55 -23
      vertex -23 55 3
    endloop
  endfacet
  facet normal 0 1 0
    outer loop
      vertex -23 55 -23
      vertex -10 55 -22.5
      vertex 23 55 -23
    endloop
  endfacet
  facet normal 0 1 -0
    outer loop
      vertex 13.505 3 -4.38804
      vertex 9.73726 3 -3
      vertex 13.8382 3 -3
    endloop
  endfacet
  facet normal 0 1 0
    outer loop
      vertex 9.73726 3 -3
      vertex 13.505 3 -4.38804
      vertex 9.70078 3 -3.15197
    endloop
  endfacet
  facet normal 0 1 0
    outer loop
      vertex 13.505 3 -4.38804
      vertex 9.08827 3 -4.6307
      vertex 9.70078 3 -3.15197
    endloop
  endfacet
  facet normal 0 1 -0
    outer loop
      vertex 12.6523 3 -6.44666
      vertex 9.08827 3 -4.6307
      vertex 13.505 3 -4.38804
    endloop
  endfacet
  facet normal 0 1 0
    outer loop
      vertex 9.08827 3 -4.6307
      vertex 12.6523 3 -6.44666
      vertex 8.25197 3 -5.99541
    endloop
  endfacet
  facet normal 0 1 -0
    outer loop
      vertex 11.488 3 -8.34655
      vertex 8.25197 3 -5.99541
      vertex 12.6523 3 -6.44666
    endloop
  endfacet
  facet normal 0 1 0
    outer loop
      vertex 8.25197 3 -5.99541
      vertex 11.488 3 -8.34655
      vertex 7.21249 3 -7.21249
    endloop
  endfacet
  facet normal 0 1 -0
    outer loop
      vertex 10.0409 3 -10.0409
      vertex 7.21249 3 -7.21249
      vertex 11.488 3 -8.34655
    endloop
  endfacet
  facet normal 0 1 0
    outer loop
      vertex 7.21249 3 -7.21249
      vertex 10.0409 3 -10.0409
      vertex 5.99541 3 -8.25197
    endloop
  endfacet
  facet normal 0 1 -0
    outer loop
      vertex 8.34655 3 -11.488
      vertex 5.99541 3 -8.25197
      vertex 10.0409 3 -10.0409
    endloop
  endfacet
  facet normal 0 1 0
    outer loop
      vertex 5.99541 3 -8.25197
      vertex 8.34655 3 -11.488
      vertex 4.6307 3 -9.08827
    endloop
  endfacet
  facet normal 0 1 -0
    outer loop
      vertex 6.44666 3 -12.6523
      vertex 4.6307 3 -9.08827
      vertex 8.34655 3 -11.488
    endloop
  endfacet
  facet normal 0 1 -0
    outer loop
      vertex 6 3 -12.8373
      vertex 4.6307 3 -9.08827
      vertex 6.44666 3 -12.6523
    endloop
  endfacet
  facet normal 0 1 0
    outer loop
      vertex 4.6307 3 -9.08827
      vertex 6 3 -12.8373
      vertex 3.15197 3 -9.70078
    endloop
  endfacet
  facet normal 0 1 0
    outer loop
      vertex -13.505 3 -4.38804
      vertex -9.73726 3 -3
      vertex -9.70078 3 -3.15197
    endloop
  endfacet
  facet normal 0 1 0
    outer loop
      vertex -9.73726 3 -3
      vertex -13.505 3 -4.38804
      vertex -13.8382 3 -3
    endloop
  endfacet
  facet normal 0 1 0
    outer loop
      vertex -9.08827 3 -4.6307
      vertex -13.505 3 -4.38804
      vertex -9.70078 3 -3.15197
    endloop
  endfacet
  facet normal 0 1 0
    outer loop
      vertex -12.6523 3 -6.44666
      vertex -9.08827 3 -4.6307
      vertex -8.25197 3 -5.99541
    endloop
  endfacet
  facet normal 0 1 0
    outer loop
      vertex -9.08827 3 -4.6307
      vertex -12.6523 3 -6.44666
      vertex -13.505 3 -4.38804
    endloop
  endfacet
  facet normal 0 1 0
    outer loop
      vertex -11.488 3 -8.34655
      vertex -8.25197 3 -5.99541
      vertex -7.21249 3 -7.21249
    endloop
  endfacet
  facet normal 0 1 0
    outer loop
      vertex -10.0409 3 -10.0409
      vertex -7.21249 3 -7.21249
      vertex -5.99541 3 -8.25197
    endloop
  endfacet
  facet normal 0 1 0
    outer loop
      vertex -8.25197 3 -5.99541
      vertex -11.488 3 -8.34655
      vertex -12.6523 3 -6.44666
    endloop
  endfacet
  facet normal 0 1 0
    outer loop
      vertex -8.34655 3 -11.488
      vertex -5.99541 3 -8.25197
      vertex -4.6307 3 -9.08827
    endloop
  endfacet
  facet normal 0 1 0
    outer loop
      vertex -6 3 -12.8373
      vertex -4.6307 3 -9.08827
      vertex -3.15197 3 -9.70078
    endloop
  endfacet
  facet normal 0 1 0
    outer loop
      vertex -7.21249 3 -7.21249
      vertex -10.0409 3 -10.0409
      vertex -11.488 3 -8.34655
    endloop
  endfacet
  facet normal 0 1 0
    outer loop
      vertex -6 3 -12.8373
      vertex -3.15197 3 -9.70078
      vertex -1.59563 3 -10.0744
    endloop
  endfacet
  facet normal 0 1 0
    outer loop
      vertex -6 3 -12.8373
      vertex -1.59563 3 -10.0744
      vertex 0 3 -10.2
    endloop
  endfacet
  facet normal 0 1 0
    outer loop
      vertex 3.15197 3 -9.70078
      vertex 6 3 -12.8373
      vertex 1.59563 3 -10.0744
    endloop
  endfacet
  facet normal 0 1 0
    outer loop
      vertex -6 3 -12.8373
      vertex 0 3 -10.2
      vertex 6 3 -12.8373
    endloop
  endfacet
  facet normal 0 1 0
    outer loop
      vertex 1.59563 3 -10.0744
      vertex 6 3 -12.8373
      vertex 0 3 -10.2
    endloop
  endfacet
  facet normal 0 1 0
    outer loop
      vertex -4.6307 3 -9.08827
      vertex -6 3 -12.8373
      vertex -6.44666 3 -12.6523
    endloop
  endfacet
  facet normal 0 1 0
    outer loop
      vertex -5.99541 3 -8.25197
      vertex -8.34655 3 -11.488
      vertex -10.0409 3 -10.0409
    endloop
  endfacet
  facet normal 0 1 0
    outer loop
      vertex -4.6307 3 -9.08827
      vertex -6.44666 3 -12.6523
      vertex -8.34655 3 -11.488
    endloop
  endfacet
  facet normal 0 1 -0
    outer loop
      vertex 6 3 -30.2
      vertex -6 3 -12.8373
      vertex 6 3 -12.8373
    endloop
  endfacet
  facet normal 0 1 0
    outer loop
      vertex -6 3 -12.8373
      vertex 6 3 -30.2
      vertex -6 3 -30.2
    endloop
  endfacet
  facet normal 0 -1 0
    outer loop
      vertex 14.0252 3 2.22137
      vertex 23 3 3
      vertex 13.8382 3 3
    endloop
  endfacet
  facet normal 0 -1 0
    outer loop
      vertex 14.2 3 0
      vertex 23 3 3
      vertex 14.0252 3 2.22137
    endloop
  endfacet
  facet normal 0 -1 0
    outer loop
      vertex 23 3 -3
      vertex 14.2 3 0
      vertex 14.0252 3 -2.22137
    endloop
  endfacet
  facet normal 0 -1 0
    outer loop
      vertex 23 3 -3
      vertex 14.0252 3 -2.22137
      vertex 13.8382 3 -3
    endloop
  endfacet
  facet normal 0 -1 0
    outer loop
      vertex 14.2 3 0
      vertex 23 3 -3
      vertex 23 3 3
    endloop
  endfacet
  facet normal 0 -1 0
    outer loop
      vertex -23 3 3
      vertex -14.0252 3 2.22137
      vertex -13.8382 3 3
    endloop
  endfacet
  facet normal 0 -1 0
    outer loop
      vertex -23 3 3
      vertex -14.2 3 0
      vertex -14.0252 3 2.22137
    endloop
  endfacet
  facet normal 0 -1 0
    outer loop
      vertex -23 3 -3
      vertex -14.2 3 0
      vertex -23 3 3
    endloop
  endfacet
  facet normal 0 -1 -0
    outer loop
      vertex -14.2 3 0
      vertex -23 3 -3
      vertex -14.0252 3 -2.22137
    endloop
  endfacet
  facet normal 0 -1 -0
    outer loop
      vertex -14.0252 3 -2.22137
      vertex -23 3 -3
      vertex -13.8382 3 -3
    endloop
  endfacet
  facet normal 0 1 0
    outer loop
      vertex 0 3 10.2
      vertex 0 3 14.2
      vertex 2.22137 3 14.0252
    endloop
  endfacet
  facet normal 0 1 0
    outer loop
      vertex 1.59563 3 10.0744
      vertex 2.22137 3 14.0252
      vertex 4.38804 3 13.505
    endloop
  endfacet
  facet normal 0 1 0
    outer loop
      vertex 0 3 14.2
      vertex 0 3 10.2
      vertex -2.22137 3 14.0252
    endloop
  endfacet
  facet normal 0 1 0
    outer loop
      vertex 3.15197 3 9.70078
      vertex 4.38804 3 13.505
      vertex 6.44666 3 12.6523
    endloop
  endfacet
  facet normal 0 1 -0
    outer loop
      vertex -1.59563 3 10.0744
      vertex -2.22137 3 14.0252
      vertex 0 3 10.2
    endloop
  endfacet
  facet normal 0 1 0
    outer loop
      vertex 4.6307 3 9.08827
      vertex 6.44666 3 12.6523
      vertex 8.34655 3 11.488
    endloop
  endfacet
  facet normal 0 1 0
    outer loop
      vertex -2.22137 3 14.0252
      vertex -1.59563 3 10.0744
      vertex -4.38804 3 13.505
    endloop
  endfacet
  facet normal 0 1 -0
    outer loop
      vertex -3.15197 3 9.70078
      vertex -4.38804 3 13.505
      vertex -1.59563 3 10.0744
    endloop
  endfacet
  facet normal 0 1 0
    outer loop
      vertex 2.22137 3 14.0252
      vertex 1.59563 3 10.0744
      vertex 0 3 10.2
    endloop
  endfacet
  facet normal 0 1 0
    outer loop
      vertex 5.99541 3 8.25197
      vertex 8.34655 3 11.488
      vertex 10.0409 3 10.0409
    endloop
  endfacet
  facet normal 0 1 0
    outer loop
      vertex 4.38804 3 13.505
      vertex 3.15197 3 9.70078
      vertex 1.59563 3 10.0744
    endloop
  endfacet
  facet normal 0 1 0
    outer loop
      vertex 6.44666 3 12.6523
      vertex 4.6307 3 9.08827
      vertex 3.15197 3 9.70078
    endloop
  endfacet
  facet normal 0 1 0
    outer loop
      vertex 7.21249 3 7.21249
      vertex 10.0409 3 10.0409
      vertex 11.488 3 8.34655
    endloop
  endfacet
  facet normal 0 1 0
    outer loop
      vertex 8.34655 3 11.488
      vertex 5.99541 3 8.25197
      vertex 4.6307 3 9.08827
    endloop
  endfacet
  facet normal 0 1 0
    outer loop
      vertex 10.0409 3 10.0409
      vertex 7.21249 3 7.21249
      vertex 5.99541 3 8.25197
    endloop
  endfacet
  facet normal 0 1 0
    outer loop
      vertex 8.25197 3 5.99541
      vertex 11.488 3 8.34655
      vertex 12.6523 3 6.44666
    endloop
  endfacet
  facet normal 0 1 0
    outer loop
      vertex 11.488 3 8.34655
      vertex 8.25197 3 5.99541
      vertex 7.21249 3 7.21249
    endloop
  endfacet
  facet normal 0 1 0
    outer loop
      vertex 12.6523 3 6.44666
      vertex 9.08827 3 4.6307
      vertex 8.25197 3 5.99541
    endloop
  endfacet
  facet normal 0 1 0
    outer loop
      vertex 13.505 3 4.38804
      vertex 9.08827 3 4.6307
      vertex 12.6523 3 6.44666
    endloop
  endfacet
  facet normal 0 1 0
    outer loop
      vertex 13.505 3 4.38804
      vertex 9.70078 3 3.15197
      vertex 9.08827 3 4.6307
    endloop
  endfacet
  facet normal 0 1 0
    outer loop
      vertex 9.73726 3 3
      vertex 13.505 3 4.38804
      vertex 13.8382 3 3
    endloop
  endfacet
  facet normal 0 1 0
    outer loop
      vertex 13.505 3 4.38804
      vertex 9.73726 3 3
      vertex 9.70078 3 3.15197
    endloop
  endfacet
  facet normal 0 1 0
    outer loop
      vertex -4.38804 3 13.505
      vertex -3.15197 3 9.70078
      vertex -6.44666 3 12.6523
    endloop
  endfacet
  facet normal 0 1 -0
    outer loop
      vertex -4.6307 3 9.08827
      vertex -6.44666 3 12.6523
      vertex -3.15197 3 9.70078
    endloop
  endfacet
  facet normal 0 1 0
    outer loop
      vertex -6.44666 3 12.6523
      vertex -4.6307 3 9.08827
      vertex -8.34655 3 11.488
    endloop
  endfacet
  facet normal 0 1 -0
    outer loop
      vertex -5.99541 3 8.25197
      vertex -8.34655 3 11.488
      vertex -4.6307 3 9.08827
    endloop
  endfacet
  facet normal 0 1 0
    outer loop
      vertex -8.34655 3 11.488
      vertex -5.99541 3 8.25197
      vertex -10.0409 3 10.0409
    endloop
  endfacet
  facet normal 0 1 -0
    outer loop
      vertex -7.21249 3 7.21249
      vertex -10.0409 3 10.0409
      vertex -5.99541 3 8.25197
    endloop
  endfacet
  facet normal 0 1 0
    outer loop
      vertex -10.0409 3 10.0409
      vertex -7.21249 3 7.21249
      vertex -11.488 3 8.34655
    endloop
  endfacet
  facet normal 0 1 -0
    outer loop
      vertex -8.25197 3 5.99541
      vertex -11.488 3 8.34655
      vertex -7.21249 3 7.21249
    endloop
  endfacet
  facet normal 0 1 0
    outer loop
      vertex -11.488 3 8.34655
      vertex -8.25197 3 5.99541
      vertex -12.6523 3 6.44666
    endloop
  endfacet
  facet normal 0 1 -0
    outer loop
      vertex -9.08827 3 4.6307
      vertex -12.6523 3 6.44666
      vertex -8.25197 3 5.99541
    endloop
  endfacet
  facet normal 0 1 0
    outer loop
      vertex -9.08827 3 4.6307
      vertex -13.505 3 4.38804
      vertex -12.6523 3 6.44666
    endloop
  endfacet
  facet normal 0 1 -0
    outer loop
      vertex -9.70078 3 3.15197
      vertex -13.505 3 4.38804
      vertex -9.08827 3 4.6307
    endloop
  endfacet
  facet normal 0 1 -0
    outer loop
      vertex -9.73726 3 3
      vertex -13.505 3 4.38804
      vertex -9.70078 3 3.15197
    endloop
  endfacet
  facet normal 0 1 0
    outer loop
      vertex -13.505 3 4.38804
      vertex -9.73726 3 3
      vertex -13.8382 3 3
    endloop
  endfacet
  facet normal 0 -1 0
    outer loop
      vertex -10.0744 3 1.59563
      vertex 9.73726 3 3
      vertex -9.73726 3 3
    endloop
  endfacet
  facet normal 0 -1 0
    outer loop
      vertex -10.0744 3 1.59563
      vertex 10.0744 3 1.59563
      vertex 9.73726 3 3
    endloop
  endfacet
  facet normal 0 -1 0
    outer loop
      vertex -10.2 3 0
      vertex 10.0744 3 1.59563
      vertex -10.0744 3 1.59563
    endloop
  endfacet
  facet normal 0 -1 0
    outer loop
      vertex -10.2 3 0
      vertex 10.2 3 0
      vertex 10.0744 3 1.59563
    endloop
  endfacet
  facet normal 0 -1 0
    outer loop
      vertex -10.0744 3 -1.59563
      vertex 10.2 3 0
      vertex -10.2 3 0
    endloop
  endfacet
  facet normal 0 -1 0
    outer loop
      vertex -10.0744 3 -1.59563
      vertex 10.0744 3 -1.59563
      vertex 10.2 3 0
    endloop
  endfacet
  facet normal 0 -1 0
    outer loop
      vertex -9.73726 3 -3
      vertex 10.0744 3 -1.59563
      vertex -10.0744 3 -1.59563
    endloop
  endfacet
  facet normal 0 -1 0
    outer loop
      vertex 10.0744 3 -1.59563
      vertex -9.73726 3 -3
      vertex 9.73726 3 -3
    endloop
  endfacet
  facet normal -1 0 0
    outer loop
      vertex -23 47 -3
      vertex -23 55 -23
      vertex -23 47 -23
    endloop
  endfacet
  facet normal -1 0 0
    outer loop
      vertex -23 55 -23
      vertex -23 47 -3
      vertex -23 55 3
    endloop
  endfacet
  facet normal -1 0 0
    outer loop
      vertex -23 3 3
      vertex -23 47 -3
      vertex -23 3 -3
    endloop
  endfacet
  facet normal -1 0 0
    outer loop
      vertex -23 47 -3
      vertex -23 3 3
      vertex -23 55 3
    endloop
  endfacet
  facet normal 0 0 -1
    outer loop
      vertex 14.7282 45.5853 -3
      vertex 9.30369 38.3595 -3
      vertex 10 45 -3
    endloop
  endfacet
  facet normal 0 0 -1
    outer loop
      vertex 8.13173 39.7317 -3
      vertex 10 45 -3
      vertex 9.30369 38.3595 -3
    endloop
  endfacet
  facet normal 0 0 -1
    outer loop
      vertex 6.75953 40.9037 -3
      vertex 10 45 -3
      vertex 8.13173 39.7317 -3
    endloop
  endfacet
  facet normal 0 0 -1
    outer loop
      vertex 5.22089 41.8466 -3
      vertex 10 45 -3
      vertex 6.75953 40.9037 -3
    endloop
  endfacet
  facet normal 0 0 -1
    outer loop
      vertex 3.55369 42.5371 -3
      vertex 10 45 -3
      vertex 5.22089 41.8466 -3
    endloop
  endfacet
  facet normal 0 0 -1
    outer loop
      vertex 1.799 42.9584 -3
      vertex 10 45 -3
      vertex 3.55369 42.5371 -3
    endloop
  endfacet
  facet normal 0 0 -1
    outer loop
      vertex 0 43.1 -3
      vertex 10 45 -3
      vertex 1.799 42.9584 -3
    endloop
  endfacet
  facet normal 0 0 -1
    outer loop
      vertex -10 45 -3
      vertex 0 43.1 -3
      vertex -1.799 42.9584 -3
    endloop
  endfacet
  facet normal 0 0 -1
    outer loop
      vertex 0 43.1 -3
      vertex -10 45 -3
      vertex 10 45 -3
    endloop
  endfacet
  facet normal 0 0 -1
    outer loop
      vertex -3.55369 42.5371 -3
      vertex -10 45 -3
      vertex -1.799 42.9584 -3
    endloop
  endfacet
  facet normal 0 0 -1
    outer loop
      vertex -5.22089 41.8466 -3
      vertex -10 45 -3
      vertex -3.55369 42.5371 -3
    endloop
  endfacet
  facet normal 0 0 -1
    outer loop
      vertex -6.75953 40.9037 -3
      vertex -10 45 -3
      vertex -5.22089 41.8466 -3
    endloop
  endfacet
  facet normal 0 0 -1
    outer loop
      vertex -8.13173 39.7317 -3
      vertex -10 45 -3
      vertex -6.75953 40.9037 -3
    endloop
  endfacet
  facet normal 0 0 -1
    outer loop
      vertex -9.30369 38.3595 -3
      vertex -10 45 -3
      vertex -8.13173 39.7317 -3
    endloop
  endfacet
  facet normal 0 0 -1
    outer loop
      vertex -15.2341 45.4209 -3
      vertex -9.30369 38.3595 -3
      vertex -10.2466 36.8209 -3
    endloop
  endfacet
  facet normal 0 0 -1
    outer loop
      vertex -9.30369 38.3595 -3
      vertex -14.7282 45.5853 -3
      vertex -10 45 -3
    endloop
  endfacet
  facet normal 0 0 -1
    outer loop
      vertex -15.7659 45.4209 -3
      vertex -10.2466 36.8209 -3
      vertex -10.9371 35.1537 -3
    endloop
  endfacet
  facet normal 0 0 -1
    outer loop
      vertex -16.2718 45.5853 -3
      vertex -10.9371 35.1537 -3
      vertex -11.3584 33.399 -3
    endloop
  endfacet
  facet normal 0 0 -1
    outer loop
      vertex -14.5008 17.4753 -3
      vertex -8.13173 23.4683 -3
      vertex -14.2979 17.3021 -3
    endloop
  endfacet
  facet normal -0 0 -1
    outer loop
      vertex -8.13173 23.4683 -3
      vertex -14.5008 17.4753 -3
      vertex -9.30369 24.8405 -3
    endloop
  endfacet
  facet normal 0 0 -1
    outer loop
      vertex -14.7282 17.6147 -3
      vertex -9.30369 24.8405 -3
      vertex -14.5008 17.4753 -3
    endloop
  endfacet
  facet normal 0 0 -1
    outer loop
      vertex -14.9747 17.7168 -3
      vertex -9.30369 24.8405 -3
      vertex -14.7282 17.6147 -3
    endloop
  endfacet
  facet normal -0 0 -1
    outer loop
      vertex -10 47 -3
      vertex -13.8209 46.8341 -3
      vertex -13.8079 47 -3
    endloop
  endfacet
  facet normal 0 0 -1
    outer loop
      vertex -15.2341 17.7791 -3
      vertex -9.30369 24.8405 -3
      vertex -14.9747 17.7168 -3
    endloop
  endfacet
  facet normal 0 0 -1
    outer loop
      vertex -10 47 -3
      vertex -13.8832 46.5747 -3
      vertex -13.8209 46.8341 -3
    endloop
  endfacet
  facet normal -0 0 -1
    outer loop
      vertex -9.30369 24.8405 -3
      vertex -15.2341 17.7791 -3
      vertex -10.2466 26.3791 -3
    endloop
  endfacet
  facet normal 0 0 -1
    outer loop
      vertex -10 45 -3
      vertex -13.8832 46.5747 -3
      vertex -10 47 -3
    endloop
  endfacet
  facet normal 0 0 -1
    outer loop
      vertex -15.5 17.8 -3
      vertex -10.2466 26.3791 -3
      vertex -15.2341 17.7791 -3
    endloop
  endfacet
  facet normal 0 -0 -1
    outer loop
      vertex -13.8832 46.5747 -3
      vertex -10 45 -3
      vertex -13.9853 46.3282 -3
    endloop
  endfacet
  facet normal 0 0 -1
    outer loop
      vertex -15.7659 17.7791 -3
      vertex -10.2466 26.3791 -3
      vertex -15.5 17.8 -3
    endloop
  endfacet
  facet normal 0 -0 -1
    outer loop
      vertex -13.9853 46.3282 -3
      vertex -10 45 -3
      vertex -14.1247 46.1008 -3
    endloop
  endfacet
  facet normal -0 0 -1
    outer loop
      vertex -10.2466 26.3791 -3
      vertex -15.7659 17.7791 -3
      vertex -10.9371 28.0463 -3
    endloop
  endfacet
  facet normal 0 -0 -1
    outer loop
      vertex -14.1247 46.1008 -3
      vertex -10 45 -3
      vertex -14.2979 45.8979 -3
    endloop
  endfacet
  facet normal 0 0 -1
    outer loop
      vertex -10 45 -3
      vertex -14.7282 45.5853 -3
      vertex -14.5008 45.7247 -3
    endloop
  endfacet
  facet normal 0 0 -1
    outer loop
      vertex -10 45 -3
      vertex -14.5008 45.7247 -3
      vertex -14.2979 45.8979 -3
    endloop
  endfacet
  facet normal 0 0 -1
    outer loop
      vertex -16.0253 17.7168 -3
      vertex -10.9371 28.0463 -3
      vertex -15.7659 17.7791 -3
    endloop
  endfacet
  facet normal 0 0 -1
    outer loop
      vertex -9.30369 38.3595 -3
      vertex -14.9747 45.4832 -3
      vertex -14.7282 45.5853 -3
    endloop
  endfacet
  facet normal 0 0 -1
    outer loop
      vertex -16.2718 17.6147 -3
      vertex -10.9371 28.0463 -3
      vertex -16.0253 17.7168 -3
    endloop
  endfacet
  facet normal 0 0 -1
    outer loop
      vertex -9.30369 38.3595 -3
      vertex -15.2341 45.4209 -3
      vertex -14.9747 45.4832 -3
    endloop
  endfacet
  facet normal -0 0 -1
    outer loop
      vertex -10.9371 28.0463 -3
      vertex -16.2718 17.6147 -3
      vertex -11.3584 29.801 -3
    endloop
  endfacet
  facet normal 0 0 -1
    outer loop
      vertex -10.2466 36.8209 -3
      vertex -15.5 45.4 -3
      vertex -15.2341 45.4209 -3
    endloop
  endfacet
  facet normal 0 0 -1
    outer loop
      vertex -16.4992 17.4753 -3
      vertex -11.3584 29.801 -3
      vertex -16.2718 17.6147 -3
    endloop
  endfacet
  facet normal 0 0 -1
    outer loop
      vertex -10.2466 36.8209 -3
      vertex -15.7659 45.4209 -3
      vertex -15.5 45.4 -3
    endloop
  endfacet
  facet normal 0 0 -1
    outer loop
      vertex -16.7021 17.3021 -3
      vertex -11.3584 29.801 -3
      vertex -16.4992 17.4753 -3
    endloop
  endfacet
  facet normal 0 0 -1
    outer loop
      vertex -10.9371 35.1537 -3
      vertex -16.0253 45.4832 -3
      vertex -15.7659 45.4209 -3
    endloop
  endfacet
  facet normal -0 0 -1
    outer loop
      vertex -11.3584 29.801 -3
      vertex -16.7021 17.3021 -3
      vertex -11.5 31.6 -3
    endloop
  endfacet
  facet normal 0 0 -1
    outer loop
      vertex -10.9371 35.1537 -3
      vertex -16.2718 45.5853 -3
      vertex -16.0253 45.4832 -3
    endloop
  endfacet
  facet normal 0 0 -1
    outer loop
      vertex -23 47 -3
      vertex -11.5 31.6 -3
      vertex -16.7021 17.3021 -3
    endloop
  endfacet
  facet normal 0 0 -1
    outer loop
      vertex -11.3584 33.399 -3
      vertex -23 47 -3
      vertex -16.2718 45.5853 -3
    endloop
  endfacet
  facet normal 0 0 -1
    outer loop
      vertex -11.5 31.6 -3
      vertex -23 47 -3
      vertex -11.3584 33.399 -3
    endloop
  endfacet
  facet normal 0 0 -1
    outer loop
      vertex -16.2718 45.5853 -3
      vertex -23 47 -3
      vertex -16.4992 45.7247 -3
    endloop
  endfacet
  facet normal 0 0 -1
    outer loop
      vertex -23 47 -3
      vertex -16.7021 17.3021 -3
      vertex -16.8753 17.0992 -3
    endloop
  endfacet
  facet normal 0 0 -1
    outer loop
      vertex -16.4992 45.7247 -3
      vertex -23 47 -3
      vertex -16.7021 45.8979 -3
    endloop
  endfacet
  facet normal 0 0 -1
    outer loop
      vertex -23 47 -3
      vertex -16.8753 17.0992 -3
      vertex -17.0147 16.8718 -3
    endloop
  endfacet
  facet normal 0 0 -1
    outer loop
      vertex -16.7021 45.8979 -3
      vertex -23 47 -3
      vertex -16.8753 46.1008 -3
    endloop
  endfacet
  facet normal 0 0 -1
    outer loop
      vertex -23 47 -3
      vertex -17.0147 16.8718 -3
      vertex -17.1168 16.6253 -3
    endloop
  endfacet
  facet normal 0 0 -1
    outer loop
      vertex -16.8753 46.1008 -3
      vertex -23 47 -3
      vertex -17.0147 46.3282 -3
    endloop
  endfacet
  facet normal 0 0 -1
    outer loop
      vertex -23 47 -3
      vertex -17.1168 16.6253 -3
      vertex -17.1791 16.3659 -3
    endloop
  endfacet
  facet normal 0 0 -1
    outer loop
      vertex -17.0147 46.3282 -3
      vertex -23 47 -3
      vertex -17.1168 46.5747 -3
    endloop
  endfacet
  facet normal 0 0 -1
    outer loop
      vertex -17.1168 46.5747 -3
      vertex -23 47 -3
      vertex -17.1791 46.8341 -3
    endloop
  endfacet
  facet normal 0 0 -1
    outer loop
      vertex -23 3 -3
      vertex -17.1791 16.3659 -3
      vertex -17.2 16.1 -3
    endloop
  endfacet
  facet normal -0 0 -1
    outer loop
      vertex -17.1791 16.3659 -3
      vertex -23 3 -3
      vertex -23 47 -3
    endloop
  endfacet
  facet normal 0 0 -1
    outer loop
      vertex -17.1791 46.8341 -3
      vertex -23 47 -3
      vertex -17.1921 47 -3
    endloop
  endfacet
  facet normal 0 0 -1
    outer loop
      vertex 17.1791 16.3659 -3
      vertex 23 3 -3
      vertex 17.2 16.1 -3
    endloop
  endfacet
  facet normal 0 0 -1
    outer loop
      vertex 23 3 -3
      vertex 17.1791 15.8341 -3
      vertex 17.2 16.1 -3
    endloop
  endfacet
  facet normal 0 0 -1
    outer loop
      vertex 23 3 -3
      vertex 17.1168 15.5747 -3
      vertex 17.1791 15.8341 -3
    endloop
  endfacet
  facet normal 0 0 -1
    outer loop
      vertex 23 3 -3
      vertex 17.0147 15.3282 -3
      vertex 17.1168 15.5747 -3
    endloop
  endfacet
  facet normal 0 0 -1
    outer loop
      vertex 23 3 -3
      vertex 16.8753 15.1008 -3
      vertex 17.0147 15.3282 -3
    endloop
  endfacet
  facet normal 0 0 -1
    outer loop
      vertex 23 3 -3
      vertex 16.7021 14.8979 -3
      vertex 16.8753 15.1008 -3
    endloop
  endfacet
  facet normal 0 0 -1
    outer loop
      vertex 23 3 -3
      vertex 16.4992 14.7247 -3
      vertex 16.7021 14.8979 -3
    endloop
  endfacet
  facet normal 0 0 -1
    outer loop
      vertex 23 3 -3
      vertex 16.2718 14.5853 -3
      vertex 16.4992 14.7247 -3
    endloop
  endfacet
  facet normal 0 0 -1
    outer loop
      vertex 23 3 -3
      vertex 16.0253 14.4832 -3
      vertex 16.2718 14.5853 -3
    endloop
  endfacet
  facet normal 0 0 -1
    outer loop
      vertex 13.8382 3 -3
      vertex 16.0253 14.4832 -3
      vertex 23 3 -3
    endloop
  endfacet
  facet normal 0 0 -1
    outer loop
      vertex 16.0253 14.4832 -3
      vertex 13.8382 3 -3
      vertex 15.7659 14.4209 -3
    endloop
  endfacet
  facet normal 0 0 -1
    outer loop
      vertex 15.7659 14.4209 -3
      vertex 13.8382 3 -3
      vertex 15.5 14.4 -3
    endloop
  endfacet
  facet normal -0 0 -1
    outer loop
      vertex 15.5 14.4 -3
      vertex 13.8382 3 -3
      vertex 15.2341 14.4209 -3
    endloop
  endfacet
  facet normal -0 0 -1
    outer loop
      vertex 15.2341 14.4209 -3
      vertex 13.8382 3 -3
      vertex 14.9747 14.4832 -3
    endloop
  endfacet
  facet normal -0 0 -1
    outer loop
      vertex 14.9747 14.4832 -3
      vertex 13.8382 3 -3
      vertex 14.7282 14.5853 -3
    endloop
  endfacet
  facet normal 0 0 -1
    outer loop
      vertex 9.73726 3 -3
      vertex 14.7282 14.5853 -3
      vertex 13.8382 3 -3
    endloop
  endfacet
  facet normal -0 0 -1
    outer loop
      vertex 14.7282 14.5853 -3
      vertex 9.73726 3 -3
      vertex 14.5008 14.7247 -3
    endloop
  endfacet
  facet normal -0 0 -1
    outer loop
      vertex 14.5008 14.7247 -3
      vertex 9.73726 3 -3
      vertex 14.2979 14.8979 -3
    endloop
  endfacet
  facet normal -0 0 -1
    outer loop
      vertex 14.2979 14.8979 -3
      vertex 9.73726 3 -3
      vertex 14.1247 15.1008 -3
    endloop
  endfacet
  facet normal -0 0 -1
    outer loop
      vertex 14.1247 15.1008 -3
      vertex 9.73726 3 -3
      vertex 13.9853 15.3282 -3
    endloop
  endfacet
  facet normal 0 0 -1
    outer loop
      vertex 3.55369 20.6628 -3
      vertex 13.9853 15.3282 -3
      vertex 9.73726 3 -3
    endloop
  endfacet
  facet normal 0 0 -1
    outer loop
      vertex 13.9853 15.3282 -3
      vertex 3.55369 20.6628 -3
      vertex 13.8832 15.5747 -3
    endloop
  endfacet
  facet normal 0 0 -1
    outer loop
      vertex 13.8832 15.5747 -3
      vertex 3.55369 20.6628 -3
      vertex 13.8209 15.8341 -3
    endloop
  endfacet
  facet normal 0 0 -1
    outer loop
      vertex 13.8 16.1 -3
      vertex 11.3584 29.801 -3
      vertex 11.5 31.6 -3
    endloop
  endfacet
  facet normal 0 0 -1
    outer loop
      vertex 13.8 16.1 -3
      vertex 10.9371 28.0463 -3
      vertex 11.3584 29.801 -3
    endloop
  endfacet
  facet normal 0 0 -1
    outer loop
      vertex 13.8 16.1 -3
      vertex 10.2466 26.3791 -3
      vertex 10.9371 28.0463 -3
    endloop
  endfacet
  facet normal 0 -0 -1
    outer loop
      vertex 5.22089 21.3534 -3
      vertex 13.8209 15.8341 -3
      vertex 3.55369 20.6628 -3
    endloop
  endfacet
  facet normal 0 0 -1
    outer loop
      vertex 13.8 16.1 -3
      vertex 9.30369 24.8405 -3
      vertex 10.2466 26.3791 -3
    endloop
  endfacet
  facet normal 0 0 -1
    outer loop
      vertex 13.8 16.1 -3
      vertex 8.13173 23.4683 -3
      vertex 9.30369 24.8405 -3
    endloop
  endfacet
  facet normal 0 0 -1
    outer loop
      vertex 13.8 16.1 -3
      vertex 6.75953 22.2963 -3
      vertex 8.13173 23.4683 -3
    endloop
  endfacet
  facet normal 0 0 -1
    outer loop
      vertex 13.8 16.1 -3
      vertex 5.22089 21.3534 -3
      vertex 6.75953 22.2963 -3
    endloop
  endfacet
  facet normal 0 0 -1
    outer loop
      vertex 13.8209 15.8341 -3
      vertex 5.22089 21.3534 -3
      vertex 13.8 16.1 -3
    endloop
  endfacet
  facet normal 0 0 -1
    outer loop
      vertex 9.73726 3 -3
      vertex 1.799 20.2416 -3
      vertex 3.55369 20.6628 -3
    endloop
  endfacet
  facet normal 0 0 -1
    outer loop
      vertex 9.73726 3 -3
      vertex 0 20.1 -3
      vertex 1.799 20.2416 -3
    endloop
  endfacet
  facet normal 0 0 -1
    outer loop
      vertex -9.73726 3 -3
      vertex 0 20.1 -3
      vertex 9.73726 3 -3
    endloop
  endfacet
  facet normal -0 0 -1
    outer loop
      vertex 0 20.1 -3
      vertex -9.73726 3 -3
      vertex -1.799 20.2416 -3
    endloop
  endfacet
  facet normal -0 0 -1
    outer loop
      vertex -1.799 20.2416 -3
      vertex -9.73726 3 -3
      vertex -3.55369 20.6628 -3
    endloop
  endfacet
  facet normal 0 0 -1
    outer loop
      vertex -13.9853 15.3282 -3
      vertex -3.55369 20.6628 -3
      vertex -9.73726 3 -3
    endloop
  endfacet
  facet normal 0 -0 -1
    outer loop
      vertex -13.8832 15.5747 -3
      vertex -3.55369 20.6628 -3
      vertex -13.9853 15.3282 -3
    endloop
  endfacet
  facet normal -0 0 -1
    outer loop
      vertex -3.55369 20.6628 -3
      vertex -13.8209 15.8341 -3
      vertex -5.22089 21.3534 -3
    endloop
  endfacet
  facet normal 0 0 -1
    outer loop
      vertex -13.8209 16.3659 -3
      vertex -5.22089 21.3534 -3
      vertex -13.8 16.1 -3
    endloop
  endfacet
  facet normal -0 0 -1
    outer loop
      vertex -5.22089 21.3534 -3
      vertex -13.8209 16.3659 -3
      vertex -6.75953 22.2963 -3
    endloop
  endfacet
  facet normal 0 0 -1
    outer loop
      vertex -13.9853 16.8718 -3
      vertex -6.75953 22.2963 -3
      vertex -13.8832 16.6253 -3
    endloop
  endfacet
  facet normal 0 0 -1
    outer loop
      vertex -14.1247 17.0992 -3
      vertex -6.75953 22.2963 -3
      vertex -13.9853 16.8718 -3
    endloop
  endfacet
  facet normal -0 0 -1
    outer loop
      vertex -6.75953 22.2963 -3
      vertex -14.1247 17.0992 -3
      vertex -8.13173 23.4683 -3
    endloop
  endfacet
  facet normal 0 0 -1
    outer loop
      vertex -14.2979 17.3021 -3
      vertex -8.13173 23.4683 -3
      vertex -14.1247 17.0992 -3
    endloop
  endfacet
  facet normal 0 0 -1
    outer loop
      vertex -13.8832 16.6253 -3
      vertex -6.75953 22.2963 -3
      vertex -13.8209 16.3659 -3
    endloop
  endfacet
  facet normal 0 0 -1
    outer loop
      vertex -14.7282 14.5853 -3
      vertex -9.73726 3 -3
      vertex -13.8382 3 -3
    endloop
  endfacet
  facet normal 0 -0 -1
    outer loop
      vertex -13.8 16.1 -3
      vertex -5.22089 21.3534 -3
      vertex -13.8209 15.8341 -3
    endloop
  endfacet
  facet normal 0 -0 -1
    outer loop
      vertex -13.8209 15.8341 -3
      vertex -3.55369 20.6628 -3
      vertex -13.8832 15.5747 -3
    endloop
  endfacet
  facet normal 0 0 -1
    outer loop
      vertex -9.73726 3 -3
      vertex -14.1247 15.1008 -3
      vertex -13.9853 15.3282 -3
    endloop
  endfacet
  facet normal 0 0 -1
    outer loop
      vertex -9.73726 3 -3
      vertex -14.2979 14.8979 -3
      vertex -14.1247 15.1008 -3
    endloop
  endfacet
  facet normal 0 0 -1
    outer loop
      vertex -9.73726 3 -3
      vertex -14.5008 14.7247 -3
      vertex -14.2979 14.8979 -3
    endloop
  endfacet
  facet normal 0 0 -1
    outer loop
      vertex -9.73726 3 -3
      vertex -14.7282 14.5853 -3
      vertex -14.5008 14.7247 -3
    endloop
  endfacet
  facet normal 0 0 -1
    outer loop
      vertex -13.8382 3 -3
      vertex -14.9747 14.4832 -3
      vertex -14.7282 14.5853 -3
    endloop
  endfacet
  facet normal 0 0 -1
    outer loop
      vertex -13.8382 3 -3
      vertex -15.2341 14.4209 -3
      vertex -14.9747 14.4832 -3
    endloop
  endfacet
  facet normal 0 0 -1
    outer loop
      vertex -13.8382 3 -3
      vertex -15.5 14.4 -3
      vertex -15.2341 14.4209 -3
    endloop
  endfacet
  facet normal 0 0 -1
    outer loop
      vertex -13.8382 3 -3
      vertex -15.7659 14.4209 -3
      vertex -15.5 14.4 -3
    endloop
  endfacet
  facet normal 0 0 -1
    outer loop
      vertex -13.8382 3 -3
      vertex -16.0253 14.4832 -3
      vertex -15.7659 14.4209 -3
    endloop
  endfacet
  facet normal 0 0 -1
    outer loop
      vertex -23 3 -3
      vertex -16.0253 14.4832 -3
      vertex -13.8382 3 -3
    endloop
  endfacet
  facet normal -0 0 -1
    outer loop
      vertex -16.0253 14.4832 -3
      vertex -23 3 -3
      vertex -16.2718 14.5853 -3
    endloop
  endfacet
  facet normal -0 0 -1
    outer loop
      vertex -16.2718 14.5853 -3
      vertex -23 3 -3
      vertex -16.4992 14.7247 -3
    endloop
  endfacet
  facet normal -0 0 -1
    outer loop
      vertex -16.4992 14.7247 -3
      vertex -23 3 -3
      vertex -16.7021 14.8979 -3
    endloop
  endfacet
  facet normal -0 0 -1
    outer loop
      vertex -16.7021 14.8979 -3
      vertex -23 3 -3
      vertex -16.8753 15.1008 -3
    endloop
  endfacet
  facet normal -0 0 -1
    outer loop
      vertex -16.8753 15.1008 -3
      vertex -23 3 -3
      vertex -17.0147 15.3282 -3
    endloop
  endfacet
  facet normal -0 0 -1
    outer loop
      vertex -17.1791 15.8341 -3
      vertex -23 3 -3
      vertex -17.2 16.1 -3
    endloop
  endfacet
  facet normal -0 0 -1
    outer loop
      vertex -17.1168 15.5747 -3
      vertex -23 3 -3
      vertex -17.1791 15.8341 -3
    endloop
  endfacet
  facet normal -0 0 -1
    outer loop
      vertex -17.0147 15.3282 -3
      vertex -23 3 -3
      vertex -17.1168 15.5747 -3
    endloop
  endfacet
  facet normal 0 0 -1
    outer loop
      vertex 23 3 -3
      vertex 17.1791 16.3659 -3
      vertex 23 47 -3
    endloop
  endfacet
  facet normal 0 0 -1
    outer loop
      vertex 17.1168 16.6253 -3
      vertex 23 47 -3
      vertex 17.1791 16.3659 -3
    endloop
  endfacet
  facet normal -0 0 -1
    outer loop
      vertex 23 47 -3
      vertex 17.1791 46.8341 -3
      vertex 17.1921 47 -3
    endloop
  endfacet
  facet normal 0 0 -1
    outer loop
      vertex 17.0147 16.8718 -3
      vertex 23 47 -3
      vertex 17.1168 16.6253 -3
    endloop
  endfacet
  facet normal 0 0 -1
    outer loop
      vertex 23 47 -3
      vertex 17.1168 46.5747 -3
      vertex 17.1791 46.8341 -3
    endloop
  endfacet
  facet normal 0 0 -1
    outer loop
      vertex 16.8753 17.0992 -3
      vertex 23 47 -3
      vertex 17.0147 16.8718 -3
    endloop
  endfacet
  facet normal 0 0 -1
    outer loop
      vertex 23 47 -3
      vertex 17.0147 46.3282 -3
      vertex 17.1168 46.5747 -3
    endloop
  endfacet
  facet normal 0 0 -1
    outer loop
      vertex 16.7021 17.3021 -3
      vertex 23 47 -3
      vertex 16.8753 17.0992 -3
    endloop
  endfacet
  facet normal 0 0 -1
    outer loop
      vertex 23 47 -3
      vertex 16.8753 46.1008 -3
      vertex 17.0147 46.3282 -3
    endloop
  endfacet
  facet normal 0 0 -1
    outer loop
      vertex 11.5 31.6 -3
      vertex 23 47 -3
      vertex 16.7021 17.3021 -3
    endloop
  endfacet
  facet normal 0 0 -1
    outer loop
      vertex 23 47 -3
      vertex 16.7021 45.8979 -3
      vertex 16.8753 46.1008 -3
    endloop
  endfacet
  facet normal 0 0 -1
    outer loop
      vertex 11.5 31.6 -3
      vertex 16.7021 17.3021 -3
      vertex 16.4992 17.4753 -3
    endloop
  endfacet
  facet normal 0 0 -1
    outer loop
      vertex 11.3584 33.399 -3
      vertex 23 47 -3
      vertex 11.5 31.6 -3
    endloop
  endfacet
  facet normal 0 0 -1
    outer loop
      vertex 11.5 31.6 -3
      vertex 16.4992 17.4753 -3
      vertex 16.2718 17.6147 -3
    endloop
  endfacet
  facet normal 0 -0 -1
    outer loop
      vertex 16.2718 45.5853 -3
      vertex 23 47 -3
      vertex 11.3584 33.399 -3
    endloop
  endfacet
  facet normal 0 0 -1
    outer loop
      vertex 11.5 31.6 -3
      vertex 16.2718 17.6147 -3
      vertex 16.0253 17.7168 -3
    endloop
  endfacet
  facet normal 0 0 -1
    outer loop
      vertex 23 47 -3
      vertex 16.4992 45.7247 -3
      vertex 16.7021 45.8979 -3
    endloop
  endfacet
  facet normal 0 0 -1
    outer loop
      vertex 11.5 31.6 -3
      vertex 16.0253 17.7168 -3
      vertex 15.7659 17.7791 -3
    endloop
  endfacet
  facet normal 0 0 -1
    outer loop
      vertex 23 47 -3
      vertex 16.2718 45.5853 -3
      vertex 16.4992 45.7247 -3
    endloop
  endfacet
  facet normal 0 0 -1
    outer loop
      vertex 11.5 31.6 -3
      vertex 15.7659 17.7791 -3
      vertex 15.5 17.8 -3
    endloop
  endfacet
  facet normal 0 0 -1
    outer loop
      vertex 10.9371 35.1537 -3
      vertex 16.2718 45.5853 -3
      vertex 11.3584 33.399 -3
    endloop
  endfacet
  facet normal 0 0 -1
    outer loop
      vertex 11.5 31.6 -3
      vertex 15.5 17.8 -3
      vertex 15.2341 17.7791 -3
    endloop
  endfacet
  facet normal 0 0 -1
    outer loop
      vertex 16.2718 45.5853 -3
      vertex 10.9371 35.1537 -3
      vertex 16.0253 45.4832 -3
    endloop
  endfacet
  facet normal 0 0 -1
    outer loop
      vertex 11.5 31.6 -3
      vertex 15.2341 17.7791 -3
      vertex 14.9747 17.7168 -3
    endloop
  endfacet
  facet normal 0 0 -1
    outer loop
      vertex 16.0253 45.4832 -3
      vertex 10.9371 35.1537 -3
      vertex 15.7659 45.4209 -3
    endloop
  endfacet
  facet normal 0 0 -1
    outer loop
      vertex 11.5 31.6 -3
      vertex 14.9747 17.7168 -3
      vertex 14.7282 17.6147 -3
    endloop
  endfacet
  facet normal 0 0 -1
    outer loop
      vertex 10.2466 36.8209 -3
      vertex 15.7659 45.4209 -3
      vertex 10.9371 35.1537 -3
    endloop
  endfacet
  facet normal 0 0 -1
    outer loop
      vertex 11.5 31.6 -3
      vertex 14.7282 17.6147 -3
      vertex 14.5008 17.4753 -3
    endloop
  endfacet
  facet normal 0 0 -1
    outer loop
      vertex 15.7659 45.4209 -3
      vertex 10.2466 36.8209 -3
      vertex 15.5 45.4 -3
    endloop
  endfacet
  facet normal 0 0 -1
    outer loop
      vertex 11.5 31.6 -3
      vertex 14.5008 17.4753 -3
      vertex 14.2979 17.3021 -3
    endloop
  endfacet
  facet normal -0 0 -1
    outer loop
      vertex 15.5 45.4 -3
      vertex 10.2466 36.8209 -3
      vertex 15.2341 45.4209 -3
    endloop
  endfacet
  facet normal 0 0 -1
    outer loop
      vertex 11.5 31.6 -3
      vertex 14.2979 17.3021 -3
      vertex 14.1247 17.0992 -3
    endloop
  endfacet
  facet normal 0 0 -1
    outer loop
      vertex 9.30369 38.3595 -3
      vertex 15.2341 45.4209 -3
      vertex 10.2466 36.8209 -3
    endloop
  endfacet
  facet normal 0 0 -1
    outer loop
      vertex 11.5 31.6 -3
      vertex 14.1247 17.0992 -3
      vertex 13.9853 16.8718 -3
    endloop
  endfacet
  facet normal -0 0 -1
    outer loop
      vertex 15.2341 45.4209 -3
      vertex 9.30369 38.3595 -3
      vertex 14.9747 45.4832 -3
    endloop
  endfacet
  facet normal 0 0 -1
    outer loop
      vertex 11.5 31.6 -3
      vertex 13.9853 16.8718 -3
      vertex 13.8832 16.6253 -3
    endloop
  endfacet
  facet normal -0 0 -1
    outer loop
      vertex 14.9747 45.4832 -3
      vertex 9.30369 38.3595 -3
      vertex 14.7282 45.5853 -3
    endloop
  endfacet
  facet normal 0 0 -1
    outer loop
      vertex 11.5 31.6 -3
      vertex 13.8832 16.6253 -3
      vertex 13.8209 16.3659 -3
    endloop
  endfacet
  facet normal -0 0 -1
    outer loop
      vertex 14.7282 45.5853 -3
      vertex 10 45 -3
      vertex 14.5008 45.7247 -3
    endloop
  endfacet
  facet normal -0 0 -1
    outer loop
      vertex 14.5008 45.7247 -3
      vertex 10 45 -3
      vertex 14.2979 45.8979 -3
    endloop
  endfacet
  facet normal 0 0 -1
    outer loop
      vertex 11.5 31.6 -3
      vertex 13.8209 16.3659 -3
      vertex 13.8 16.1 -3
    endloop
  endfacet
  facet normal -0 0 -1
    outer loop
      vertex 14.2979 45.8979 -3
      vertex 10 45 -3
      vertex 14.1247 46.1008 -3
    endloop
  endfacet
  facet normal -0 0 -1
    outer loop
      vertex 14.1247 46.1008 -3
      vertex 10 45 -3
      vertex 13.9853 46.3282 -3
    endloop
  endfacet
  facet normal -0 0 -1
    outer loop
      vertex 13.9853 46.3282 -3
      vertex 10 45 -3
      vertex 13.8832 46.5747 -3
    endloop
  endfacet
  facet normal 0 0 -1
    outer loop
      vertex 10 47 -3
      vertex 13.8832 46.5747 -3
      vertex 10 45 -3
    endloop
  endfacet
  facet normal 0 0 -1
    outer loop
      vertex 13.8832 46.5747 -3
      vertex 10 47 -3
      vertex 13.8209 46.8341 -3
    endloop
  endfacet
  facet normal 0 0 -1
    outer loop
      vertex 13.8209 46.8341 -3
      vertex 10 47 -3
      vertex 13.8079 47 -3
    endloop
  endfacet
  facet normal 0 0 1
    outer loop
      vertex -8.13173 39.7317 3
      vertex -14.5008 45.7247 3
      vertex -9.30369 38.3595 3
    endloop
  endfacet
  facet normal 0 0 1
    outer loop
      vertex -11.5 31.6 3
      vertex -13.8209 16.3659 3
      vertex -13.8 16.1 3
    endloop
  endfacet
  facet normal -0 0 1
    outer loop
      vertex -14.7282 45.5853 3
      vertex -9.30369 38.3595 3
      vertex -14.5008 45.7247 3
    endloop
  endfacet
  facet normal 0 0 1
    outer loop
      vertex -11.5 31.6 3
      vertex -13.8832 16.6253 3
      vertex -13.8209 16.3659 3
    endloop
  endfacet
  facet normal -0 0 1
    outer loop
      vertex -14.9747 45.4832 3
      vertex -9.30369 38.3595 3
      vertex -14.7282 45.5853 3
    endloop
  endfacet
  facet normal 0 0 1
    outer loop
      vertex -11.5 31.6 3
      vertex -13.9853 16.8718 3
      vertex -13.8832 16.6253 3
    endloop
  endfacet
  facet normal -0 0 1
    outer loop
      vertex -15.2341 45.4209 3
      vertex -9.30369 38.3595 3
      vertex -14.9747 45.4832 3
    endloop
  endfacet
  facet normal 0 0 1
    outer loop
      vertex -11.5 31.6 3
      vertex -14.1247 17.0992 3
      vertex -13.9853 16.8718 3
    endloop
  endfacet
  facet normal 0 0 1
    outer loop
      vertex -9.30369 38.3595 3
      vertex -15.2341 45.4209 3
      vertex -10.2466 36.8209 3
    endloop
  endfacet
  facet normal 0 0 1
    outer loop
      vertex -11.5 31.6 3
      vertex -14.2979 17.3021 3
      vertex -14.1247 17.0992 3
    endloop
  endfacet
  facet normal -0 0 1
    outer loop
      vertex -15.5 45.4 3
      vertex -10.2466 36.8209 3
      vertex -15.2341 45.4209 3
    endloop
  endfacet
  facet normal 0 0 1
    outer loop
      vertex -11.5 31.6 3
      vertex -14.5008 17.4753 3
      vertex -14.2979 17.3021 3
    endloop
  endfacet
  facet normal 0 0 1
    outer loop
      vertex -15.7659 45.4209 3
      vertex -10.2466 36.8209 3
      vertex -15.5 45.4 3
    endloop
  endfacet
  facet normal 0 0 1
    outer loop
      vertex -11.5 31.6 3
      vertex -14.7282 17.6147 3
      vertex -14.5008 17.4753 3
    endloop
  endfacet
  facet normal 0 0 1
    outer loop
      vertex -10.2466 36.8209 3
      vertex -15.7659 45.4209 3
      vertex -10.9371 35.1537 3
    endloop
  endfacet
  facet normal 0 0 1
    outer loop
      vertex -11.5 31.6 3
      vertex -14.9747 17.7168 3
      vertex -14.7282 17.6147 3
    endloop
  endfacet
  facet normal 0 0 1
    outer loop
      vertex -16.0253 45.4832 3
      vertex -10.9371 35.1537 3
      vertex -15.7659 45.4209 3
    endloop
  endfacet
  facet normal 0 0 1
    outer loop
      vertex -11.5 31.6 3
      vertex -15.2341 17.7791 3
      vertex -14.9747 17.7168 3
    endloop
  endfacet
  facet normal 0 0 1
    outer loop
      vertex -16.2718 45.5853 3
      vertex -10.9371 35.1537 3
      vertex -16.0253 45.4832 3
    endloop
  endfacet
  facet normal 0 0 1
    outer loop
      vertex -11.5 31.6 3
      vertex -15.5 17.8 3
      vertex -15.2341 17.7791 3
    endloop
  endfacet
  facet normal 0 0 1
    outer loop
      vertex -10.9371 35.1537 3
      vertex -16.2718 45.5853 3
      vertex -11.3584 33.399 3
    endloop
  endfacet
  facet normal 0 0 1
    outer loop
      vertex -11.5 31.6 3
      vertex -15.7659 17.7791 3
      vertex -15.5 17.8 3
    endloop
  endfacet
  facet normal 0 0 1
    outer loop
      vertex -16.4992 45.7247 3
      vertex -11.3584 33.399 3
      vertex -16.2718 45.5853 3
    endloop
  endfacet
  facet normal 0 0 1
    outer loop
      vertex -11.5 31.6 3
      vertex -16.0253 17.7168 3
      vertex -15.7659 17.7791 3
    endloop
  endfacet
  facet normal 0 0 1
    outer loop
      vertex -16.7021 45.8979 3
      vertex -11.3584 33.399 3
      vertex -16.4992 45.7247 3
    endloop
  endfacet
  facet normal 0 0 1
    outer loop
      vertex -11.5 31.6 3
      vertex -16.2718 17.6147 3
      vertex -16.0253 17.7168 3
    endloop
  endfacet
  facet normal 0 0 1
    outer loop
      vertex -11.3584 33.399 3
      vertex -16.7021 45.8979 3
      vertex -11.5 31.6 3
    endloop
  endfacet
  facet normal 0 0 1
    outer loop
      vertex -11.5 31.6 3
      vertex -16.4992 17.4753 3
      vertex -16.2718 17.6147 3
    endloop
  endfacet
  facet normal 0 0 1
    outer loop
      vertex -16.7021 17.3021 3
      vertex -11.5 31.6 3
      vertex -16.7021 45.8979 3
    endloop
  endfacet
  facet normal 0 0 1
    outer loop
      vertex -11.5 31.6 3
      vertex -16.7021 17.3021 3
      vertex -16.4992 17.4753 3
    endloop
  endfacet
  facet normal 0 0 1
    outer loop
      vertex -16.8753 46.1008 3
      vertex -16.7021 17.3021 3
      vertex -16.7021 45.8979 3
    endloop
  endfacet
  facet normal 0 0 1
    outer loop
      vertex -16.8753 46.1008 3
      vertex -16.8753 17.0992 3
      vertex -16.7021 17.3021 3
    endloop
  endfacet
  facet normal 0 0 1
    outer loop
      vertex -17.0147 46.3282 3
      vertex -16.8753 17.0992 3
      vertex -16.8753 46.1008 3
    endloop
  endfacet
  facet normal 0 0 1
    outer loop
      vertex -17.0147 46.3282 3
      vertex -17.0147 16.8718 3
      vertex -16.8753 17.0992 3
    endloop
  endfacet
  facet normal 0 0 1
    outer loop
      vertex -23 55 3
      vertex -17.0147 46.3282 3
      vertex -17.1168 46.5747 3
    endloop
  endfacet
  facet normal 0 0 1
    outer loop
      vertex -17.0147 46.3282 3
      vertex -23 55 3
      vertex -17.0147 16.8718 3
    endloop
  endfacet
  facet normal 0 0 1
    outer loop
      vertex -23 55 3
      vertex -17.1168 46.5747 3
      vertex -17.1791 46.8341 3
    endloop
  endfacet
  facet normal 0 0 1
    outer loop
      vertex -17.0147 16.8718 3
      vertex -23 55 3
      vertex -17.1168 16.6253 3
    endloop
  endfacet
  facet normal 0 0 1
    outer loop
      vertex -23 55 3
      vertex -17.1791 46.8341 3
      vertex -17.2 47.1 3
    endloop
  endfacet
  facet normal 0 0 1
    outer loop
      vertex -23 3 3
      vertex -17.1168 16.6253 3
      vertex -23 55 3
    endloop
  endfacet
  facet normal 0 0 1
    outer loop
      vertex 17.1168 46.5747 3
      vertex 23 55 3
      vertex 17.1791 46.8341 3
    endloop
  endfacet
  facet normal 0 0 1
    outer loop
      vertex 23 55 3
      vertex 17.1791 16.3659 3
      vertex 17.2 16.1 3
    endloop
  endfacet
  facet normal 0 0 1
    outer loop
      vertex 17.0147 46.3282 3
      vertex 23 55 3
      vertex 17.1168 46.5747 3
    endloop
  endfacet
  facet normal 0 0 1
    outer loop
      vertex 23 55 3
      vertex 17.1168 16.6253 3
      vertex 17.1791 16.3659 3
    endloop
  endfacet
  facet normal 0 0 1
    outer loop
      vertex 17.0147 16.8718 3
      vertex 23 55 3
      vertex 17.0147 46.3282 3
    endloop
  endfacet
  facet normal 0 0 1
    outer loop
      vertex 23 55 3
      vertex 17.0147 16.8718 3
      vertex 17.1168 16.6253 3
    endloop
  endfacet
  facet normal -0 0 1
    outer loop
      vertex 16.8753 46.1008 3
      vertex 17.0147 16.8718 3
      vertex 17.0147 46.3282 3
    endloop
  endfacet
  facet normal 0 0 1
    outer loop
      vertex 16.8753 46.1008 3
      vertex 16.8753 17.0992 3
      vertex 17.0147 16.8718 3
    endloop
  endfacet
  facet normal -0 0 1
    outer loop
      vertex 16.7021 45.8979 3
      vertex 16.8753 17.0992 3
      vertex 16.8753 46.1008 3
    endloop
  endfacet
  facet normal 0 0 1
    outer loop
      vertex 16.7021 45.8979 3
      vertex 16.7021 17.3021 3
      vertex 16.8753 17.0992 3
    endloop
  endfacet
  facet normal 0 0 1
    outer loop
      vertex 11.3584 33.399 3
      vertex 16.7021 45.8979 3
      vertex 16.4992 45.7247 3
    endloop
  endfacet
  facet normal 0 0 1
    outer loop
      vertex 16.7021 45.8979 3
      vertex 11.5 31.6 3
      vertex 16.7021 17.3021 3
    endloop
  endfacet
  facet normal 0 0 1
    outer loop
      vertex 11.3584 33.399 3
      vertex 16.4992 45.7247 3
      vertex 16.2718 45.5853 3
    endloop
  endfacet
  facet normal -0 0 1
    outer loop
      vertex 11.3584 29.801 3
      vertex 16.7021 17.3021 3
      vertex 11.5 31.6 3
    endloop
  endfacet
  facet normal 0 0 1
    outer loop
      vertex 10.9371 35.1537 3
      vertex 16.2718 45.5853 3
      vertex 16.0253 45.4832 3
    endloop
  endfacet
  facet normal 0 0 1
    outer loop
      vertex 16.7021 17.3021 3
      vertex 11.3584 29.801 3
      vertex 16.4992 17.4753 3
    endloop
  endfacet
  facet normal 0 0 1
    outer loop
      vertex 10.9371 35.1537 3
      vertex 16.0253 45.4832 3
      vertex 15.7659 45.4209 3
    endloop
  endfacet
  facet normal 0 0 1
    outer loop
      vertex 16.4992 17.4753 3
      vertex 11.3584 29.801 3
      vertex 16.2718 17.6147 3
    endloop
  endfacet
  facet normal 0 0 1
    outer loop
      vertex 10.2466 36.8209 3
      vertex 15.7659 45.4209 3
      vertex 15.5 45.4 3
    endloop
  endfacet
  facet normal -0 0 1
    outer loop
      vertex 10.9371 28.0463 3
      vertex 16.2718 17.6147 3
      vertex 11.3584 29.801 3
    endloop
  endfacet
  facet normal 0 0 1
    outer loop
      vertex 10.2466 36.8209 3
      vertex 15.5 45.4 3
      vertex 15.2341 45.4209 3
    endloop
  endfacet
  facet normal 0 0 1
    outer loop
      vertex 16.2718 17.6147 3
      vertex 10.9371 28.0463 3
      vertex 16.0253 17.7168 3
    endloop
  endfacet
  facet normal 0 0 1
    outer loop
      vertex 9.30369 38.3595 3
      vertex 15.2341 45.4209 3
      vertex 14.9747 45.4832 3
    endloop
  endfacet
  facet normal 0 0 1
    outer loop
      vertex 16.0253 17.7168 3
      vertex 10.9371 28.0463 3
      vertex 15.7659 17.7791 3
    endloop
  endfacet
  facet normal 0 0 1
    outer loop
      vertex 9.30369 38.3595 3
      vertex 14.9747 45.4832 3
      vertex 14.7282 45.5853 3
    endloop
  endfacet
  facet normal -0 0 1
    outer loop
      vertex 10.2466 26.3791 3
      vertex 15.7659 17.7791 3
      vertex 10.9371 28.0463 3
    endloop
  endfacet
  facet normal 0 0 1
    outer loop
      vertex 9.30369 38.3595 3
      vertex 14.7282 45.5853 3
      vertex 14.5008 45.7247 3
    endloop
  endfacet
  facet normal 0 0 1
    outer loop
      vertex 15.7659 17.7791 3
      vertex 10.2466 26.3791 3
      vertex 15.5 17.8 3
    endloop
  endfacet
  facet normal 0 0 1
    outer loop
      vertex 8.13173 39.7317 3
      vertex 14.5008 45.7247 3
      vertex 14.2979 45.8979 3
    endloop
  endfacet
  facet normal 0 0 1
    outer loop
      vertex 15.5 17.8 3
      vertex 10.2466 26.3791 3
      vertex 15.2341 17.7791 3
    endloop
  endfacet
  facet normal 0 0 1
    outer loop
      vertex 8.13173 39.7317 3
      vertex 14.2979 45.8979 3
      vertex 14.1247 46.1008 3
    endloop
  endfacet
  facet normal -0 0 1
    outer loop
      vertex 9.30369 24.8405 3
      vertex 15.2341 17.7791 3
      vertex 10.2466 26.3791 3
    endloop
  endfacet
  facet normal 0 0 1
    outer loop
      vertex 6.75953 40.9037 3
      vertex 14.1247 46.1008 3
      vertex 13.9853 46.3282 3
    endloop
  endfacet
  facet normal 0 0 1
    outer loop
      vertex 15.2341 17.7791 3
      vertex 9.30369 24.8405 3
      vertex 14.9747 17.7168 3
    endloop
  endfacet
  facet normal 0 0 1
    outer loop
      vertex 6.75953 40.9037 3
      vertex 13.9853 46.3282 3
      vertex 13.8832 46.5747 3
    endloop
  endfacet
  facet normal 0 0 1
    outer loop
      vertex 14.9747 17.7168 3
      vertex 9.30369 24.8405 3
      vertex 14.7282 17.6147 3
    endloop
  endfacet
  facet normal 0 0 1
    outer loop
      vertex 6.75953 40.9037 3
      vertex 13.8832 46.5747 3
      vertex 13.8209 46.8341 3
    endloop
  endfacet
  facet normal 0 0 1
    outer loop
      vertex 14.7282 17.6147 3
      vertex 9.30369 24.8405 3
      vertex 14.5008 17.4753 3
    endloop
  endfacet
  facet normal 0 0 1
    outer loop
      vertex 5.22089 41.8466 3
      vertex 13.8209 46.8341 3
      vertex 13.8 47.1 3
    endloop
  endfacet
  facet normal -0 0 1
    outer loop
      vertex 8.13173 23.4683 3
      vertex 14.5008 17.4753 3
      vertex 9.30369 24.8405 3
    endloop
  endfacet
  facet normal 0 0 1
    outer loop
      vertex 17.1791 46.8341 3
      vertex 23 55 3
      vertex 17.2 47.1 3
    endloop
  endfacet
  facet normal 0 0 1
    outer loop
      vertex 23 55 3
      vertex 17.1791 47.3659 3
      vertex 17.2 47.1 3
    endloop
  endfacet
  facet normal 0 0 1
    outer loop
      vertex 23 55 3
      vertex 17.1168 47.6253 3
      vertex 17.1791 47.3659 3
    endloop
  endfacet
  facet normal 0 0 1
    outer loop
      vertex 23 55 3
      vertex 17.0147 47.8718 3
      vertex 17.1168 47.6253 3
    endloop
  endfacet
  facet normal 0 0 1
    outer loop
      vertex 23 55 3
      vertex 16.8753 48.0992 3
      vertex 17.0147 47.8718 3
    endloop
  endfacet
  facet normal 0 0 1
    outer loop
      vertex 23 55 3
      vertex 16.7021 48.3021 3
      vertex 16.8753 48.0992 3
    endloop
  endfacet
  facet normal 0 0 1
    outer loop
      vertex 23 55 3
      vertex 16.4992 48.4753 3
      vertex 16.7021 48.3021 3
    endloop
  endfacet
  facet normal 0 0 1
    outer loop
      vertex 23 55 3
      vertex 16.2718 48.6147 3
      vertex 16.4992 48.4753 3
    endloop
  endfacet
  facet normal 0 0 1
    outer loop
      vertex 23 55 3
      vertex 16.0253 48.7168 3
      vertex 16.2718 48.6147 3
    endloop
  endfacet
  facet normal 0 0 1
    outer loop
      vertex 23 55 3
      vertex 15.7659 48.7791 3
      vertex 16.0253 48.7168 3
    endloop
  endfacet
  facet normal 0 0 1
    outer loop
      vertex 23 55 3
      vertex 15.5 48.8 3
      vertex 15.7659 48.7791 3
    endloop
  endfacet
  facet normal 0 0 1
    outer loop
      vertex 23 55 3
      vertex 15.2341 48.7791 3
      vertex 15.5 48.8 3
    endloop
  endfacet
  facet normal 0 0 1
    outer loop
      vertex 23 55 3
      vertex 14.9747 48.7168 3
      vertex 15.2341 48.7791 3
    endloop
  endfacet
  facet normal 0 0 1
    outer loop
      vertex 23 55 3
      vertex 14.7282 48.6147 3
      vertex 14.9747 48.7168 3
    endloop
  endfacet
  facet normal 0 0 1
    outer loop
      vertex -14.7282 48.6147 3
      vertex 14.7282 48.6147 3
      vertex 23 55 3
    endloop
  endfacet
  facet normal 0 0 1
    outer loop
      vertex 14.5008 17.4753 3
      vertex 8.13173 23.4683 3
      vertex 14.2979 17.3021 3
    endloop
  endfacet
  facet normal 0 0 1
    outer loop
      vertex 5.22089 41.8466 3
      vertex 13.8 47.1 3
      vertex 13.8209 47.3659 3
    endloop
  endfacet
  facet normal 0 0 1
    outer loop
      vertex 16.7021 45.8979 3
      vertex 11.3584 33.399 3
      vertex 11.5 31.6 3
    endloop
  endfacet
  facet normal 0 0 1
    outer loop
      vertex 16.2718 45.5853 3
      vertex 10.9371 35.1537 3
      vertex 11.3584 33.399 3
    endloop
  endfacet
  facet normal 0 0 1
    outer loop
      vertex 15.7659 45.4209 3
      vertex 10.2466 36.8209 3
      vertex 10.9371 35.1537 3
    endloop
  endfacet
  facet normal 0 0 1
    outer loop
      vertex 3.55369 42.5371 3
      vertex 13.8209 47.3659 3
      vertex 13.8832 47.6253 3
    endloop
  endfacet
  facet normal 0 0 1
    outer loop
      vertex 15.2341 45.4209 3
      vertex 9.30369 38.3595 3
      vertex 10.2466 36.8209 3
    endloop
  endfacet
  facet normal 0 0 1
    outer loop
      vertex 3.55369 42.5371 3
      vertex 13.8832 47.6253 3
      vertex 13.9853 47.8718 3
    endloop
  endfacet
  facet normal 0 0 1
    outer loop
      vertex 14.5008 45.7247 3
      vertex 8.13173 39.7317 3
      vertex 9.30369 38.3595 3
    endloop
  endfacet
  facet normal 0 0 1
    outer loop
      vertex 1.799 42.9584 3
      vertex 13.9853 47.8718 3
      vertex 14.1247 48.0992 3
    endloop
  endfacet
  facet normal 0 0 1
    outer loop
      vertex 14.1247 46.1008 3
      vertex 6.75953 40.9037 3
      vertex 8.13173 39.7317 3
    endloop
  endfacet
  facet normal 0 0 1
    outer loop
      vertex 1.799 42.9584 3
      vertex 14.1247 48.0992 3
      vertex 14.2979 48.3021 3
    endloop
  endfacet
  facet normal 0 0 1
    outer loop
      vertex 13.8209 46.8341 3
      vertex 5.22089 41.8466 3
      vertex 6.75953 40.9037 3
    endloop
  endfacet
  facet normal 0 0 1
    outer loop
      vertex 0 43.1 3
      vertex 14.2979 48.3021 3
      vertex 14.5008 48.4753 3
    endloop
  endfacet
  facet normal 0 0 1
    outer loop
      vertex 14.7282 48.6147 3
      vertex -14.7282 48.6147 3
      vertex 14.5008 48.4753 3
    endloop
  endfacet
  facet normal 0 0 1
    outer loop
      vertex 13.8209 47.3659 3
      vertex 3.55369 42.5371 3
      vertex 5.22089 41.8466 3
    endloop
  endfacet
  facet normal 0 0 1
    outer loop
      vertex 13.9853 47.8718 3
      vertex 1.799 42.9584 3
      vertex 3.55369 42.5371 3
    endloop
  endfacet
  facet normal 0 0 1
    outer loop
      vertex 14.2979 48.3021 3
      vertex 0 43.1 3
      vertex 1.799 42.9584 3
    endloop
  endfacet
  facet normal 0 0 1
    outer loop
      vertex 14.5008 48.4753 3
      vertex -14.5008 48.4753 3
      vertex 0 43.1 3
    endloop
  endfacet
  facet normal -0 -0 1
    outer loop
      vertex -14.2979 48.3021 3
      vertex 0 43.1 3
      vertex -14.5008 48.4753 3
    endloop
  endfacet
  facet normal -0 -0 1
    outer loop
      vertex -14.1247 48.0992 3
      vertex -1.799 42.9584 3
      vertex -14.2979 48.3021 3
    endloop
  endfacet
  facet normal -0 0 1
    outer loop
      vertex -14.2979 45.8979 3
      vertex -8.13173 39.7317 3
      vertex -14.1247 46.1008 3
    endloop
  endfacet
  facet normal 0 0 1
    outer loop
      vertex -6.75953 40.9037 3
      vertex -14.1247 46.1008 3
      vertex -8.13173 39.7317 3
    endloop
  endfacet
  facet normal -0 0 1
    outer loop
      vertex -14.1247 46.1008 3
      vertex -6.75953 40.9037 3
      vertex -13.9853 46.3282 3
    endloop
  endfacet
  facet normal -0 0 1
    outer loop
      vertex -13.9853 46.3282 3
      vertex -6.75953 40.9037 3
      vertex -13.8832 46.5747 3
    endloop
  endfacet
  facet normal -0 0 1
    outer loop
      vertex -13.8832 46.5747 3
      vertex -6.75953 40.9037 3
      vertex -13.8209 46.8341 3
    endloop
  endfacet
  facet normal 0 0 1
    outer loop
      vertex -5.22089 41.8466 3
      vertex -13.8209 46.8341 3
      vertex -6.75953 40.9037 3
    endloop
  endfacet
  facet normal -0 0 1
    outer loop
      vertex -13.8209 46.8341 3
      vertex -5.22089 41.8466 3
      vertex -13.8 47.1 3
    endloop
  endfacet
  facet normal 0 0 1
    outer loop
      vertex -1.799 42.9584 3
      vertex -13.9853 47.8718 3
      vertex -3.55369 42.5371 3
    endloop
  endfacet
  facet normal 0 0 1
    outer loop
      vertex -5.22089 41.8466 3
      vertex -13.8209 47.3659 3
      vertex -13.8 47.1 3
    endloop
  endfacet
  facet normal 0 0 1
    outer loop
      vertex -3.55369 42.5371 3
      vertex -13.8209 47.3659 3
      vertex -5.22089 41.8466 3
    endloop
  endfacet
  facet normal -0 -0 1
    outer loop
      vertex -13.8209 47.3659 3
      vertex -3.55369 42.5371 3
      vertex -13.8832 47.6253 3
    endloop
  endfacet
  facet normal -0 -0 1
    outer loop
      vertex -13.8832 47.6253 3
      vertex -3.55369 42.5371 3
      vertex -13.9853 47.8718 3
    endloop
  endfacet
  facet normal -0 -0 1
    outer loop
      vertex -13.9853 47.8718 3
      vertex -1.799 42.9584 3
      vertex -14.1247 48.0992 3
    endloop
  endfacet
  facet normal 0 0 1
    outer loop
      vertex 0 43.1 3
      vertex -14.2979 48.3021 3
      vertex -1.799 42.9584 3
    endloop
  endfacet
  facet normal 0 0 1
    outer loop
      vertex 14.5008 48.4753 3
      vertex -14.7282 48.6147 3
      vertex -14.5008 48.4753 3
    endloop
  endfacet
  facet normal -0 0 1
    outer loop
      vertex -23 55 3
      vertex -14.7282 48.6147 3
      vertex 23 55 3
    endloop
  endfacet
  facet normal 0 0 1
    outer loop
      vertex -14.7282 48.6147 3
      vertex -23 55 3
      vertex -14.9747 48.7168 3
    endloop
  endfacet
  facet normal 0 0 1
    outer loop
      vertex -14.9747 48.7168 3
      vertex -23 55 3
      vertex -15.2341 48.7791 3
    endloop
  endfacet
  facet normal 0 0 1
    outer loop
      vertex -15.2341 48.7791 3
      vertex -23 55 3
      vertex -15.5 48.8 3
    endloop
  endfacet
  facet normal 0 0 1
    outer loop
      vertex -17.1168 16.6253 3
      vertex -23 3 3
      vertex -17.1791 16.3659 3
    endloop
  endfacet
  facet normal 0 0 1
    outer loop
      vertex -17.1791 47.3659 3
      vertex -23 55 3
      vertex -17.2 47.1 3
    endloop
  endfacet
  facet normal 0 0 1
    outer loop
      vertex -17.1168 47.6253 3
      vertex -23 55 3
      vertex -17.1791 47.3659 3
    endloop
  endfacet
  facet normal 0 0 1
    outer loop
      vertex -17.0147 47.8718 3
      vertex -23 55 3
      vertex -17.1168 47.6253 3
    endloop
  endfacet
  facet normal 0 0 1
    outer loop
      vertex -16.8753 48.0992 3
      vertex -23 55 3
      vertex -17.0147 47.8718 3
    endloop
  endfacet
  facet normal 0 0 1
    outer loop
      vertex -16.7021 48.3021 3
      vertex -23 55 3
      vertex -16.8753 48.0992 3
    endloop
  endfacet
  facet normal 0 0 1
    outer loop
      vertex -16.4992 48.4753 3
      vertex -23 55 3
      vertex -16.7021 48.3021 3
    endloop
  endfacet
  facet normal 0 0 1
    outer loop
      vertex -16.2718 48.6147 3
      vertex -23 55 3
      vertex -16.4992 48.4753 3
    endloop
  endfacet
  facet normal 0 0 1
    outer loop
      vertex -16.0253 48.7168 3
      vertex -23 55 3
      vertex -16.2718 48.6147 3
    endloop
  endfacet
  facet normal 0 0 1
    outer loop
      vertex -15.7659 48.7791 3
      vertex -23 55 3
      vertex -16.0253 48.7168 3
    endloop
  endfacet
  facet normal 0 0 1
    outer loop
      vertex -15.5 48.8 3
      vertex -23 55 3
      vertex -15.7659 48.7791 3
    endloop
  endfacet
  facet normal 0 0 1
    outer loop
      vertex 23 55 3
      vertex 17.2 16.1 3
      vertex 23 3 3
    endloop
  endfacet
  facet normal -0 0 1
    outer loop
      vertex 17.1791 15.8341 3
      vertex 23 3 3
      vertex 17.2 16.1 3
    endloop
  endfacet
  facet normal -0 0 1
    outer loop
      vertex 17.1168 15.5747 3
      vertex 23 3 3
      vertex 17.1791 15.8341 3
    endloop
  endfacet
  facet normal -0 0 1
    outer loop
      vertex 17.0147 15.3282 3
      vertex 23 3 3
      vertex 17.1168 15.5747 3
    endloop
  endfacet
  facet normal -0 0 1
    outer loop
      vertex 16.8753 15.1008 3
      vertex 23 3 3
      vertex 17.0147 15.3282 3
    endloop
  endfacet
  facet normal -0 0 1
    outer loop
      vertex 16.7021 14.8979 3
      vertex 23 3 3
      vertex 16.8753 15.1008 3
    endloop
  endfacet
  facet normal -0 0 1
    outer loop
      vertex 16.4992 14.7247 3
      vertex 23 3 3
      vertex 16.7021 14.8979 3
    endloop
  endfacet
  facet normal -0 0 1
    outer loop
      vertex 16.2718 14.5853 3
      vertex 23 3 3
      vertex 16.4992 14.7247 3
    endloop
  endfacet
  facet normal -0 0 1
    outer loop
      vertex 16.0253 14.4832 3
      vertex 23 3 3
      vertex 16.2718 14.5853 3
    endloop
  endfacet
  facet normal 0 0 1
    outer loop
      vertex 13.8382 3 3
      vertex 16.0253 14.4832 3
      vertex 15.7659 14.4209 3
    endloop
  endfacet
  facet normal 0 0 1
    outer loop
      vertex 13.8382 3 3
      vertex 15.7659 14.4209 3
      vertex 15.5 14.4 3
    endloop
  endfacet
  facet normal 0 0 1
    outer loop
      vertex 13.8382 3 3
      vertex 15.5 14.4 3
      vertex 15.2341 14.4209 3
    endloop
  endfacet
  facet normal 0 0 1
    outer loop
      vertex 13.8382 3 3
      vertex 15.2341 14.4209 3
      vertex 14.9747 14.4832 3
    endloop
  endfacet
  facet normal 0 0 1
    outer loop
      vertex 13.8382 3 3
      vertex 14.9747 14.4832 3
      vertex 14.7282 14.5853 3
    endloop
  endfacet
  facet normal 0 0 1
    outer loop
      vertex 9.73726 3 3
      vertex 14.7282 14.5853 3
      vertex 14.5008 14.7247 3
    endloop
  endfacet
  facet normal 0 0 1
    outer loop
      vertex 9.73726 3 3
      vertex 14.5008 14.7247 3
      vertex 14.2979 14.8979 3
    endloop
  endfacet
  facet normal 0 0 1
    outer loop
      vertex 9.73726 3 3
      vertex 14.2979 14.8979 3
      vertex 14.1247 15.1008 3
    endloop
  endfacet
  facet normal 0 0 1
    outer loop
      vertex 16.0253 14.4832 3
      vertex 13.8382 3 3
      vertex 23 3 3
    endloop
  endfacet
  facet normal 0 0 1
    outer loop
      vertex 9.73726 3 3
      vertex 14.1247 15.1008 3
      vertex 13.9853 15.3282 3
    endloop
  endfacet
  facet normal 0 0 1
    outer loop
      vertex 3.55369 20.6628 3
      vertex 13.9853 15.3282 3
      vertex 13.8832 15.5747 3
    endloop
  endfacet
  facet normal 0 0 1
    outer loop
      vertex 3.55369 20.6628 3
      vertex 13.8832 15.5747 3
      vertex 13.8209 15.8341 3
    endloop
  endfacet
  facet normal 0 0 1
    outer loop
      vertex 5.22089 21.3534 3
      vertex 13.8209 15.8341 3
      vertex 13.8 16.1 3
    endloop
  endfacet
  facet normal 0 0 1
    outer loop
      vertex 14.2979 17.3021 3
      vertex 8.13173 23.4683 3
      vertex 14.1247 17.0992 3
    endloop
  endfacet
  facet normal -0 0 1
    outer loop
      vertex 6.75953 22.2963 3
      vertex 14.1247 17.0992 3
      vertex 8.13173 23.4683 3
    endloop
  endfacet
  facet normal 0 0 1
    outer loop
      vertex 14.1247 17.0992 3
      vertex 6.75953 22.2963 3
      vertex 13.9853 16.8718 3
    endloop
  endfacet
  facet normal 0 0 1
    outer loop
      vertex 13.9853 16.8718 3
      vertex 6.75953 22.2963 3
      vertex 13.8832 16.6253 3
    endloop
  endfacet
  facet normal 0 0 1
    outer loop
      vertex 13.8832 16.6253 3
      vertex 6.75953 22.2963 3
      vertex 13.8209 16.3659 3
    endloop
  endfacet
  facet normal -0 0 1
    outer loop
      vertex 5.22089 21.3534 3
      vertex 13.8209 16.3659 3
      vertex 6.75953 22.2963 3
    endloop
  endfacet
  facet normal 0 0 1
    outer loop
      vertex 13.8209 16.3659 3
      vertex 5.22089 21.3534 3
      vertex 13.8 16.1 3
    endloop
  endfacet
  facet normal 0 0 1
    outer loop
      vertex 14.7282 14.5853 3
      vertex 9.73726 3 3
      vertex 13.8382 3 3
    endloop
  endfacet
  facet normal 0 0 1
    outer loop
      vertex 13.8209 15.8341 3
      vertex 5.22089 21.3534 3
      vertex 3.55369 20.6628 3
    endloop
  endfacet
  facet normal 0 0 1
    outer loop
      vertex 13.9853 15.3282 3
      vertex 3.55369 20.6628 3
      vertex 9.73726 3 3
    endloop
  endfacet
  facet normal -0 0 1
    outer loop
      vertex 1.799 20.2416 3
      vertex 9.73726 3 3
      vertex 3.55369 20.6628 3
    endloop
  endfacet
  facet normal -0 0 1
    outer loop
      vertex 0 20.1 3
      vertex 9.73726 3 3
      vertex 1.799 20.2416 3
    endloop
  endfacet
  facet normal 0 0 1
    outer loop
      vertex -9.73726 3 3
      vertex 0 20.1 3
      vertex -1.799 20.2416 3
    endloop
  endfacet
  facet normal 0 0 1
    outer loop
      vertex -9.73726 3 3
      vertex -1.799 20.2416 3
      vertex -3.55369 20.6628 3
    endloop
  endfacet
  facet normal 0 0 1
    outer loop
      vertex -13.8209 15.8341 3
      vertex -3.55369 20.6628 3
      vertex -5.22089 21.3534 3
    endloop
  endfacet
  facet normal 0 0 1
    outer loop
      vertex -13.8 16.1 3
      vertex -5.22089 21.3534 3
      vertex -6.75953 22.2963 3
    endloop
  endfacet
  facet normal 0 0 1
    outer loop
      vertex -13.8 16.1 3
      vertex -6.75953 22.2963 3
      vertex -8.13173 23.4683 3
    endloop
  endfacet
  facet normal 0 0 1
    outer loop
      vertex 0 20.1 3
      vertex -9.73726 3 3
      vertex 9.73726 3 3
    endloop
  endfacet
  facet normal 0 0 1
    outer loop
      vertex -13.8 16.1 3
      vertex -8.13173 23.4683 3
      vertex -9.30369 24.8405 3
    endloop
  endfacet
  facet normal 0 0 1
    outer loop
      vertex -13.8 16.1 3
      vertex -9.30369 24.8405 3
      vertex -10.2466 26.3791 3
    endloop
  endfacet
  facet normal 0 0 1
    outer loop
      vertex -13.8 16.1 3
      vertex -10.2466 26.3791 3
      vertex -10.9371 28.0463 3
    endloop
  endfacet
  facet normal 0 0 1
    outer loop
      vertex -13.8 16.1 3
      vertex -10.9371 28.0463 3
      vertex -11.3584 29.801 3
    endloop
  endfacet
  facet normal 0 0 1
    outer loop
      vertex -13.8 16.1 3
      vertex -11.3584 29.801 3
      vertex -11.5 31.6 3
    endloop
  endfacet
  facet normal -0 0 1
    outer loop
      vertex -14.5008 45.7247 3
      vertex -8.13173 39.7317 3
      vertex -14.2979 45.8979 3
    endloop
  endfacet
  facet normal 0 0 1
    outer loop
      vertex -5.22089 21.3534 3
      vertex -13.8 16.1 3
      vertex -13.8209 15.8341 3
    endloop
  endfacet
  facet normal 0 0 1
    outer loop
      vertex -3.55369 20.6628 3
      vertex -13.8209 15.8341 3
      vertex -13.8832 15.5747 3
    endloop
  endfacet
  facet normal 0 0 1
    outer loop
      vertex -3.55369 20.6628 3
      vertex -13.8832 15.5747 3
      vertex -13.9853 15.3282 3
    endloop
  endfacet
  facet normal 0 0 1
    outer loop
      vertex -3.55369 20.6628 3
      vertex -13.9853 15.3282 3
      vertex -9.73726 3 3
    endloop
  endfacet
  facet normal -0 0 1
    outer loop
      vertex -14.1247 15.1008 3
      vertex -9.73726 3 3
      vertex -13.9853 15.3282 3
    endloop
  endfacet
  facet normal -0 0 1
    outer loop
      vertex -14.2979 14.8979 3
      vertex -9.73726 3 3
      vertex -14.1247 15.1008 3
    endloop
  endfacet
  facet normal -0 0 1
    outer loop
      vertex -14.5008 14.7247 3
      vertex -9.73726 3 3
      vertex -14.2979 14.8979 3
    endloop
  endfacet
  facet normal -0 0 1
    outer loop
      vertex -14.7282 14.5853 3
      vertex -9.73726 3 3
      vertex -14.5008 14.7247 3
    endloop
  endfacet
  facet normal 0 0 1
    outer loop
      vertex -9.73726 3 3
      vertex -14.7282 14.5853 3
      vertex -13.8382 3 3
    endloop
  endfacet
  facet normal -0 0 1
    outer loop
      vertex -14.9747 14.4832 3
      vertex -13.8382 3 3
      vertex -14.7282 14.5853 3
    endloop
  endfacet
  facet normal -0 0 1
    outer loop
      vertex -15.2341 14.4209 3
      vertex -13.8382 3 3
      vertex -14.9747 14.4832 3
    endloop
  endfacet
  facet normal -0 0 1
    outer loop
      vertex -15.5 14.4 3
      vertex -13.8382 3 3
      vertex -15.2341 14.4209 3
    endloop
  endfacet
  facet normal 0 0 1
    outer loop
      vertex -15.7659 14.4209 3
      vertex -13.8382 3 3
      vertex -15.5 14.4 3
    endloop
  endfacet
  facet normal 0 0 1
    outer loop
      vertex -16.0253 14.4832 3
      vertex -13.8382 3 3
      vertex -15.7659 14.4209 3
    endloop
  endfacet
  facet normal 0 0 1
    outer loop
      vertex -23 3 3
      vertex -16.0253 14.4832 3
      vertex -16.2718 14.5853 3
    endloop
  endfacet
  facet normal 0 0 1
    outer loop
      vertex -23 3 3
      vertex -16.2718 14.5853 3
      vertex -16.4992 14.7247 3
    endloop
  endfacet
  facet normal 0 0 1
    outer loop
      vertex -23 3 3
      vertex -16.4992 14.7247 3
      vertex -16.7021 14.8979 3
    endloop
  endfacet
  facet normal 0 0 1
    outer loop
      vertex -23 3 3
      vertex -16.7021 14.8979 3
      vertex -16.8753 15.1008 3
    endloop
  endfacet
  facet normal 0 0 1
    outer loop
      vertex -23 3 3
      vertex -16.8753 15.1008 3
      vertex -17.0147 15.3282 3
    endloop
  endfacet
  facet normal 0 0 1
    outer loop
      vertex -23 3 3
      vertex -17.0147 15.3282 3
      vertex -17.1168 15.5747 3
    endloop
  endfacet
  facet normal 0 0 1
    outer loop
      vertex -17.1791 16.3659 3
      vertex -23 3 3
      vertex -17.2 16.1 3
    endloop
  endfacet
  facet normal 0 0 1
    outer loop
      vertex -16.0253 14.4832 3
      vertex -23 3 3
      vertex -13.8382 3 3
    endloop
  endfacet
  facet normal 0 0 1
    outer loop
      vertex -17.1791 15.8341 3
      vertex -23 3 3
      vertex -17.1168 15.5747 3
    endloop
  endfacet
  facet normal 0 0 1
    outer loop
      vertex -17.2 16.1 3
      vertex -23 3 3
      vertex -17.1791 15.8341 3
    endloop
  endfacet
  facet normal 0 -1 0
    outer loop
      vertex -23 47 -3
      vertex -17.1921 47 -5
      vertex -17.1921 47 -3
    endloop
  endfacet
  facet normal 0 -1 0
    outer loop
      vertex -17.1921 47 -5
      vertex -10 47 -22.5
      vertex -13.8079 47 -5
    endloop
  endfacet
  facet normal 0 -1 0
    outer loop
      vertex -23 47 -23
      vertex -17.1921 47 -5
      vertex -23 47 -3
    endloop
  endfacet
  facet normal 0 -1 -0
    outer loop
      vertex -10 47 -22.5
      vertex -23 47 -23
      vertex 10 47 -22.5
    endloop
  endfacet
  facet normal 0 -1 -0
    outer loop
      vertex -17.1921 47 -5
      vertex -23 47 -23
      vertex -10 47 -22.5
    endloop
  endfacet
  facet normal 0 -1 0
    outer loop
      vertex -13.8079 47 -5
      vertex -10 47 -3
      vertex -13.8079 47 -3
    endloop
  endfacet
  facet normal 0 -1 -0
    outer loop
      vertex -10 47 -3
      vertex -13.8079 47 -5
      vertex -10 47 -22.5
    endloop
  endfacet
  facet normal 0 -1 0
    outer loop
      vertex 10 47 -3
      vertex 13.8079 47 -5
      vertex 13.8079 47 -3
    endloop
  endfacet
  facet normal 0 -1 -0
    outer loop
      vertex 13.8079 47 -5
      vertex 10 47 -22.5
      vertex 17.1921 47 -5
    endloop
  endfacet
  facet normal 0 -1 0
    outer loop
      vertex 10 47 -22.5
      vertex 13.8079 47 -5
      vertex 10 47 -3
    endloop
  endfacet
  facet normal 0 -1 0
    outer loop
      vertex 17.1921 47 -5
      vertex 23 47 -3
      vertex 17.1921 47 -3
    endloop
  endfacet
  facet normal 0 -1 0
    outer loop
      vertex 23 47 -23
      vertex 17.1921 47 -5
      vertex 10 47 -22.5
    endloop
  endfacet
  facet normal 0 -1 0
    outer loop
      vertex 17.1921 47 -5
      vertex 23 47 -23
      vertex 23 47 -3
    endloop
  endfacet
  facet normal 0 -1 0
    outer loop
      vertex 23 47 -23
      vertex 10 47 -22.5
      vertex -23 47 -23
    endloop
  endfacet
  facet normal 0 0 -1
    outer loop
      vertex -23 47 -23
      vertex 23 55 -23
      vertex 23 47 -23
    endloop
  endfacet
  facet normal -0 0 -1
    outer loop
      vertex 23 55 -23
      vertex -23 47 -23
      vertex -23 55 -23
    endloop
  endfacet
  facet normal 0.0784477 0 0.996918
    outer loop
      vertex 0 3 14.2
      vertex 2.22137 -22 14.0252
      vertex 2.22137 3 14.0252
    endloop
  endfacet
  facet normal 0.0784477 0 0.996918
    outer loop
      vertex 2.22137 -22 14.0252
      vertex 0 3 14.2
      vertex 0 -22 14.2
    endloop
  endfacet
  facet normal 0.972351 0 -0.233525
    outer loop
      vertex 14.0252 -22 -2.22137
      vertex 13.8382 3 -3
      vertex 14.0252 3 -2.22137
    endloop
  endfacet
  facet normal 0.972367 2.22532e-06 -0.233457
    outer loop
      vertex 13.505 -22 -4.38804
      vertex 13.8382 3 -3
      vertex 14.0252 -22 -2.22137
    endloop
  endfacet
  facet normal 0.972376 0 -0.23342
    outer loop
      vertex 13.8382 3 -3
      vertex 13.505 -22 -4.38804
      vertex 13.505 3 -4.38804
    endloop
  endfacet
  facet normal 0.996907 0 -0.0785965
    outer loop
      vertex 14.1741 -7.42585 -0.328512
      vertex 14.2 3 0
      vertex 14.2 -7.4 0
    endloop
  endfacet
  facet normal 0.996918 -4.71715e-06 -0.0784477
    outer loop
      vertex 14.2 3 0
      vertex 14.1741 -7.42585 -0.328512
      vertex 14.0252 3 -2.22137
    endloop
  endfacet
  facet normal 0.996922 3.13494e-06 -0.0784047
    outer loop
      vertex 14.1489 -7.50278 -0.648935
      vertex 14.0252 3 -2.22137
      vertex 14.1741 -7.42585 -0.328512
    endloop
  endfacet
  facet normal 0.996932 2.30898e-05 -0.0782722
    outer loop
      vertex 14.125 -7.62889 -0.95338
      vertex 14.0252 3 -2.22137
      vertex 14.1489 -7.50278 -0.648935
    endloop
  endfacet
  facet normal 0.996921 5.67005e-06 -0.0784173
    outer loop
      vertex 14.1029 -7.80106 -1.23435
      vertex 14.0252 3 -2.22137
      vertex 14.125 -7.62889 -0.95338
    endloop
  endfacet
  facet normal 0.996894 -2.51839e-05 -0.0787529
    outer loop
      vertex 14.0831 -8.01508 -1.48492
      vertex 14.0252 3 -2.22137
      vertex 14.1029 -7.80106 -1.23435
    endloop
  endfacet
  facet normal 0.996933 7.60765e-06 -0.0782655
    outer loop
      vertex 14.0663 -8.26565 -1.69894
      vertex 14.0252 3 -2.22137
      vertex 14.0831 -8.01508 -1.48492
    endloop
  endfacet
  facet normal 0.996896 -1.379e-05 -0.078724
    outer loop
      vertex 14.0527 -8.54662 -1.87111
      vertex 14.0252 3 -2.22137
      vertex 14.0663 -8.26565 -1.69894
    endloop
  endfacet
  facet normal 0.996933 2.87704e-07 -0.0782628
    outer loop
      vertex 14.0428 -8.85106 -1.99722
      vertex 14.0252 3 -2.22137
      vertex 14.0527 -8.54662 -1.87111
    endloop
  endfacet
  facet normal 0.996969 9.19194e-06 -0.0777949
    outer loop
      vertex 14.0368 -9.17149 -2.07415
      vertex 14.0252 3 -2.22137
      vertex 14.0428 -8.85106 -1.99722
    endloop
  endfacet
  facet normal 0.996743 -2.55421e-05 -0.0806487
    outer loop
      vertex 14.0347 -9.5 -2.1
      vertex 14.0252 3 -2.22137
      vertex 14.0368 -9.17149 -2.07415
    endloop
  endfacet
  facet normal 0.996907 0 -0.0785965
    outer loop
      vertex 14.2 -22 0
      vertex 14.1741 -11.5741 -0.328512
      vertex 14.2 -11.6 0
    endloop
  endfacet
  facet normal 0.996918 4.71713e-06 -0.0784477
    outer loop
      vertex 14.0252 -22 -2.22137
      vertex 14.1741 -11.5741 -0.328512
      vertex 14.2 -22 0
    endloop
  endfacet
  facet normal 0.996922 -3.13498e-06 -0.0784047
    outer loop
      vertex 14.1741 -11.5741 -0.328512
      vertex 14.0252 -22 -2.22137
      vertex 14.1489 -11.4972 -0.648935
    endloop
  endfacet
  facet normal 0.996932 -2.30898e-05 -0.0782722
    outer loop
      vertex 14.1489 -11.4972 -0.648935
      vertex 14.0252 -22 -2.22137
      vertex 14.125 -11.3711 -0.95338
    endloop
  endfacet
  facet normal 0.996921 -5.66998e-06 -0.0784173
    outer loop
      vertex 14.125 -11.3711 -0.95338
      vertex 14.0252 -22 -2.22137
      vertex 14.1029 -11.1989 -1.23435
    endloop
  endfacet
  facet normal 0.996894 2.5184e-05 -0.0787529
    outer loop
      vertex 14.1029 -11.1989 -1.23435
      vertex 14.0252 -22 -2.22137
      vertex 14.0831 -10.9849 -1.48492
    endloop
  endfacet
  facet normal 0.996933 -7.60757e-06 -0.0782655
    outer loop
      vertex 14.0831 -10.9849 -1.48492
      vertex 14.0252 -22 -2.22137
      vertex 14.0663 -10.7343 -1.69894
    endloop
  endfacet
  facet normal 0.996896 1.37902e-05 -0.078724
    outer loop
      vertex 14.0663 -10.7343 -1.69894
      vertex 14.0252 -22 -2.22137
      vertex 14.0527 -10.4534 -1.87111
    endloop
  endfacet
  facet normal 0.996933 -2.877e-07 -0.0782628
    outer loop
      vertex 14.0527 -10.4534 -1.87111
      vertex 14.0252 -22 -2.22137
      vertex 14.0428 -10.1489 -1.99722
    endloop
  endfacet
  facet normal 0.996951 0 -0.0780344
    outer loop
      vertex 14.0347 -9.5 -2.1
      vertex 14.0252 -22 -2.22137
      vertex 14.0252 3 -2.22137
    endloop
  endfacet
  facet normal 0.996743 2.55421e-05 -0.0806487
    outer loop
      vertex 14.0368 -9.82851 -2.07415
      vertex 14.0252 -22 -2.22137
      vertex 14.0347 -9.5 -2.1
    endloop
  endfacet
  facet normal 0.996969 -9.192e-06 -0.0777949
    outer loop
      vertex 14.0428 -10.1489 -1.99722
      vertex 14.0252 -22 -2.22137
      vertex 14.0368 -9.82851 -2.07415
    endloop
  endfacet
  facet normal 0.923881 0 -0.38268
    outer loop
      vertex 13.505 -22 -4.38804
      vertex 12.6523 3 -6.44666
      vertex 13.505 3 -4.38804
    endloop
  endfacet
  facet normal 0.923881 0 -0.38268
    outer loop
      vertex 12.6523 3 -6.44666
      vertex 13.505 -22 -4.38804
      vertex 12.6523 -22 -6.44666
    endloop
  endfacet
  facet normal 0.382661 0 -0.923889
    outer loop
      vertex 6.44666 -22 -12.6523
      vertex 6 -18.7034 -12.8373
      vertex 6.44666 3 -12.6523
    endloop
  endfacet
  facet normal 0.38268 3.03339e-06 -0.923881
    outer loop
      vertex 4.38804 -22 -13.505
      vertex 6 -18.7034 -12.8373
      vertex 6.44666 -22 -12.6523
    endloop
  endfacet
  facet normal 0.382686 0 -0.923879
    outer loop
      vertex 6 -18.7034 -12.8373
      vertex 4.38804 -22 -13.505
      vertex 4.38804 -17.8687 -13.505
    endloop
  endfacet
  facet normal 0.382661 0 -0.923889
    outer loop
      vertex 6.44666 3 -12.6523
      vertex 6 -18.7034 -12.8373
      vertex 6 3 -12.8373
    endloop
  endfacet
  facet normal -0.972376 0 -0.23342
    outer loop
      vertex -13.505 -22 -4.38804
      vertex -13.8382 3 -3
      vertex -13.505 3 -4.38804
    endloop
  endfacet
  facet normal -0.972367 2.22532e-06 -0.233457
    outer loop
      vertex -14.0252 -22 -2.22137
      vertex -13.8382 3 -3
      vertex -13.505 -22 -4.38804
    endloop
  endfacet
  facet normal -0.972351 0 -0.233525
    outer loop
      vertex -13.8382 3 -3
      vertex -14.0252 -22 -2.22137
      vertex -14.0252 3 -2.22137
    endloop
  endfacet
  facet normal 0.649445 0 -0.760409
    outer loop
      vertex 8.34655 -22 -11.488
      vertex 10.0409 3 -10.0409
      vertex 10.0409 -22 -10.0409
    endloop
  endfacet
  facet normal 0.649445 0 -0.760409
    outer loop
      vertex 10.0409 3 -10.0409
      vertex 8.34655 -22 -11.488
      vertex 8.34655 3 -11.488
    endloop
  endfacet
  facet normal 0.522514 0 0.852631
    outer loop
      vertex 6.44666 3 12.6523
      vertex 8.34655 -22 11.488
      vertex 8.34655 3 11.488
    endloop
  endfacet
  facet normal 0.522514 0 0.852631
    outer loop
      vertex 8.34655 -22 11.488
      vertex 6.44666 3 12.6523
      vertex 6.44666 -22 12.6523
    endloop
  endfacet
  facet normal -0.649445 0 -0.760409
    outer loop
      vertex -10.0409 -22 -10.0409
      vertex -8.34655 3 -11.488
      vertex -8.34655 -22 -11.488
    endloop
  endfacet
  facet normal -0.649445 0 -0.760409
    outer loop
      vertex -8.34655 3 -11.488
      vertex -10.0409 -22 -10.0409
      vertex -10.0409 3 -10.0409
    endloop
  endfacet
  facet normal 0.852631 0 -0.522514
    outer loop
      vertex 12.6523 -22 -6.44666
      vertex 11.488 3 -8.34655
      vertex 12.6523 3 -6.44666
    endloop
  endfacet
  facet normal 0.852631 0 -0.522514
    outer loop
      vertex 11.488 3 -8.34655
      vertex 12.6523 -22 -6.44666
      vertex 11.488 -22 -8.34655
    endloop
  endfacet
  facet normal 0.923881 -0 0.38268
    outer loop
      vertex 12.6523 -22 6.44666
      vertex 13.505 3 4.38804
      vertex 12.6523 3 6.44666
    endloop
  endfacet
  facet normal 0.923881 0 0.38268
    outer loop
      vertex 13.505 3 4.38804
      vertex 12.6523 -22 6.44666
      vertex 13.505 -22 4.38804
    endloop
  endfacet
  facet normal 0.0784477 0 -0.996918
    outer loop
      vertex 0 -22 -14.2
      vertex 2.22137 -17.2185 -14.0252
      vertex 2.22137 -22 -14.0252
    endloop
  endfacet
  facet normal 0.0784477 0 -0.996918
    outer loop
      vertex 2.22137 -17.2185 -14.0252
      vertex 0 -22 -14.2
      vertex 0 -17 -14.2
    endloop
  endfacet
  facet normal -0.923881 0 0.38268
    outer loop
      vertex -13.505 -22 4.38804
      vertex -12.6523 3 6.44666
      vertex -13.505 3 4.38804
    endloop
  endfacet
  facet normal -0.923881 0 0.38268
    outer loop
      vertex -12.6523 3 6.44666
      vertex -13.505 -22 4.38804
      vertex -12.6523 -22 6.44666
    endloop
  endfacet
  facet normal -0.0784477 -0 -0.996918
    outer loop
      vertex -2.22137 -17.2185 -14.0252
      vertex 0 -22 -14.2
      vertex -2.22137 -22 -14.0252
    endloop
  endfacet
  facet normal -0.0784477 0 -0.996918
    outer loop
      vertex 0 -22 -14.2
      vertex -2.22137 -17.2185 -14.0252
      vertex 0 -17 -14.2
    endloop
  endfacet
  facet normal 0.233457 0 -0.972367
    outer loop
      vertex 2.22137 -22 -14.0252
      vertex 4.38804 -17.8687 -13.505
      vertex 4.38804 -22 -13.505
    endloop
  endfacet
  facet normal 0.233457 0 -0.972367
    outer loop
      vertex 4.38804 -17.8687 -13.505
      vertex 2.22137 -22 -14.0252
      vertex 2.22137 -17.2185 -14.0252
    endloop
  endfacet
  facet normal -0.38268 0 0.923881
    outer loop
      vertex -6.44666 3 12.6523
      vertex -4.38804 -22 13.505
      vertex -4.38804 3 13.505
    endloop
  endfacet
  facet normal -0.38268 0 0.923881
    outer loop
      vertex -4.38804 -22 13.505
      vertex -6.44666 3 12.6523
      vertex -6.44666 -22 12.6523
    endloop
  endfacet
  facet normal 0.649445 0 0.760409
    outer loop
      vertex 8.34655 3 11.488
      vertex 10.0409 -22 10.0409
      vertex 10.0409 3 10.0409
    endloop
  endfacet
  facet normal 0.649445 0 0.760409
    outer loop
      vertex 10.0409 -22 10.0409
      vertex 8.34655 3 11.488
      vertex 8.34655 -22 11.488
    endloop
  endfacet
  facet normal 0.996918 -4.71715e-06 0.0784477
    outer loop
      vertex 14.1741 -7.42585 0.328512
      vertex 14.2 3 0
      vertex 14.0252 3 2.22137
    endloop
  endfacet
  facet normal 0.996907 0 0.0785965
    outer loop
      vertex 14.2 3 0
      vertex 14.1741 -7.42585 0.328512
      vertex 14.2 -7.4 0
    endloop
  endfacet
  facet normal 0.996922 3.13494e-06 0.0784047
    outer loop
      vertex 14.0252 3 2.22137
      vertex 14.1489 -7.50278 0.648935
      vertex 14.1741 -7.42585 0.328512
    endloop
  endfacet
  facet normal 0.996932 2.30898e-05 0.0782722
    outer loop
      vertex 14.0252 3 2.22137
      vertex 14.125 -7.62889 0.95338
      vertex 14.1489 -7.50278 0.648935
    endloop
  endfacet
  facet normal 0.996921 5.67005e-06 0.0784173
    outer loop
      vertex 14.0252 3 2.22137
      vertex 14.1029 -7.80106 1.23435
      vertex 14.125 -7.62889 0.95338
    endloop
  endfacet
  facet normal 0.996894 -2.51839e-05 0.0787529
    outer loop
      vertex 14.0252 3 2.22137
      vertex 14.0831 -8.01508 1.48492
      vertex 14.1029 -7.80106 1.23435
    endloop
  endfacet
  facet normal 0.996933 7.60765e-06 0.0782655
    outer loop
      vertex 14.0252 3 2.22137
      vertex 14.0663 -8.26565 1.69894
      vertex 14.0831 -8.01508 1.48492
    endloop
  endfacet
  facet normal 0.996896 -1.379e-05 0.078724
    outer loop
      vertex 14.0252 3 2.22137
      vertex 14.0527 -8.54662 1.87111
      vertex 14.0663 -8.26565 1.69894
    endloop
  endfacet
  facet normal 0.996933 2.87704e-07 0.0782628
    outer loop
      vertex 14.0252 3 2.22137
      vertex 14.0428 -8.85106 1.99722
      vertex 14.0527 -8.54662 1.87111
    endloop
  endfacet
  facet normal 0.996969 9.19194e-06 0.0777949
    outer loop
      vertex 14.0252 3 2.22137
      vertex 14.0368 -9.17149 2.07415
      vertex 14.0428 -8.85106 1.99722
    endloop
  endfacet
  facet normal 0.996743 -2.55421e-05 0.0806487
    outer loop
      vertex 14.0252 3 2.22137
      vertex 14.0347 -9.5 2.1
      vertex 14.0368 -9.17149 2.07415
    endloop
  endfacet
  facet normal 0.996951 -0 0.0780344
    outer loop
      vertex 14.0252 -22 2.22137
      vertex 14.0347 -9.5 2.1
      vertex 14.0252 3 2.22137
    endloop
  endfacet
  facet normal 0.996743 2.55421e-05 0.0806487
    outer loop
      vertex 14.0252 -22 2.22137
      vertex 14.0368 -9.82851 2.07415
      vertex 14.0347 -9.5 2.1
    endloop
  endfacet
  facet normal 0.996969 -9.192e-06 0.0777949
    outer loop
      vertex 14.0252 -22 2.22137
      vertex 14.0428 -10.1489 1.99722
      vertex 14.0368 -9.82851 2.07415
    endloop
  endfacet
  facet normal 0.996933 -2.877e-07 0.0782628
    outer loop
      vertex 14.0252 -22 2.22137
      vertex 14.0527 -10.4534 1.87111
      vertex 14.0428 -10.1489 1.99722
    endloop
  endfacet
  facet normal 0.996896 1.37902e-05 0.078724
    outer loop
      vertex 14.0252 -22 2.22137
      vertex 14.0663 -10.7343 1.69894
      vertex 14.0527 -10.4534 1.87111
    endloop
  endfacet
  facet normal 0.996933 -7.60757e-06 0.0782655
    outer loop
      vertex 14.0252 -22 2.22137
      vertex 14.0831 -10.9849 1.48492
      vertex 14.0663 -10.7343 1.69894
    endloop
  endfacet
  facet normal 0.996894 2.5184e-05 0.0787529
    outer loop
      vertex 14.0252 -22 2.22137
      vertex 14.1029 -11.1989 1.23435
      vertex 14.0831 -10.9849 1.48492
    endloop
  endfacet
  facet normal 0.996921 -5.66998e-06 0.0784173
    outer loop
      vertex 14.0252 -22 2.22137
      vertex 14.125 -11.3711 0.95338
      vertex 14.1029 -11.1989 1.23435
    endloop
  endfacet
  facet normal 0.996932 -2.30898e-05 0.0782722
    outer loop
      vertex 14.0252 -22 2.22137
      vertex 14.1489 -11.4972 0.648935
      vertex 14.125 -11.3711 0.95338
    endloop
  endfacet
  facet normal 0.996922 -3.13498e-06 0.0784047
    outer loop
      vertex 14.0252 -22 2.22137
      vertex 14.1741 -11.5741 0.328512
      vertex 14.1489 -11.4972 0.648935
    endloop
  endfacet
  facet normal 0.996918 4.71713e-06 0.0784477
    outer loop
      vertex 14.2 -22 0
      vertex 14.1741 -11.5741 0.328512
      vertex 14.0252 -22 2.22137
    endloop
  endfacet
  facet normal 0.996907 0 0.0785965
    outer loop
      vertex 14.1741 -11.5741 0.328512
      vertex 14.2 -22 0
      vertex 14.2 -11.6 0
    endloop
  endfacet
  facet normal -0.233457 -0 -0.972367
    outer loop
      vertex -4.38804 -17.8687 -13.505
      vertex -2.22137 -22 -14.0252
      vertex -4.38804 -22 -13.505
    endloop
  endfacet
  facet normal -0.233457 0 -0.972367
    outer loop
      vertex -2.22137 -22 -14.0252
      vertex -4.38804 -17.8687 -13.505
      vertex -2.22137 -17.2185 -14.0252
    endloop
  endfacet
  facet normal -0.760409 0 -0.649445
    outer loop
      vertex -10.0409 -22 -10.0409
      vertex -11.488 3 -8.34655
      vertex -10.0409 3 -10.0409
    endloop
  endfacet
  facet normal -0.760409 -0 -0.649445
    outer loop
      vertex -11.488 3 -8.34655
      vertex -10.0409 -22 -10.0409
      vertex -11.488 -22 -8.34655
    endloop
  endfacet
  facet normal -0.996907 0 0.0785965
    outer loop
      vertex -14.1741 -7.42585 0.328512
      vertex -14.2 3 0
      vertex -14.2 -7.4 0
    endloop
  endfacet
  facet normal -0.996918 -4.71715e-06 0.0784477
    outer loop
      vertex -14.2 3 0
      vertex -14.1741 -7.42585 0.328512
      vertex -14.0252 3 2.22137
    endloop
  endfacet
  facet normal -0.996922 3.13494e-06 0.0784047
    outer loop
      vertex -14.1489 -7.50278 0.648935
      vertex -14.0252 3 2.22137
      vertex -14.1741 -7.42585 0.328512
    endloop
  endfacet
  facet normal -0.996932 2.30898e-05 0.0782722
    outer loop
      vertex -14.125 -7.62889 0.95338
      vertex -14.0252 3 2.22137
      vertex -14.1489 -7.50278 0.648935
    endloop
  endfacet
  facet normal -0.996921 5.67005e-06 0.0784173
    outer loop
      vertex -14.1029 -7.80106 1.23435
      vertex -14.0252 3 2.22137
      vertex -14.125 -7.62889 0.95338
    endloop
  endfacet
  facet normal -0.996894 -2.51839e-05 0.0787529
    outer loop
      vertex -14.0831 -8.01508 1.48492
      vertex -14.0252 3 2.22137
      vertex -14.1029 -7.80106 1.23435
    endloop
  endfacet
  facet normal -0.996933 7.60765e-06 0.0782655
    outer loop
      vertex -14.0663 -8.26565 1.69894
      vertex -14.0252 3 2.22137
      vertex -14.0831 -8.01508 1.48492
    endloop
  endfacet
  facet normal -0.996896 -1.379e-05 0.078724
    outer loop
      vertex -14.0527 -8.54662 1.87111
      vertex -14.0252 3 2.22137
      vertex -14.0663 -8.26565 1.69894
    endloop
  endfacet
  facet normal -0.996933 2.87704e-07 0.0782628
    outer loop
      vertex -14.0428 -8.85106 1.99722
      vertex -14.0252 3 2.22137
      vertex -14.0527 -8.54662 1.87111
    endloop
  endfacet
  facet normal -0.996969 9.19194e-06 0.0777949
    outer loop
      vertex -14.0368 -9.17149 2.07415
      vertex -14.0252 3 2.22137
      vertex -14.0428 -8.85106 1.99722
    endloop
  endfacet
  facet normal -0.996743 -2.55421e-05 0.0806487
    outer loop
      vertex -14.0347 -9.5 2.1
      vertex -14.0252 3 2.22137
      vertex -14.0368 -9.17149 2.07415
    endloop
  endfacet
  facet normal -0.996907 0 0.0785965
    outer loop
      vertex -14.2 -22 0
      vertex -14.1741 -11.5741 0.328512
      vertex -14.2 -11.6 0
    endloop
  endfacet
  facet normal -0.996918 4.71713e-06 0.0784477
    outer loop
      vertex -14.0252 -22 2.22137
      vertex -14.1741 -11.5741 0.328512
      vertex -14.2 -22 0
    endloop
  endfacet
  facet normal -0.996922 -3.13498e-06 0.0784047
    outer loop
      vertex -14.1741 -11.5741 0.328512
      vertex -14.0252 -22 2.22137
      vertex -14.1489 -11.4972 0.648935
    endloop
  endfacet
  facet normal -0.996932 -2.30898e-05 0.0782722
    outer loop
      vertex -14.1489 -11.4972 0.648935
      vertex -14.0252 -22 2.22137
      vertex -14.125 -11.3711 0.95338
    endloop
  endfacet
  facet normal -0.996921 -5.66998e-06 0.0784173
    outer loop
      vertex -14.125 -11.3711 0.95338
      vertex -14.0252 -22 2.22137
      vertex -14.1029 -11.1989 1.23435
    endloop
  endfacet
  facet normal -0.996894 2.5184e-05 0.0787529
    outer loop
      vertex -14.1029 -11.1989 1.23435
      vertex -14.0252 -22 2.22137
      vertex -14.0831 -10.9849 1.48492
    endloop
  endfacet
  facet normal -0.996933 -7.60757e-06 0.0782655
    outer loop
      vertex -14.0831 -10.9849 1.48492
      vertex -14.0252 -22 2.22137
      vertex -14.0663 -10.7343 1.69894
    endloop
  endfacet
  facet normal -0.996896 1.37902e-05 0.078724
    outer loop
      vertex -14.0663 -10.7343 1.69894
      vertex -14.0252 -22 2.22137
      vertex -14.0527 -10.4534 1.87111
    endloop
  endfacet
  facet normal -0.996933 -2.877e-07 0.0782628
    outer loop
      vertex -14.0527 -10.4534 1.87111
      vertex -14.0252 -22 2.22137
      vertex -14.0428 -10.1489 1.99722
    endloop
  endfacet
  facet normal -0.996951 0 0.0780344
    outer loop
      vertex -14.0347 -9.5 2.1
      vertex -14.0252 -22 2.22137
      vertex -14.0252 3 2.22137
    endloop
  endfacet
  facet normal -0.996743 2.55421e-05 0.0806487
    outer loop
      vertex -14.0368 -9.82851 2.07415
      vertex -14.0252 -22 2.22137
      vertex -14.0347 -9.5 2.1
    endloop
  endfacet
  facet normal -0.996969 -9.192e-06 0.0777949
    outer loop
      vertex -14.0428 -10.1489 1.99722
      vertex -14.0252 -22 2.22137
      vertex -14.0368 -9.82851 2.07415
    endloop
  endfacet
  facet normal -0.972351 0 0.233525
    outer loop
      vertex -14.0252 -22 2.22137
      vertex -13.8382 3 3
      vertex -14.0252 3 2.22137
    endloop
  endfacet
  facet normal -0.972367 2.22532e-06 0.233457
    outer loop
      vertex -13.505 -22 4.38804
      vertex -13.8382 3 3
      vertex -14.0252 -22 2.22137
    endloop
  endfacet
  facet normal -0.972376 0 0.23342
    outer loop
      vertex -13.8382 3 3
      vertex -13.505 -22 4.38804
      vertex -13.505 3 4.38804
    endloop
  endfacet
  facet normal 0.852631 -0 0.522514
    outer loop
      vertex 11.488 -22 8.34655
      vertex 12.6523 3 6.44666
      vertex 11.488 3 8.34655
    endloop
  endfacet
  facet normal 0.852631 0 0.522514
    outer loop
      vertex 12.6523 3 6.44666
      vertex 11.488 -22 8.34655
      vertex 12.6523 -22 6.44666
    endloop
  endfacet
  facet normal -0.382686 0 -0.923879
    outer loop
      vertex -4.38804 -22 -13.505
      vertex -6 -18.7034 -12.8373
      vertex -4.38804 -17.8687 -13.505
    endloop
  endfacet
  facet normal -0.38268 3.03339e-06 -0.923881
    outer loop
      vertex -6.44666 -22 -12.6523
      vertex -6 -18.7034 -12.8373
      vertex -4.38804 -22 -13.505
    endloop
  endfacet
  facet normal -0.382661 -0 -0.923889
    outer loop
      vertex -6.44666 3 -12.6523
      vertex -6 -18.7034 -12.8373
      vertex -6.44666 -22 -12.6523
    endloop
  endfacet
  facet normal -0.382661 0 -0.923889
    outer loop
      vertex -6 -18.7034 -12.8373
      vertex -6.44666 3 -12.6523
      vertex -6 3 -12.8373
    endloop
  endfacet
  facet normal -0.522514 0 -0.852631
    outer loop
      vertex -8.34655 -22 -11.488
      vertex -6.44666 3 -12.6523
      vertex -6.44666 -22 -12.6523
    endloop
  endfacet
  facet normal -0.522514 0 -0.852631
    outer loop
      vertex -6.44666 3 -12.6523
      vertex -8.34655 -22 -11.488
      vertex -8.34655 3 -11.488
    endloop
  endfacet
  facet normal 0.522514 0 -0.852631
    outer loop
      vertex 6.44666 -22 -12.6523
      vertex 8.34655 3 -11.488
      vertex 8.34655 -22 -11.488
    endloop
  endfacet
  facet normal 0.522514 0 -0.852631
    outer loop
      vertex 8.34655 3 -11.488
      vertex 6.44666 -22 -12.6523
      vertex 6.44666 3 -12.6523
    endloop
  endfacet
  facet normal -0.852631 0 0.522514
    outer loop
      vertex -12.6523 -22 6.44666
      vertex -11.488 3 8.34655
      vertex -12.6523 3 6.44666
    endloop
  endfacet
  facet normal -0.852631 0 0.522514
    outer loop
      vertex -11.488 3 8.34655
      vertex -12.6523 -22 6.44666
      vertex -11.488 -22 8.34655
    endloop
  endfacet
  facet normal 0.760409 0 -0.649445
    outer loop
      vertex 11.488 -22 -8.34655
      vertex 10.0409 3 -10.0409
      vertex 11.488 3 -8.34655
    endloop
  endfacet
  facet normal 0.760409 0 -0.649445
    outer loop
      vertex 10.0409 3 -10.0409
      vertex 11.488 -22 -8.34655
      vertex 10.0409 -22 -10.0409
    endloop
  endfacet
  facet normal 0.233457 0 0.972367
    outer loop
      vertex 2.22137 3 14.0252
      vertex 4.38804 -22 13.505
      vertex 4.38804 3 13.505
    endloop
  endfacet
  facet normal 0.233457 0 0.972367
    outer loop
      vertex 4.38804 -22 13.505
      vertex 2.22137 3 14.0252
      vertex 2.22137 -22 14.0252
    endloop
  endfacet
  facet normal -0.760409 0 0.649445
    outer loop
      vertex -11.488 -22 8.34655
      vertex -10.0409 3 10.0409
      vertex -11.488 3 8.34655
    endloop
  endfacet
  facet normal -0.760409 0 0.649445
    outer loop
      vertex -10.0409 3 10.0409
      vertex -11.488 -22 8.34655
      vertex -10.0409 -22 10.0409
    endloop
  endfacet
  facet normal 0 -1 0
    outer loop
      vertex 0 -22 11.7
      vertex 0 -22 14.2
      vertex -2.22137 -22 14.0252
    endloop
  endfacet
  facet normal 0 -1 0
    outer loop
      vertex -1.83028 -22 11.556
      vertex -2.22137 -22 14.0252
      vertex -4.38804 -22 13.505
    endloop
  endfacet
  facet normal 0 -1 0
    outer loop
      vertex 0 -22 14.2
      vertex 0 -22 11.7
      vertex 2.22137 -22 14.0252
    endloop
  endfacet
  facet normal 0 -1 0
    outer loop
      vertex -3.6155 -22 11.1274
      vertex -4.38804 -22 13.505
      vertex -6.44666 -22 12.6523
    endloop
  endfacet
  facet normal 0 -1 0
    outer loop
      vertex 1.83028 -22 11.556
      vertex 2.22137 -22 14.0252
      vertex 0 -22 11.7
    endloop
  endfacet
  facet normal 0 -1 -0
    outer loop
      vertex 2.22137 -22 14.0252
      vertex 1.83028 -22 11.556
      vertex 4.38804 -22 13.505
    endloop
  endfacet
  facet normal 0 -1 0
    outer loop
      vertex -2.22137 -22 14.0252
      vertex -1.83028 -22 11.556
      vertex 0 -22 11.7
    endloop
  endfacet
  facet normal 0 -1 0
    outer loop
      vertex -5.31169 -22 10.4248
      vertex -6.44666 -22 12.6523
      vertex -8.34655 -22 11.488
    endloop
  endfacet
  facet normal 0 -1 0
    outer loop
      vertex -4.38804 -22 13.505
      vertex -3.6155 -22 11.1274
      vertex -1.83028 -22 11.556
    endloop
  endfacet
  facet normal 0 -1 0
    outer loop
      vertex -6.44666 -22 12.6523
      vertex -5.31169 -22 10.4248
      vertex -3.6155 -22 11.1274
    endloop
  endfacet
  facet normal 0 -1 0
    outer loop
      vertex -6.87709 -22 9.4655
      vertex -8.34655 -22 11.488
      vertex -10.0409 -22 10.0409
    endloop
  endfacet
  facet normal 0 -1 0
    outer loop
      vertex -8.34655 -22 11.488
      vertex -6.87709 -22 9.4655
      vertex -5.31169 -22 10.4248
    endloop
  endfacet
  facet normal 0 -1 0
    outer loop
      vertex -8.27315 -22 8.27315
      vertex -10.0409 -22 10.0409
      vertex -11.488 -22 8.34655
    endloop
  endfacet
  facet normal 0 -1 0
    outer loop
      vertex -10.0409 -22 10.0409
      vertex -8.27315 -22 8.27315
      vertex -6.87709 -22 9.4655
    endloop
  endfacet
  facet normal 0 -1 0
    outer loop
      vertex -11.488 -22 8.34655
      vertex -9.4655 -22 6.87709
      vertex -8.27315 -22 8.27315
    endloop
  endfacet
  facet normal 0 -1 0
    outer loop
      vertex -12.6523 -22 6.44666
      vertex -9.4655 -22 6.87709
      vertex -11.488 -22 8.34655
    endloop
  endfacet
  facet normal 0 -1 0
    outer loop
      vertex -12.6523 -22 6.44666
      vertex -10.4248 -22 5.31169
      vertex -9.4655 -22 6.87709
    endloop
  endfacet
  facet normal 0 -1 0
    outer loop
      vertex -13.505 -22 4.38804
      vertex -10.4248 -22 5.31169
      vertex -12.6523 -22 6.44666
    endloop
  endfacet
  facet normal 0 -1 0
    outer loop
      vertex -13.505 -22 4.38804
      vertex -11.1274 -22 3.6155
      vertex -10.4248 -22 5.31169
    endloop
  endfacet
  facet normal 0 -1 0
    outer loop
      vertex -14.0252 -22 2.22137
      vertex -11.1274 -22 3.6155
      vertex -13.505 -22 4.38804
    endloop
  endfacet
  facet normal 0 -1 0
    outer loop
      vertex -14.0252 -22 2.22137
      vertex -11.556 -22 1.83028
      vertex -11.1274 -22 3.6155
    endloop
  endfacet
  facet normal 0 -1 0
    outer loop
      vertex -14.2 -22 0
      vertex -11.556 -22 1.83028
      vertex -14.0252 -22 2.22137
    endloop
  endfacet
  facet normal 0 -1 0
    outer loop
      vertex -14.2 -22 0
      vertex -11.7 -22 0
      vertex -11.556 -22 1.83028
    endloop
  endfacet
  facet normal 0 -1 0
    outer loop
      vertex -14.2 -22 0
      vertex -11.556 -22 -1.83028
      vertex -11.7 -22 0
    endloop
  endfacet
  facet normal 0 -1 0
    outer loop
      vertex -14.0252 -22 -2.22137
      vertex -11.556 -22 -1.83028
      vertex -14.2 -22 0
    endloop
  endfacet
  facet normal 0 -1 0
    outer loop
      vertex -14.0252 -22 -2.22137
      vertex -11.1274 -22 -3.6155
      vertex -11.556 -22 -1.83028
    endloop
  endfacet
  facet normal 0 -1 0
    outer loop
      vertex -13.505 -22 -4.38804
      vertex -11.1274 -22 -3.6155
      vertex -14.0252 -22 -2.22137
    endloop
  endfacet
  facet normal 0 -1 0
    outer loop
      vertex -13.505 -22 -4.38804
      vertex -10.4248 -22 -5.31169
      vertex -11.1274 -22 -3.6155
    endloop
  endfacet
  facet normal 0 -1 0
    outer loop
      vertex -12.6523 -22 -6.44666
      vertex -10.4248 -22 -5.31169
      vertex -13.505 -22 -4.38804
    endloop
  endfacet
  facet normal 0 -1 0
    outer loop
      vertex -12.6523 -22 -6.44666
      vertex -9.4655 -22 -6.87709
      vertex -10.4248 -22 -5.31169
    endloop
  endfacet
  facet normal 0 -1 0
    outer loop
      vertex -11.488 -22 -8.34655
      vertex -9.4655 -22 -6.87709
      vertex -12.6523 -22 -6.44666
    endloop
  endfacet
  facet normal 0 -1 -0
    outer loop
      vertex -9.4655 -22 -6.87709
      vertex -11.488 -22 -8.34655
      vertex -8.27315 -22 -8.27315
    endloop
  endfacet
  facet normal 0 -1 0
    outer loop
      vertex -10.0409 -22 -10.0409
      vertex -8.27315 -22 -8.27315
      vertex -11.488 -22 -8.34655
    endloop
  endfacet
  facet normal 0 -1 -0
    outer loop
      vertex -8.27315 -22 -8.27315
      vertex -10.0409 -22 -10.0409
      vertex -6.87709 -22 -9.4655
    endloop
  endfacet
  facet normal 0 -1 0
    outer loop
      vertex -8.34655 -22 -11.488
      vertex -6.87709 -22 -9.4655
      vertex -10.0409 -22 -10.0409
    endloop
  endfacet
  facet normal 0 -1 -0
    outer loop
      vertex -6.87709 -22 -9.4655
      vertex -8.34655 -22 -11.488
      vertex -5.31169 -22 -10.4248
    endloop
  endfacet
  facet normal 0 -1 0
    outer loop
      vertex -6.44666 -22 -12.6523
      vertex -5.31169 -22 -10.4248
      vertex -8.34655 -22 -11.488
    endloop
  endfacet
  facet normal 0 -1 -0
    outer loop
      vertex -5.31169 -22 -10.4248
      vertex -6.44666 -22 -12.6523
      vertex -3.6155 -22 -11.1274
    endloop
  endfacet
  facet normal 0 -1 0
    outer loop
      vertex -4.38804 -22 -13.505
      vertex -3.6155 -22 -11.1274
      vertex -6.44666 -22 -12.6523
    endloop
  endfacet
  facet normal 0 -1 -0
    outer loop
      vertex -3.6155 -22 -11.1274
      vertex -4.38804 -22 -13.505
      vertex -1.83028 -22 -11.556
    endloop
  endfacet
  facet normal 0 -1 0
    outer loop
      vertex 3.6155 -22 11.1274
      vertex 4.38804 -22 13.505
      vertex 1.83028 -22 11.556
    endloop
  endfacet
  facet normal 0 -1 -0
    outer loop
      vertex 4.38804 -22 13.505
      vertex 3.6155 -22 11.1274
      vertex 6.44666 -22 12.6523
    endloop
  endfacet
  facet normal 0 -1 0
    outer loop
      vertex 5.31169 -22 10.4248
      vertex 6.44666 -22 12.6523
      vertex 3.6155 -22 11.1274
    endloop
  endfacet
  facet normal 0 -1 -0
    outer loop
      vertex 6.44666 -22 12.6523
      vertex 5.31169 -22 10.4248
      vertex 8.34655 -22 11.488
    endloop
  endfacet
  facet normal 0 -1 0
    outer loop
      vertex 6.87709 -22 9.4655
      vertex 8.34655 -22 11.488
      vertex 5.31169 -22 10.4248
    endloop
  endfacet
  facet normal 0 -1 -0
    outer loop
      vertex 8.34655 -22 11.488
      vertex 6.87709 -22 9.4655
      vertex 10.0409 -22 10.0409
    endloop
  endfacet
  facet normal 0 -1 0
    outer loop
      vertex 8.27315 -22 8.27315
      vertex 10.0409 -22 10.0409
      vertex 6.87709 -22 9.4655
    endloop
  endfacet
  facet normal 0 -1 -0
    outer loop
      vertex 10.0409 -22 10.0409
      vertex 8.27315 -22 8.27315
      vertex 11.488 -22 8.34655
    endloop
  endfacet
  facet normal 0 -1 0
    outer loop
      vertex 9.4655 -22 6.87709
      vertex 11.488 -22 8.34655
      vertex 8.27315 -22 8.27315
    endloop
  endfacet
  facet normal 0 -1 0
    outer loop
      vertex 9.4655 -22 6.87709
      vertex 12.6523 -22 6.44666
      vertex 11.488 -22 8.34655
    endloop
  endfacet
  facet normal 0 -1 0
    outer loop
      vertex 10.4248 -22 5.31169
      vertex 12.6523 -22 6.44666
      vertex 9.4655 -22 6.87709
    endloop
  endfacet
  facet normal 0 -1 0
    outer loop
      vertex 10.4248 -22 5.31169
      vertex 13.505 -22 4.38804
      vertex 12.6523 -22 6.44666
    endloop
  endfacet
  facet normal 0 -1 0
    outer loop
      vertex 11.1274 -22 3.6155
      vertex 13.505 -22 4.38804
      vertex 10.4248 -22 5.31169
    endloop
  endfacet
  facet normal 0 -1 0
    outer loop
      vertex 11.1274 -22 3.6155
      vertex 14.0252 -22 2.22137
      vertex 13.505 -22 4.38804
    endloop
  endfacet
  facet normal 0 -1 0
    outer loop
      vertex 11.556 -22 1.83028
      vertex 14.0252 -22 2.22137
      vertex 11.1274 -22 3.6155
    endloop
  endfacet
  facet normal 0 -1 0
    outer loop
      vertex 11.7 -22 0
      vertex 14.0252 -22 2.22137
      vertex 11.556 -22 1.83028
    endloop
  endfacet
  facet normal 0 -1 0
    outer loop
      vertex 11.7 -22 0
      vertex 14.2 -22 0
      vertex 14.0252 -22 2.22137
    endloop
  endfacet
  facet normal 0 -1 0
    outer loop
      vertex 11.556 -22 -1.83028
      vertex 14.2 -22 0
      vertex 11.7 -22 0
    endloop
  endfacet
  facet normal 0 -1 0
    outer loop
      vertex 11.556 -22 -1.83028
      vertex 14.0252 -22 -2.22137
      vertex 14.2 -22 0
    endloop
  endfacet
  facet normal 0 -1 0
    outer loop
      vertex 11.1274 -22 -3.6155
      vertex 14.0252 -22 -2.22137
      vertex 11.556 -22 -1.83028
    endloop
  endfacet
  facet normal 0 -1 0
    outer loop
      vertex 11.1274 -22 -3.6155
      vertex 13.505 -22 -4.38804
      vertex 14.0252 -22 -2.22137
    endloop
  endfacet
  facet normal 0 -1 0
    outer loop
      vertex 10.4248 -22 -5.31169
      vertex 13.505 -22 -4.38804
      vertex 11.1274 -22 -3.6155
    endloop
  endfacet
  facet normal 0 -1 0
    outer loop
      vertex 10.4248 -22 -5.31169
      vertex 12.6523 -22 -6.44666
      vertex 13.505 -22 -4.38804
    endloop
  endfacet
  facet normal 0 -1 0
    outer loop
      vertex 9.4655 -22 -6.87709
      vertex 12.6523 -22 -6.44666
      vertex 10.4248 -22 -5.31169
    endloop
  endfacet
  facet normal 0 -1 0
    outer loop
      vertex 11.488 -22 -8.34655
      vertex 9.4655 -22 -6.87709
      vertex 8.27315 -22 -8.27315
    endloop
  endfacet
  facet normal 0 -1 0
    outer loop
      vertex 9.4655 -22 -6.87709
      vertex 11.488 -22 -8.34655
      vertex 12.6523 -22 -6.44666
    endloop
  endfacet
  facet normal 0 -1 0
    outer loop
      vertex 10.0409 -22 -10.0409
      vertex 8.27315 -22 -8.27315
      vertex 6.87709 -22 -9.4655
    endloop
  endfacet
  facet normal 0 -1 0
    outer loop
      vertex 8.27315 -22 -8.27315
      vertex 10.0409 -22 -10.0409
      vertex 11.488 -22 -8.34655
    endloop
  endfacet
  facet normal 0 -1 0
    outer loop
      vertex 8.34655 -22 -11.488
      vertex 6.87709 -22 -9.4655
      vertex 5.31169 -22 -10.4248
    endloop
  endfacet
  facet normal 0 -1 0
    outer loop
      vertex 6.44666 -22 -12.6523
      vertex 5.31169 -22 -10.4248
      vertex 3.6155 -22 -11.1274
    endloop
  endfacet
  facet normal 0 -1 0
    outer loop
      vertex 6.87709 -22 -9.4655
      vertex 8.34655 -22 -11.488
      vertex 10.0409 -22 -10.0409
    endloop
  endfacet
  facet normal 0 -1 0
    outer loop
      vertex 4.38804 -22 -13.505
      vertex 3.6155 -22 -11.1274
      vertex 1.83028 -22 -11.556
    endloop
  endfacet
  facet normal 0 -1 0
    outer loop
      vertex 2.22137 -22 -14.0252
      vertex 1.83028 -22 -11.556
      vertex 0 -22 -11.7
    endloop
  endfacet
  facet normal 0 -1 0
    outer loop
      vertex -2.22137 -22 -14.0252
      vertex -1.83028 -22 -11.556
      vertex -4.38804 -22 -13.505
    endloop
  endfacet
  facet normal 0 -1 0
    outer loop
      vertex 5.31169 -22 -10.4248
      vertex 6.44666 -22 -12.6523
      vertex 8.34655 -22 -11.488
    endloop
  endfacet
  facet normal 0 -1 -0
    outer loop
      vertex -1.83028 -22 -11.556
      vertex -2.22137 -22 -14.0252
      vertex 0 -22 -11.7
    endloop
  endfacet
  facet normal 0 -1 0
    outer loop
      vertex 3.6155 -22 -11.1274
      vertex 4.38804 -22 -13.505
      vertex 6.44666 -22 -12.6523
    endloop
  endfacet
  facet normal 0 -1 0
    outer loop
      vertex 0 -22 -14.2
      vertex 0 -22 -11.7
      vertex -2.22137 -22 -14.0252
    endloop
  endfacet
  facet normal 0 -1 0
    outer loop
      vertex 1.83028 -22 -11.556
      vertex 2.22137 -22 -14.0252
      vertex 4.38804 -22 -13.505
    endloop
  endfacet
  facet normal 0 -1 0
    outer loop
      vertex 0 -22 -11.7
      vertex 0 -22 -14.2
      vertex 2.22137 -22 -14.0252
    endloop
  endfacet
  facet normal -0.649445 0 0.760409
    outer loop
      vertex -10.0409 3 10.0409
      vertex -8.34655 -22 11.488
      vertex -8.34655 3 11.488
    endloop
  endfacet
  facet normal -0.649445 0 0.760409
    outer loop
      vertex -8.34655 -22 11.488
      vertex -10.0409 3 10.0409
      vertex -10.0409 -22 10.0409
    endloop
  endfacet
  facet normal -0.233457 0 0.972367
    outer loop
      vertex -4.38804 3 13.505
      vertex -2.22137 -22 14.0252
      vertex -2.22137 3 14.0252
    endloop
  endfacet
  facet normal -0.233457 0 0.972367
    outer loop
      vertex -2.22137 -22 14.0252
      vertex -4.38804 3 13.505
      vertex -4.38804 -22 13.505
    endloop
  endfacet
  facet normal -0.996918 -4.71715e-06 -0.0784477
    outer loop
      vertex -14.1741 -7.42585 -0.328512
      vertex -14.2 3 0
      vertex -14.0252 3 -2.22137
    endloop
  endfacet
  facet normal -0.996907 -0 -0.0785965
    outer loop
      vertex -14.2 3 0
      vertex -14.1741 -7.42585 -0.328512
      vertex -14.2 -7.4 0
    endloop
  endfacet
  facet normal -0.996922 3.13494e-06 -0.0784047
    outer loop
      vertex -14.0252 3 -2.22137
      vertex -14.1489 -7.50278 -0.648935
      vertex -14.1741 -7.42585 -0.328512
    endloop
  endfacet
  facet normal -0.996932 2.30898e-05 -0.0782722
    outer loop
      vertex -14.0252 3 -2.22137
      vertex -14.125 -7.62889 -0.95338
      vertex -14.1489 -7.50278 -0.648935
    endloop
  endfacet
  facet normal -0.996921 5.67005e-06 -0.0784173
    outer loop
      vertex -14.0252 3 -2.22137
      vertex -14.1029 -7.80106 -1.23435
      vertex -14.125 -7.62889 -0.95338
    endloop
  endfacet
  facet normal -0.996894 -2.51839e-05 -0.0787529
    outer loop
      vertex -14.0252 3 -2.22137
      vertex -14.0831 -8.01508 -1.48492
      vertex -14.1029 -7.80106 -1.23435
    endloop
  endfacet
  facet normal -0.996933 7.60765e-06 -0.0782655
    outer loop
      vertex -14.0252 3 -2.22137
      vertex -14.0663 -8.26565 -1.69894
      vertex -14.0831 -8.01508 -1.48492
    endloop
  endfacet
  facet normal -0.996896 -1.379e-05 -0.078724
    outer loop
      vertex -14.0252 3 -2.22137
      vertex -14.0527 -8.54662 -1.87111
      vertex -14.0663 -8.26565 -1.69894
    endloop
  endfacet
  facet normal -0.996933 2.87704e-07 -0.0782628
    outer loop
      vertex -14.0252 3 -2.22137
      vertex -14.0428 -8.85106 -1.99722
      vertex -14.0527 -8.54662 -1.87111
    endloop
  endfacet
  facet normal -0.996969 9.19194e-06 -0.0777949
    outer loop
      vertex -14.0252 3 -2.22137
      vertex -14.0368 -9.17149 -2.07415
      vertex -14.0428 -8.85106 -1.99722
    endloop
  endfacet
  facet normal -0.996743 -2.55421e-05 -0.0806487
    outer loop
      vertex -14.0252 3 -2.22137
      vertex -14.0347 -9.5 -2.1
      vertex -14.0368 -9.17149 -2.07415
    endloop
  endfacet
  facet normal -0.996951 0 -0.0780344
    outer loop
      vertex -14.0252 -22 -2.22137
      vertex -14.0347 -9.5 -2.1
      vertex -14.0252 3 -2.22137
    endloop
  endfacet
  facet normal -0.996743 2.55421e-05 -0.0806487
    outer loop
      vertex -14.0252 -22 -2.22137
      vertex -14.0368 -9.82851 -2.07415
      vertex -14.0347 -9.5 -2.1
    endloop
  endfacet
  facet normal -0.996969 -9.192e-06 -0.0777949
    outer loop
      vertex -14.0252 -22 -2.22137
      vertex -14.0428 -10.1489 -1.99722
      vertex -14.0368 -9.82851 -2.07415
    endloop
  endfacet
  facet normal -0.996933 -2.877e-07 -0.0782628
    outer loop
      vertex -14.0252 -22 -2.22137
      vertex -14.0527 -10.4534 -1.87111
      vertex -14.0428 -10.1489 -1.99722
    endloop
  endfacet
  facet normal -0.996896 1.37902e-05 -0.078724
    outer loop
      vertex -14.0252 -22 -2.22137
      vertex -14.0663 -10.7343 -1.69894
      vertex -14.0527 -10.4534 -1.87111
    endloop
  endfacet
  facet normal -0.996933 -7.60757e-06 -0.0782655
    outer loop
      vertex -14.0252 -22 -2.22137
      vertex -14.0831 -10.9849 -1.48492
      vertex -14.0663 -10.7343 -1.69894
    endloop
  endfacet
  facet normal -0.996894 2.5184e-05 -0.0787529
    outer loop
      vertex -14.0252 -22 -2.22137
      vertex -14.1029 -11.1989 -1.23435
      vertex -14.0831 -10.9849 -1.48492
    endloop
  endfacet
  facet normal -0.996921 -5.66998e-06 -0.0784173
    outer loop
      vertex -14.0252 -22 -2.22137
      vertex -14.125 -11.3711 -0.95338
      vertex -14.1029 -11.1989 -1.23435
    endloop
  endfacet
  facet normal -0.996932 -2.30898e-05 -0.0782722
    outer loop
      vertex -14.0252 -22 -2.22137
      vertex -14.1489 -11.4972 -0.648935
      vertex -14.125 -11.3711 -0.95338
    endloop
  endfacet
  facet normal -0.996922 -3.13498e-06 -0.0784047
    outer loop
      vertex -14.0252 -22 -2.22137
      vertex -14.1741 -11.5741 -0.328512
      vertex -14.1489 -11.4972 -0.648935
    endloop
  endfacet
  facet normal -0.996918 4.71713e-06 -0.0784477
    outer loop
      vertex -14.2 -22 0
      vertex -14.1741 -11.5741 -0.328512
      vertex -14.0252 -22 -2.22137
    endloop
  endfacet
  facet normal -0.996907 0 -0.0785965
    outer loop
      vertex -14.1741 -11.5741 -0.328512
      vertex -14.2 -22 0
      vertex -14.2 -11.6 0
    endloop
  endfacet
  facet normal 0.38268 0 0.923881
    outer loop
      vertex 4.38804 3 13.505
      vertex 6.44666 -22 12.6523
      vertex 6.44666 3 12.6523
    endloop
  endfacet
  facet normal 0.38268 0 0.923881
    outer loop
      vertex 6.44666 -22 12.6523
      vertex 4.38804 3 13.505
      vertex 4.38804 -22 13.505
    endloop
  endfacet
  facet normal -0.0784477 0 0.996918
    outer loop
      vertex -2.22137 3 14.0252
      vertex 0 -22 14.2
      vertex 0 3 14.2
    endloop
  endfacet
  facet normal -0.0784477 0 0.996918
    outer loop
      vertex 0 -22 14.2
      vertex -2.22137 3 14.0252
      vertex -2.22137 -22 14.0252
    endloop
  endfacet
  facet normal 0.972376 -0 0.23342
    outer loop
      vertex 13.505 -22 4.38804
      vertex 13.8382 3 3
      vertex 13.505 3 4.38804
    endloop
  endfacet
  facet normal 0.972367 2.22532e-06 0.233457
    outer loop
      vertex 14.0252 -22 2.22137
      vertex 13.8382 3 3
      vertex 13.505 -22 4.38804
    endloop
  endfacet
  facet normal 0.972351 0 0.233525
    outer loop
      vertex 13.8382 3 3
      vertex 14.0252 -22 2.22137
      vertex 14.0252 3 2.22137
    endloop
  endfacet
  facet normal -0.852631 0 -0.522514
    outer loop
      vertex -11.488 -22 -8.34655
      vertex -12.6523 3 -6.44666
      vertex -11.488 3 -8.34655
    endloop
  endfacet
  facet normal -0.852631 -0 -0.522514
    outer loop
      vertex -12.6523 3 -6.44666
      vertex -11.488 -22 -8.34655
      vertex -12.6523 -22 -6.44666
    endloop
  endfacet
  facet normal -0.522514 0 0.852631
    outer loop
      vertex -8.34655 3 11.488
      vertex -6.44666 -22 12.6523
      vertex -6.44666 3 12.6523
    endloop
  endfacet
  facet normal -0.522514 0 0.852631
    outer loop
      vertex -6.44666 -22 12.6523
      vertex -8.34655 3 11.488
      vertex -8.34655 -22 11.488
    endloop
  endfacet
  facet normal -0.923881 0 -0.38268
    outer loop
      vertex -12.6523 -22 -6.44666
      vertex -13.505 3 -4.38804
      vertex -12.6523 3 -6.44666
    endloop
  endfacet
  facet normal -0.923881 -0 -0.38268
    outer loop
      vertex -13.505 3 -4.38804
      vertex -12.6523 -22 -6.44666
      vertex -13.505 -22 -4.38804
    endloop
  endfacet
  facet normal 0.760409 -0 0.649445
    outer loop
      vertex 10.0409 -22 10.0409
      vertex 11.488 3 8.34655
      vertex 10.0409 3 10.0409
    endloop
  endfacet
  facet normal 0.760409 0 0.649445
    outer loop
      vertex 11.488 3 8.34655
      vertex 10.0409 -22 10.0409
      vertex 11.488 -22 8.34655
    endloop
  endfacet
  facet normal -1 0 0
    outer loop
      vertex -6 3 -30.2
      vertex -6 -18.7034 -12.8373
      vertex -6 3 -12.8373
    endloop
  endfacet
  facet normal -2.86927e-05 -0.624695 -0.780869
    outer loop
      vertex 4.38804 -17.8687 -13.505
      vertex 6 3 -30.2
      vertex 6 -18.7034 -12.8373
    endloop
  endfacet
  facet normal 1.36504e-05 -0.624697 -0.780868
    outer loop
      vertex 2.22137 -17.2185 -14.0252
      vertex 6 3 -30.2
      vertex 4.38804 -17.8687 -13.505
    endloop
  endfacet
  facet normal 1.21307e-16 -0.624695 -0.780869
    outer loop
      vertex 0 -17 -14.2
      vertex 6 3 -30.2
      vertex 2.22137 -17.2185 -14.0252
    endloop
  endfacet
  facet normal 0 -0.624695 -0.780869
    outer loop
      vertex -6 3 -30.2
      vertex 0 -17 -14.2
      vertex -2.22137 -17.2185 -14.0252
    endloop
  endfacet
  facet normal -1.36504e-05 -0.624697 -0.780868
    outer loop
      vertex -6 3 -30.2
      vertex -2.22137 -17.2185 -14.0252
      vertex -4.38804 -17.8687 -13.505
    endloop
  endfacet
  facet normal 2.86927e-05 -0.624695 -0.780869
    outer loop
      vertex -6 3 -30.2
      vertex -4.38804 -17.8687 -13.505
      vertex -6 -18.7034 -12.8373
    endloop
  endfacet
  facet normal 0 -0.624695 -0.780869
    outer loop
      vertex 0 -17 -14.2
      vertex -6 3 -30.2
      vertex 6 3 -30.2
    endloop
  endfacet
  facet normal 1 0 0
    outer loop
      vertex 6 3 -12.8373
      vertex 6 -18.7034 -12.8373
      vertex 6 3 -30.2
    endloop
  endfacet
  facet normal -0.382672 0.923884 0
    outer loop
      vertex -14.7282 14.5853 -3
      vertex -14.9747 14.4832 3
      vertex -14.7282 14.5853 3
    endloop
  endfacet
  facet normal -0.382672 0.923884 0
    outer loop
      vertex -14.9747 14.4832 3
      vertex -14.7282 14.5853 -3
      vertex -14.9747 14.4832 -3
    endloop
  endfacet
  facet normal -0.97235 -0.233529 0
    outer loop
      vertex -13.8209 16.3659 -3
      vertex -13.8832 16.6253 3
      vertex -13.8832 16.6253 -3
    endloop
  endfacet
  facet normal -0.97235 -0.233529 0
    outer loop
      vertex -13.8832 16.6253 3
      vertex -13.8209 16.3659 -3
      vertex -13.8209 16.3659 3
    endloop
  endfacet
  facet normal -0.996925 -0.0783593 0
    outer loop
      vertex -13.8 16.1 -3
      vertex -13.8209 16.3659 3
      vertex -13.8209 16.3659 -3
    endloop
  endfacet
  facet normal -0.996925 -0.0783593 0
    outer loop
      vertex -13.8209 16.3659 3
      vertex -13.8 16.1 -3
      vertex -13.8 16.1 3
    endloop
  endfacet
  facet normal -0.382672 -0.923884 0
    outer loop
      vertex -14.9747 17.7168 -3
      vertex -14.7282 17.6147 3
      vertex -14.9747 17.7168 3
    endloop
  endfacet
  facet normal -0.382672 -0.923884 -0
    outer loop
      vertex -14.7282 17.6147 3
      vertex -14.9747 17.7168 -3
      vertex -14.7282 17.6147 -3
    endloop
  endfacet
  facet normal -0.0783593 -0.996925 0
    outer loop
      vertex -15.5 17.8 -3
      vertex -15.2341 17.7791 3
      vertex -15.5 17.8 3
    endloop
  endfacet
  facet normal -0.0783593 -0.996925 -0
    outer loop
      vertex -15.2341 17.7791 3
      vertex -15.5 17.8 -3
      vertex -15.2341 17.7791 -3
    endloop
  endfacet
  facet normal -0.852558 0.522632 0
    outer loop
      vertex -14.1247 15.1008 -3
      vertex -13.9853 15.3282 3
      vertex -13.9853 15.3282 -3
    endloop
  endfacet
  facet normal -0.852558 0.522632 0
    outer loop
      vertex -13.9853 15.3282 3
      vertex -14.1247 15.1008 -3
      vertex -14.1247 15.1008 3
    endloop
  endfacet
  facet normal 0.923884 -0.382672 0
    outer loop
      vertex -17.1168 16.6253 3
      vertex -17.0147 16.8718 -3
      vertex -17.0147 16.8718 3
    endloop
  endfacet
  facet normal 0.923884 -0.382672 0
    outer loop
      vertex -17.0147 16.8718 -3
      vertex -17.1168 16.6253 3
      vertex -17.1168 16.6253 -3
    endloop
  endfacet
  facet normal 0.382672 0.923884 -0
    outer loop
      vertex -16.0253 14.4832 -3
      vertex -16.2718 14.5853 3
      vertex -16.0253 14.4832 3
    endloop
  endfacet
  facet normal 0.382672 0.923884 0
    outer loop
      vertex -16.2718 14.5853 3
      vertex -16.0253 14.4832 -3
      vertex -16.2718 14.5853 -3
    endloop
  endfacet
  facet normal -0.233529 -0.97235 0
    outer loop
      vertex -15.2341 17.7791 -3
      vertex -14.9747 17.7168 3
      vertex -15.2341 17.7791 3
    endloop
  endfacet
  facet normal -0.233529 -0.97235 -0
    outer loop
      vertex -14.9747 17.7168 3
      vertex -15.2341 17.7791 -3
      vertex -14.9747 17.7168 -3
    endloop
  endfacet
  facet normal -0.649247 -0.760578 0
    outer loop
      vertex -14.5008 17.4753 -3
      vertex -14.2979 17.3021 3
      vertex -14.5008 17.4753 3
    endloop
  endfacet
  facet normal -0.649247 -0.760578 -0
    outer loop
      vertex -14.2979 17.3021 3
      vertex -14.5008 17.4753 -3
      vertex -14.2979 17.3021 -3
    endloop
  endfacet
  facet normal -0.97235 0.233529 0
    outer loop
      vertex -13.8832 15.5747 -3
      vertex -13.8209 15.8341 3
      vertex -13.8209 15.8341 -3
    endloop
  endfacet
  facet normal -0.97235 0.233529 0
    outer loop
      vertex -13.8209 15.8341 3
      vertex -13.8832 15.5747 -3
      vertex -13.8832 15.5747 3
    endloop
  endfacet
  facet normal 0.760578 -0.649247 0
    outer loop
      vertex -16.8753 17.0992 3
      vertex -16.7021 17.3021 -3
      vertex -16.7021 17.3021 3
    endloop
  endfacet
  facet normal 0.760578 -0.649247 0
    outer loop
      vertex -16.7021 17.3021 -3
      vertex -16.8753 17.0992 3
      vertex -16.8753 17.0992 -3
    endloop
  endfacet
  facet normal -0.996925 0.0783593 0
    outer loop
      vertex -13.8209 15.8341 -3
      vertex -13.8 16.1 3
      vertex -13.8 16.1 -3
    endloop
  endfacet
  facet normal -0.996925 0.0783593 0
    outer loop
      vertex -13.8 16.1 3
      vertex -13.8209 15.8341 -3
      vertex -13.8209 15.8341 3
    endloop
  endfacet
  facet normal 0.852558 0.522632 0
    outer loop
      vertex -16.8753 15.1008 3
      vertex -17.0147 15.3282 -3
      vertex -17.0147 15.3282 3
    endloop
  endfacet
  facet normal 0.852558 0.522632 0
    outer loop
      vertex -17.0147 15.3282 -3
      vertex -16.8753 15.1008 3
      vertex -16.8753 15.1008 -3
    endloop
  endfacet
  facet normal -0.923884 -0.382672 0
    outer loop
      vertex -13.8832 16.6253 -3
      vertex -13.9853 16.8718 3
      vertex -13.9853 16.8718 -3
    endloop
  endfacet
  facet normal -0.923884 -0.382672 0
    outer loop
      vertex -13.9853 16.8718 3
      vertex -13.8832 16.6253 -3
      vertex -13.8832 16.6253 3
    endloop
  endfacet
  facet normal 0.522632 -0.852558 0
    outer loop
      vertex -16.4992 17.4753 -3
      vertex -16.2718 17.6147 3
      vertex -16.4992 17.4753 3
    endloop
  endfacet
  facet normal 0.522632 -0.852558 0
    outer loop
      vertex -16.2718 17.6147 3
      vertex -16.4992 17.4753 -3
      vertex -16.2718 17.6147 -3
    endloop
  endfacet
  facet normal -0.522632 0.852558 0
    outer loop
      vertex -14.5008 14.7247 -3
      vertex -14.7282 14.5853 3
      vertex -14.5008 14.7247 3
    endloop
  endfacet
  facet normal -0.522632 0.852558 0
    outer loop
      vertex -14.7282 14.5853 3
      vertex -14.5008 14.7247 -3
      vertex -14.7282 14.5853 -3
    endloop
  endfacet
  facet normal 0.382672 -0.923884 0
    outer loop
      vertex -16.2718 17.6147 -3
      vertex -16.0253 17.7168 3
      vertex -16.2718 17.6147 3
    endloop
  endfacet
  facet normal 0.382672 -0.923884 0
    outer loop
      vertex -16.0253 17.7168 3
      vertex -16.2718 17.6147 -3
      vertex -16.0253 17.7168 -3
    endloop
  endfacet
  facet normal 0.233529 -0.97235 0
    outer loop
      vertex -16.0253 17.7168 -3
      vertex -15.7659 17.7791 3
      vertex -16.0253 17.7168 3
    endloop
  endfacet
  facet normal 0.233529 -0.97235 0
    outer loop
      vertex -15.7659 17.7791 3
      vertex -16.0253 17.7168 -3
      vertex -15.7659 17.7791 -3
    endloop
  endfacet
  facet normal 0.522632 0.852558 -0
    outer loop
      vertex -16.2718 14.5853 -3
      vertex -16.4992 14.7247 3
      vertex -16.2718 14.5853 3
    endloop
  endfacet
  facet normal 0.522632 0.852558 0
    outer loop
      vertex -16.4992 14.7247 3
      vertex -16.2718 14.5853 -3
      vertex -16.4992 14.7247 -3
    endloop
  endfacet
  facet normal -0.852558 -0.522632 0
    outer loop
      vertex -13.9853 16.8718 -3
      vertex -14.1247 17.0992 3
      vertex -14.1247 17.0992 -3
    endloop
  endfacet
  facet normal -0.852558 -0.522632 0
    outer loop
      vertex -14.1247 17.0992 3
      vertex -13.9853 16.8718 -3
      vertex -13.9853 16.8718 3
    endloop
  endfacet
  facet normal -0.0783593 0.996925 0
    outer loop
      vertex -15.2341 14.4209 -3
      vertex -15.5 14.4 3
      vertex -15.2341 14.4209 3
    endloop
  endfacet
  facet normal -0.0783593 0.996925 0
    outer loop
      vertex -15.5 14.4 3
      vertex -15.2341 14.4209 -3
      vertex -15.5 14.4 -3
    endloop
  endfacet
  facet normal 0.760578 0.649247 0
    outer loop
      vertex -16.7021 14.8979 3
      vertex -16.8753 15.1008 -3
      vertex -16.8753 15.1008 3
    endloop
  endfacet
  facet normal 0.760578 0.649247 0
    outer loop
      vertex -16.8753 15.1008 -3
      vertex -16.7021 14.8979 3
      vertex -16.7021 14.8979 -3
    endloop
  endfacet
  facet normal -0.233529 0.97235 0
    outer loop
      vertex -14.9747 14.4832 -3
      vertex -15.2341 14.4209 3
      vertex -14.9747 14.4832 3
    endloop
  endfacet
  facet normal -0.233529 0.97235 0
    outer loop
      vertex -15.2341 14.4209 3
      vertex -14.9747 14.4832 -3
      vertex -15.2341 14.4209 -3
    endloop
  endfacet
  facet normal -0.760578 -0.649247 0
    outer loop
      vertex -14.1247 17.0992 -3
      vertex -14.2979 17.3021 3
      vertex -14.2979 17.3021 -3
    endloop
  endfacet
  facet normal -0.760578 -0.649247 0
    outer loop
      vertex -14.2979 17.3021 3
      vertex -14.1247 17.0992 -3
      vertex -14.1247 17.0992 3
    endloop
  endfacet
  facet normal -0.522632 -0.852558 0
    outer loop
      vertex -14.7282 17.6147 -3
      vertex -14.5008 17.4753 3
      vertex -14.7282 17.6147 3
    endloop
  endfacet
  facet normal -0.522632 -0.852558 -0
    outer loop
      vertex -14.5008 17.4753 3
      vertex -14.7282 17.6147 -3
      vertex -14.5008 17.4753 -3
    endloop
  endfacet
  facet normal 0.996925 0.0783593 0
    outer loop
      vertex -17.1791 15.8341 3
      vertex -17.2 16.1 -3
      vertex -17.2 16.1 3
    endloop
  endfacet
  facet normal 0.996925 0.0783593 0
    outer loop
      vertex -17.2 16.1 -3
      vertex -17.1791 15.8341 3
      vertex -17.1791 15.8341 -3
    endloop
  endfacet
  facet normal 0.649247 -0.760578 0
    outer loop
      vertex -16.7021 17.3021 -3
      vertex -16.4992 17.4753 3
      vertex -16.7021 17.3021 3
    endloop
  endfacet
  facet normal 0.649247 -0.760578 0
    outer loop
      vertex -16.4992 17.4753 3
      vertex -16.7021 17.3021 -3
      vertex -16.4992 17.4753 -3
    endloop
  endfacet
  facet normal 0.649247 0.760578 -0
    outer loop
      vertex -16.4992 14.7247 -3
      vertex -16.7021 14.8979 3
      vertex -16.4992 14.7247 3
    endloop
  endfacet
  facet normal 0.649247 0.760578 0
    outer loop
      vertex -16.7021 14.8979 3
      vertex -16.4992 14.7247 -3
      vertex -16.7021 14.8979 -3
    endloop
  endfacet
  facet normal 0.97235 0.233529 0
    outer loop
      vertex -17.1168 15.5747 3
      vertex -17.1791 15.8341 -3
      vertex -17.1791 15.8341 3
    endloop
  endfacet
  facet normal 0.97235 0.233529 0
    outer loop
      vertex -17.1791 15.8341 -3
      vertex -17.1168 15.5747 3
      vertex -17.1168 15.5747 -3
    endloop
  endfacet
  facet normal 0.923884 0.382672 0
    outer loop
      vertex -17.0147 15.3282 3
      vertex -17.1168 15.5747 -3
      vertex -17.1168 15.5747 3
    endloop
  endfacet
  facet normal 0.923884 0.382672 0
    outer loop
      vertex -17.1168 15.5747 -3
      vertex -17.0147 15.3282 3
      vertex -17.0147 15.3282 -3
    endloop
  endfacet
  facet normal -0.760578 0.649247 0
    outer loop
      vertex -14.2979 14.8979 -3
      vertex -14.1247 15.1008 3
      vertex -14.1247 15.1008 -3
    endloop
  endfacet
  facet normal -0.760578 0.649247 0
    outer loop
      vertex -14.1247 15.1008 3
      vertex -14.2979 14.8979 -3
      vertex -14.2979 14.8979 3
    endloop
  endfacet
  facet normal 0.0783593 0.996925 -0
    outer loop
      vertex -15.5 14.4 -3
      vertex -15.7659 14.4209 3
      vertex -15.5 14.4 3
    endloop
  endfacet
  facet normal 0.0783593 0.996925 0
    outer loop
      vertex -15.7659 14.4209 3
      vertex -15.5 14.4 -3
      vertex -15.7659 14.4209 -3
    endloop
  endfacet
  facet normal 0.233529 0.97235 -0
    outer loop
      vertex -15.7659 14.4209 -3
      vertex -16.0253 14.4832 3
      vertex -15.7659 14.4209 3
    endloop
  endfacet
  facet normal 0.233529 0.97235 0
    outer loop
      vertex -16.0253 14.4832 3
      vertex -15.7659 14.4209 -3
      vertex -16.0253 14.4832 -3
    endloop
  endfacet
  facet normal 0.996925 -0.0783593 0
    outer loop
      vertex -17.2 16.1 3
      vertex -17.1791 16.3659 -3
      vertex -17.1791 16.3659 3
    endloop
  endfacet
  facet normal 0.996925 -0.0783593 0
    outer loop
      vertex -17.1791 16.3659 -3
      vertex -17.2 16.1 3
      vertex -17.2 16.1 -3
    endloop
  endfacet
  facet normal 0.0783593 -0.996925 0
    outer loop
      vertex -15.7659 17.7791 -3
      vertex -15.5 17.8 3
      vertex -15.7659 17.7791 3
    endloop
  endfacet
  facet normal 0.0783593 -0.996925 0
    outer loop
      vertex -15.5 17.8 3
      vertex -15.7659 17.7791 -3
      vertex -15.5 17.8 -3
    endloop
  endfacet
  facet normal -0.923884 0.382672 0
    outer loop
      vertex -13.9853 15.3282 -3
      vertex -13.8832 15.5747 3
      vertex -13.8832 15.5747 -3
    endloop
  endfacet
  facet normal -0.923884 0.382672 0
    outer loop
      vertex -13.8832 15.5747 3
      vertex -13.9853 15.3282 -3
      vertex -13.9853 15.3282 3
    endloop
  endfacet
  facet normal 0.852558 -0.522632 0
    outer loop
      vertex -17.0147 16.8718 3
      vertex -16.8753 17.0992 -3
      vertex -16.8753 17.0992 3
    endloop
  endfacet
  facet normal 0.852558 -0.522632 0
    outer loop
      vertex -16.8753 17.0992 -3
      vertex -17.0147 16.8718 3
      vertex -17.0147 16.8718 -3
    endloop
  endfacet
  facet normal -0.649247 0.760578 0
    outer loop
      vertex -14.2979 14.8979 -3
      vertex -14.5008 14.7247 3
      vertex -14.2979 14.8979 3
    endloop
  endfacet
  facet normal -0.649247 0.760578 0
    outer loop
      vertex -14.5008 14.7247 3
      vertex -14.2979 14.8979 -3
      vertex -14.5008 14.7247 -3
    endloop
  endfacet
  facet normal 0.97235 -0.233529 0
    outer loop
      vertex -17.1791 16.3659 3
      vertex -17.1168 16.6253 -3
      vertex -17.1168 16.6253 3
    endloop
  endfacet
  facet normal 0.97235 -0.233529 0
    outer loop
      vertex -17.1168 16.6253 -3
      vertex -17.1791 16.3659 3
      vertex -17.1791 16.3659 -3
    endloop
  endfacet
  facet normal -0.382672 0.923884 0
    outer loop
      vertex -14.7282 45.5853 -3
      vertex -14.9747 45.4832 3
      vertex -14.7282 45.5853 3
    endloop
  endfacet
  facet normal -0.382672 0.923884 0
    outer loop
      vertex -14.9747 45.4832 3
      vertex -14.7282 45.5853 -3
      vertex -14.9747 45.4832 -3
    endloop
  endfacet
  facet normal -0.97235 -0.233529 0
    outer loop
      vertex -13.8209 47.3659 -5
      vertex -13.8832 47.6253 3
      vertex -13.8832 47.6253 -5
    endloop
  endfacet
  facet normal -0.97235 -0.233529 0
    outer loop
      vertex -13.8832 47.6253 3
      vertex -13.8209 47.3659 -5
      vertex -13.8209 47.3659 3
    endloop
  endfacet
  facet normal -0.996925 -0.0783593 0
    outer loop
      vertex -13.8 47.1 -5
      vertex -13.8209 47.3659 3
      vertex -13.8209 47.3659 -5
    endloop
  endfacet
  facet normal -0.996925 -0.0783593 0
    outer loop
      vertex -13.8209 47.3659 3
      vertex -13.8 47.1 -5
      vertex -13.8 47.1 3
    endloop
  endfacet
  facet normal -0.382672 -0.923884 0
    outer loop
      vertex -14.9747 48.7168 -5
      vertex -14.7282 48.6147 3
      vertex -14.9747 48.7168 3
    endloop
  endfacet
  facet normal -0.382672 -0.923884 -0
    outer loop
      vertex -14.7282 48.6147 3
      vertex -14.9747 48.7168 -5
      vertex -14.7282 48.6147 -5
    endloop
  endfacet
  facet normal -0.0783593 -0.996925 0
    outer loop
      vertex -15.5 48.8 -5
      vertex -15.2341 48.7791 3
      vertex -15.5 48.8 3
    endloop
  endfacet
  facet normal -0.0783593 -0.996925 -0
    outer loop
      vertex -15.2341 48.7791 3
      vertex -15.5 48.8 -5
      vertex -15.2341 48.7791 -5
    endloop
  endfacet
  facet normal -0.852558 0.522632 0
    outer loop
      vertex -14.1247 46.1008 -3
      vertex -13.9853 46.3282 3
      vertex -13.9853 46.3282 -3
    endloop
  endfacet
  facet normal -0.852558 0.522632 0
    outer loop
      vertex -13.9853 46.3282 3
      vertex -14.1247 46.1008 -3
      vertex -14.1247 46.1008 3
    endloop
  endfacet
  facet normal 0.923884 -0.382672 0
    outer loop
      vertex -17.1168 47.6253 3
      vertex -17.0147 47.8718 -5
      vertex -17.0147 47.8718 3
    endloop
  endfacet
  facet normal 0.923884 -0.382672 0
    outer loop
      vertex -17.0147 47.8718 -5
      vertex -17.1168 47.6253 3
      vertex -17.1168 47.6253 -5
    endloop
  endfacet
  facet normal 0.382672 0.923884 -0
    outer loop
      vertex -16.0253 45.4832 -3
      vertex -16.2718 45.5853 3
      vertex -16.0253 45.4832 3
    endloop
  endfacet
  facet normal 0.382672 0.923884 0
    outer loop
      vertex -16.2718 45.5853 3
      vertex -16.0253 45.4832 -3
      vertex -16.2718 45.5853 -3
    endloop
  endfacet
  facet normal -0.233529 -0.97235 0
    outer loop
      vertex -15.2341 48.7791 -5
      vertex -14.9747 48.7168 3
      vertex -15.2341 48.7791 3
    endloop
  endfacet
  facet normal -0.233529 -0.97235 -0
    outer loop
      vertex -14.9747 48.7168 3
      vertex -15.2341 48.7791 -5
      vertex -14.9747 48.7168 -5
    endloop
  endfacet
  facet normal -0.649247 -0.760578 0
    outer loop
      vertex -14.5008 48.4753 -5
      vertex -14.2979 48.3021 3
      vertex -14.5008 48.4753 3
    endloop
  endfacet
  facet normal -0.649247 -0.760578 -0
    outer loop
      vertex -14.2979 48.3021 3
      vertex -14.5008 48.4753 -5
      vertex -14.2979 48.3021 -5
    endloop
  endfacet
  facet normal 0 0 1
    outer loop
      vertex -13.8209 47.3659 -5
      vertex -13.8079 47 -5
      vertex -13.8 47.1 -5
    endloop
  endfacet
  facet normal 0 0 1
    outer loop
      vertex -13.8832 47.6253 -5
      vertex -13.8079 47 -5
      vertex -13.8209 47.3659 -5
    endloop
  endfacet
  facet normal 0 0 1
    outer loop
      vertex -13.9853 47.8718 -5
      vertex -13.8079 47 -5
      vertex -13.8832 47.6253 -5
    endloop
  endfacet
  facet normal 0 0 1
    outer loop
      vertex -14.1247 48.0992 -5
      vertex -13.8079 47 -5
      vertex -13.9853 47.8718 -5
    endloop
  endfacet
  facet normal 0 0 1
    outer loop
      vertex -14.2979 48.3021 -5
      vertex -13.8079 47 -5
      vertex -14.1247 48.0992 -5
    endloop
  endfacet
  facet normal 0 0 1
    outer loop
      vertex -14.5008 48.4753 -5
      vertex -13.8079 47 -5
      vertex -14.2979 48.3021 -5
    endloop
  endfacet
  facet normal 0 0 1
    outer loop
      vertex -14.7282 48.6147 -5
      vertex -13.8079 47 -5
      vertex -14.5008 48.4753 -5
    endloop
  endfacet
  facet normal 0 0 1
    outer loop
      vertex -14.9747 48.7168 -5
      vertex -13.8079 47 -5
      vertex -14.7282 48.6147 -5
    endloop
  endfacet
  facet normal 0 0 1
    outer loop
      vertex -15.2341 48.7791 -5
      vertex -13.8079 47 -5
      vertex -14.9747 48.7168 -5
    endloop
  endfacet
  facet normal 0 0 1
    outer loop
      vertex -15.5 48.8 -5
      vertex -13.8079 47 -5
      vertex -15.2341 48.7791 -5
    endloop
  endfacet
  facet normal -0 0 1
    outer loop
      vertex -15.7659 48.7791 -5
      vertex -13.8079 47 -5
      vertex -15.5 48.8 -5
    endloop
  endfacet
  facet normal -0 0 1
    outer loop
      vertex -16.0253 48.7168 -5
      vertex -13.8079 47 -5
      vertex -15.7659 48.7791 -5
    endloop
  endfacet
  facet normal -0 0 1
    outer loop
      vertex -16.2718 48.6147 -5
      vertex -13.8079 47 -5
      vertex -16.0253 48.7168 -5
    endloop
  endfacet
  facet normal -0 0 1
    outer loop
      vertex -16.4992 48.4753 -5
      vertex -13.8079 47 -5
      vertex -16.2718 48.6147 -5
    endloop
  endfacet
  facet normal -0 0 1
    outer loop
      vertex -16.7021 48.3021 -5
      vertex -13.8079 47 -5
      vertex -16.4992 48.4753 -5
    endloop
  endfacet
  facet normal -0 0 1
    outer loop
      vertex -16.8753 48.0992 -5
      vertex -13.8079 47 -5
      vertex -16.7021 48.3021 -5
    endloop
  endfacet
  facet normal -0 0 1
    outer loop
      vertex -17.0147 47.8718 -5
      vertex -13.8079 47 -5
      vertex -16.8753 48.0992 -5
    endloop
  endfacet
  facet normal -0 0 1
    outer loop
      vertex -17.1168 47.6253 -5
      vertex -13.8079 47 -5
      vertex -17.0147 47.8718 -5
    endloop
  endfacet
  facet normal 0 0 1
    outer loop
      vertex -17.1921 47 -5
      vertex -17.1168 47.6253 -5
      vertex -17.1791 47.3659 -5
    endloop
  endfacet
  facet normal 0 0 1
    outer loop
      vertex -17.1168 47.6253 -5
      vertex -17.1921 47 -5
      vertex -13.8079 47 -5
    endloop
  endfacet
  facet normal 0 -0 1
    outer loop
      vertex -17.1921 47 -5
      vertex -17.1791 47.3659 -5
      vertex -17.2 47.1 -5
    endloop
  endfacet
  facet normal -0.97235 0.233529 0
    outer loop
      vertex -13.8832 46.5747 -3
      vertex -13.8209 46.8341 3
      vertex -13.8209 46.8341 -3
    endloop
  endfacet
  facet normal -0.97235 0.233529 0
    outer loop
      vertex -13.8209 46.8341 3
      vertex -13.8832 46.5747 -3
      vertex -13.8832 46.5747 3
    endloop
  endfacet
  facet normal 0.760578 -0.649247 0
    outer loop
      vertex -16.8753 48.0992 3
      vertex -16.7021 48.3021 -5
      vertex -16.7021 48.3021 3
    endloop
  endfacet
  facet normal 0.760578 -0.649247 0
    outer loop
      vertex -16.7021 48.3021 -5
      vertex -16.8753 48.0992 3
      vertex -16.8753 48.0992 -5
    endloop
  endfacet
  facet normal -0.996894 0.0787546 0
    outer loop
      vertex -13.8079 47 -3
      vertex -13.8 47.1 -5
      vertex -13.8079 47 -5
    endloop
  endfacet
  facet normal -0.996894 0.0787546 0
    outer loop
      vertex -13.8 47.1 -5
      vertex -13.8079 47 -3
      vertex -13.8 47.1 3
    endloop
  endfacet
  facet normal -0.996944 0.078121 0
    outer loop
      vertex -13.8209 46.8341 3
      vertex -13.8079 47 -3
      vertex -13.8209 46.8341 -3
    endloop
  endfacet
  facet normal -0.996925 0.0783593 6.62992e-06
    outer loop
      vertex -13.8079 47 -3
      vertex -13.8209 46.8341 3
      vertex -13.8 47.1 3
    endloop
  endfacet
  facet normal 0.852558 0.522632 0
    outer loop
      vertex -16.8753 46.1008 3
      vertex -17.0147 46.3282 -3
      vertex -17.0147 46.3282 3
    endloop
  endfacet
  facet normal 0.852558 0.522632 0
    outer loop
      vertex -17.0147 46.3282 -3
      vertex -16.8753 46.1008 3
      vertex -16.8753 46.1008 -3
    endloop
  endfacet
  facet normal -0.923884 -0.382672 0
    outer loop
      vertex -13.8832 47.6253 -5
      vertex -13.9853 47.8718 3
      vertex -13.9853 47.8718 -5
    endloop
  endfacet
  facet normal -0.923884 -0.382672 0
    outer loop
      vertex -13.9853 47.8718 3
      vertex -13.8832 47.6253 -5
      vertex -13.8832 47.6253 3
    endloop
  endfacet
  facet normal 0.522632 -0.852558 0
    outer loop
      vertex -16.4992 48.4753 -5
      vertex -16.2718 48.6147 3
      vertex -16.4992 48.4753 3
    endloop
  endfacet
  facet normal 0.522632 -0.852558 0
    outer loop
      vertex -16.2718 48.6147 3
      vertex -16.4992 48.4753 -5
      vertex -16.2718 48.6147 -5
    endloop
  endfacet
  facet normal -0.522632 0.852558 0
    outer loop
      vertex -14.5008 45.7247 -3
      vertex -14.7282 45.5853 3
      vertex -14.5008 45.7247 3
    endloop
  endfacet
  facet normal -0.522632 0.852558 0
    outer loop
      vertex -14.7282 45.5853 3
      vertex -14.5008 45.7247 -3
      vertex -14.7282 45.5853 -3
    endloop
  endfacet
  facet normal 0.382672 -0.923884 0
    outer loop
      vertex -16.2718 48.6147 -5
      vertex -16.0253 48.7168 3
      vertex -16.2718 48.6147 3
    endloop
  endfacet
  facet normal 0.382672 -0.923884 0
    outer loop
      vertex -16.0253 48.7168 3
      vertex -16.2718 48.6147 -5
      vertex -16.0253 48.7168 -5
    endloop
  endfacet
  facet normal 0.233529 -0.97235 0
    outer loop
      vertex -16.0253 48.7168 -5
      vertex -15.7659 48.7791 3
      vertex -16.0253 48.7168 3
    endloop
  endfacet
  facet normal 0.233529 -0.97235 0
    outer loop
      vertex -15.7659 48.7791 3
      vertex -16.0253 48.7168 -5
      vertex -15.7659 48.7791 -5
    endloop
  endfacet
  facet normal -0.852558 -0.522632 0
    outer loop
      vertex -13.9853 47.8718 -5
      vertex -14.1247 48.0992 3
      vertex -14.1247 48.0992 -5
    endloop
  endfacet
  facet normal -0.852558 -0.522632 0
    outer loop
      vertex -14.1247 48.0992 3
      vertex -13.9853 47.8718 -5
      vertex -13.9853 47.8718 3
    endloop
  endfacet
  facet normal -0.0783593 0.996925 0
    outer loop
      vertex -15.2341 45.4209 -3
      vertex -15.5 45.4 3
      vertex -15.2341 45.4209 3
    endloop
  endfacet
  facet normal -0.0783593 0.996925 0
    outer loop
      vertex -15.5 45.4 3
      vertex -15.2341 45.4209 -3
      vertex -15.5 45.4 -3
    endloop
  endfacet
  facet normal 0.760578 0.649247 0
    outer loop
      vertex -16.7021 45.8979 3
      vertex -16.8753 46.1008 -3
      vertex -16.8753 46.1008 3
    endloop
  endfacet
  facet normal 0.760578 0.649247 0
    outer loop
      vertex -16.8753 46.1008 -3
      vertex -16.7021 45.8979 3
      vertex -16.7021 45.8979 -3
    endloop
  endfacet
  facet normal -0.233529 0.97235 0
    outer loop
      vertex -14.9747 45.4832 -3
      vertex -15.2341 45.4209 3
      vertex -14.9747 45.4832 3
    endloop
  endfacet
  facet normal -0.233529 0.97235 0
    outer loop
      vertex -15.2341 45.4209 3
      vertex -14.9747 45.4832 -3
      vertex -15.2341 45.4209 -3
    endloop
  endfacet
  facet normal -0.760578 -0.649247 0
    outer loop
      vertex -14.1247 48.0992 -5
      vertex -14.2979 48.3021 3
      vertex -14.2979 48.3021 -5
    endloop
  endfacet
  facet normal -0.760578 -0.649247 0
    outer loop
      vertex -14.2979 48.3021 3
      vertex -14.1247 48.0992 -5
      vertex -14.1247 48.0992 3
    endloop
  endfacet
  facet normal -0.522632 -0.852558 0
    outer loop
      vertex -14.7282 48.6147 -5
      vertex -14.5008 48.4753 3
      vertex -14.7282 48.6147 3
    endloop
  endfacet
  facet normal -0.522632 -0.852558 -0
    outer loop
      vertex -14.5008 48.4753 3
      vertex -14.7282 48.6147 -5
      vertex -14.5008 48.4753 -5
    endloop
  endfacet
  facet normal 0.996894 0.0787546 0
    outer loop
      vertex -17.2 47.1 3
      vertex -17.1921 47 -3
      vertex -17.2 47.1 -5
    endloop
  endfacet
  facet normal 0.996925 0.0783593 6.62992e-06
    outer loop
      vertex -17.1791 46.8341 3
      vertex -17.1921 47 -3
      vertex -17.2 47.1 3
    endloop
  endfacet
  facet normal 0.996944 0.078121 0
    outer loop
      vertex -17.1921 47 -3
      vertex -17.1791 46.8341 3
      vertex -17.1791 46.8341 -3
    endloop
  endfacet
  facet normal 0.996894 0.0787546 0
    outer loop
      vertex -17.2 47.1 -5
      vertex -17.1921 47 -3
      vertex -17.1921 47 -5
    endloop
  endfacet
  facet normal 0.649247 -0.760578 0
    outer loop
      vertex -16.7021 48.3021 -5
      vertex -16.4992 48.4753 3
      vertex -16.7021 48.3021 3
    endloop
  endfacet
  facet normal 0.649247 -0.760578 0
    outer loop
      vertex -16.4992 48.4753 3
      vertex -16.7021 48.3021 -5
      vertex -16.4992 48.4753 -5
    endloop
  endfacet
  facet normal 0.649247 0.760578 -0
    outer loop
      vertex -16.4992 45.7247 -3
      vertex -16.7021 45.8979 3
      vertex -16.4992 45.7247 3
    endloop
  endfacet
  facet normal 0.649247 0.760578 0
    outer loop
      vertex -16.7021 45.8979 3
      vertex -16.4992 45.7247 -3
      vertex -16.7021 45.8979 -3
    endloop
  endfacet
  facet normal 0.97235 0.233529 0
    outer loop
      vertex -17.1168 46.5747 3
      vertex -17.1791 46.8341 -3
      vertex -17.1791 46.8341 3
    endloop
  endfacet
  facet normal 0.97235 0.233529 0
    outer loop
      vertex -17.1791 46.8341 -3
      vertex -17.1168 46.5747 3
      vertex -17.1168 46.5747 -3
    endloop
  endfacet
  facet normal 0.923884 0.382672 0
    outer loop
      vertex -17.0147 46.3282 3
      vertex -17.1168 46.5747 -3
      vertex -17.1168 46.5747 3
    endloop
  endfacet
  facet normal 0.923884 0.382672 0
    outer loop
      vertex -17.1168 46.5747 -3
      vertex -17.0147 46.3282 3
      vertex -17.0147 46.3282 -3
    endloop
  endfacet
  facet normal -0.760578 0.649247 0
    outer loop
      vertex -14.2979 45.8979 -3
      vertex -14.1247 46.1008 3
      vertex -14.1247 46.1008 -3
    endloop
  endfacet
  facet normal -0.760578 0.649247 0
    outer loop
      vertex -14.1247 46.1008 3
      vertex -14.2979 45.8979 -3
      vertex -14.2979 45.8979 3
    endloop
  endfacet
  facet normal 0.0783593 0.996925 -0
    outer loop
      vertex -15.5 45.4 -3
      vertex -15.7659 45.4209 3
      vertex -15.5 45.4 3
    endloop
  endfacet
  facet normal 0.0783593 0.996925 0
    outer loop
      vertex -15.7659 45.4209 3
      vertex -15.5 45.4 -3
      vertex -15.7659 45.4209 -3
    endloop
  endfacet
  facet normal 0.233529 0.97235 -0
    outer loop
      vertex -15.7659 45.4209 -3
      vertex -16.0253 45.4832 3
      vertex -15.7659 45.4209 3
    endloop
  endfacet
  facet normal 0.233529 0.97235 0
    outer loop
      vertex -16.0253 45.4832 3
      vertex -15.7659 45.4209 -3
      vertex -16.0253 45.4832 -3
    endloop
  endfacet
  facet normal 0.522632 0.852558 -0
    outer loop
      vertex -16.2718 45.5853 -3
      vertex -16.4992 45.7247 3
      vertex -16.2718 45.5853 3
    endloop
  endfacet
  facet normal 0.522632 0.852558 0
    outer loop
      vertex -16.4992 45.7247 3
      vertex -16.2718 45.5853 -3
      vertex -16.4992 45.7247 -3
    endloop
  endfacet
  facet normal 0.996925 -0.0783593 0
    outer loop
      vertex -17.2 47.1 3
      vertex -17.1791 47.3659 -5
      vertex -17.1791 47.3659 3
    endloop
  endfacet
  facet normal 0.996925 -0.0783593 0
    outer loop
      vertex -17.1791 47.3659 -5
      vertex -17.2 47.1 3
      vertex -17.2 47.1 -5
    endloop
  endfacet
  facet normal 0.97235 -0.233529 0
    outer loop
      vertex -17.1791 47.3659 3
      vertex -17.1168 47.6253 -5
      vertex -17.1168 47.6253 3
    endloop
  endfacet
  facet normal 0.97235 -0.233529 0
    outer loop
      vertex -17.1168 47.6253 -5
      vertex -17.1791 47.3659 3
      vertex -17.1791 47.3659 -5
    endloop
  endfacet
  facet normal 0.0783593 -0.996925 0
    outer loop
      vertex -15.7659 48.7791 -5
      vertex -15.5 48.8 3
      vertex -15.7659 48.7791 3
    endloop
  endfacet
  facet normal 0.0783593 -0.996925 0
    outer loop
      vertex -15.5 48.8 3
      vertex -15.7659 48.7791 -5
      vertex -15.5 48.8 -5
    endloop
  endfacet
  facet normal -0.923884 0.382672 0
    outer loop
      vertex -13.9853 46.3282 -3
      vertex -13.8832 46.5747 3
      vertex -13.8832 46.5747 -3
    endloop
  endfacet
  facet normal -0.923884 0.382672 0
    outer loop
      vertex -13.8832 46.5747 3
      vertex -13.9853 46.3282 -3
      vertex -13.9853 46.3282 3
    endloop
  endfacet
  facet normal 0.852558 -0.522632 0
    outer loop
      vertex -17.0147 47.8718 3
      vertex -16.8753 48.0992 -5
      vertex -16.8753 48.0992 3
    endloop
  endfacet
  facet normal 0.852558 -0.522632 0
    outer loop
      vertex -16.8753 48.0992 -5
      vertex -17.0147 47.8718 3
      vertex -17.0147 47.8718 -5
    endloop
  endfacet
  facet normal -0.649247 0.760578 0
    outer loop
      vertex -14.2979 45.8979 -3
      vertex -14.5008 45.7247 3
      vertex -14.2979 45.8979 3
    endloop
  endfacet
  facet normal -0.649247 0.760578 0
    outer loop
      vertex -14.5008 45.7247 3
      vertex -14.2979 45.8979 -3
      vertex -14.5008 45.7247 -3
    endloop
  endfacet
  facet normal -0.382672 0.923884 0
    outer loop
      vertex 16.2718 14.5853 -3
      vertex 16.0253 14.4832 3
      vertex 16.2718 14.5853 3
    endloop
  endfacet
  facet normal -0.382672 0.923884 0
    outer loop
      vertex 16.0253 14.4832 3
      vertex 16.2718 14.5853 -3
      vertex 16.0253 14.4832 -3
    endloop
  endfacet
  facet normal -0.97235 -0.233529 0
    outer loop
      vertex 17.1791 16.3659 -3
      vertex 17.1168 16.6253 3
      vertex 17.1168 16.6253 -3
    endloop
  endfacet
  facet normal -0.97235 -0.233529 0
    outer loop
      vertex 17.1168 16.6253 3
      vertex 17.1791 16.3659 -3
      vertex 17.1791 16.3659 3
    endloop
  endfacet
  facet normal -0.996925 -0.0783593 0
    outer loop
      vertex 17.2 16.1 -3
      vertex 17.1791 16.3659 3
      vertex 17.1791 16.3659 -3
    endloop
  endfacet
  facet normal -0.996925 -0.0783593 0
    outer loop
      vertex 17.1791 16.3659 3
      vertex 17.2 16.1 -3
      vertex 17.2 16.1 3
    endloop
  endfacet
  facet normal -0.382672 -0.923884 0
    outer loop
      vertex 16.0253 17.7168 -3
      vertex 16.2718 17.6147 3
      vertex 16.0253 17.7168 3
    endloop
  endfacet
  facet normal -0.382672 -0.923884 -0
    outer loop
      vertex 16.2718 17.6147 3
      vertex 16.0253 17.7168 -3
      vertex 16.2718 17.6147 -3
    endloop
  endfacet
  facet normal -0.0783593 -0.996925 0
    outer loop
      vertex 15.5 17.8 -3
      vertex 15.7659 17.7791 3
      vertex 15.5 17.8 3
    endloop
  endfacet
  facet normal -0.0783593 -0.996925 -0
    outer loop
      vertex 15.7659 17.7791 3
      vertex 15.5 17.8 -3
      vertex 15.7659 17.7791 -3
    endloop
  endfacet
  facet normal -0.852558 0.522632 0
    outer loop
      vertex 16.8753 15.1008 -3
      vertex 17.0147 15.3282 3
      vertex 17.0147 15.3282 -3
    endloop
  endfacet
  facet normal -0.852558 0.522632 0
    outer loop
      vertex 17.0147 15.3282 3
      vertex 16.8753 15.1008 -3
      vertex 16.8753 15.1008 3
    endloop
  endfacet
  facet normal 0.923884 -0.382672 0
    outer loop
      vertex 13.8832 16.6253 3
      vertex 13.9853 16.8718 -3
      vertex 13.9853 16.8718 3
    endloop
  endfacet
  facet normal 0.923884 -0.382672 0
    outer loop
      vertex 13.9853 16.8718 -3
      vertex 13.8832 16.6253 3
      vertex 13.8832 16.6253 -3
    endloop
  endfacet
  facet normal 0.382672 0.923884 -0
    outer loop
      vertex 14.9747 14.4832 -3
      vertex 14.7282 14.5853 3
      vertex 14.9747 14.4832 3
    endloop
  endfacet
  facet normal 0.382672 0.923884 0
    outer loop
      vertex 14.7282 14.5853 3
      vertex 14.9747 14.4832 -3
      vertex 14.7282 14.5853 -3
    endloop
  endfacet
  facet normal -0.233529 -0.97235 0
    outer loop
      vertex 15.7659 17.7791 -3
      vertex 16.0253 17.7168 3
      vertex 15.7659 17.7791 3
    endloop
  endfacet
  facet normal -0.233529 -0.97235 -0
    outer loop
      vertex 16.0253 17.7168 3
      vertex 15.7659 17.7791 -3
      vertex 16.0253 17.7168 -3
    endloop
  endfacet
  facet normal -0.649247 -0.760578 0
    outer loop
      vertex 16.4992 17.4753 -3
      vertex 16.7021 17.3021 3
      vertex 16.4992 17.4753 3
    endloop
  endfacet
  facet normal -0.649247 -0.760578 -0
    outer loop
      vertex 16.7021 17.3021 3
      vertex 16.4992 17.4753 -3
      vertex 16.7021 17.3021 -3
    endloop
  endfacet
  facet normal -0.97235 0.233529 0
    outer loop
      vertex 17.1168 15.5747 -3
      vertex 17.1791 15.8341 3
      vertex 17.1791 15.8341 -3
    endloop
  endfacet
  facet normal -0.97235 0.233529 0
    outer loop
      vertex 17.1791 15.8341 3
      vertex 17.1168 15.5747 -3
      vertex 17.1168 15.5747 3
    endloop
  endfacet
  facet normal 0.760578 -0.649247 0
    outer loop
      vertex 14.1247 17.0992 3
      vertex 14.2979 17.3021 -3
      vertex 14.2979 17.3021 3
    endloop
  endfacet
  facet normal 0.760578 -0.649247 0
    outer loop
      vertex 14.2979 17.3021 -3
      vertex 14.1247 17.0992 3
      vertex 14.1247 17.0992 -3
    endloop
  endfacet
  facet normal -0.996925 0.0783593 0
    outer loop
      vertex 17.1791 15.8341 -3
      vertex 17.2 16.1 3
      vertex 17.2 16.1 -3
    endloop
  endfacet
  facet normal -0.996925 0.0783593 0
    outer loop
      vertex 17.2 16.1 3
      vertex 17.1791 15.8341 -3
      vertex 17.1791 15.8341 3
    endloop
  endfacet
  facet normal 0.852558 0.522632 0
    outer loop
      vertex 14.1247 15.1008 3
      vertex 13.9853 15.3282 -3
      vertex 13.9853 15.3282 3
    endloop
  endfacet
  facet normal 0.852558 0.522632 0
    outer loop
      vertex 13.9853 15.3282 -3
      vertex 14.1247 15.1008 3
      vertex 14.1247 15.1008 -3
    endloop
  endfacet
  facet normal -0.923884 -0.382672 0
    outer loop
      vertex 17.1168 16.6253 -3
      vertex 17.0147 16.8718 3
      vertex 17.0147 16.8718 -3
    endloop
  endfacet
  facet normal -0.923884 -0.382672 0
    outer loop
      vertex 17.0147 16.8718 3
      vertex 17.1168 16.6253 -3
      vertex 17.1168 16.6253 3
    endloop
  endfacet
  facet normal 0.522632 -0.852558 0
    outer loop
      vertex 14.5008 17.4753 -3
      vertex 14.7282 17.6147 3
      vertex 14.5008 17.4753 3
    endloop
  endfacet
  facet normal 0.522632 -0.852558 0
    outer loop
      vertex 14.7282 17.6147 3
      vertex 14.5008 17.4753 -3
      vertex 14.7282 17.6147 -3
    endloop
  endfacet
  facet normal -0.522632 0.852558 0
    outer loop
      vertex 16.4992 14.7247 -3
      vertex 16.2718 14.5853 3
      vertex 16.4992 14.7247 3
    endloop
  endfacet
  facet normal -0.522632 0.852558 0
    outer loop
      vertex 16.2718 14.5853 3
      vertex 16.4992 14.7247 -3
      vertex 16.2718 14.5853 -3
    endloop
  endfacet
  facet normal 0.382672 -0.923884 0
    outer loop
      vertex 14.7282 17.6147 -3
      vertex 14.9747 17.7168 3
      vertex 14.7282 17.6147 3
    endloop
  endfacet
  facet normal 0.382672 -0.923884 0
    outer loop
      vertex 14.9747 17.7168 3
      vertex 14.7282 17.6147 -3
      vertex 14.9747 17.7168 -3
    endloop
  endfacet
  facet normal 0.233529 -0.97235 0
    outer loop
      vertex 14.9747 17.7168 -3
      vertex 15.2341 17.7791 3
      vertex 14.9747 17.7168 3
    endloop
  endfacet
  facet normal 0.233529 -0.97235 0
    outer loop
      vertex 15.2341 17.7791 3
      vertex 14.9747 17.7168 -3
      vertex 15.2341 17.7791 -3
    endloop
  endfacet
  facet normal 0.522632 0.852558 -0
    outer loop
      vertex 14.7282 14.5853 -3
      vertex 14.5008 14.7247 3
      vertex 14.7282 14.5853 3
    endloop
  endfacet
  facet normal 0.522632 0.852558 0
    outer loop
      vertex 14.5008 14.7247 3
      vertex 14.7282 14.5853 -3
      vertex 14.5008 14.7247 -3
    endloop
  endfacet
  facet normal -0.852558 -0.522632 0
    outer loop
      vertex 17.0147 16.8718 -3
      vertex 16.8753 17.0992 3
      vertex 16.8753 17.0992 -3
    endloop
  endfacet
  facet normal -0.852558 -0.522632 0
    outer loop
      vertex 16.8753 17.0992 3
      vertex 17.0147 16.8718 -3
      vertex 17.0147 16.8718 3
    endloop
  endfacet
  facet normal -0.0783593 0.996925 0
    outer loop
      vertex 15.7659 14.4209 -3
      vertex 15.5 14.4 3
      vertex 15.7659 14.4209 3
    endloop
  endfacet
  facet normal -0.0783593 0.996925 0
    outer loop
      vertex 15.5 14.4 3
      vertex 15.7659 14.4209 -3
      vertex 15.5 14.4 -3
    endloop
  endfacet
  facet normal 0.760578 0.649247 0
    outer loop
      vertex 14.2979 14.8979 3
      vertex 14.1247 15.1008 -3
      vertex 14.1247 15.1008 3
    endloop
  endfacet
  facet normal 0.760578 0.649247 0
    outer loop
      vertex 14.1247 15.1008 -3
      vertex 14.2979 14.8979 3
      vertex 14.2979 14.8979 -3
    endloop
  endfacet
  facet normal -0.233529 0.97235 0
    outer loop
      vertex 16.0253 14.4832 -3
      vertex 15.7659 14.4209 3
      vertex 16.0253 14.4832 3
    endloop
  endfacet
  facet normal -0.233529 0.97235 0
    outer loop
      vertex 15.7659 14.4209 3
      vertex 16.0253 14.4832 -3
      vertex 15.7659 14.4209 -3
    endloop
  endfacet
  facet normal -0.760578 -0.649247 0
    outer loop
      vertex 16.8753 17.0992 -3
      vertex 16.7021 17.3021 3
      vertex 16.7021 17.3021 -3
    endloop
  endfacet
  facet normal -0.760578 -0.649247 0
    outer loop
      vertex 16.7021 17.3021 3
      vertex 16.8753 17.0992 -3
      vertex 16.8753 17.0992 3
    endloop
  endfacet
  facet normal -0.522632 -0.852558 0
    outer loop
      vertex 16.2718 17.6147 -3
      vertex 16.4992 17.4753 3
      vertex 16.2718 17.6147 3
    endloop
  endfacet
  facet normal -0.522632 -0.852558 -0
    outer loop
      vertex 16.4992 17.4753 3
      vertex 16.2718 17.6147 -3
      vertex 16.4992 17.4753 -3
    endloop
  endfacet
  facet normal 0.996925 0.0783593 0
    outer loop
      vertex 13.8209 15.8341 3
      vertex 13.8 16.1 -3
      vertex 13.8 16.1 3
    endloop
  endfacet
  facet normal 0.996925 0.0783593 0
    outer loop
      vertex 13.8 16.1 -3
      vertex 13.8209 15.8341 3
      vertex 13.8209 15.8341 -3
    endloop
  endfacet
  facet normal 0.649247 -0.760578 0
    outer loop
      vertex 14.2979 17.3021 -3
      vertex 14.5008 17.4753 3
      vertex 14.2979 17.3021 3
    endloop
  endfacet
  facet normal 0.649247 -0.760578 0
    outer loop
      vertex 14.5008 17.4753 3
      vertex 14.2979 17.3021 -3
      vertex 14.5008 17.4753 -3
    endloop
  endfacet
  facet normal 0.649247 0.760578 -0
    outer loop
      vertex 14.5008 14.7247 -3
      vertex 14.2979 14.8979 3
      vertex 14.5008 14.7247 3
    endloop
  endfacet
  facet normal 0.649247 0.760578 0
    outer loop
      vertex 14.2979 14.8979 3
      vertex 14.5008 14.7247 -3
      vertex 14.2979 14.8979 -3
    endloop
  endfacet
  facet normal 0.97235 0.233529 0
    outer loop
      vertex 13.8832 15.5747 3
      vertex 13.8209 15.8341 -3
      vertex 13.8209 15.8341 3
    endloop
  endfacet
  facet normal 0.97235 0.233529 0
    outer loop
      vertex 13.8209 15.8341 -3
      vertex 13.8832 15.5747 3
      vertex 13.8832 15.5747 -3
    endloop
  endfacet
  facet normal 0.923884 0.382672 0
    outer loop
      vertex 13.9853 15.3282 3
      vertex 13.8832 15.5747 -3
      vertex 13.8832 15.5747 3
    endloop
  endfacet
  facet normal 0.923884 0.382672 0
    outer loop
      vertex 13.8832 15.5747 -3
      vertex 13.9853 15.3282 3
      vertex 13.9853 15.3282 -3
    endloop
  endfacet
  facet normal -0.760578 0.649247 0
    outer loop
      vertex 16.7021 14.8979 -3
      vertex 16.8753 15.1008 3
      vertex 16.8753 15.1008 -3
    endloop
  endfacet
  facet normal -0.760578 0.649247 0
    outer loop
      vertex 16.8753 15.1008 3
      vertex 16.7021 14.8979 -3
      vertex 16.7021 14.8979 3
    endloop
  endfacet
  facet normal 0.0783593 0.996925 -0
    outer loop
      vertex 15.5 14.4 -3
      vertex 15.2341 14.4209 3
      vertex 15.5 14.4 3
    endloop
  endfacet
  facet normal 0.0783593 0.996925 0
    outer loop
      vertex 15.2341 14.4209 3
      vertex 15.5 14.4 -3
      vertex 15.2341 14.4209 -3
    endloop
  endfacet
  facet normal 0.233529 0.97235 -0
    outer loop
      vertex 15.2341 14.4209 -3
      vertex 14.9747 14.4832 3
      vertex 15.2341 14.4209 3
    endloop
  endfacet
  facet normal 0.233529 0.97235 0
    outer loop
      vertex 14.9747 14.4832 3
      vertex 15.2341 14.4209 -3
      vertex 14.9747 14.4832 -3
    endloop
  endfacet
  facet normal 0.996925 -0.0783593 0
    outer loop
      vertex 13.8 16.1 3
      vertex 13.8209 16.3659 -3
      vertex 13.8209 16.3659 3
    endloop
  endfacet
  facet normal 0.996925 -0.0783593 0
    outer loop
      vertex 13.8209 16.3659 -3
      vertex 13.8 16.1 3
      vertex 13.8 16.1 -3
    endloop
  endfacet
  facet normal 0.97235 -0.233529 0
    outer loop
      vertex 13.8209 16.3659 3
      vertex 13.8832 16.6253 -3
      vertex 13.8832 16.6253 3
    endloop
  endfacet
  facet normal 0.97235 -0.233529 0
    outer loop
      vertex 13.8832 16.6253 -3
      vertex 13.8209 16.3659 3
      vertex 13.8209 16.3659 -3
    endloop
  endfacet
  facet normal 0.0783593 -0.996925 0
    outer loop
      vertex 15.2341 17.7791 -3
      vertex 15.5 17.8 3
      vertex 15.2341 17.7791 3
    endloop
  endfacet
  facet normal 0.0783593 -0.996925 0
    outer loop
      vertex 15.5 17.8 3
      vertex 15.2341 17.7791 -3
      vertex 15.5 17.8 -3
    endloop
  endfacet
  facet normal -0.923884 0.382672 0
    outer loop
      vertex 17.0147 15.3282 -3
      vertex 17.1168 15.5747 3
      vertex 17.1168 15.5747 -3
    endloop
  endfacet
  facet normal -0.923884 0.382672 0
    outer loop
      vertex 17.1168 15.5747 3
      vertex 17.0147 15.3282 -3
      vertex 17.0147 15.3282 3
    endloop
  endfacet
  facet normal 0.852558 -0.522632 0
    outer loop
      vertex 13.9853 16.8718 3
      vertex 14.1247 17.0992 -3
      vertex 14.1247 17.0992 3
    endloop
  endfacet
  facet normal 0.852558 -0.522632 0
    outer loop
      vertex 14.1247 17.0992 -3
      vertex 13.9853 16.8718 3
      vertex 13.9853 16.8718 -3
    endloop
  endfacet
  facet normal -0.649247 0.760578 0
    outer loop
      vertex 16.7021 14.8979 -3
      vertex 16.4992 14.7247 3
      vertex 16.7021 14.8979 3
    endloop
  endfacet
  facet normal -0.649247 0.760578 0
    outer loop
      vertex 16.4992 14.7247 3
      vertex 16.7021 14.8979 -3
      vertex 16.4992 14.7247 -3
    endloop
  endfacet
  facet normal -0.382672 0.923884 0
    outer loop
      vertex 16.2718 45.5853 -3
      vertex 16.0253 45.4832 3
      vertex 16.2718 45.5853 3
    endloop
  endfacet
  facet normal -0.382672 0.923884 0
    outer loop
      vertex 16.0253 45.4832 3
      vertex 16.2718 45.5853 -3
      vertex 16.0253 45.4832 -3
    endloop
  endfacet
  facet normal -0.97235 -0.233529 0
    outer loop
      vertex 17.1791 47.3659 -5
      vertex 17.1168 47.6253 3
      vertex 17.1168 47.6253 -5
    endloop
  endfacet
  facet normal -0.97235 -0.233529 0
    outer loop
      vertex 17.1168 47.6253 3
      vertex 17.1791 47.3659 -5
      vertex 17.1791 47.3659 3
    endloop
  endfacet
  facet normal -0.996925 -0.0783593 0
    outer loop
      vertex 17.2 47.1 -5
      vertex 17.1791 47.3659 3
      vertex 17.1791 47.3659 -5
    endloop
  endfacet
  facet normal -0.996925 -0.0783593 0
    outer loop
      vertex 17.1791 47.3659 3
      vertex 17.2 47.1 -5
      vertex 17.2 47.1 3
    endloop
  endfacet
  facet normal -0.382672 -0.923884 0
    outer loop
      vertex 16.0253 48.7168 -5
      vertex 16.2718 48.6147 3
      vertex 16.0253 48.7168 3
    endloop
  endfacet
  facet normal -0.382672 -0.923884 -0
    outer loop
      vertex 16.2718 48.6147 3
      vertex 16.0253 48.7168 -5
      vertex 16.2718 48.6147 -5
    endloop
  endfacet
  facet normal -0.0783593 -0.996925 0
    outer loop
      vertex 15.5 48.8 -5
      vertex 15.7659 48.7791 3
      vertex 15.5 48.8 3
    endloop
  endfacet
  facet normal -0.0783593 -0.996925 -0
    outer loop
      vertex 15.7659 48.7791 3
      vertex 15.5 48.8 -5
      vertex 15.7659 48.7791 -5
    endloop
  endfacet
  facet normal -0.852558 0.522632 0
    outer loop
      vertex 16.8753 46.1008 -3
      vertex 17.0147 46.3282 3
      vertex 17.0147 46.3282 -3
    endloop
  endfacet
  facet normal -0.852558 0.522632 0
    outer loop
      vertex 17.0147 46.3282 3
      vertex 16.8753 46.1008 -3
      vertex 16.8753 46.1008 3
    endloop
  endfacet
  facet normal 0.923884 -0.382672 0
    outer loop
      vertex 13.8832 47.6253 3
      vertex 13.9853 47.8718 -5
      vertex 13.9853 47.8718 3
    endloop
  endfacet
  facet normal 0.923884 -0.382672 0
    outer loop
      vertex 13.9853 47.8718 -5
      vertex 13.8832 47.6253 3
      vertex 13.8832 47.6253 -5
    endloop
  endfacet
  facet normal 0.382672 0.923884 -0
    outer loop
      vertex 14.9747 45.4832 -3
      vertex 14.7282 45.5853 3
      vertex 14.9747 45.4832 3
    endloop
  endfacet
  facet normal 0.382672 0.923884 0
    outer loop
      vertex 14.7282 45.5853 3
      vertex 14.9747 45.4832 -3
      vertex 14.7282 45.5853 -3
    endloop
  endfacet
  facet normal -0.233529 -0.97235 0
    outer loop
      vertex 15.7659 48.7791 -5
      vertex 16.0253 48.7168 3
      vertex 15.7659 48.7791 3
    endloop
  endfacet
  facet normal -0.233529 -0.97235 -0
    outer loop
      vertex 16.0253 48.7168 3
      vertex 15.7659 48.7791 -5
      vertex 16.0253 48.7168 -5
    endloop
  endfacet
  facet normal -0.649247 -0.760578 0
    outer loop
      vertex 16.4992 48.4753 -5
      vertex 16.7021 48.3021 3
      vertex 16.4992 48.4753 3
    endloop
  endfacet
  facet normal -0.649247 -0.760578 -0
    outer loop
      vertex 16.7021 48.3021 3
      vertex 16.4992 48.4753 -5
      vertex 16.7021 48.3021 -5
    endloop
  endfacet
  facet normal 0 0 1
    outer loop
      vertex 17.1791 47.3659 -5
      vertex 17.1921 47 -5
      vertex 17.2 47.1 -5
    endloop
  endfacet
  facet normal 0 0 1
    outer loop
      vertex 17.1168 47.6253 -5
      vertex 17.1921 47 -5
      vertex 17.1791 47.3659 -5
    endloop
  endfacet
  facet normal 0 0 1
    outer loop
      vertex 17.0147 47.8718 -5
      vertex 17.1921 47 -5
      vertex 17.1168 47.6253 -5
    endloop
  endfacet
  facet normal 0 0 1
    outer loop
      vertex 16.8753 48.0992 -5
      vertex 17.1921 47 -5
      vertex 17.0147 47.8718 -5
    endloop
  endfacet
  facet normal 0 0 1
    outer loop
      vertex 16.7021 48.3021 -5
      vertex 17.1921 47 -5
      vertex 16.8753 48.0992 -5
    endloop
  endfacet
  facet normal 0 0 1
    outer loop
      vertex 16.4992 48.4753 -5
      vertex 17.1921 47 -5
      vertex 16.7021 48.3021 -5
    endloop
  endfacet
  facet normal 0 0 1
    outer loop
      vertex 16.2718 48.6147 -5
      vertex 17.1921 47 -5
      vertex 16.4992 48.4753 -5
    endloop
  endfacet
  facet normal 0 0 1
    outer loop
      vertex 16.0253 48.7168 -5
      vertex 17.1921 47 -5
      vertex 16.2718 48.6147 -5
    endloop
  endfacet
  facet normal 0 0 1
    outer loop
      vertex 15.7659 48.7791 -5
      vertex 17.1921 47 -5
      vertex 16.0253 48.7168 -5
    endloop
  endfacet
  facet normal 0 0 1
    outer loop
      vertex 15.5 48.8 -5
      vertex 17.1921 47 -5
      vertex 15.7659 48.7791 -5
    endloop
  endfacet
  facet normal -0 0 1
    outer loop
      vertex 15.2341 48.7791 -5
      vertex 17.1921 47 -5
      vertex 15.5 48.8 -5
    endloop
  endfacet
  facet normal -0 0 1
    outer loop
      vertex 14.9747 48.7168 -5
      vertex 17.1921 47 -5
      vertex 15.2341 48.7791 -5
    endloop
  endfacet
  facet normal -0 0 1
    outer loop
      vertex 14.7282 48.6147 -5
      vertex 17.1921 47 -5
      vertex 14.9747 48.7168 -5
    endloop
  endfacet
  facet normal -0 0 1
    outer loop
      vertex 14.5008 48.4753 -5
      vertex 17.1921 47 -5
      vertex 14.7282 48.6147 -5
    endloop
  endfacet
  facet normal -0 0 1
    outer loop
      vertex 14.2979 48.3021 -5
      vertex 17.1921 47 -5
      vertex 14.5008 48.4753 -5
    endloop
  endfacet
  facet normal -0 0 1
    outer loop
      vertex 14.1247 48.0992 -5
      vertex 17.1921 47 -5
      vertex 14.2979 48.3021 -5
    endloop
  endfacet
  facet normal -0 0 1
    outer loop
      vertex 13.9853 47.8718 -5
      vertex 17.1921 47 -5
      vertex 14.1247 48.0992 -5
    endloop
  endfacet
  facet normal -0 0 1
    outer loop
      vertex 13.8832 47.6253 -5
      vertex 17.1921 47 -5
      vertex 13.9853 47.8718 -5
    endloop
  endfacet
  facet normal 0 0 1
    outer loop
      vertex 13.8079 47 -5
      vertex 13.8832 47.6253 -5
      vertex 13.8209 47.3659 -5
    endloop
  endfacet
  facet normal 0 0 1
    outer loop
      vertex 13.8832 47.6253 -5
      vertex 13.8079 47 -5
      vertex 17.1921 47 -5
    endloop
  endfacet
  facet normal 0 -0 1
    outer loop
      vertex 13.8079 47 -5
      vertex 13.8209 47.3659 -5
      vertex 13.8 47.1 -5
    endloop
  endfacet
  facet normal -0.97235 0.233529 0
    outer loop
      vertex 17.1168 46.5747 -3
      vertex 17.1791 46.8341 3
      vertex 17.1791 46.8341 -3
    endloop
  endfacet
  facet normal -0.97235 0.233529 0
    outer loop
      vertex 17.1791 46.8341 3
      vertex 17.1168 46.5747 -3
      vertex 17.1168 46.5747 3
    endloop
  endfacet
  facet normal 0.760578 -0.649247 0
    outer loop
      vertex 14.1247 48.0992 3
      vertex 14.2979 48.3021 -5
      vertex 14.2979 48.3021 3
    endloop
  endfacet
  facet normal 0.760578 -0.649247 0
    outer loop
      vertex 14.2979 48.3021 -5
      vertex 14.1247 48.0992 3
      vertex 14.1247 48.0992 -5
    endloop
  endfacet
  facet normal -0.996894 0.0787546 0
    outer loop
      vertex 17.1921 47 -3
      vertex 17.2 47.1 -5
      vertex 17.1921 47 -5
    endloop
  endfacet
  facet normal -0.996894 0.0787546 0
    outer loop
      vertex 17.2 47.1 -5
      vertex 17.1921 47 -3
      vertex 17.2 47.1 3
    endloop
  endfacet
  facet normal -0.996944 0.078121 0
    outer loop
      vertex 17.1791 46.8341 3
      vertex 17.1921 47 -3
      vertex 17.1791 46.8341 -3
    endloop
  endfacet
  facet normal -0.996925 0.0783593 6.62992e-06
    outer loop
      vertex 17.1921 47 -3
      vertex 17.1791 46.8341 3
      vertex 17.2 47.1 3
    endloop
  endfacet
  facet normal 0.852558 0.522632 0
    outer loop
      vertex 14.1247 46.1008 3
      vertex 13.9853 46.3282 -3
      vertex 13.9853 46.3282 3
    endloop
  endfacet
  facet normal 0.852558 0.522632 0
    outer loop
      vertex 13.9853 46.3282 -3
      vertex 14.1247 46.1008 3
      vertex 14.1247 46.1008 -3
    endloop
  endfacet
  facet normal -0.923884 -0.382672 0
    outer loop
      vertex 17.1168 47.6253 -5
      vertex 17.0147 47.8718 3
      vertex 17.0147 47.8718 -5
    endloop
  endfacet
  facet normal -0.923884 -0.382672 0
    outer loop
      vertex 17.0147 47.8718 3
      vertex 17.1168 47.6253 -5
      vertex 17.1168 47.6253 3
    endloop
  endfacet
  facet normal 0.522632 -0.852558 0
    outer loop
      vertex 14.5008 48.4753 -5
      vertex 14.7282 48.6147 3
      vertex 14.5008 48.4753 3
    endloop
  endfacet
  facet normal 0.522632 -0.852558 0
    outer loop
      vertex 14.7282 48.6147 3
      vertex 14.5008 48.4753 -5
      vertex 14.7282 48.6147 -5
    endloop
  endfacet
  facet normal -0.522632 0.852558 0
    outer loop
      vertex 16.4992 45.7247 -3
      vertex 16.2718 45.5853 3
      vertex 16.4992 45.7247 3
    endloop
  endfacet
  facet normal -0.522632 0.852558 0
    outer loop
      vertex 16.2718 45.5853 3
      vertex 16.4992 45.7247 -3
      vertex 16.2718 45.5853 -3
    endloop
  endfacet
  facet normal 0.382672 -0.923884 0
    outer loop
      vertex 14.7282 48.6147 -5
      vertex 14.9747 48.7168 3
      vertex 14.7282 48.6147 3
    endloop
  endfacet
  facet normal 0.382672 -0.923884 0
    outer loop
      vertex 14.9747 48.7168 3
      vertex 14.7282 48.6147 -5
      vertex 14.9747 48.7168 -5
    endloop
  endfacet
  facet normal 0.233529 -0.97235 0
    outer loop
      vertex 14.9747 48.7168 -5
      vertex 15.2341 48.7791 3
      vertex 14.9747 48.7168 3
    endloop
  endfacet
  facet normal 0.233529 -0.97235 0
    outer loop
      vertex 15.2341 48.7791 3
      vertex 14.9747 48.7168 -5
      vertex 15.2341 48.7791 -5
    endloop
  endfacet
  facet normal 0.522632 0.852558 -0
    outer loop
      vertex 14.7282 45.5853 -3
      vertex 14.5008 45.7247 3
      vertex 14.7282 45.5853 3
    endloop
  endfacet
  facet normal 0.522632 0.852558 0
    outer loop
      vertex 14.5008 45.7247 3
      vertex 14.7282 45.5853 -3
      vertex 14.5008 45.7247 -3
    endloop
  endfacet
  facet normal -0.852558 -0.522632 0
    outer loop
      vertex 17.0147 47.8718 -5
      vertex 16.8753 48.0992 3
      vertex 16.8753 48.0992 -5
    endloop
  endfacet
  facet normal -0.852558 -0.522632 0
    outer loop
      vertex 16.8753 48.0992 3
      vertex 17.0147 47.8718 -5
      vertex 17.0147 47.8718 3
    endloop
  endfacet
  facet normal -0.0783593 0.996925 0
    outer loop
      vertex 15.7659 45.4209 -3
      vertex 15.5 45.4 3
      vertex 15.7659 45.4209 3
    endloop
  endfacet
  facet normal -0.0783593 0.996925 0
    outer loop
      vertex 15.5 45.4 3
      vertex 15.7659 45.4209 -3
      vertex 15.5 45.4 -3
    endloop
  endfacet
  facet normal 0.760578 0.649247 0
    outer loop
      vertex 14.2979 45.8979 3
      vertex 14.1247 46.1008 -3
      vertex 14.1247 46.1008 3
    endloop
  endfacet
  facet normal 0.760578 0.649247 0
    outer loop
      vertex 14.1247 46.1008 -3
      vertex 14.2979 45.8979 3
      vertex 14.2979 45.8979 -3
    endloop
  endfacet
  facet normal -0.233529 0.97235 0
    outer loop
      vertex 16.0253 45.4832 -3
      vertex 15.7659 45.4209 3
      vertex 16.0253 45.4832 3
    endloop
  endfacet
  facet normal -0.233529 0.97235 0
    outer loop
      vertex 15.7659 45.4209 3
      vertex 16.0253 45.4832 -3
      vertex 15.7659 45.4209 -3
    endloop
  endfacet
  facet normal -0.760578 -0.649247 0
    outer loop
      vertex 16.8753 48.0992 -5
      vertex 16.7021 48.3021 3
      vertex 16.7021 48.3021 -5
    endloop
  endfacet
  facet normal -0.760578 -0.649247 0
    outer loop
      vertex 16.7021 48.3021 3
      vertex 16.8753 48.0992 -5
      vertex 16.8753 48.0992 3
    endloop
  endfacet
  facet normal -0.522632 -0.852558 0
    outer loop
      vertex 16.2718 48.6147 -5
      vertex 16.4992 48.4753 3
      vertex 16.2718 48.6147 3
    endloop
  endfacet
  facet normal -0.522632 -0.852558 -0
    outer loop
      vertex 16.4992 48.4753 3
      vertex 16.2718 48.6147 -5
      vertex 16.4992 48.4753 -5
    endloop
  endfacet
  facet normal 0.996894 0.0787546 0
    outer loop
      vertex 13.8 47.1 3
      vertex 13.8079 47 -3
      vertex 13.8 47.1 -5
    endloop
  endfacet
  facet normal 0.996925 0.0783593 6.62992e-06
    outer loop
      vertex 13.8209 46.8341 3
      vertex 13.8079 47 -3
      vertex 13.8 47.1 3
    endloop
  endfacet
  facet normal 0.996944 0.078121 0
    outer loop
      vertex 13.8079 47 -3
      vertex 13.8209 46.8341 3
      vertex 13.8209 46.8341 -3
    endloop
  endfacet
  facet normal 0.996894 0.0787546 0
    outer loop
      vertex 13.8 47.1 -5
      vertex 13.8079 47 -3
      vertex 13.8079 47 -5
    endloop
  endfacet
  facet normal 0.649247 -0.760578 0
    outer loop
      vertex 14.2979 48.3021 -5
      vertex 14.5008 48.4753 3
      vertex 14.2979 48.3021 3
    endloop
  endfacet
  facet normal 0.649247 -0.760578 0
    outer loop
      vertex 14.5008 48.4753 3
      vertex 14.2979 48.3021 -5
      vertex 14.5008 48.4753 -5
    endloop
  endfacet
  facet normal 0.649247 0.760578 -0
    outer loop
      vertex 14.5008 45.7247 -3
      vertex 14.2979 45.8979 3
      vertex 14.5008 45.7247 3
    endloop
  endfacet
  facet normal 0.649247 0.760578 0
    outer loop
      vertex 14.2979 45.8979 3
      vertex 14.5008 45.7247 -3
      vertex 14.2979 45.8979 -3
    endloop
  endfacet
  facet normal 0.97235 0.233529 0
    outer loop
      vertex 13.8832 46.5747 3
      vertex 13.8209 46.8341 -3
      vertex 13.8209 46.8341 3
    endloop
  endfacet
  facet normal 0.97235 0.233529 0
    outer loop
      vertex 13.8209 46.8341 -3
      vertex 13.8832 46.5747 3
      vertex 13.8832 46.5747 -3
    endloop
  endfacet
  facet normal 0.923884 0.382672 0
    outer loop
      vertex 13.9853 46.3282 3
      vertex 13.8832 46.5747 -3
      vertex 13.8832 46.5747 3
    endloop
  endfacet
  facet normal 0.923884 0.382672 0
    outer loop
      vertex 13.8832 46.5747 -3
      vertex 13.9853 46.3282 3
      vertex 13.9853 46.3282 -3
    endloop
  endfacet
  facet normal -0.760578 0.649247 0
    outer loop
      vertex 16.7021 45.8979 -3
      vertex 16.8753 46.1008 3
      vertex 16.8753 46.1008 -3
    endloop
  endfacet
  facet normal -0.760578 0.649247 0
    outer loop
      vertex 16.8753 46.1008 3
      vertex 16.7021 45.8979 -3
      vertex 16.7021 45.8979 3
    endloop
  endfacet
  facet normal 0.0783593 0.996925 -0
    outer loop
      vertex 15.5 45.4 -3
      vertex 15.2341 45.4209 3
      vertex 15.5 45.4 3
    endloop
  endfacet
  facet normal 0.0783593 0.996925 0
    outer loop
      vertex 15.2341 45.4209 3
      vertex 15.5 45.4 -3
      vertex 15.2341 45.4209 -3
    endloop
  endfacet
  facet normal 0.233529 0.97235 -0
    outer loop
      vertex 15.2341 45.4209 -3
      vertex 14.9747 45.4832 3
      vertex 15.2341 45.4209 3
    endloop
  endfacet
  facet normal 0.233529 0.97235 0
    outer loop
      vertex 14.9747 45.4832 3
      vertex 15.2341 45.4209 -3
      vertex 14.9747 45.4832 -3
    endloop
  endfacet
  facet normal 0.996925 -0.0783593 0
    outer loop
      vertex 13.8 47.1 3
      vertex 13.8209 47.3659 -5
      vertex 13.8209 47.3659 3
    endloop
  endfacet
  facet normal 0.996925 -0.0783593 0
    outer loop
      vertex 13.8209 47.3659 -5
      vertex 13.8 47.1 3
      vertex 13.8 47.1 -5
    endloop
  endfacet
  facet normal 0.0783593 -0.996925 0
    outer loop
      vertex 15.2341 48.7791 -5
      vertex 15.5 48.8 3
      vertex 15.2341 48.7791 3
    endloop
  endfacet
  facet normal 0.0783593 -0.996925 0
    outer loop
      vertex 15.5 48.8 3
      vertex 15.2341 48.7791 -5
      vertex 15.5 48.8 -5
    endloop
  endfacet
  facet normal -0.923884 0.382672 0
    outer loop
      vertex 17.0147 46.3282 -3
      vertex 17.1168 46.5747 3
      vertex 17.1168 46.5747 -3
    endloop
  endfacet
  facet normal -0.923884 0.382672 0
    outer loop
      vertex 17.1168 46.5747 3
      vertex 17.0147 46.3282 -3
      vertex 17.0147 46.3282 3
    endloop
  endfacet
  facet normal 0.852558 -0.522632 0
    outer loop
      vertex 13.9853 47.8718 3
      vertex 14.1247 48.0992 -5
      vertex 14.1247 48.0992 3
    endloop
  endfacet
  facet normal 0.852558 -0.522632 0
    outer loop
      vertex 14.1247 48.0992 -5
      vertex 13.9853 47.8718 3
      vertex 13.9853 47.8718 -5
    endloop
  endfacet
  facet normal -0.649247 0.760578 0
    outer loop
      vertex 16.7021 45.8979 -3
      vertex 16.4992 45.7247 3
      vertex 16.7021 45.8979 3
    endloop
  endfacet
  facet normal -0.649247 0.760578 0
    outer loop
      vertex 16.4992 45.7247 3
      vertex 16.7021 45.8979 -3
      vertex 16.4992 45.7247 -3
    endloop
  endfacet
  facet normal 0.97235 -0.233529 0
    outer loop
      vertex 13.8209 47.3659 3
      vertex 13.8832 47.6253 -5
      vertex 13.8832 47.6253 3
    endloop
  endfacet
  facet normal 0.97235 -0.233529 0
    outer loop
      vertex 13.8832 47.6253 -5
      vertex 13.8209 47.3659 3
      vertex 13.8209 47.3659 -5
    endloop
  endfacet
  facet normal -0.522507 0.852635 0
    outer loop
      vertex 6.75953 22.2963 -3
      vertex 5.22089 21.3534 3
      vertex 6.75953 22.2963 3
    endloop
  endfacet
  facet normal -0.522507 0.852635 0
    outer loop
      vertex 5.22089 21.3534 3
      vertex 6.75953 22.2963 -3
      vertex 5.22089 21.3534 -3
    endloop
  endfacet
  facet normal -0.972366 -0.233463 0
    outer loop
      vertex 11.3584 33.399 -3
      vertex 10.9371 35.1537 3
      vertex 10.9371 35.1537 -3
    endloop
  endfacet
  facet normal -0.972366 -0.233463 0
    outer loop
      vertex 10.9371 35.1537 3
      vertex 11.3584 33.399 -3
      vertex 11.3584 33.399 3
    endloop
  endfacet
  facet normal -0.996917 0.0784677 0
    outer loop
      vertex 11.3584 29.801 -3
      vertex 11.5 31.6 3
      vertex 11.5 31.6 -3
    endloop
  endfacet
  facet normal -0.996917 0.0784677 0
    outer loop
      vertex 11.5 31.6 3
      vertex 11.3584 29.801 -3
      vertex 11.3584 29.801 3
    endloop
  endfacet
  facet normal -0.382647 -0.923895 0
    outer loop
      vertex 3.55369 42.5371 -3
      vertex 5.22089 41.8466 3
      vertex 3.55369 42.5371 3
    endloop
  endfacet
  facet normal -0.382647 -0.923895 -0
    outer loop
      vertex 5.22089 41.8466 3
      vertex 3.55369 42.5371 -3
      vertex 5.22089 41.8466 -3
    endloop
  endfacet
  facet normal -0.923895 -0.382647 0
    outer loop
      vertex 10.9371 35.1537 -3
      vertex 10.2466 36.8209 3
      vertex 10.2466 36.8209 -3
    endloop
  endfacet
  facet normal -0.923895 -0.382647 0
    outer loop
      vertex 10.2466 36.8209 3
      vertex 10.9371 35.1537 -3
      vertex 10.9371 35.1537 3
    endloop
  endfacet
  facet normal -0.649458 -0.760398 0
    outer loop
      vertex 6.75953 40.9037 -3
      vertex 8.13173 39.7317 3
      vertex 6.75953 40.9037 3
    endloop
  endfacet
  facet normal -0.649458 -0.760398 -0
    outer loop
      vertex 8.13173 39.7317 3
      vertex 6.75953 40.9037 -3
      vertex 8.13173 39.7317 -3
    endloop
  endfacet
  facet normal -0.996917 -0.0784677 0
    outer loop
      vertex 11.5 31.6 -3
      vertex 11.3584 33.399 3
      vertex 11.3584 33.399 -3
    endloop
  endfacet
  facet normal -0.996917 -0.0784677 0
    outer loop
      vertex 11.3584 33.399 3
      vertex 11.5 31.6 -3
      vertex 11.5 31.6 3
    endloop
  endfacet
  facet normal 0.522507 0.852635 -0
    outer loop
      vertex -5.22089 21.3534 -3
      vertex -6.75953 22.2963 3
      vertex -5.22089 21.3534 3
    endloop
  endfacet
  facet normal 0.522507 0.852635 0
    outer loop
      vertex -6.75953 22.2963 3
      vertex -5.22089 21.3534 -3
      vertex -6.75953 22.2963 -3
    endloop
  endfacet
  facet normal -0.760409 -0.649445 0
    outer loop
      vertex 9.30369 38.3595 -3
      vertex 8.13173 39.7317 3
      vertex 8.13173 39.7317 -3
    endloop
  endfacet
  facet normal -0.760409 -0.649445 0
    outer loop
      vertex 8.13173 39.7317 3
      vertex 9.30369 38.3595 -3
      vertex 9.30369 38.3595 3
    endloop
  endfacet
  facet normal -0.649458 0.760398 0
    outer loop
      vertex 8.13173 23.4683 -3
      vertex 6.75953 22.2963 3
      vertex 8.13173 23.4683 3
    endloop
  endfacet
  facet normal -0.649458 0.760398 0
    outer loop
      vertex 6.75953 22.2963 3
      vertex 8.13173 23.4683 -3
      vertex 6.75953 22.2963 -3
    endloop
  endfacet
  facet normal -0.852627 0.522521 0
    outer loop
      vertex 9.30369 24.8405 -3
      vertex 10.2466 26.3791 3
      vertex 10.2466 26.3791 -3
    endloop
  endfacet
  facet normal -0.852627 0.522521 0
    outer loop
      vertex 10.2466 26.3791 3
      vertex 9.30369 24.8405 -3
      vertex 9.30369 24.8405 3
    endloop
  endfacet
  facet normal 0.233464 -0.972365 0
    outer loop
      vertex -3.55369 42.5371 -3
      vertex -1.799 42.9584 3
      vertex -3.55369 42.5371 3
    endloop
  endfacet
  facet normal 0.233464 -0.972365 0
    outer loop
      vertex -1.799 42.9584 3
      vertex -3.55369 42.5371 -3
      vertex -1.799 42.9584 -3
    endloop
  endfacet
  facet normal -0.760409 0.649445 0
    outer loop
      vertex 8.13173 23.4683 -3
      vertex 9.30369 24.8405 3
      vertex 9.30369 24.8405 -3
    endloop
  endfacet
  facet normal -0.760409 0.649445 0
    outer loop
      vertex 9.30369 24.8405 3
      vertex 8.13173 23.4683 -3
      vertex 8.13173 23.4683 3
    endloop
  endfacet
  facet normal 0.382647 -0.923895 0
    outer loop
      vertex -5.22089 41.8466 -3
      vertex -3.55369 42.5371 3
      vertex -5.22089 41.8466 3
    endloop
  endfacet
  facet normal 0.382647 -0.923895 0
    outer loop
      vertex -3.55369 42.5371 3
      vertex -5.22089 41.8466 -3
      vertex -3.55369 42.5371 -3
    endloop
  endfacet
  facet normal -0.0784677 -0.996917 0
    outer loop
      vertex 0 43.1 -3
      vertex 1.799 42.9584 3
      vertex 0 43.1 3
    endloop
  endfacet
  facet normal -0.0784677 -0.996917 -0
    outer loop
      vertex 1.799 42.9584 3
      vertex 0 43.1 -3
      vertex 1.799 42.9584 -3
    endloop
  endfacet
  facet normal -0.233412 0.972378 0
    outer loop
      vertex 3.55369 20.6628 -3
      vertex 1.799 20.2416 3
      vertex 3.55369 20.6628 3
    endloop
  endfacet
  facet normal -0.233412 0.972378 0
    outer loop
      vertex 1.799 20.2416 3
      vertex 3.55369 20.6628 -3
      vertex 1.799 20.2416 -3
    endloop
  endfacet
  facet normal 0.382694 0.923875 -0
    outer loop
      vertex -3.55369 20.6628 -3
      vertex -5.22089 21.3534 3
      vertex -3.55369 20.6628 3
    endloop
  endfacet
  facet normal 0.382694 0.923875 0
    outer loop
      vertex -5.22089 21.3534 3
      vertex -3.55369 20.6628 -3
      vertex -5.22089 21.3534 -3
    endloop
  endfacet
  facet normal 0.649458 -0.760398 0
    outer loop
      vertex -8.13173 39.7317 -3
      vertex -6.75953 40.9037 3
      vertex -8.13173 39.7317 3
    endloop
  endfacet
  facet normal 0.649458 -0.760398 0
    outer loop
      vertex -6.75953 40.9037 3
      vertex -8.13173 39.7317 -3
      vertex -6.75953 40.9037 -3
    endloop
  endfacet
  facet normal 0.972366 0.233463 0
    outer loop
      vertex -10.9371 28.0463 3
      vertex -11.3584 29.801 -3
      vertex -11.3584 29.801 3
    endloop
  endfacet
  facet normal 0.972366 0.233463 0
    outer loop
      vertex -11.3584 29.801 -3
      vertex -10.9371 28.0463 3
      vertex -10.9371 28.0463 -3
    endloop
  endfacet
  facet normal -0.972366 0.233463 0
    outer loop
      vertex 10.9371 28.0463 -3
      vertex 11.3584 29.801 3
      vertex 11.3584 29.801 -3
    endloop
  endfacet
  facet normal -0.972366 0.233463 0
    outer loop
      vertex 11.3584 29.801 3
      vertex 10.9371 28.0463 -3
      vertex 10.9371 28.0463 3
    endloop
  endfacet
  facet normal -0.852627 -0.522521 0
    outer loop
      vertex 10.2466 36.8209 -3
      vertex 9.30369 38.3595 3
      vertex 9.30369 38.3595 -3
    endloop
  endfacet
  facet normal -0.852627 -0.522521 0
    outer loop
      vertex 9.30369 38.3595 3
      vertex 10.2466 36.8209 -3
      vertex 10.2466 36.8209 3
    endloop
  endfacet
  facet normal -0.382694 0.923875 0
    outer loop
      vertex 5.22089 21.3534 -3
      vertex 3.55369 20.6628 3
      vertex 5.22089 21.3534 3
    endloop
  endfacet
  facet normal -0.382694 0.923875 0
    outer loop
      vertex 3.55369 20.6628 3
      vertex 5.22089 21.3534 -3
      vertex 3.55369 20.6628 -3
    endloop
  endfacet
  facet normal 0.233412 0.972378 -0
    outer loop
      vertex -1.799 20.2416 -3
      vertex -3.55369 20.6628 3
      vertex -1.799 20.2416 3
    endloop
  endfacet
  facet normal 0.233412 0.972378 0
    outer loop
      vertex -3.55369 20.6628 3
      vertex -1.799 20.2416 -3
      vertex -3.55369 20.6628 -3
    endloop
  endfacet
  facet normal 0.852627 -0.522521 0
    outer loop
      vertex -10.2466 36.8209 3
      vertex -9.30369 38.3595 -3
      vertex -9.30369 38.3595 3
    endloop
  endfacet
  facet normal 0.852627 -0.522521 0
    outer loop
      vertex -9.30369 38.3595 -3
      vertex -10.2466 36.8209 3
      vertex -10.2466 36.8209 -3
    endloop
  endfacet
  facet normal 0.0784677 -0.996917 0
    outer loop
      vertex -1.799 42.9584 -3
      vertex 0 43.1 3
      vertex -1.799 42.9584 3
    endloop
  endfacet
  facet normal 0.0784677 -0.996917 0
    outer loop
      vertex 0 43.1 3
      vertex -1.799 42.9584 -3
      vertex 0 43.1 -3
    endloop
  endfacet
  facet normal -0.522507 -0.852635 0
    outer loop
      vertex 5.22089 41.8466 -3
      vertex 6.75953 40.9037 3
      vertex 5.22089 41.8466 3
    endloop
  endfacet
  facet normal -0.522507 -0.852635 -0
    outer loop
      vertex 6.75953 40.9037 3
      vertex 5.22089 41.8466 -3
      vertex 6.75953 40.9037 -3
    endloop
  endfacet
  facet normal 0.996917 -0.0784677 0
    outer loop
      vertex -11.5 31.6 3
      vertex -11.3584 33.399 -3
      vertex -11.3584 33.399 3
    endloop
  endfacet
  facet normal 0.996917 -0.0784677 0
    outer loop
      vertex -11.3584 33.399 -3
      vertex -11.5 31.6 3
      vertex -11.5 31.6 -3
    endloop
  endfacet
  facet normal 0.522507 -0.852635 0
    outer loop
      vertex -6.75953 40.9037 -3
      vertex -5.22089 41.8466 3
      vertex -6.75953 40.9037 3
    endloop
  endfacet
  facet normal 0.522507 -0.852635 0
    outer loop
      vertex -5.22089 41.8466 3
      vertex -6.75953 40.9037 -3
      vertex -5.22089 41.8466 -3
    endloop
  endfacet
  facet normal -0.233464 -0.972365 0
    outer loop
      vertex 1.799 42.9584 -3
      vertex 3.55369 42.5371 3
      vertex 1.799 42.9584 3
    endloop
  endfacet
  facet normal -0.233464 -0.972365 -0
    outer loop
      vertex 3.55369 42.5371 3
      vertex 1.799 42.9584 -3
      vertex 3.55369 42.5371 -3
    endloop
  endfacet
  facet normal 0.852627 0.522521 0
    outer loop
      vertex -9.30369 24.8405 3
      vertex -10.2466 26.3791 -3
      vertex -10.2466 26.3791 3
    endloop
  endfacet
  facet normal 0.852627 0.522521 0
    outer loop
      vertex -10.2466 26.3791 -3
      vertex -9.30369 24.8405 3
      vertex -9.30369 24.8405 -3
    endloop
  endfacet
  facet normal 0.760409 0.649445 0
    outer loop
      vertex -8.13173 23.4683 3
      vertex -9.30369 24.8405 -3
      vertex -9.30369 24.8405 3
    endloop
  endfacet
  facet normal 0.760409 0.649445 0
    outer loop
      vertex -9.30369 24.8405 -3
      vertex -8.13173 23.4683 3
      vertex -8.13173 23.4683 -3
    endloop
  endfacet
  facet normal 0.996917 0.0784677 0
    outer loop
      vertex -11.3584 29.801 3
      vertex -11.5 31.6 -3
      vertex -11.5 31.6 3
    endloop
  endfacet
  facet normal 0.996917 0.0784677 0
    outer loop
      vertex -11.5 31.6 -3
      vertex -11.3584 29.801 3
      vertex -11.3584 29.801 -3
    endloop
  endfacet
  facet normal -0.0784677 0.996917 0
    outer loop
      vertex 1.799 20.2416 -3
      vertex 0 20.1 3
      vertex 1.799 20.2416 3
    endloop
  endfacet
  facet normal -0.0784677 0.996917 0
    outer loop
      vertex 0 20.1 3
      vertex 1.799 20.2416 -3
      vertex 0 20.1 -3
    endloop
  endfacet
  facet normal 0.760409 -0.649445 0
    outer loop
      vertex -9.30369 38.3595 3
      vertex -8.13173 39.7317 -3
      vertex -8.13173 39.7317 3
    endloop
  endfacet
  facet normal 0.760409 -0.649445 0
    outer loop
      vertex -8.13173 39.7317 -3
      vertex -9.30369 38.3595 3
      vertex -9.30369 38.3595 -3
    endloop
  endfacet
  facet normal 0.923895 -0.382647 0
    outer loop
      vertex -10.9371 35.1537 3
      vertex -10.2466 36.8209 -3
      vertex -10.2466 36.8209 3
    endloop
  endfacet
  facet normal 0.923895 -0.382647 0
    outer loop
      vertex -10.2466 36.8209 -3
      vertex -10.9371 35.1537 3
      vertex -10.9371 35.1537 -3
    endloop
  endfacet
  facet normal 0.649458 0.760398 -0
    outer loop
      vertex -6.75953 22.2963 -3
      vertex -8.13173 23.4683 3
      vertex -6.75953 22.2963 3
    endloop
  endfacet
  facet normal 0.649458 0.760398 0
    outer loop
      vertex -8.13173 23.4683 3
      vertex -6.75953 22.2963 -3
      vertex -8.13173 23.4683 -3
    endloop
  endfacet
  facet normal 0.0784677 0.996917 -0
    outer loop
      vertex 0 20.1 -3
      vertex -1.799 20.2416 3
      vertex 0 20.1 3
    endloop
  endfacet
  facet normal 0.0784677 0.996917 0
    outer loop
      vertex -1.799 20.2416 3
      vertex 0 20.1 -3
      vertex -1.799 20.2416 -3
    endloop
  endfacet
  facet normal 0.923895 0.382647 0
    outer loop
      vertex -10.2466 26.3791 3
      vertex -10.9371 28.0463 -3
      vertex -10.9371 28.0463 3
    endloop
  endfacet
  facet normal 0.923895 0.382647 0
    outer loop
      vertex -10.9371 28.0463 -3
      vertex -10.2466 26.3791 3
      vertex -10.2466 26.3791 -3
    endloop
  endfacet
  facet normal 0.972366 -0.233463 0
    outer loop
      vertex -11.3584 33.399 3
      vertex -10.9371 35.1537 -3
      vertex -10.9371 35.1537 3
    endloop
  endfacet
  facet normal 0.972366 -0.233463 0
    outer loop
      vertex -10.9371 35.1537 -3
      vertex -11.3584 33.399 3
      vertex -11.3584 33.399 -3
    endloop
  endfacet
  facet normal -0.923895 0.382647 0
    outer loop
      vertex 10.2466 26.3791 -3
      vertex 10.9371 28.0463 3
      vertex 10.9371 28.0463 -3
    endloop
  endfacet
  facet normal -0.923895 0.382647 0
    outer loop
      vertex 10.9371 28.0463 3
      vertex 10.2466 26.3791 -3
      vertex 10.2466 26.3791 3
    endloop
  endfacet
  facet normal -1 0 0
    outer loop
      vertex 10 47 -3
      vertex 10 55 -22.5
      vertex 10 47 -22.5
    endloop
  endfacet
  facet normal -1 0 0
    outer loop
      vertex 10 55 -22.5
      vertex 10 47 -3
      vertex 10 55 2.5
    endloop
  endfacet
  facet normal -1 0 0
    outer loop
      vertex 10 45 2.5
      vertex 10 47 -3
      vertex 10 45 -3
    endloop
  endfacet
  facet normal -1 0 0
    outer loop
      vertex 10 47 -3
      vertex 10 45 2.5
      vertex 10 55 2.5
    endloop
  endfacet
  facet normal 0 1 -0
    outer loop
      vertex 10 45 -3
      vertex -10 45 2.5
      vertex 10 45 2.5
    endloop
  endfacet
  facet normal 0 1 0
    outer loop
      vertex -10 45 2.5
      vertex 10 45 -3
      vertex -10 45 -3
    endloop
  endfacet
  facet normal 1 0 0
    outer loop
      vertex -10 55 2.5
      vertex -10 47 -3
      vertex -10 55 -22.5
    endloop
  endfacet
  facet normal 1 -0 0
    outer loop
      vertex -10 45 2.5
      vertex -10 47 -3
      vertex -10 55 2.5
    endloop
  endfacet
  facet normal 1 0 0
    outer loop
      vertex -10 47 -3
      vertex -10 45 2.5
      vertex -10 45 -3
    endloop
  endfacet
  facet normal 1 0 0
    outer loop
      vertex -10 55 -22.5
      vertex -10 47 -3
      vertex -10 47 -22.5
    endloop
  endfacet
  facet normal -0 0 1
    outer loop
      vertex -10 55 -22.5
      vertex 10 47 -22.5
      vertex 10 55 -22.5
    endloop
  endfacet
  facet normal 0 0 1
    outer loop
      vertex 10 47 -22.5
      vertex -10 55 -22.5
      vertex -10 47 -22.5
    endloop
  endfacet
  facet normal 0 0 -1
    outer loop
      vertex -10 45 2.5
      vertex 10 55 2.5
      vertex 10 45 2.5
    endloop
  endfacet
  facet normal -0 0 -1
    outer loop
      vertex 10 55 2.5
      vertex -10 45 2.5
      vertex -10 55 2.5
    endloop
  endfacet
  facet normal -0.382683 0 -0.92388
    outer loop
      vertex 3.15197 -19 9.70078
      vertex 4.6307 3 9.08827
      vertex 4.6307 -19 9.08827
    endloop
  endfacet
  facet normal -0.382683 0 -0.92388
    outer loop
      vertex 4.6307 3 9.08827
      vertex 3.15197 -19 9.70078
      vertex 3.15197 3 9.70078
    endloop
  endfacet
  facet normal -0.972377 -2.15194e-06 0.233417
    outer loop
      vertex 10.0744 -8.1447 -1.59563
      vertex 9.73726 3 -3
      vertex 9.70078 3 -3.15197
    endloop
  endfacet
  facet normal -0.972373 0 0.233433
    outer loop
      vertex 9.73726 3 -3
      vertex 10.0744 -8.1447 -1.59563
      vertex 10.0744 3 -1.59563
    endloop
  endfacet
  facet normal -0.972375 -1.05266e-06 0.233424
    outer loop
      vertex 9.70078 3 -3.15197
      vertex 10.0496 -8.26565 -1.69894
      vertex 10.0744 -8.1447 -1.59563
    endloop
  endfacet
  facet normal -0.972407 -1.91347e-05 0.233291
    outer loop
      vertex 9.70078 3 -3.15197
      vertex 10.0083 -8.54662 -1.87111
      vertex 10.0496 -8.26565 -1.69894
    endloop
  endfacet
  facet normal -0.972351 8.37582e-06 0.233526
    outer loop
      vertex 9.70078 3 -3.15197
      vertex 9.97801 -8.85106 -1.99722
      vertex 10.0083 -8.54662 -1.87111
    endloop
  endfacet
  facet normal -0.972368 7.04477e-07 0.233451
    outer loop
      vertex 9.70078 3 -3.15197
      vertex 9.95954 -9.17149 -2.07415
      vertex 9.97801 -8.85106 -1.99722
    endloop
  endfacet
  facet normal -0.972354 6.2761e-06 0.233511
    outer loop
      vertex 9.70078 3 -3.15197
      vertex 9.95333 -9.5 -2.1
      vertex 9.95954 -9.17149 -2.07415
    endloop
  endfacet
  facet normal -0.972371 0 0.23344
    outer loop
      vertex 9.70078 -19 -3.15197
      vertex 9.95333 -9.5 -2.1
      vertex 9.70078 3 -3.15197
    endloop
  endfacet
  facet normal -0.972357 -7.09943e-06 0.233501
    outer loop
      vertex 9.95333 -9.5 -2.1
      vertex 9.70078 -19 -3.15197
      vertex 9.95954 -9.82851 -2.07415
    endloop
  endfacet
  facet normal -0.972369 -8.5922e-07 0.233451
    outer loop
      vertex 9.70078 -19 -3.15197
      vertex 9.97801 -10.1489 -1.99722
      vertex 9.95954 -9.82851 -2.07415
    endloop
  endfacet
  facet normal -0.972352 -1.05343e-05 0.233521
    outer loop
      vertex 9.70078 -19 -3.15197
      vertex 10.0083 -10.4534 -1.87111
      vertex 9.97801 -10.1489 -1.99722
    endloop
  endfacet
  facet normal -0.972405 2.45325e-05 0.2333
    outer loop
      vertex 9.70078 -19 -3.15197
      vertex 10.0496 -10.7343 -1.69894
      vertex 10.0083 -10.4534 -1.87111
    endloop
  endfacet
  facet normal -0.972375 1.3694e-06 0.233424
    outer loop
      vertex 9.70078 -19 -3.15197
      vertex 10.0744 -10.8553 -1.59563
      vertex 10.0496 -10.7343 -1.69894
    endloop
  endfacet
  facet normal -0.972373 0 0.233431
    outer loop
      vertex 10.0744 -10.8553 -1.59563
      vertex 9.70078 -19 -3.15197
      vertex 10.0744 -19 -1.59563
    endloop
  endfacet
  facet normal 0.972377 -2.15194e-06 -0.233417
    outer loop
      vertex -10.0744 -8.1447 1.59563
      vertex -9.73726 3 3
      vertex -9.70078 3 3.15197
    endloop
  endfacet
  facet normal 0.972373 0 -0.233433
    outer loop
      vertex -9.73726 3 3
      vertex -10.0744 -8.1447 1.59563
      vertex -10.0744 3 1.59563
    endloop
  endfacet
  facet normal 0.972375 -1.05266e-06 -0.233424
    outer loop
      vertex -9.70078 3 3.15197
      vertex -10.0496 -8.26565 1.69894
      vertex -10.0744 -8.1447 1.59563
    endloop
  endfacet
  facet normal 0.972407 -1.91347e-05 -0.233291
    outer loop
      vertex -9.70078 3 3.15197
      vertex -10.0083 -8.54662 1.87111
      vertex -10.0496 -8.26565 1.69894
    endloop
  endfacet
  facet normal 0.972351 8.37582e-06 -0.233526
    outer loop
      vertex -9.70078 3 3.15197
      vertex -9.97801 -8.85106 1.99722
      vertex -10.0083 -8.54662 1.87111
    endloop
  endfacet
  facet normal 0.972368 7.04477e-07 -0.233451
    outer loop
      vertex -9.70078 3 3.15197
      vertex -9.95954 -9.17149 2.07415
      vertex -9.97801 -8.85106 1.99722
    endloop
  endfacet
  facet normal 0.972354 6.2761e-06 -0.233511
    outer loop
      vertex -9.70078 3 3.15197
      vertex -9.95333 -9.5 2.1
      vertex -9.95954 -9.17149 2.07415
    endloop
  endfacet
  facet normal 0.972371 0 -0.23344
    outer loop
      vertex -9.70078 -19 3.15197
      vertex -9.95333 -9.5 2.1
      vertex -9.70078 3 3.15197
    endloop
  endfacet
  facet normal 0.972357 -7.09943e-06 -0.233501
    outer loop
      vertex -9.95333 -9.5 2.1
      vertex -9.70078 -19 3.15197
      vertex -9.95954 -9.82851 2.07415
    endloop
  endfacet
  facet normal 0.972369 -8.5922e-07 -0.233451
    outer loop
      vertex -9.70078 -19 3.15197
      vertex -9.97801 -10.1489 1.99722
      vertex -9.95954 -9.82851 2.07415
    endloop
  endfacet
  facet normal 0.972352 -1.05343e-05 -0.233521
    outer loop
      vertex -9.70078 -19 3.15197
      vertex -10.0083 -10.4534 1.87111
      vertex -9.97801 -10.1489 1.99722
    endloop
  endfacet
  facet normal 0.972405 2.45325e-05 -0.2333
    outer loop
      vertex -9.70078 -19 3.15197
      vertex -10.0496 -10.7343 1.69894
      vertex -10.0083 -10.4534 1.87111
    endloop
  endfacet
  facet normal 0.972375 1.3694e-06 -0.233424
    outer loop
      vertex -9.70078 -19 3.15197
      vertex -10.0744 -10.8553 1.59563
      vertex -10.0496 -10.7343 1.69894
    endloop
  endfacet
  facet normal 0.972373 0 -0.233431
    outer loop
      vertex -10.0744 -10.8553 1.59563
      vertex -9.70078 -19 3.15197
      vertex -10.0744 -19 1.59563
    endloop
  endfacet
  facet normal -0.0784723 0 -0.996916
    outer loop
      vertex 0 -19 10.2
      vertex 1.59563 3 10.0744
      vertex 1.59563 -19 10.0744
    endloop
  endfacet
  facet normal -0.0784723 0 -0.996916
    outer loop
      vertex 1.59563 3 10.0744
      vertex 0 -19 10.2
      vertex 0 3 10.2
    endloop
  endfacet
  facet normal 0.649446 0 0.760407
    outer loop
      vertex -7.21249 3 -7.21249
      vertex -5.99541 -19 -8.25197
      vertex -5.99541 3 -8.25197
    endloop
  endfacet
  facet normal 0.649446 0 0.760407
    outer loop
      vertex -5.99541 -19 -8.25197
      vertex -7.21249 3 -7.21249
      vertex -7.21249 -19 -7.21249
    endloop
  endfacet
  facet normal 0.92388 -0 0.382683
    outer loop
      vertex -9.70078 -19 -3.15197
      vertex -9.08827 3 -4.6307
      vertex -9.70078 3 -3.15197
    endloop
  endfacet
  facet normal 0.92388 0 0.382683
    outer loop
      vertex -9.08827 3 -4.6307
      vertex -9.70078 -19 -3.15197
      vertex -9.08827 -19 -4.6307
    endloop
  endfacet
  facet normal 0.233431 0 0.972373
    outer loop
      vertex -3.15197 3 -9.70078
      vertex -1.59563 -19 -10.0744
      vertex -1.59563 3 -10.0744
    endloop
  endfacet
  facet normal 0.233431 0 0.972373
    outer loop
      vertex -1.59563 -19 -10.0744
      vertex -3.15197 3 -9.70078
      vertex -3.15197 -19 -9.70078
    endloop
  endfacet
  facet normal -0.649446 0 -0.760407
    outer loop
      vertex 5.99541 -19 8.25197
      vertex 7.21249 3 7.21249
      vertex 7.21249 -19 7.21249
    endloop
  endfacet
  facet normal -0.649446 0 -0.760407
    outer loop
      vertex 7.21249 3 7.21249
      vertex 5.99541 -19 8.25197
      vertex 5.99541 3 8.25197
    endloop
  endfacet
  facet normal 0.0784723 0 0.996916
    outer loop
      vertex -1.59563 3 -10.0744
      vertex 0 -19 -10.2
      vertex 0 3 -10.2
    endloop
  endfacet
  facet normal 0.0784723 0 0.996916
    outer loop
      vertex 0 -19 -10.2
      vertex -1.59563 3 -10.0744
      vertex -1.59563 -19 -10.0744
    endloop
  endfacet
  facet normal -0.92388 0 0.382683
    outer loop
      vertex 9.08827 -19 -4.6307
      vertex 9.70078 3 -3.15197
      vertex 9.08827 3 -4.6307
    endloop
  endfacet
  facet normal -0.92388 0 0.382683
    outer loop
      vertex 9.70078 3 -3.15197
      vertex 9.08827 -19 -4.6307
      vertex 9.70078 -19 -3.15197
    endloop
  endfacet
  facet normal -0.649446 0 0.760407
    outer loop
      vertex 5.99541 3 -8.25197
      vertex 7.21249 -19 -7.21249
      vertex 7.21249 3 -7.21249
    endloop
  endfacet
  facet normal -0.649446 0 0.760407
    outer loop
      vertex 7.21249 -19 -7.21249
      vertex 5.99541 3 -8.25197
      vertex 5.99541 -19 -8.25197
    endloop
  endfacet
  facet normal 0.522501 0 -0.852639
    outer loop
      vertex -5.99541 -19 8.25197
      vertex -4.6307 3 9.08827
      vertex -4.6307 -19 9.08827
    endloop
  endfacet
  facet normal 0.522501 0 -0.852639
    outer loop
      vertex -4.6307 3 9.08827
      vertex -5.99541 -19 8.25197
      vertex -5.99541 3 8.25197
    endloop
  endfacet
  facet normal -0.996916 3.93772e-06 0.0784723
    outer loop
      vertex 10.1741 -7.42585 -0.328512
      vertex 10.2 3 0
      vertex 10.0744 3 -1.59563
    endloop
  endfacet
  facet normal -0.996907 0 0.0785965
    outer loop
      vertex 10.2 3 0
      vertex 10.1741 -7.42585 -0.328512
      vertex 10.2 -7.4 0
    endloop
  endfacet
  facet normal -0.996922 -4.29123e-06 0.078405
    outer loop
      vertex 10.0744 3 -1.59563
      vertex 10.1489 -7.50278 -0.648935
      vertex 10.1741 -7.42585 -0.328512
    endloop
  endfacet
  facet normal -0.996932 -1.65735e-05 0.0782695
    outer loop
      vertex 10.0744 3 -1.59563
      vertex 10.125 -7.62889 -0.95338
      vertex 10.1489 -7.50278 -0.648935
    endloop
  endfacet
  facet normal -0.996921 -7.51865e-06 0.0784185
    outer loop
      vertex 10.0744 3 -1.59563
      vertex 10.1029 -7.80106 -1.23435
      vertex 10.125 -7.62889 -0.95338
    endloop
  endfacet
  facet normal -0.996893 4.3328e-06 0.0787706
    outer loop
      vertex 10.0744 3 -1.59563
      vertex 10.0831 -8.01508 -1.48492
      vertex 10.1029 -7.80106 -1.23435
    endloop
  endfacet
  facet normal -0.996927 0 0.0783422
    outer loop
      vertex 10.0831 -8.01508 -1.48492
      vertex 10.0744 3 -1.59563
      vertex 10.0744 -8.1447 -1.59563
    endloop
  endfacet
  facet normal -0.996927 0 0.0783422
    outer loop
      vertex 10.0744 -19 -1.59563
      vertex 10.0831 -10.9849 -1.48492
      vertex 10.0744 -10.8553 -1.59563
    endloop
  endfacet
  facet normal -0.996893 -5.93563e-06 0.0787692
    outer loop
      vertex 10.0744 -19 -1.59563
      vertex 10.1029 -11.1989 -1.23435
      vertex 10.0831 -10.9849 -1.48492
    endloop
  endfacet
  facet normal -0.99692 1.03302e-05 0.0784202
    outer loop
      vertex 10.0744 -19 -1.59563
      vertex 10.125 -11.3711 -0.95338
      vertex 10.1029 -11.1989 -1.23435
    endloop
  endfacet
  facet normal -0.996932 2.28713e-05 0.0782721
    outer loop
      vertex 10.0744 -19 -1.59563
      vertex 10.1489 -11.4972 -0.648935
      vertex 10.125 -11.3711 -0.95338
    endloop
  endfacet
  facet normal -0.996922 5.95669e-06 0.0784054
    outer loop
      vertex 10.0744 -19 -1.59563
      vertex 10.1741 -11.5741 -0.328512
      vertex 10.1489 -11.4972 -0.648935
    endloop
  endfacet
  facet normal -0.996916 -5.5285e-06 0.0784723
    outer loop
      vertex 10.2 -19 0
      vertex 10.1741 -11.5741 -0.328512
      vertex 10.0744 -19 -1.59563
    endloop
  endfacet
  facet normal -0.996907 0 0.0785965
    outer loop
      vertex 10.1741 -11.5741 -0.328512
      vertex 10.2 -19 0
      vertex 10.2 -11.6 0
    endloop
  endfacet
  facet normal 0.972373 -0 0.233433
    outer loop
      vertex -10.0744 -8.1447 -1.59563
      vertex -9.73726 3 -3
      vertex -10.0744 3 -1.59563
    endloop
  endfacet
  facet normal 0.972377 -2.15194e-06 0.233417
    outer loop
      vertex -9.73726 3 -3
      vertex -10.0744 -8.1447 -1.59563
      vertex -9.70078 3 -3.15197
    endloop
  endfacet
  facet normal 0.972375 -1.05266e-06 0.233424
    outer loop
      vertex -10.0496 -8.26565 -1.69894
      vertex -9.70078 3 -3.15197
      vertex -10.0744 -8.1447 -1.59563
    endloop
  endfacet
  facet normal 0.972407 -1.91347e-05 0.233291
    outer loop
      vertex -10.0083 -8.54662 -1.87111
      vertex -9.70078 3 -3.15197
      vertex -10.0496 -8.26565 -1.69894
    endloop
  endfacet
  facet normal 0.972351 8.37582e-06 0.233526
    outer loop
      vertex -9.97801 -8.85106 -1.99722
      vertex -9.70078 3 -3.15197
      vertex -10.0083 -8.54662 -1.87111
    endloop
  endfacet
  facet normal 0.972368 7.04477e-07 0.233451
    outer loop
      vertex -9.95954 -9.17149 -2.07415
      vertex -9.70078 3 -3.15197
      vertex -9.97801 -8.85106 -1.99722
    endloop
  endfacet
  facet normal 0.972354 6.2761e-06 0.233511
    outer loop
      vertex -9.95333 -9.5 -2.1
      vertex -9.70078 3 -3.15197
      vertex -9.95954 -9.17149 -2.07415
    endloop
  endfacet
  facet normal 0.972357 -7.09943e-06 0.233501
    outer loop
      vertex -9.70078 -19 -3.15197
      vertex -9.95333 -9.5 -2.1
      vertex -9.95954 -9.82851 -2.07415
    endloop
  endfacet
  facet normal 0.972373 0 0.233431
    outer loop
      vertex -9.70078 -19 -3.15197
      vertex -10.0744 -10.8553 -1.59563
      vertex -10.0744 -19 -1.59563
    endloop
  endfacet
  facet normal 0.972375 1.3694e-06 0.233424
    outer loop
      vertex -10.0744 -10.8553 -1.59563
      vertex -9.70078 -19 -3.15197
      vertex -10.0496 -10.7343 -1.69894
    endloop
  endfacet
  facet normal 0.972405 2.45325e-05 0.2333
    outer loop
      vertex -10.0496 -10.7343 -1.69894
      vertex -9.70078 -19 -3.15197
      vertex -10.0083 -10.4534 -1.87111
    endloop
  endfacet
  facet normal 0.972352 -1.05343e-05 0.233521
    outer loop
      vertex -10.0083 -10.4534 -1.87111
      vertex -9.70078 -19 -3.15197
      vertex -9.97801 -10.1489 -1.99722
    endloop
  endfacet
  facet normal 0.972369 -8.5922e-07 0.233451
    outer loop
      vertex -9.97801 -10.1489 -1.99722
      vertex -9.70078 -19 -3.15197
      vertex -9.95954 -9.82851 -2.07415
    endloop
  endfacet
  facet normal 0.972371 0 0.23344
    outer loop
      vertex -9.95333 -9.5 -2.1
      vertex -9.70078 -19 -3.15197
      vertex -9.70078 3 -3.15197
    endloop
  endfacet
  facet normal 0.522501 0 0.852639
    outer loop
      vertex -5.99541 3 -8.25197
      vertex -4.6307 -19 -9.08827
      vertex -4.6307 3 -9.08827
    endloop
  endfacet
  facet normal 0.522501 0 0.852639
    outer loop
      vertex -4.6307 -19 -9.08827
      vertex -5.99541 3 -8.25197
      vertex -5.99541 -19 -8.25197
    endloop
  endfacet
  facet normal 0.996907 0 0.0785965
    outer loop
      vertex -10.1741 -7.42585 -0.328512
      vertex -10.2 3 0
      vertex -10.2 -7.4 0
    endloop
  endfacet
  facet normal 0.996916 3.93772e-06 0.0784723
    outer loop
      vertex -10.2 3 0
      vertex -10.1741 -7.42585 -0.328512
      vertex -10.0744 3 -1.59563
    endloop
  endfacet
  facet normal 0.996922 -4.29123e-06 0.078405
    outer loop
      vertex -10.1489 -7.50278 -0.648935
      vertex -10.0744 3 -1.59563
      vertex -10.1741 -7.42585 -0.328512
    endloop
  endfacet
  facet normal 0.996932 -1.65735e-05 0.0782695
    outer loop
      vertex -10.125 -7.62889 -0.95338
      vertex -10.0744 3 -1.59563
      vertex -10.1489 -7.50278 -0.648935
    endloop
  endfacet
  facet normal 0.996921 -7.51865e-06 0.0784185
    outer loop
      vertex -10.1029 -7.80106 -1.23435
      vertex -10.0744 3 -1.59563
      vertex -10.125 -7.62889 -0.95338
    endloop
  endfacet
  facet normal 0.996893 4.3328e-06 0.0787706
    outer loop
      vertex -10.0831 -8.01508 -1.48492
      vertex -10.0744 3 -1.59563
      vertex -10.1029 -7.80106 -1.23435
    endloop
  endfacet
  facet normal 0.996927 0 0.0783422
    outer loop
      vertex -10.0744 3 -1.59563
      vertex -10.0831 -8.01508 -1.48492
      vertex -10.0744 -8.1447 -1.59563
    endloop
  endfacet
  facet normal 0.996907 -0 0.0785965
    outer loop
      vertex -10.2 -19 0
      vertex -10.1741 -11.5741 -0.328512
      vertex -10.2 -11.6 0
    endloop
  endfacet
  facet normal 0.996916 -5.5285e-06 0.0784723
    outer loop
      vertex -10.0744 -19 -1.59563
      vertex -10.1741 -11.5741 -0.328512
      vertex -10.2 -19 0
    endloop
  endfacet
  facet normal 0.996922 5.95669e-06 0.0784054
    outer loop
      vertex -10.1741 -11.5741 -0.328512
      vertex -10.0744 -19 -1.59563
      vertex -10.1489 -11.4972 -0.648935
    endloop
  endfacet
  facet normal 0.996932 2.28713e-05 0.0782721
    outer loop
      vertex -10.1489 -11.4972 -0.648935
      vertex -10.0744 -19 -1.59563
      vertex -10.125 -11.3711 -0.95338
    endloop
  endfacet
  facet normal 0.99692 1.03302e-05 0.0784202
    outer loop
      vertex -10.125 -11.3711 -0.95338
      vertex -10.0744 -19 -1.59563
      vertex -10.1029 -11.1989 -1.23435
    endloop
  endfacet
  facet normal 0.996893 -5.93563e-06 0.0787692
    outer loop
      vertex -10.1029 -11.1989 -1.23435
      vertex -10.0744 -19 -1.59563
      vertex -10.0831 -10.9849 -1.48492
    endloop
  endfacet
  facet normal 0.996927 0 0.0783422
    outer loop
      vertex -10.0831 -10.9849 -1.48492
      vertex -10.0744 -19 -1.59563
      vertex -10.0744 -10.8553 -1.59563
    endloop
  endfacet
  facet normal -0.852639 0 -0.522501
    outer loop
      vertex 9.08827 -19 4.6307
      vertex 8.25197 3 5.99541
      vertex 9.08827 3 4.6307
    endloop
  endfacet
  facet normal -0.852639 -0 -0.522501
    outer loop
      vertex 8.25197 3 5.99541
      vertex 9.08827 -19 4.6307
      vertex 8.25197 -19 5.99541
    endloop
  endfacet
  facet normal -0.760407 0 0.649446
    outer loop
      vertex 7.21249 -19 -7.21249
      vertex 8.25197 3 -5.99541
      vertex 7.21249 3 -7.21249
    endloop
  endfacet
  facet normal -0.760407 0 0.649446
    outer loop
      vertex 8.25197 3 -5.99541
      vertex 7.21249 -19 -7.21249
      vertex 8.25197 -19 -5.99541
    endloop
  endfacet
  facet normal -0.522501 0 -0.852639
    outer loop
      vertex 4.6307 -19 9.08827
      vertex 5.99541 3 8.25197
      vertex 5.99541 -19 8.25197
    endloop
  endfacet
  facet normal -0.522501 0 -0.852639
    outer loop
      vertex 5.99541 3 8.25197
      vertex 4.6307 -19 9.08827
      vertex 4.6307 3 9.08827
    endloop
  endfacet
  facet normal 0.382683 0 0.92388
    outer loop
      vertex -4.6307 3 -9.08827
      vertex -3.15197 -19 -9.70078
      vertex -3.15197 3 -9.70078
    endloop
  endfacet
  facet normal 0.382683 0 0.92388
    outer loop
      vertex -3.15197 -19 -9.70078
      vertex -4.6307 3 -9.08827
      vertex -4.6307 -19 -9.08827
    endloop
  endfacet
  facet normal -0.852639 0 0.522501
    outer loop
      vertex 8.25197 -19 -5.99541
      vertex 9.08827 3 -4.6307
      vertex 8.25197 3 -5.99541
    endloop
  endfacet
  facet normal -0.852639 0 0.522501
    outer loop
      vertex 9.08827 3 -4.6307
      vertex 8.25197 -19 -5.99541
      vertex 9.08827 -19 -4.6307
    endloop
  endfacet
  facet normal -0.92388 0 -0.382683
    outer loop
      vertex 9.70078 -19 3.15197
      vertex 9.08827 3 4.6307
      vertex 9.70078 3 3.15197
    endloop
  endfacet
  facet normal -0.92388 -0 -0.382683
    outer loop
      vertex 9.08827 3 4.6307
      vertex 9.70078 -19 3.15197
      vertex 9.08827 -19 4.6307
    endloop
  endfacet
  facet normal -0.233431 0 -0.972373
    outer loop
      vertex 1.59563 -19 10.0744
      vertex 3.15197 3 9.70078
      vertex 3.15197 -19 9.70078
    endloop
  endfacet
  facet normal -0.233431 0 -0.972373
    outer loop
      vertex 3.15197 3 9.70078
      vertex 1.59563 -19 10.0744
      vertex 1.59563 3 10.0744
    endloop
  endfacet
  facet normal -0.522501 0 0.852639
    outer loop
      vertex 4.6307 3 -9.08827
      vertex 5.99541 -19 -8.25197
      vertex 5.99541 3 -8.25197
    endloop
  endfacet
  facet normal -0.522501 0 0.852639
    outer loop
      vertex 5.99541 -19 -8.25197
      vertex 4.6307 3 -9.08827
      vertex 4.6307 -19 -9.08827
    endloop
  endfacet
  facet normal -0.996907 0 -0.0785965
    outer loop
      vertex 10.1741 -7.42585 0.328512
      vertex 10.2 3 0
      vertex 10.2 -7.4 0
    endloop
  endfacet
  facet normal -0.996916 3.93772e-06 -0.0784723
    outer loop
      vertex 10.2 3 0
      vertex 10.1741 -7.42585 0.328512
      vertex 10.0744 3 1.59563
    endloop
  endfacet
  facet normal -0.996922 -4.29123e-06 -0.078405
    outer loop
      vertex 10.1489 -7.50278 0.648935
      vertex 10.0744 3 1.59563
      vertex 10.1741 -7.42585 0.328512
    endloop
  endfacet
  facet normal -0.996932 -1.65735e-05 -0.0782695
    outer loop
      vertex 10.125 -7.62889 0.95338
      vertex 10.0744 3 1.59563
      vertex 10.1489 -7.50278 0.648935
    endloop
  endfacet
  facet normal -0.996921 -7.51865e-06 -0.0784185
    outer loop
      vertex 10.1029 -7.80106 1.23435
      vertex 10.0744 3 1.59563
      vertex 10.125 -7.62889 0.95338
    endloop
  endfacet
  facet normal -0.996893 4.3328e-06 -0.0787706
    outer loop
      vertex 10.0831 -8.01508 1.48492
      vertex 10.0744 3 1.59563
      vertex 10.1029 -7.80106 1.23435
    endloop
  endfacet
  facet normal -0.996927 -0 -0.0783422
    outer loop
      vertex 10.0744 3 1.59563
      vertex 10.0831 -8.01508 1.48492
      vertex 10.0744 -8.1447 1.59563
    endloop
  endfacet
  facet normal -0.996907 0 -0.0785965
    outer loop
      vertex 10.2 -19 0
      vertex 10.1741 -11.5741 0.328512
      vertex 10.2 -11.6 0
    endloop
  endfacet
  facet normal -0.996916 -5.5285e-06 -0.0784723
    outer loop
      vertex 10.0744 -19 1.59563
      vertex 10.1741 -11.5741 0.328512
      vertex 10.2 -19 0
    endloop
  endfacet
  facet normal -0.996922 5.95669e-06 -0.0784054
    outer loop
      vertex 10.1741 -11.5741 0.328512
      vertex 10.0744 -19 1.59563
      vertex 10.1489 -11.4972 0.648935
    endloop
  endfacet
  facet normal -0.996932 2.28713e-05 -0.0782721
    outer loop
      vertex 10.1489 -11.4972 0.648935
      vertex 10.0744 -19 1.59563
      vertex 10.125 -11.3711 0.95338
    endloop
  endfacet
  facet normal -0.99692 1.03302e-05 -0.0784202
    outer loop
      vertex 10.125 -11.3711 0.95338
      vertex 10.0744 -19 1.59563
      vertex 10.1029 -11.1989 1.23435
    endloop
  endfacet
  facet normal -0.996893 -5.93563e-06 -0.0787692
    outer loop
      vertex 10.1029 -11.1989 1.23435
      vertex 10.0744 -19 1.59563
      vertex 10.0831 -10.9849 1.48492
    endloop
  endfacet
  facet normal -0.996927 0 -0.0783422
    outer loop
      vertex 10.0831 -10.9849 1.48492
      vertex 10.0744 -19 1.59563
      vertex 10.0744 -10.8553 1.59563
    endloop
  endfacet
  facet normal 0.233431 0 -0.972373
    outer loop
      vertex -3.15197 -19 9.70078
      vertex -1.59563 3 10.0744
      vertex -1.59563 -19 10.0744
    endloop
  endfacet
  facet normal 0.233431 0 -0.972373
    outer loop
      vertex -1.59563 3 10.0744
      vertex -3.15197 -19 9.70078
      vertex -3.15197 3 9.70078
    endloop
  endfacet
  facet normal 0.760407 -0 0.649446
    outer loop
      vertex -8.25197 -19 -5.99541
      vertex -7.21249 3 -7.21249
      vertex -8.25197 3 -5.99541
    endloop
  endfacet
  facet normal 0.760407 0 0.649446
    outer loop
      vertex -7.21249 3 -7.21249
      vertex -8.25197 -19 -5.99541
      vertex -7.21249 -19 -7.21249
    endloop
  endfacet
  facet normal -0.760407 0 -0.649446
    outer loop
      vertex 8.25197 -19 5.99541
      vertex 7.21249 3 7.21249
      vertex 8.25197 3 5.99541
    endloop
  endfacet
  facet normal -0.760407 -0 -0.649446
    outer loop
      vertex 7.21249 3 7.21249
      vertex 8.25197 -19 5.99541
      vertex 7.21249 -19 7.21249
    endloop
  endfacet
  facet normal 0.852639 0 -0.522501
    outer loop
      vertex -8.25197 -19 5.99541
      vertex -9.08827 3 4.6307
      vertex -8.25197 3 5.99541
    endloop
  endfacet
  facet normal 0.852639 0 -0.522501
    outer loop
      vertex -9.08827 3 4.6307
      vertex -8.25197 -19 5.99541
      vertex -9.08827 -19 4.6307
    endloop
  endfacet
  facet normal 0.760407 0 -0.649446
    outer loop
      vertex -7.21249 -19 7.21249
      vertex -8.25197 3 5.99541
      vertex -7.21249 3 7.21249
    endloop
  endfacet
  facet normal 0.760407 0 -0.649446
    outer loop
      vertex -8.25197 3 5.99541
      vertex -7.21249 -19 7.21249
      vertex -8.25197 -19 5.99541
    endloop
  endfacet
  facet normal 0.996916 3.93772e-06 -0.0784723
    outer loop
      vertex -10.1741 -7.42585 0.328512
      vertex -10.2 3 0
      vertex -10.0744 3 1.59563
    endloop
  endfacet
  facet normal 0.996907 0 -0.0785965
    outer loop
      vertex -10.2 3 0
      vertex -10.1741 -7.42585 0.328512
      vertex -10.2 -7.4 0
    endloop
  endfacet
  facet normal 0.996922 -4.29123e-06 -0.078405
    outer loop
      vertex -10.0744 3 1.59563
      vertex -10.1489 -7.50278 0.648935
      vertex -10.1741 -7.42585 0.328512
    endloop
  endfacet
  facet normal 0.996932 -1.65735e-05 -0.0782695
    outer loop
      vertex -10.0744 3 1.59563
      vertex -10.125 -7.62889 0.95338
      vertex -10.1489 -7.50278 0.648935
    endloop
  endfacet
  facet normal 0.996921 -7.51865e-06 -0.0784185
    outer loop
      vertex -10.0744 3 1.59563
      vertex -10.1029 -7.80106 1.23435
      vertex -10.125 -7.62889 0.95338
    endloop
  endfacet
  facet normal 0.996893 4.3328e-06 -0.0787706
    outer loop
      vertex -10.0744 3 1.59563
      vertex -10.0831 -8.01508 1.48492
      vertex -10.1029 -7.80106 1.23435
    endloop
  endfacet
  facet normal 0.996927 0 -0.0783422
    outer loop
      vertex -10.0831 -8.01508 1.48492
      vertex -10.0744 3 1.59563
      vertex -10.0744 -8.1447 1.59563
    endloop
  endfacet
  facet normal 0.996927 0 -0.0783422
    outer loop
      vertex -10.0744 -19 1.59563
      vertex -10.0831 -10.9849 1.48492
      vertex -10.0744 -10.8553 1.59563
    endloop
  endfacet
  facet normal 0.996893 -5.93563e-06 -0.0787692
    outer loop
      vertex -10.0744 -19 1.59563
      vertex -10.1029 -11.1989 1.23435
      vertex -10.0831 -10.9849 1.48492
    endloop
  endfacet
  facet normal 0.99692 1.03302e-05 -0.0784202
    outer loop
      vertex -10.0744 -19 1.59563
      vertex -10.125 -11.3711 0.95338
      vertex -10.1029 -11.1989 1.23435
    endloop
  endfacet
  facet normal 0.996932 2.28713e-05 -0.0782721
    outer loop
      vertex -10.0744 -19 1.59563
      vertex -10.1489 -11.4972 0.648935
      vertex -10.125 -11.3711 0.95338
    endloop
  endfacet
  facet normal 0.996922 5.95669e-06 -0.0784054
    outer loop
      vertex -10.0744 -19 1.59563
      vertex -10.1741 -11.5741 0.328512
      vertex -10.1489 -11.4972 0.648935
    endloop
  endfacet
  facet normal 0.996916 -5.5285e-06 -0.0784723
    outer loop
      vertex -10.2 -19 0
      vertex -10.1741 -11.5741 0.328512
      vertex -10.0744 -19 1.59563
    endloop
  endfacet
  facet normal 0.996907 0 -0.0785965
    outer loop
      vertex -10.1741 -11.5741 0.328512
      vertex -10.2 -19 0
      vertex -10.2 -11.6 0
    endloop
  endfacet
  facet normal 0.382683 0 -0.92388
    outer loop
      vertex -4.6307 -19 9.08827
      vertex -3.15197 3 9.70078
      vertex -3.15197 -19 9.70078
    endloop
  endfacet
  facet normal 0.382683 0 -0.92388
    outer loop
      vertex -3.15197 3 9.70078
      vertex -4.6307 -19 9.08827
      vertex -4.6307 3 9.08827
    endloop
  endfacet
  facet normal 0.852639 -0 0.522501
    outer loop
      vertex -9.08827 -19 -4.6307
      vertex -8.25197 3 -5.99541
      vertex -9.08827 3 -4.6307
    endloop
  endfacet
  facet normal 0.852639 0 0.522501
    outer loop
      vertex -8.25197 3 -5.99541
      vertex -9.08827 -19 -4.6307
      vertex -8.25197 -19 -5.99541
    endloop
  endfacet
  facet normal -0.0784723 0 0.996916
    outer loop
      vertex 0 3 -10.2
      vertex 1.59563 -19 -10.0744
      vertex 1.59563 3 -10.0744
    endloop
  endfacet
  facet normal -0.0784723 0 0.996916
    outer loop
      vertex 1.59563 -19 -10.0744
      vertex 0 3 -10.2
      vertex 0 -19 -10.2
    endloop
  endfacet
  facet normal -0.972373 0 -0.233433
    outer loop
      vertex 10.0744 -8.1447 1.59563
      vertex 9.73726 3 3
      vertex 10.0744 3 1.59563
    endloop
  endfacet
  facet normal -0.972377 -2.15194e-06 -0.233417
    outer loop
      vertex 9.73726 3 3
      vertex 10.0744 -8.1447 1.59563
      vertex 9.70078 3 3.15197
    endloop
  endfacet
  facet normal -0.972375 -1.05266e-06 -0.233424
    outer loop
      vertex 10.0496 -8.26565 1.69894
      vertex 9.70078 3 3.15197
      vertex 10.0744 -8.1447 1.59563
    endloop
  endfacet
  facet normal -0.972407 -1.91347e-05 -0.233291
    outer loop
      vertex 10.0083 -8.54662 1.87111
      vertex 9.70078 3 3.15197
      vertex 10.0496 -8.26565 1.69894
    endloop
  endfacet
  facet normal -0.972351 8.37582e-06 -0.233526
    outer loop
      vertex 9.97801 -8.85106 1.99722
      vertex 9.70078 3 3.15197
      vertex 10.0083 -8.54662 1.87111
    endloop
  endfacet
  facet normal -0.972368 7.04477e-07 -0.233451
    outer loop
      vertex 9.95954 -9.17149 2.07415
      vertex 9.70078 3 3.15197
      vertex 9.97801 -8.85106 1.99722
    endloop
  endfacet
  facet normal -0.972354 6.2761e-06 -0.233511
    outer loop
      vertex 9.95333 -9.5 2.1
      vertex 9.70078 3 3.15197
      vertex 9.95954 -9.17149 2.07415
    endloop
  endfacet
  facet normal -0.972357 -7.09943e-06 -0.233501
    outer loop
      vertex 9.70078 -19 3.15197
      vertex 9.95333 -9.5 2.1
      vertex 9.95954 -9.82851 2.07415
    endloop
  endfacet
  facet normal -0.972373 0 -0.233431
    outer loop
      vertex 9.70078 -19 3.15197
      vertex 10.0744 -10.8553 1.59563
      vertex 10.0744 -19 1.59563
    endloop
  endfacet
  facet normal -0.972375 1.3694e-06 -0.233424
    outer loop
      vertex 10.0744 -10.8553 1.59563
      vertex 9.70078 -19 3.15197
      vertex 10.0496 -10.7343 1.69894
    endloop
  endfacet
  facet normal -0.972405 2.45325e-05 -0.2333
    outer loop
      vertex 10.0496 -10.7343 1.69894
      vertex 9.70078 -19 3.15197
      vertex 10.0083 -10.4534 1.87111
    endloop
  endfacet
  facet normal -0.972352 -1.05343e-05 -0.233521
    outer loop
      vertex 10.0083 -10.4534 1.87111
      vertex 9.70078 -19 3.15197
      vertex 9.97801 -10.1489 1.99722
    endloop
  endfacet
  facet normal -0.972369 -8.5922e-07 -0.233451
    outer loop
      vertex 9.97801 -10.1489 1.99722
      vertex 9.70078 -19 3.15197
      vertex 9.95954 -9.82851 2.07415
    endloop
  endfacet
  facet normal -0.972371 0 -0.23344
    outer loop
      vertex 9.95333 -9.5 2.1
      vertex 9.70078 -19 3.15197
      vertex 9.70078 3 3.15197
    endloop
  endfacet
  facet normal -0.233431 0 0.972373
    outer loop
      vertex 1.59563 3 -10.0744
      vertex 3.15197 -19 -9.70078
      vertex 3.15197 3 -9.70078
    endloop
  endfacet
  facet normal -0.233431 0 0.972373
    outer loop
      vertex 3.15197 -19 -9.70078
      vertex 1.59563 3 -10.0744
      vertex 1.59563 -19 -10.0744
    endloop
  endfacet
  facet normal 0.0784723 0 -0.996916
    outer loop
      vertex -1.59563 -19 10.0744
      vertex 0 3 10.2
      vertex 0 -19 10.2
    endloop
  endfacet
  facet normal 0.0784723 0 -0.996916
    outer loop
      vertex 0 3 10.2
      vertex -1.59563 -19 10.0744
      vertex -1.59563 3 10.0744
    endloop
  endfacet
  facet normal 0.92388 0 -0.382683
    outer loop
      vertex -9.08827 -19 4.6307
      vertex -9.70078 3 3.15197
      vertex -9.08827 3 4.6307
    endloop
  endfacet
  facet normal 0.92388 0 -0.382683
    outer loop
      vertex -9.70078 3 3.15197
      vertex -9.08827 -19 4.6307
      vertex -9.70078 -19 3.15197
    endloop
  endfacet
  facet normal -0.382683 0 0.92388
    outer loop
      vertex 3.15197 3 -9.70078
      vertex 4.6307 -19 -9.08827
      vertex 4.6307 3 -9.08827
    endloop
  endfacet
  facet normal -0.382683 0 0.92388
    outer loop
      vertex 4.6307 -19 -9.08827
      vertex 3.15197 3 -9.70078
      vertex 3.15197 -19 -9.70078
    endloop
  endfacet
  facet normal 0.649446 0 -0.760407
    outer loop
      vertex -7.21249 -19 7.21249
      vertex -5.99541 3 8.25197
      vertex -5.99541 -19 8.25197
    endloop
  endfacet
  facet normal 0.649446 0 -0.760407
    outer loop
      vertex -5.99541 3 8.25197
      vertex -7.21249 -19 7.21249
      vertex -7.21249 3 7.21249
    endloop
  endfacet
  facet normal -0.467632 -0.446111 0.763089
    outer loop
      vertex 6.87709 -22 -9.4655
      vertex 5.99541 -19 -8.25197
      vertex 5.31169 -22 -10.4248
    endloop
  endfacet
  facet normal -0.892214 -0.446125 -0.0701962
    outer loop
      vertex 11.7 -22 0
      vertex 11.556 -22 1.83028
      vertex 10.0744 -19 1.59563
    endloop
  endfacet
  facet normal -0.892219 -0.446109 0.070231
    outer loop
      vertex 11.7 -22 0
      vertex 10.2 -19 0
      vertex 10.0744 -19 -1.59563
    endloop
  endfacet
  facet normal -0.892214 -0.446125 0.0701962
    outer loop
      vertex 11.556 -22 -1.83028
      vertex 11.7 -22 0
      vertex 10.0744 -19 -1.59563
    endloop
  endfacet
  facet normal -0.581243 -0.44611 0.680546
    outer loop
      vertex 8.27315 -22 -8.27315
      vertex 7.21249 -19 -7.21249
      vertex 6.87709 -22 -9.4655
    endloop
  endfacet
  facet normal -0.680548 -0.446111 0.58124
    outer loop
      vertex 9.4655 -22 -6.87709
      vertex 8.25197 -19 -5.99541
      vertex 7.21249 -19 -7.21249
    endloop
  endfacet
  facet normal -0.208914 -0.446126 0.870245
    outer loop
      vertex 1.83028 -22 -11.556
      vertex 3.15197 -19 -9.70078
      vertex 1.59563 -19 -10.0744
    endloop
  endfacet
  facet normal 0.892219 -0.446109 -0.070231
    outer loop
      vertex -10.2 -19 0
      vertex -10.0744 -19 1.59563
      vertex -11.7 -22 0
    endloop
  endfacet
  facet normal 0.826846 -0.446118 -0.342498
    outer loop
      vertex -9.70078 -19 3.15197
      vertex -10.4248 -22 5.31169
      vertex -11.1274 -22 3.6155
    endloop
  endfacet
  facet normal -0.070231 -0.446109 0.892219
    outer loop
      vertex 0 -22 -11.7
      vertex 1.59563 -19 -10.0744
      vertex 0 -19 -10.2
    endloop
  endfacet
  facet normal -0.58124 -0.446111 -0.680548
    outer loop
      vertex 7.21249 -19 7.21249
      vertex 6.87709 -22 9.4655
      vertex 5.99541 -19 8.25197
    endloop
  endfacet
  facet normal -0.870245 -0.446126 0.208914
    outer loop
      vertex 11.556 -22 -1.83028
      vertex 10.0744 -19 -1.59563
      vertex 9.70078 -19 -3.15197
    endloop
  endfacet
  facet normal 0.870245 -0.446118 -0.208931
    outer loop
      vertex -9.70078 -19 3.15197
      vertex -11.1274 -22 3.6155
      vertex -11.556 -22 1.83028
    endloop
  endfacet
  facet normal -0.342492 -0.446115 0.82685
    outer loop
      vertex 5.31169 -22 -10.4248
      vertex 4.6307 -19 -9.08827
      vertex 3.15197 -19 -9.70078
    endloop
  endfacet
  facet normal 0.581243 -0.44611 -0.680546
    outer loop
      vertex -7.21249 -19 7.21249
      vertex -6.87709 -22 9.4655
      vertex -8.27315 -22 8.27315
    endloop
  endfacet
  facet normal -0.0701962 -0.446125 0.892214
    outer loop
      vertex 1.83028 -22 -11.556
      vertex 1.59563 -19 -10.0744
      vertex 0 -22 -11.7
    endloop
  endfacet
  facet normal -0.070231 -0.446109 -0.892219
    outer loop
      vertex 0 -19 10.2
      vertex 1.59563 -19 10.0744
      vertex 0 -22 11.7
    endloop
  endfacet
  facet normal 0.763091 -0.446114 0.467626
    outer loop
      vertex -8.25197 -19 -5.99541
      vertex -9.08827 -19 -4.6307
      vertex -10.4248 -22 -5.31169
    endloop
  endfacet
  facet normal -0.826846 -0.446118 -0.342498
    outer loop
      vertex 11.1274 -22 3.6155
      vertex 10.4248 -22 5.31169
      vertex 9.70078 -19 3.15197
    endloop
  endfacet
  facet normal -0.763089 -0.446111 -0.467632
    outer loop
      vertex 10.4248 -22 5.31169
      vertex 9.4655 -22 6.87709
      vertex 8.25197 -19 5.99541
    endloop
  endfacet
  facet normal 0.680548 -0.446111 -0.58124
    outer loop
      vertex -8.25197 -19 5.99541
      vertex -7.21249 -19 7.21249
      vertex -9.4655 -22 6.87709
    endloop
  endfacet
  facet normal 0.892214 -0.446125 -0.0701962
    outer loop
      vertex -10.0744 -19 1.59563
      vertex -11.556 -22 1.83028
      vertex -11.7 -22 0
    endloop
  endfacet
  facet normal -0.467626 -0.446114 0.763091
    outer loop
      vertex 5.31169 -22 -10.4248
      vertex 5.99541 -19 -8.25197
      vertex 4.6307 -19 -9.08827
    endloop
  endfacet
  facet normal -0.467632 -0.446111 -0.763089
    outer loop
      vertex 5.99541 -19 8.25197
      vertex 6.87709 -22 9.4655
      vertex 5.31169 -22 10.4248
    endloop
  endfacet
  facet normal -0.892219 -0.446109 -0.070231
    outer loop
      vertex 10.2 -19 0
      vertex 11.7 -22 0
      vertex 10.0744 -19 1.59563
    endloop
  endfacet
  facet normal -0.342498 -0.446118 -0.826846
    outer loop
      vertex 5.31169 -22 10.4248
      vertex 3.6155 -22 11.1274
      vertex 3.15197 -19 9.70078
    endloop
  endfacet
  facet normal 0.680546 -0.44611 -0.581243
    outer loop
      vertex -7.21249 -19 7.21249
      vertex -8.27315 -22 8.27315
      vertex -9.4655 -22 6.87709
    endloop
  endfacet
  facet normal 0.82685 -0.446115 -0.342492
    outer loop
      vertex -9.70078 -19 3.15197
      vertex -9.08827 -19 4.6307
      vertex -10.4248 -22 5.31169
    endloop
  endfacet
  facet normal -0.763091 -0.446114 0.467626
    outer loop
      vertex 10.4248 -22 -5.31169
      vertex 9.08827 -19 -4.6307
      vertex 8.25197 -19 -5.99541
    endloop
  endfacet
  facet normal 0.208914 -0.446126 -0.870245
    outer loop
      vertex -1.59563 -19 10.0744
      vertex -1.83028 -22 11.556
      vertex -3.15197 -19 9.70078
    endloop
  endfacet
  facet normal 0.342492 -0.446115 -0.82685
    outer loop
      vertex -4.6307 -19 9.08827
      vertex -3.15197 -19 9.70078
      vertex -5.31169 -22 10.4248
    endloop
  endfacet
  facet normal -0.208914 -0.446126 -0.870245
    outer loop
      vertex 3.15197 -19 9.70078
      vertex 1.83028 -22 11.556
      vertex 1.59563 -19 10.0744
    endloop
  endfacet
  facet normal 0.0701962 -0.446125 0.892214
    outer loop
      vertex 0 -22 -11.7
      vertex -1.59563 -19 -10.0744
      vertex -1.83028 -22 -11.556
    endloop
  endfacet
  facet normal 0.342492 -0.446115 0.82685
    outer loop
      vertex -3.15197 -19 -9.70078
      vertex -4.6307 -19 -9.08827
      vertex -5.31169 -22 -10.4248
    endloop
  endfacet
  facet normal 0.467632 -0.446111 -0.763089
    outer loop
      vertex -5.99541 -19 8.25197
      vertex -5.31169 -22 10.4248
      vertex -6.87709 -22 9.4655
    endloop
  endfacet
  facet normal 0.467632 -0.446111 0.763089
    outer loop
      vertex -5.31169 -22 -10.4248
      vertex -5.99541 -19 -8.25197
      vertex -6.87709 -22 -9.4655
    endloop
  endfacet
  facet normal -0.208931 -0.446118 -0.870245
    outer loop
      vertex 3.15197 -19 9.70078
      vertex 3.6155 -22 11.1274
      vertex 1.83028 -22 11.556
    endloop
  endfacet
  facet normal 0.763089 -0.446111 0.467632
    outer loop
      vertex -9.4655 -22 -6.87709
      vertex -8.25197 -19 -5.99541
      vertex -10.4248 -22 -5.31169
    endloop
  endfacet
  facet normal 0.680546 -0.44611 0.581243
    outer loop
      vertex -8.27315 -22 -8.27315
      vertex -7.21249 -19 -7.21249
      vertex -9.4655 -22 -6.87709
    endloop
  endfacet
  facet normal -0.763091 -0.446114 -0.467626
    outer loop
      vertex 9.08827 -19 4.6307
      vertex 10.4248 -22 5.31169
      vertex 8.25197 -19 5.99541
    endloop
  endfacet
  facet normal 0.342498 -0.446118 0.826846
    outer loop
      vertex -3.6155 -22 -11.1274
      vertex -3.15197 -19 -9.70078
      vertex -5.31169 -22 -10.4248
    endloop
  endfacet
  facet normal -0.58124 -0.446111 0.680548
    outer loop
      vertex 6.87709 -22 -9.4655
      vertex 7.21249 -19 -7.21249
      vertex 5.99541 -19 -8.25197
    endloop
  endfacet
  facet normal 0.763091 -0.446114 -0.467626
    outer loop
      vertex -9.08827 -19 4.6307
      vertex -8.25197 -19 5.99541
      vertex -10.4248 -22 5.31169
    endloop
  endfacet
  facet normal -0.763089 -0.446111 0.467632
    outer loop
      vertex 9.4655 -22 -6.87709
      vertex 10.4248 -22 -5.31169
      vertex 8.25197 -19 -5.99541
    endloop
  endfacet
  facet normal -0.680546 -0.44611 0.581243
    outer loop
      vertex 8.27315 -22 -8.27315
      vertex 9.4655 -22 -6.87709
      vertex 7.21249 -19 -7.21249
    endloop
  endfacet
  facet normal -0.467626 -0.446114 -0.763091
    outer loop
      vertex 5.99541 -19 8.25197
      vertex 5.31169 -22 10.4248
      vertex 4.6307 -19 9.08827
    endloop
  endfacet
  facet normal -0.82685 -0.446115 0.342492
    outer loop
      vertex 10.4248 -22 -5.31169
      vertex 9.70078 -19 -3.15197
      vertex 9.08827 -19 -4.6307
    endloop
  endfacet
  facet normal -0.0701962 -0.446125 -0.892214
    outer loop
      vertex 1.59563 -19 10.0744
      vertex 1.83028 -22 11.556
      vertex 0 -22 11.7
    endloop
  endfacet
  facet normal -0.870245 -0.446118 -0.208931
    outer loop
      vertex 11.556 -22 1.83028
      vertex 11.1274 -22 3.6155
      vertex 9.70078 -19 3.15197
    endloop
  endfacet
  facet normal 0.208914 -0.446126 0.870245
    outer loop
      vertex -1.83028 -22 -11.556
      vertex -1.59563 -19 -10.0744
      vertex -3.15197 -19 -9.70078
    endloop
  endfacet
  facet normal 0.208931 -0.446118 -0.870245
    outer loop
      vertex -3.15197 -19 9.70078
      vertex -1.83028 -22 11.556
      vertex -3.6155 -22 11.1274
    endloop
  endfacet
  facet normal 0.070231 -0.446109 -0.892219
    outer loop
      vertex 0 -19 10.2
      vertex 0 -22 11.7
      vertex -1.59563 -19 10.0744
    endloop
  endfacet
  facet normal -0.680546 -0.44611 -0.581243
    outer loop
      vertex 9.4655 -22 6.87709
      vertex 8.27315 -22 8.27315
      vertex 7.21249 -19 7.21249
    endloop
  endfacet
  facet normal 0.763089 -0.446111 -0.467632
    outer loop
      vertex -8.25197 -19 5.99541
      vertex -9.4655 -22 6.87709
      vertex -10.4248 -22 5.31169
    endloop
  endfacet
  facet normal 0.892219 -0.446109 0.070231
    outer loop
      vertex -10.0744 -19 -1.59563
      vertex -10.2 -19 0
      vertex -11.7 -22 0
    endloop
  endfacet
  facet normal 0.581243 -0.44611 0.680546
    outer loop
      vertex -6.87709 -22 -9.4655
      vertex -7.21249 -19 -7.21249
      vertex -8.27315 -22 -8.27315
    endloop
  endfacet
  facet normal 0.58124 -0.446111 -0.680548
    outer loop
      vertex -5.99541 -19 8.25197
      vertex -6.87709 -22 9.4655
      vertex -7.21249 -19 7.21249
    endloop
  endfacet
  facet normal -0.208931 -0.446118 0.870245
    outer loop
      vertex 3.6155 -22 -11.1274
      vertex 3.15197 -19 -9.70078
      vertex 1.83028 -22 -11.556
    endloop
  endfacet
  facet normal 0.870245 -0.446126 -0.208914
    outer loop
      vertex -10.0744 -19 1.59563
      vertex -9.70078 -19 3.15197
      vertex -11.556 -22 1.83028
    endloop
  endfacet
  facet normal 0.467626 -0.446114 0.763091
    outer loop
      vertex -5.31169 -22 -10.4248
      vertex -4.6307 -19 -9.08827
      vertex -5.99541 -19 -8.25197
    endloop
  endfacet
  facet normal 0.070231 -0.446109 0.892219
    outer loop
      vertex 0 -22 -11.7
      vertex 0 -19 -10.2
      vertex -1.59563 -19 -10.0744
    endloop
  endfacet
  facet normal -0.870245 -0.446118 0.208931
    outer loop
      vertex 11.1274 -22 -3.6155
      vertex 11.556 -22 -1.83028
      vertex 9.70078 -19 -3.15197
    endloop
  endfacet
  facet normal -0.826846 -0.446118 0.342498
    outer loop
      vertex 10.4248 -22 -5.31169
      vertex 11.1274 -22 -3.6155
      vertex 9.70078 -19 -3.15197
    endloop
  endfacet
  facet normal -0.581243 -0.44611 -0.680546
    outer loop
      vertex 7.21249 -19 7.21249
      vertex 8.27315 -22 8.27315
      vertex 6.87709 -22 9.4655
    endloop
  endfacet
  facet normal -0.680548 -0.446111 -0.58124
    outer loop
      vertex 8.25197 -19 5.99541
      vertex 9.4655 -22 6.87709
      vertex 7.21249 -19 7.21249
    endloop
  endfacet
  facet normal 0.680548 -0.446111 0.58124
    outer loop
      vertex -7.21249 -19 -7.21249
      vertex -8.25197 -19 -5.99541
      vertex -9.4655 -22 -6.87709
    endloop
  endfacet
  facet normal -0.342498 -0.446118 0.826846
    outer loop
      vertex 3.6155 -22 -11.1274
      vertex 5.31169 -22 -10.4248
      vertex 3.15197 -19 -9.70078
    endloop
  endfacet
  facet normal 0.58124 -0.446111 0.680548
    outer loop
      vertex -6.87709 -22 -9.4655
      vertex -5.99541 -19 -8.25197
      vertex -7.21249 -19 -7.21249
    endloop
  endfacet
  facet normal 0.870245 -0.446126 0.208914
    outer loop
      vertex -9.70078 -19 -3.15197
      vertex -10.0744 -19 -1.59563
      vertex -11.556 -22 -1.83028
    endloop
  endfacet
  facet normal -0.342492 -0.446115 -0.82685
    outer loop
      vertex 4.6307 -19 9.08827
      vertex 5.31169 -22 10.4248
      vertex 3.15197 -19 9.70078
    endloop
  endfacet
  facet normal 0.826846 -0.446118 0.342498
    outer loop
      vertex -10.4248 -22 -5.31169
      vertex -9.70078 -19 -3.15197
      vertex -11.1274 -22 -3.6155
    endloop
  endfacet
  facet normal 0.0701962 -0.446125 -0.892214
    outer loop
      vertex -1.59563 -19 10.0744
      vertex 0 -22 11.7
      vertex -1.83028 -22 11.556
    endloop
  endfacet
  facet normal -0.870245 -0.446126 -0.208914
    outer loop
      vertex 10.0744 -19 1.59563
      vertex 11.556 -22 1.83028
      vertex 9.70078 -19 3.15197
    endloop
  endfacet
  facet normal 0.892214 -0.446125 0.0701962
    outer loop
      vertex -11.556 -22 -1.83028
      vertex -10.0744 -19 -1.59563
      vertex -11.7 -22 0
    endloop
  endfacet
  facet normal 0.82685 -0.446115 0.342492
    outer loop
      vertex -9.08827 -19 -4.6307
      vertex -9.70078 -19 -3.15197
      vertex -10.4248 -22 -5.31169
    endloop
  endfacet
  facet normal 0.870245 -0.446118 0.208931
    outer loop
      vertex -11.1274 -22 -3.6155
      vertex -9.70078 -19 -3.15197
      vertex -11.556 -22 -1.83028
    endloop
  endfacet
  facet normal -0.82685 -0.446115 -0.342492
    outer loop
      vertex 9.70078 -19 3.15197
      vertex 10.4248 -22 5.31169
      vertex 9.08827 -19 4.6307
    endloop
  endfacet
  facet normal 0.467626 -0.446114 -0.763091
    outer loop
      vertex -4.6307 -19 9.08827
      vertex -5.31169 -22 10.4248
      vertex -5.99541 -19 8.25197
    endloop
  endfacet
  facet normal 0.342498 -0.446118 -0.826846
    outer loop
      vertex -3.15197 -19 9.70078
      vertex -3.6155 -22 11.1274
      vertex -5.31169 -22 10.4248
    endloop
  endfacet
  facet normal 0.208931 -0.446118 0.870245
    outer loop
      vertex -1.83028 -22 -11.556
      vertex -3.15197 -19 -9.70078
      vertex -3.6155 -22 -11.1274
    endloop
  endfacet
  facet normal 0 -0.23345 0.972369
    outer loop
      vertex -9.97801 -8.85106 -1.99722
      vertex -14.0368 -9.17149 -2.07415
      vertex -9.95954 -9.17149 -2.07415
    endloop
  endfacet
  facet normal 0 -0.23345 0.972369
    outer loop
      vertex -14.0368 -9.17149 -2.07415
      vertex -9.97801 -8.85106 -1.99722
      vertex -14.0428 -8.85106 -1.99722
    endloop
  endfacet
  facet normal 0 -0.23345 0.972369
    outer loop
      vertex 9.97801 -8.85106 -1.99722
      vertex 14.0368 -9.17149 -2.07415
      vertex 14.0428 -8.85106 -1.99722
    endloop
  endfacet
  facet normal 0 -0.23345 0.972369
    outer loop
      vertex 14.0368 -9.17149 -2.07415
      vertex 9.97801 -8.85106 -1.99722
      vertex 9.95954 -9.17149 -2.07415
    endloop
  endfacet
  facet normal 0 0.923885 -0.38267
    outer loop
      vertex -10.1489 -11.4972 0.648935
      vertex -14.125 -11.3711 0.95338
      vertex -10.125 -11.3711 0.95338
    endloop
  endfacet
  facet normal 0 0.923885 -0.38267
    outer loop
      vertex -14.125 -11.3711 0.95338
      vertex -10.1489 -11.4972 0.648935
      vertex -14.1489 -11.4972 0.648935
    endloop
  endfacet
  facet normal 0 0.923885 -0.38267
    outer loop
      vertex 10.1489 -11.4972 0.648935
      vertex 14.125 -11.3711 0.95338
      vertex 14.1489 -11.4972 0.648935
    endloop
  endfacet
  facet normal 0 0.923885 -0.38267
    outer loop
      vertex 14.125 -11.3711 0.95338
      vertex 10.1489 -11.4972 0.648935
      vertex 10.125 -11.3711 0.95338
    endloop
  endfacet
  facet normal 0 0.760416 -0.649436
    outer loop
      vertex -10.1029 -11.1989 1.23435
      vertex -14.0831 -10.9849 1.48492
      vertex -10.0831 -10.9849 1.48492
    endloop
  endfacet
  facet normal 0 0.760416 -0.649436
    outer loop
      vertex -14.0831 -10.9849 1.48492
      vertex -10.1029 -11.1989 1.23435
      vertex -14.1029 -11.1989 1.23435
    endloop
  endfacet
  facet normal 0 0.760416 -0.649436
    outer loop
      vertex 10.1029 -11.1989 1.23435
      vertex 14.0831 -10.9849 1.48492
      vertex 14.1029 -11.1989 1.23435
    endloop
  endfacet
  facet normal 0 0.760416 -0.649436
    outer loop
      vertex 14.0831 -10.9849 1.48492
      vertex 10.1029 -11.1989 1.23435
      vertex 10.0831 -10.9849 1.48492
    endloop
  endfacet
  facet normal 0 0.649325 -0.760511
    outer loop
      vertex -10.0744 -10.8553 1.59563
      vertex -14.0663 -10.7343 1.69894
      vertex -10.0496 -10.7343 1.69894
    endloop
  endfacet
  facet normal 1.01701e-05 0.649519 -0.760345
    outer loop
      vertex -10.0831 -10.9849 1.48492
      vertex -14.0663 -10.7343 1.69894
      vertex -10.0744 -10.8553 1.59563
    endloop
  endfacet
  facet normal 0 0.649426 -0.760425
    outer loop
      vertex -14.0663 -10.7343 1.69894
      vertex -10.0831 -10.9849 1.48492
      vertex -14.0831 -10.9849 1.48492
    endloop
  endfacet
  facet normal 0 0.649426 -0.760425
    outer loop
      vertex 10.0831 -10.9849 1.48492
      vertex 14.0663 -10.7343 1.69894
      vertex 14.0831 -10.9849 1.48492
    endloop
  endfacet
  facet normal -1.01701e-05 0.649519 -0.760345
    outer loop
      vertex 10.0744 -10.8553 1.59563
      vertex 14.0663 -10.7343 1.69894
      vertex 10.0831 -10.9849 1.48492
    endloop
  endfacet
  facet normal 0 0.649325 -0.760511
    outer loop
      vertex 14.0663 -10.7343 1.69894
      vertex 10.0744 -10.8553 1.59563
      vertex 10.0496 -10.7343 1.69894
    endloop
  endfacet
  facet normal -0 0.233477 0.972362
    outer loop
      vertex -14.0368 -9.82851 -2.07415
      vertex -9.97801 -10.1489 -1.99722
      vertex -9.95954 -9.82851 -2.07415
    endloop
  endfacet
  facet normal 0 0.233477 0.972362
    outer loop
      vertex -9.97801 -10.1489 -1.99722
      vertex -14.0368 -9.82851 -2.07415
      vertex -14.0428 -10.1489 -1.99722
    endloop
  endfacet
  facet normal 0 0.233477 0.972362
    outer loop
      vertex 14.0368 -9.82851 -2.07415
      vertex 9.97801 -10.1489 -1.99722
      vertex 14.0428 -10.1489 -1.99722
    endloop
  endfacet
  facet normal 0 0.233477 0.972362
    outer loop
      vertex 9.97801 -10.1489 -1.99722
      vertex 14.0368 -9.82851 -2.07415
      vertex 9.95954 -9.82851 -2.07415
    endloop
  endfacet
  facet normal 0 -0.382701 -0.923872
    outer loop
      vertex -14.0428 -8.85106 1.99722
      vertex -10.0083 -8.54662 1.87111
      vertex -9.97801 -8.85106 1.99722
    endloop
  endfacet
  facet normal -0 -0.382701 -0.923872
    outer loop
      vertex -10.0083 -8.54662 1.87111
      vertex -14.0428 -8.85106 1.99722
      vertex -14.0527 -8.54662 1.87111
    endloop
  endfacet
  facet normal 0 -0.382701 -0.923872
    outer loop
      vertex 14.0428 -8.85106 1.99722
      vertex 10.0083 -8.54662 1.87111
      vertex 14.0527 -8.54662 1.87111
    endloop
  endfacet
  facet normal 0 -0.382701 -0.923872
    outer loop
      vertex 10.0083 -8.54662 1.87111
      vertex 14.0428 -8.85106 1.99722
      vertex 9.97801 -8.85106 1.99722
    endloop
  endfacet
  facet normal 0 -0.0784461 -0.996918
    outer loop
      vertex -14.0347 -9.5 2.1
      vertex -9.95954 -9.17149 2.07415
      vertex -9.95333 -9.5 2.1
    endloop
  endfacet
  facet normal -0 -0.0784461 -0.996918
    outer loop
      vertex -9.95954 -9.17149 2.07415
      vertex -14.0347 -9.5 2.1
      vertex -14.0368 -9.17149 2.07415
    endloop
  endfacet
  facet normal 0 -0.0784461 -0.996918
    outer loop
      vertex 14.0347 -9.5 2.1
      vertex 9.95954 -9.17149 2.07415
      vertex 14.0368 -9.17149 2.07415
    endloop
  endfacet
  facet normal 0 -0.0784461 -0.996918
    outer loop
      vertex 9.95954 -9.17149 2.07415
      vertex 14.0347 -9.5 2.1
      vertex 9.95333 -9.5 2.1
    endloop
  endfacet
  facet normal 0 0.996907 -0.0785965
    outer loop
      vertex -10.2 -11.6 0
      vertex -14.1741 -11.5741 0.328512
      vertex -10.1741 -11.5741 0.328512
    endloop
  endfacet
  facet normal 0 0.996907 -0.0785965
    outer loop
      vertex -14.1741 -11.5741 0.328512
      vertex -10.2 -11.6 0
      vertex -14.2 -11.6 0
    endloop
  endfacet
  facet normal 0 0.996907 -0.0785965
    outer loop
      vertex 10.2 -11.6 0
      vertex 14.1741 -11.5741 0.328512
      vertex 14.2 -11.6 0
    endloop
  endfacet
  facet normal 0 0.996907 -0.0785965
    outer loop
      vertex 14.1741 -11.5741 0.328512
      vertex 10.2 -11.6 0
      vertex 10.1741 -11.5741 0.328512
    endloop
  endfacet
  facet normal -0 0.996907 0.0785965
    outer loop
      vertex -14.1741 -11.5741 -0.328512
      vertex -10.2 -11.6 0
      vertex -10.1741 -11.5741 -0.328512
    endloop
  endfacet
  facet normal 0 0.996907 0.0785965
    outer loop
      vertex -10.2 -11.6 0
      vertex -14.1741 -11.5741 -0.328512
      vertex -14.2 -11.6 0
    endloop
  endfacet
  facet normal 0 0.996907 0.0785965
    outer loop
      vertex 14.1741 -11.5741 -0.328512
      vertex 10.2 -11.6 0
      vertex 14.2 -11.6 0
    endloop
  endfacet
  facet normal 0 0.996907 0.0785965
    outer loop
      vertex 10.2 -11.6 0
      vertex 14.1741 -11.5741 -0.328512
      vertex 10.1741 -11.5741 -0.328512
    endloop
  endfacet
  facet normal -0 0.760416 0.649436
    outer loop
      vertex -14.0831 -10.9849 -1.48492
      vertex -10.1029 -11.1989 -1.23435
      vertex -10.0831 -10.9849 -1.48492
    endloop
  endfacet
  facet normal 0 0.760416 0.649436
    outer loop
      vertex -10.1029 -11.1989 -1.23435
      vertex -14.0831 -10.9849 -1.48492
      vertex -14.1029 -11.1989 -1.23435
    endloop
  endfacet
  facet normal 0 0.760416 0.649436
    outer loop
      vertex 14.0831 -10.9849 -1.48492
      vertex 10.1029 -11.1989 -1.23435
      vertex 14.1029 -11.1989 -1.23435
    endloop
  endfacet
  facet normal 0 0.760416 0.649436
    outer loop
      vertex 10.1029 -11.1989 -1.23435
      vertex 14.0831 -10.9849 -1.48492
      vertex 10.0831 -10.9849 -1.48492
    endloop
  endfacet
  facet normal -0 0.522574 0.852594
    outer loop
      vertex -14.0527 -10.4534 -1.87111
      vertex -10.0496 -10.7343 -1.69894
      vertex -10.0083 -10.4534 -1.87111
    endloop
  endfacet
  facet normal 0 0.522574 0.852594
    outer loop
      vertex -10.0496 -10.7343 -1.69894
      vertex -14.0527 -10.4534 -1.87111
      vertex -14.0663 -10.7343 -1.69894
    endloop
  endfacet
  facet normal 0 0.522574 0.852594
    outer loop
      vertex 14.0527 -10.4534 -1.87111
      vertex 10.0496 -10.7343 -1.69894
      vertex 14.0663 -10.7343 -1.69894
    endloop
  endfacet
  facet normal 0 0.522574 0.852594
    outer loop
      vertex 10.0496 -10.7343 -1.69894
      vertex 14.0527 -10.4534 -1.87111
      vertex 10.0083 -10.4534 -1.87111
    endloop
  endfacet
  facet normal 0 -0.852652 0.52248
    outer loop
      vertex -14.1029 -7.80106 -1.23435
      vertex -10.125 -7.62889 -0.95338
      vertex -14.125 -7.62889 -0.95338
    endloop
  endfacet
  facet normal 0 -0.852652 0.52248
    outer loop
      vertex -10.125 -7.62889 -0.95338
      vertex -14.1029 -7.80106 -1.23435
      vertex -10.1029 -7.80106 -1.23435
    endloop
  endfacet
  facet normal 0 -0.852652 0.52248
    outer loop
      vertex 14.1029 -7.80106 -1.23435
      vertex 10.125 -7.62889 -0.95338
      vertex 10.1029 -7.80106 -1.23435
    endloop
  endfacet
  facet normal 0 -0.852652 0.52248
    outer loop
      vertex 10.125 -7.62889 -0.95338
      vertex 14.1029 -7.80106 -1.23435
      vertex 14.125 -7.62889 -0.95338
    endloop
  endfacet
  facet normal -0 -0.972368 -0.233455
    outer loop
      vertex -10.1741 -7.42585 0.328512
      vertex -14.1489 -7.50278 0.648935
      vertex -14.1741 -7.42585 0.328512
    endloop
  endfacet
  facet normal 0 -0.972368 -0.233455
    outer loop
      vertex -14.1489 -7.50278 0.648935
      vertex -10.1741 -7.42585 0.328512
      vertex -10.1489 -7.50278 0.648935
    endloop
  endfacet
  facet normal 0 -0.972368 -0.233455
    outer loop
      vertex 10.1741 -7.42585 0.328512
      vertex 14.1489 -7.50278 0.648935
      vertex 10.1489 -7.50278 0.648935
    endloop
  endfacet
  facet normal 0 -0.972368 -0.233455
    outer loop
      vertex 14.1489 -7.50278 0.648935
      vertex 10.1741 -7.42585 0.328512
      vertex 14.1741 -7.42585 0.328512
    endloop
  endfacet
  facet normal 0 -0.760386 0.649471
    outer loop
      vertex -14.0831 -8.01508 -1.48492
      vertex -10.1029 -7.80106 -1.23435
      vertex -14.1029 -7.80106 -1.23435
    endloop
  endfacet
  facet normal 0 -0.760386 0.649471
    outer loop
      vertex -10.1029 -7.80106 -1.23435
      vertex -14.0831 -8.01508 -1.48492
      vertex -10.0831 -8.01508 -1.48492
    endloop
  endfacet
  facet normal 0 -0.760386 0.649471
    outer loop
      vertex 14.0831 -8.01508 -1.48492
      vertex 10.1029 -7.80106 -1.23435
      vertex 10.0831 -8.01508 -1.48492
    endloop
  endfacet
  facet normal 0 -0.760386 0.649471
    outer loop
      vertex 10.1029 -7.80106 -1.23435
      vertex 14.0831 -8.01508 -1.48492
      vertex 14.1029 -7.80106 -1.23435
    endloop
  endfacet
  facet normal -0 -0.852652 -0.52248
    outer loop
      vertex -10.125 -7.62889 0.95338
      vertex -14.1029 -7.80106 1.23435
      vertex -14.125 -7.62889 0.95338
    endloop
  endfacet
  facet normal 0 -0.852652 -0.52248
    outer loop
      vertex -14.1029 -7.80106 1.23435
      vertex -10.125 -7.62889 0.95338
      vertex -10.1029 -7.80106 1.23435
    endloop
  endfacet
  facet normal 0 -0.852652 -0.52248
    outer loop
      vertex 10.125 -7.62889 0.95338
      vertex 14.1029 -7.80106 1.23435
      vertex 10.1029 -7.80106 1.23435
    endloop
  endfacet
  facet normal 0 -0.852652 -0.52248
    outer loop
      vertex 14.1029 -7.80106 1.23435
      vertex 10.125 -7.62889 0.95338
      vertex 14.125 -7.62889 0.95338
    endloop
  endfacet
  facet normal 0 0.972388 -0.233369
    outer loop
      vertex -10.1741 -11.5741 0.328512
      vertex -14.1489 -11.4972 0.648935
      vertex -10.1489 -11.4972 0.648935
    endloop
  endfacet
  facet normal 0 0.972388 -0.233369
    outer loop
      vertex -14.1489 -11.4972 0.648935
      vertex -10.1741 -11.5741 0.328512
      vertex -14.1741 -11.5741 0.328512
    endloop
  endfacet
  facet normal 0 0.972388 -0.233369
    outer loop
      vertex 10.1741 -11.5741 0.328512
      vertex 14.1489 -11.4972 0.648935
      vertex 14.1741 -11.5741 0.328512
    endloop
  endfacet
  facet normal 0 0.972388 -0.233369
    outer loop
      vertex 14.1489 -11.4972 0.648935
      vertex 10.1741 -11.5741 0.328512
      vertex 10.1489 -11.4972 0.648935
    endloop
  endfacet
  facet normal 0 -0.649481 0.760378
    outer loop
      vertex -10.0744 -8.1447 -1.59563
      vertex -14.0663 -8.26565 -1.69894
      vertex -10.0496 -8.26565 -1.69894
    endloop
  endfacet
  facet normal -9.79233e-07 -0.649462 0.760394
    outer loop
      vertex -10.0831 -8.01508 -1.48492
      vertex -14.0663 -8.26565 -1.69894
      vertex -10.0744 -8.1447 -1.59563
    endloop
  endfacet
  facet normal 0 -0.649471 0.760386
    outer loop
      vertex -14.0663 -8.26565 -1.69894
      vertex -10.0831 -8.01508 -1.48492
      vertex -14.0831 -8.01508 -1.48492
    endloop
  endfacet
  facet normal 0 -0.649471 0.760386
    outer loop
      vertex 10.0831 -8.01508 -1.48492
      vertex 14.0663 -8.26565 -1.69894
      vertex 14.0831 -8.01508 -1.48492
    endloop
  endfacet
  facet normal 9.79233e-07 -0.649462 0.760394
    outer loop
      vertex 10.0744 -8.1447 -1.59563
      vertex 14.0663 -8.26565 -1.69894
      vertex 10.0831 -8.01508 -1.48492
    endloop
  endfacet
  facet normal 0 -0.649481 0.760378
    outer loop
      vertex 14.0663 -8.26565 -1.69894
      vertex 10.0744 -8.1447 -1.59563
      vertex 10.0496 -8.26565 -1.69894
    endloop
  endfacet
  facet normal -0 -0.996918 -0.0784457
    outer loop
      vertex -10.2 -7.4 0
      vertex -14.1741 -7.42585 0.328512
      vertex -14.2 -7.4 0
    endloop
  endfacet
  facet normal 0 -0.996918 -0.0784457
    outer loop
      vertex -14.1741 -7.42585 0.328512
      vertex -10.2 -7.4 0
      vertex -10.1741 -7.42585 0.328512
    endloop
  endfacet
  facet normal 0 -0.996918 -0.0784457
    outer loop
      vertex 10.2 -7.4 0
      vertex 14.1741 -7.42585 0.328512
      vertex 10.1741 -7.42585 0.328512
    endloop
  endfacet
  facet normal 0 -0.996918 -0.0784457
    outer loop
      vertex 14.1741 -7.42585 0.328512
      vertex 10.2 -7.4 0
      vertex 14.2 -7.4 0
    endloop
  endfacet
  facet normal -0 0.852611 0.522546
    outer loop
      vertex -14.1029 -11.1989 -1.23435
      vertex -10.125 -11.3711 -0.95338
      vertex -10.1029 -11.1989 -1.23435
    endloop
  endfacet
  facet normal 0 0.852611 0.522546
    outer loop
      vertex -10.125 -11.3711 -0.95338
      vertex -14.1029 -11.1989 -1.23435
      vertex -14.125 -11.3711 -0.95338
    endloop
  endfacet
  facet normal 0 0.852611 0.522546
    outer loop
      vertex 14.1029 -11.1989 -1.23435
      vertex 10.125 -11.3711 -0.95338
      vertex 14.125 -11.3711 -0.95338
    endloop
  endfacet
  facet normal 0 0.852611 0.522546
    outer loop
      vertex 10.125 -11.3711 -0.95338
      vertex 14.1029 -11.1989 -1.23435
      vertex 10.1029 -11.1989 -1.23435
    endloop
  endfacet
  facet normal -0 0.972388 0.233369
    outer loop
      vertex -14.1489 -11.4972 -0.648935
      vertex -10.1741 -11.5741 -0.328512
      vertex -10.1489 -11.4972 -0.648935
    endloop
  endfacet
  facet normal 0 0.972388 0.233369
    outer loop
      vertex -10.1741 -11.5741 -0.328512
      vertex -14.1489 -11.4972 -0.648935
      vertex -14.1741 -11.5741 -0.328512
    endloop
  endfacet
  facet normal 0 0.972388 0.233369
    outer loop
      vertex 14.1489 -11.4972 -0.648935
      vertex 10.1741 -11.5741 -0.328512
      vertex 14.1741 -11.5741 -0.328512
    endloop
  endfacet
  facet normal 0 0.972388 0.233369
    outer loop
      vertex 10.1741 -11.5741 -0.328512
      vertex 14.1489 -11.4972 -0.648935
      vertex 10.1489 -11.4972 -0.648935
    endloop
  endfacet
  facet normal 0 0.233477 -0.972362
    outer loop
      vertex -9.97801 -10.1489 1.99722
      vertex -14.0368 -9.82851 2.07415
      vertex -9.95954 -9.82851 2.07415
    endloop
  endfacet
  facet normal 0 0.233477 -0.972362
    outer loop
      vertex -14.0368 -9.82851 2.07415
      vertex -9.97801 -10.1489 1.99722
      vertex -14.0428 -10.1489 1.99722
    endloop
  endfacet
  facet normal 0 0.233477 -0.972362
    outer loop
      vertex 9.97801 -10.1489 1.99722
      vertex 14.0368 -9.82851 2.07415
      vertex 14.0428 -10.1489 1.99722
    endloop
  endfacet
  facet normal 0 0.233477 -0.972362
    outer loop
      vertex 14.0368 -9.82851 2.07415
      vertex 9.97801 -10.1489 1.99722
      vertex 9.95954 -9.82851 2.07415
    endloop
  endfacet
  facet normal 0 0.382637 -0.923899
    outer loop
      vertex -10.0083 -10.4534 1.87111
      vertex -14.0428 -10.1489 1.99722
      vertex -9.97801 -10.1489 1.99722
    endloop
  endfacet
  facet normal 0 0.382637 -0.923899
    outer loop
      vertex -14.0428 -10.1489 1.99722
      vertex -10.0083 -10.4534 1.87111
      vertex -14.0527 -10.4534 1.87111
    endloop
  endfacet
  facet normal 0 0.382637 -0.923899
    outer loop
      vertex 10.0083 -10.4534 1.87111
      vertex 14.0428 -10.1489 1.99722
      vertex 14.0527 -10.4534 1.87111
    endloop
  endfacet
  facet normal 0 0.382637 -0.923899
    outer loop
      vertex 14.0428 -10.1489 1.99722
      vertex 10.0083 -10.4534 1.87111
      vertex 9.97801 -10.1489 1.99722
    endloop
  endfacet
  facet normal -0 -0.760386 -0.649471
    outer loop
      vertex -10.1029 -7.80106 1.23435
      vertex -14.0831 -8.01508 1.48492
      vertex -14.1029 -7.80106 1.23435
    endloop
  endfacet
  facet normal 0 -0.760386 -0.649471
    outer loop
      vertex -14.0831 -8.01508 1.48492
      vertex -10.1029 -7.80106 1.23435
      vertex -10.0831 -8.01508 1.48492
    endloop
  endfacet
  facet normal 0 -0.760386 -0.649471
    outer loop
      vertex 10.1029 -7.80106 1.23435
      vertex 14.0831 -8.01508 1.48492
      vertex 10.0831 -8.01508 1.48492
    endloop
  endfacet
  facet normal 0 -0.760386 -0.649471
    outer loop
      vertex 14.0831 -8.01508 1.48492
      vertex 10.1029 -7.80106 1.23435
      vertex 14.1029 -7.80106 1.23435
    endloop
  endfacet
  facet normal 0 -0.52248 -0.852652
    outer loop
      vertex -14.0527 -8.54662 1.87111
      vertex -10.0496 -8.26565 1.69894
      vertex -10.0083 -8.54662 1.87111
    endloop
  endfacet
  facet normal -0 -0.52248 -0.852652
    outer loop
      vertex -10.0496 -8.26565 1.69894
      vertex -14.0527 -8.54662 1.87111
      vertex -14.0663 -8.26565 1.69894
    endloop
  endfacet
  facet normal 0 -0.52248 -0.852652
    outer loop
      vertex 14.0527 -8.54662 1.87111
      vertex 10.0496 -8.26565 1.69894
      vertex 14.0663 -8.26565 1.69894
    endloop
  endfacet
  facet normal 0 -0.52248 -0.852652
    outer loop
      vertex 10.0496 -8.26565 1.69894
      vertex 14.0527 -8.54662 1.87111
      vertex 10.0083 -8.54662 1.87111
    endloop
  endfacet
  facet normal 0 0.852611 -0.522546
    outer loop
      vertex -10.125 -11.3711 0.95338
      vertex -14.1029 -11.1989 1.23435
      vertex -10.1029 -11.1989 1.23435
    endloop
  endfacet
  facet normal 0 0.852611 -0.522546
    outer loop
      vertex -14.1029 -11.1989 1.23435
      vertex -10.125 -11.3711 0.95338
      vertex -14.125 -11.3711 0.95338
    endloop
  endfacet
  facet normal 0 0.852611 -0.522546
    outer loop
      vertex 10.125 -11.3711 0.95338
      vertex 14.1029 -11.1989 1.23435
      vertex 14.125 -11.3711 0.95338
    endloop
  endfacet
  facet normal 0 0.852611 -0.522546
    outer loop
      vertex 14.1029 -11.1989 1.23435
      vertex 10.125 -11.3711 0.95338
      vertex 10.1029 -11.1989 1.23435
    endloop
  endfacet
  facet normal -0 0.649325 0.760511
    outer loop
      vertex -14.0663 -10.7343 -1.69894
      vertex -10.0744 -10.8553 -1.59563
      vertex -10.0496 -10.7343 -1.69894
    endloop
  endfacet
  facet normal 1.01701e-05 0.649519 0.760345
    outer loop
      vertex -14.0663 -10.7343 -1.69894
      vertex -10.0831 -10.9849 -1.48492
      vertex -10.0744 -10.8553 -1.59563
    endloop
  endfacet
  facet normal 0 0.649426 0.760425
    outer loop
      vertex -10.0831 -10.9849 -1.48492
      vertex -14.0663 -10.7343 -1.69894
      vertex -14.0831 -10.9849 -1.48492
    endloop
  endfacet
  facet normal 0 0.649426 0.760425
    outer loop
      vertex 14.0663 -10.7343 -1.69894
      vertex 10.0831 -10.9849 -1.48492
      vertex 14.0831 -10.9849 -1.48492
    endloop
  endfacet
  facet normal -1.01701e-05 0.649519 0.760345
    outer loop
      vertex 14.0663 -10.7343 -1.69894
      vertex 10.0744 -10.8553 -1.59563
      vertex 10.0831 -10.9849 -1.48492
    endloop
  endfacet
  facet normal 0 0.649325 0.760511
    outer loop
      vertex 10.0744 -10.8553 -1.59563
      vertex 14.0663 -10.7343 -1.69894
      vertex 10.0496 -10.7343 -1.69894
    endloop
  endfacet
  facet normal 0 0.522574 -0.852594
    outer loop
      vertex -10.0496 -10.7343 1.69894
      vertex -14.0527 -10.4534 1.87111
      vertex -10.0083 -10.4534 1.87111
    endloop
  endfacet
  facet normal 0 0.522574 -0.852594
    outer loop
      vertex -14.0527 -10.4534 1.87111
      vertex -10.0496 -10.7343 1.69894
      vertex -14.0663 -10.7343 1.69894
    endloop
  endfacet
  facet normal 0 0.522574 -0.852594
    outer loop
      vertex 10.0496 -10.7343 1.69894
      vertex 14.0527 -10.4534 1.87111
      vertex 14.0663 -10.7343 1.69894
    endloop
  endfacet
  facet normal 0 0.522574 -0.852594
    outer loop
      vertex 14.0527 -10.4534 1.87111
      vertex 10.0496 -10.7343 1.69894
      vertex 10.0083 -10.4534 1.87111
    endloop
  endfacet
  facet normal -0 -0.923874 -0.382696
    outer loop
      vertex -10.1489 -7.50278 0.648935
      vertex -14.125 -7.62889 0.95338
      vertex -14.1489 -7.50278 0.648935
    endloop
  endfacet
  facet normal 0 -0.923874 -0.382696
    outer loop
      vertex -14.125 -7.62889 0.95338
      vertex -10.1489 -7.50278 0.648935
      vertex -10.125 -7.62889 0.95338
    endloop
  endfacet
  facet normal 0 -0.923874 -0.382696
    outer loop
      vertex 10.1489 -7.50278 0.648935
      vertex 14.125 -7.62889 0.95338
      vertex 10.125 -7.62889 0.95338
    endloop
  endfacet
  facet normal 0 -0.923874 -0.382696
    outer loop
      vertex 14.125 -7.62889 0.95338
      vertex 10.1489 -7.50278 0.648935
      vertex 14.1489 -7.50278 0.648935
    endloop
  endfacet
  facet normal 0 -0.52248 0.852652
    outer loop
      vertex -10.0496 -8.26565 -1.69894
      vertex -14.0527 -8.54662 -1.87111
      vertex -10.0083 -8.54662 -1.87111
    endloop
  endfacet
  facet normal 0 -0.52248 0.852652
    outer loop
      vertex -14.0527 -8.54662 -1.87111
      vertex -10.0496 -8.26565 -1.69894
      vertex -14.0663 -8.26565 -1.69894
    endloop
  endfacet
  facet normal 0 -0.52248 0.852652
    outer loop
      vertex 10.0496 -8.26565 -1.69894
      vertex 14.0527 -8.54662 -1.87111
      vertex 14.0663 -8.26565 -1.69894
    endloop
  endfacet
  facet normal 0 -0.52248 0.852652
    outer loop
      vertex 14.0527 -8.54662 -1.87111
      vertex 10.0496 -8.26565 -1.69894
      vertex 10.0083 -8.54662 -1.87111
    endloop
  endfacet
  facet normal 0 -0.382701 0.923872
    outer loop
      vertex -10.0083 -8.54662 -1.87111
      vertex -14.0428 -8.85106 -1.99722
      vertex -9.97801 -8.85106 -1.99722
    endloop
  endfacet
  facet normal 0 -0.382701 0.923872
    outer loop
      vertex -14.0428 -8.85106 -1.99722
      vertex -10.0083 -8.54662 -1.87111
      vertex -14.0527 -8.54662 -1.87111
    endloop
  endfacet
  facet normal 0 -0.382701 0.923872
    outer loop
      vertex 10.0083 -8.54662 -1.87111
      vertex 14.0428 -8.85106 -1.99722
      vertex 14.0527 -8.54662 -1.87111
    endloop
  endfacet
  facet normal 0 -0.382701 0.923872
    outer loop
      vertex 14.0428 -8.85106 -1.99722
      vertex 10.0083 -8.54662 -1.87111
      vertex 9.97801 -8.85106 -1.99722
    endloop
  endfacet
  facet normal 0 0.0784461 -0.996918
    outer loop
      vertex -9.95954 -9.82851 2.07415
      vertex -14.0347 -9.5 2.1
      vertex -9.95333 -9.5 2.1
    endloop
  endfacet
  facet normal 0 0.0784461 -0.996918
    outer loop
      vertex -14.0347 -9.5 2.1
      vertex -9.95954 -9.82851 2.07415
      vertex -14.0368 -9.82851 2.07415
    endloop
  endfacet
  facet normal 0 0.0784461 -0.996918
    outer loop
      vertex 9.95954 -9.82851 2.07415
      vertex 14.0347 -9.5 2.1
      vertex 14.0368 -9.82851 2.07415
    endloop
  endfacet
  facet normal 0 0.0784461 -0.996918
    outer loop
      vertex 14.0347 -9.5 2.1
      vertex 9.95954 -9.82851 2.07415
      vertex 9.95333 -9.5 2.1
    endloop
  endfacet
  facet normal -0 0.0784461 0.996918
    outer loop
      vertex -14.0347 -9.5 -2.1
      vertex -9.95954 -9.82851 -2.07415
      vertex -9.95333 -9.5 -2.1
    endloop
  endfacet
  facet normal 0 0.0784461 0.996918
    outer loop
      vertex -9.95954 -9.82851 -2.07415
      vertex -14.0347 -9.5 -2.1
      vertex -14.0368 -9.82851 -2.07415
    endloop
  endfacet
  facet normal 0 0.0784461 0.996918
    outer loop
      vertex 14.0347 -9.5 -2.1
      vertex 9.95954 -9.82851 -2.07415
      vertex 14.0368 -9.82851 -2.07415
    endloop
  endfacet
  facet normal 0 0.0784461 0.996918
    outer loop
      vertex 9.95954 -9.82851 -2.07415
      vertex 14.0347 -9.5 -2.1
      vertex 9.95333 -9.5 -2.1
    endloop
  endfacet
  facet normal 0 -0.0784461 0.996918
    outer loop
      vertex -9.95954 -9.17149 -2.07415
      vertex -14.0347 -9.5 -2.1
      vertex -9.95333 -9.5 -2.1
    endloop
  endfacet
  facet normal 0 -0.0784461 0.996918
    outer loop
      vertex -14.0347 -9.5 -2.1
      vertex -9.95954 -9.17149 -2.07415
      vertex -14.0368 -9.17149 -2.07415
    endloop
  endfacet
  facet normal 0 -0.0784461 0.996918
    outer loop
      vertex 9.95954 -9.17149 -2.07415
      vertex 14.0347 -9.5 -2.1
      vertex 14.0368 -9.17149 -2.07415
    endloop
  endfacet
  facet normal 0 -0.0784461 0.996918
    outer loop
      vertex 14.0347 -9.5 -2.1
      vertex 9.95954 -9.17149 -2.07415
      vertex 9.95333 -9.5 -2.1
    endloop
  endfacet
  facet normal -0 0.382637 0.923899
    outer loop
      vertex -14.0428 -10.1489 -1.99722
      vertex -10.0083 -10.4534 -1.87111
      vertex -9.97801 -10.1489 -1.99722
    endloop
  endfacet
  facet normal 0 0.382637 0.923899
    outer loop
      vertex -10.0083 -10.4534 -1.87111
      vertex -14.0428 -10.1489 -1.99722
      vertex -14.0527 -10.4534 -1.87111
    endloop
  endfacet
  facet normal 0 0.382637 0.923899
    outer loop
      vertex 14.0428 -10.1489 -1.99722
      vertex 10.0083 -10.4534 -1.87111
      vertex 14.0527 -10.4534 -1.87111
    endloop
  endfacet
  facet normal 0 0.382637 0.923899
    outer loop
      vertex 10.0083 -10.4534 -1.87111
      vertex 14.0428 -10.1489 -1.99722
      vertex 9.97801 -10.1489 -1.99722
    endloop
  endfacet
  facet normal -0 0.923885 0.38267
    outer loop
      vertex -14.125 -11.3711 -0.95338
      vertex -10.1489 -11.4972 -0.648935
      vertex -10.125 -11.3711 -0.95338
    endloop
  endfacet
  facet normal 0 0.923885 0.38267
    outer loop
      vertex -10.1489 -11.4972 -0.648935
      vertex -14.125 -11.3711 -0.95338
      vertex -14.1489 -11.4972 -0.648935
    endloop
  endfacet
  facet normal 0 0.923885 0.38267
    outer loop
      vertex 14.125 -11.3711 -0.95338
      vertex 10.1489 -11.4972 -0.648935
      vertex 14.1489 -11.4972 -0.648935
    endloop
  endfacet
  facet normal 0 0.923885 0.38267
    outer loop
      vertex 10.1489 -11.4972 -0.648935
      vertex 14.125 -11.3711 -0.95338
      vertex 10.125 -11.3711 -0.95338
    endloop
  endfacet
  facet normal 0 -0.23345 -0.972369
    outer loop
      vertex -14.0368 -9.17149 2.07415
      vertex -9.97801 -8.85106 1.99722
      vertex -9.95954 -9.17149 2.07415
    endloop
  endfacet
  facet normal -0 -0.23345 -0.972369
    outer loop
      vertex -9.97801 -8.85106 1.99722
      vertex -14.0368 -9.17149 2.07415
      vertex -14.0428 -8.85106 1.99722
    endloop
  endfacet
  facet normal 0 -0.23345 -0.972369
    outer loop
      vertex 14.0368 -9.17149 2.07415
      vertex 9.97801 -8.85106 1.99722
      vertex 14.0428 -8.85106 1.99722
    endloop
  endfacet
  facet normal 0 -0.23345 -0.972369
    outer loop
      vertex 9.97801 -8.85106 1.99722
      vertex 14.0368 -9.17149 2.07415
      vertex 9.95954 -9.17149 2.07415
    endloop
  endfacet
  facet normal 0 -0.923874 0.382696
    outer loop
      vertex -14.125 -7.62889 -0.95338
      vertex -10.1489 -7.50278 -0.648935
      vertex -14.1489 -7.50278 -0.648935
    endloop
  endfacet
  facet normal 0 -0.923874 0.382696
    outer loop
      vertex -10.1489 -7.50278 -0.648935
      vertex -14.125 -7.62889 -0.95338
      vertex -10.125 -7.62889 -0.95338
    endloop
  endfacet
  facet normal 0 -0.923874 0.382696
    outer loop
      vertex 14.125 -7.62889 -0.95338
      vertex 10.1489 -7.50278 -0.648935
      vertex 10.125 -7.62889 -0.95338
    endloop
  endfacet
  facet normal 0 -0.923874 0.382696
    outer loop
      vertex 10.1489 -7.50278 -0.648935
      vertex 14.125 -7.62889 -0.95338
      vertex 14.1489 -7.50278 -0.648935
    endloop
  endfacet
  facet normal 0 -0.972368 0.233455
    outer loop
      vertex -14.1489 -7.50278 -0.648935
      vertex -10.1741 -7.42585 -0.328512
      vertex -14.1741 -7.42585 -0.328512
    endloop
  endfacet
  facet normal 0 -0.972368 0.233455
    outer loop
      vertex -10.1741 -7.42585 -0.328512
      vertex -14.1489 -7.50278 -0.648935
      vertex -10.1489 -7.50278 -0.648935
    endloop
  endfacet
  facet normal 0 -0.972368 0.233455
    outer loop
      vertex 14.1489 -7.50278 -0.648935
      vertex 10.1741 -7.42585 -0.328512
      vertex 10.1489 -7.50278 -0.648935
    endloop
  endfacet
  facet normal 0 -0.972368 0.233455
    outer loop
      vertex 10.1741 -7.42585 -0.328512
      vertex 14.1489 -7.50278 -0.648935
      vertex 14.1741 -7.42585 -0.328512
    endloop
  endfacet
  facet normal 0 -0.996918 0.0784457
    outer loop
      vertex -14.1741 -7.42585 -0.328512
      vertex -10.2 -7.4 0
      vertex -14.2 -7.4 0
    endloop
  endfacet
  facet normal 0 -0.996918 0.0784457
    outer loop
      vertex -10.2 -7.4 0
      vertex -14.1741 -7.42585 -0.328512
      vertex -10.1741 -7.42585 -0.328512
    endloop
  endfacet
  facet normal 0 -0.996918 0.0784457
    outer loop
      vertex 14.1741 -7.42585 -0.328512
      vertex 10.2 -7.4 0
      vertex 10.1741 -7.42585 -0.328512
    endloop
  endfacet
  facet normal 0 -0.996918 0.0784457
    outer loop
      vertex 10.2 -7.4 0
      vertex 14.1741 -7.42585 -0.328512
      vertex 14.2 -7.4 0
    endloop
  endfacet
  facet normal 0 -0.649481 -0.760378
    outer loop
      vertex -14.0663 -8.26565 1.69894
      vertex -10.0744 -8.1447 1.59563
      vertex -10.0496 -8.26565 1.69894
    endloop
  endfacet
  facet normal -9.79233e-07 -0.649462 -0.760394
    outer loop
      vertex -14.0663 -8.26565 1.69894
      vertex -10.0831 -8.01508 1.48492
      vertex -10.0744 -8.1447 1.59563
    endloop
  endfacet
  facet normal -0 -0.649471 -0.760386
    outer loop
      vertex -10.0831 -8.01508 1.48492
      vertex -14.0663 -8.26565 1.69894
      vertex -14.0831 -8.01508 1.48492
    endloop
  endfacet
  facet normal 0 -0.649471 -0.760386
    outer loop
      vertex 14.0663 -8.26565 1.69894
      vertex 10.0831 -8.01508 1.48492
      vertex 14.0831 -8.01508 1.48492
    endloop
  endfacet
  facet normal 9.79233e-07 -0.649462 -0.760394
    outer loop
      vertex 14.0663 -8.26565 1.69894
      vertex 10.0744 -8.1447 1.59563
      vertex 10.0831 -8.01508 1.48492
    endloop
  endfacet
  facet normal 0 -0.649481 -0.760378
    outer loop
      vertex 10.0744 -8.1447 1.59563
      vertex 14.0663 -8.26565 1.69894
      vertex 10.0496 -8.26565 1.69894
    endloop
  endfacet
endsolid OpenSCAD_Model
