solid OpenSCAD_Model
  facet normal 1 -0 0
    outer loop
      vertex 32.5 -12 46
      vertex 32.5 12 31
      vertex 32.5 12 46
    endloop
  endfacet
  facet normal 1 0 0
    outer loop
      vertex 32.5 12 31
      vertex 32.5 -12 46
      vertex 32.5 -12 31
    endloop
  endfacet
  facet normal 1 -0 0
    outer loop
      vertex 32.5 -12 15
      vertex 32.5 12 0
      vertex 32.5 12 15
    endloop
  endfacet
  facet normal 1 0 0
    outer loop
      vertex 32.5 12 0
      vertex 32.5 -12 15
      vertex 32.5 -12 0
    endloop
  endfacet
  facet normal 0 -1 0
    outer loop
      vertex -32.5 -12 46
      vertex -29.5 -12 31
      vertex 32.5 -12 46
    endloop
  endfacet
  facet normal 0 -1 0
    outer loop
      vertex -32.5 -12 46
      vertex -29.5 -12 15
      vertex -29.5 -12 31
    endloop
  endfacet
  facet normal 0 -1 0
    outer loop
      vertex -32.5 -12 0
      vertex -29.5 -12 15
      vertex -32.5 -12 46
    endloop
  endfacet
  facet normal 0 -1 0
    outer loop
      vertex 32.5 -12 0
      vertex -29.5 -12 15
      vertex -32.5 -12 0
    endloop
  endfacet
  facet normal 0 -1 0
    outer loop
      vertex -29.5 -12 15
      vertex 32.5 -12 0
      vertex 32.5 -12 15
    endloop
  endfacet
  facet normal 0 -1 -0
    outer loop
      vertex 32.5 -12 46
      vertex -29.5 -12 31
      vertex 32.5 -12 31
    endloop
  endfacet
  facet normal 0 -1 0
    outer loop
      vertex -25.5 12 46
      vertex -9.5 12 73
      vertex -25.5 12 73
    endloop
  endfacet
  facet normal 0 -1 -0
    outer loop
      vertex -9.5 12 73
      vertex -25.5 12 46
      vertex -9.5 12 46
    endloop
  endfacet
  facet normal 0 1 -0
    outer loop
      vertex -6.01196 12 31.3465
      vertex -9.5 12 46
      vertex 32.5 12 46
    endloop
  endfacet
  facet normal 0 1 0
    outer loop
      vertex -9.5 12 46
      vertex -9.15345 12 34.488
      vertex -9.5 12 34.7004
    endloop
  endfacet
  facet normal 0 1 0
    outer loop
      vertex -9.5 12 46
      vertex -7.45908 12 33.0409
      vertex -9.15345 12 34.488
    endloop
  endfacet
  facet normal 0 1 0
    outer loop
      vertex -9.5 12 46
      vertex -6.01196 12 31.3465
      vertex -7.45908 12 33.0409
    endloop
  endfacet
  facet normal 0 1 0
    outer loop
      vertex -5.79959 12 31
      vertex 32.5 12 46
      vertex 32.5 12 31
    endloop
  endfacet
  facet normal 0 1 0
    outer loop
      vertex 32.5 12 46
      vertex -5.79959 12 31
      vertex -6.01196 12 31.3465
    endloop
  endfacet
  facet normal 0 1 -0
    outer loop
      vertex 32.5 12 0
      vertex -5.79959 12 15
      vertex 32.5 12 15
    endloop
  endfacet
  facet normal 0 1 0
    outer loop
      vertex -5.79959 12 15
      vertex 32.5 12 0
      vertex -6.01196 12 14.6535
    endloop
  endfacet
  facet normal 0 1 0
    outer loop
      vertex -6.01196 12 14.6535
      vertex 32.5 12 0
      vertex -7.45908 12 12.9591
    endloop
  endfacet
  facet normal 0 1 0
    outer loop
      vertex -7.45908 12 12.9591
      vertex 32.5 12 0
      vertex -9.15345 12 11.512
    endloop
  endfacet
  facet normal 0 1 0
    outer loop
      vertex -9.15345 12 11.512
      vertex 32.5 12 0
      vertex -11.0533 12 10.3477
    endloop
  endfacet
  facet normal 0 1 0
    outer loop
      vertex -11.0533 12 10.3477
      vertex 32.5 12 0
      vertex -13.112 12 9.495
    endloop
  endfacet
  facet normal 0 1 0
    outer loop
      vertex -13.112 12 9.495
      vertex -32.5 12 0
      vertex -15.2786 12 8.97483
    endloop
  endfacet
  facet normal 0 1 0
    outer loop
      vertex -32.5 12 0
      vertex -13.112 12 9.495
      vertex 32.5 12 0
    endloop
  endfacet
  facet normal 0 1 0
    outer loop
      vertex -29.2004 12 15
      vertex -28.988 12 14.6535
      vertex -29.5 12 15
    endloop
  endfacet
  facet normal 0 1 -0
    outer loop
      vertex -25.5 12 34.7004
      vertex -32.5 12 46
      vertex -25.5 12 46
    endloop
  endfacet
  facet normal 0 1 -0
    outer loop
      vertex -25.8465 12 34.488
      vertex -32.5 12 46
      vertex -25.5 12 34.7004
    endloop
  endfacet
  facet normal 0 1 -0
    outer loop
      vertex -27.5409 12 33.0409
      vertex -32.5 12 46
      vertex -25.8465 12 34.488
    endloop
  endfacet
  facet normal 0 1 0
    outer loop
      vertex -29.5 12 31
      vertex -27.5409 12 33.0409
      vertex -28.988 12 31.3465
    endloop
  endfacet
  facet normal 0 1 0
    outer loop
      vertex -29.5 12 31
      vertex -28.988 12 31.3465
      vertex -29.2004 12 31
    endloop
  endfacet
  facet normal 0 1 0
    outer loop
      vertex -27.5409 12 33.0409
      vertex -29.5 12 31
      vertex -32.5 12 46
    endloop
  endfacet
  facet normal 0 1 0
    outer loop
      vertex -30.1523 12 29.4467
      vertex -29.5 12 31
      vertex -29.5 12 30.5111
    endloop
  endfacet
  facet normal 0 1 0
    outer loop
      vertex -29.5 12 31
      vertex -30.1523 12 29.4467
      vertex -32.5 12 46
    endloop
  endfacet
  facet normal 0 1 -0
    outer loop
      vertex -31.005 12 27.388
      vertex -32.5 12 46
      vertex -30.1523 12 29.4467
    endloop
  endfacet
  facet normal 0 1 -0
    outer loop
      vertex -31.5252 12 25.2214
      vertex -32.5 12 46
      vertex -31.005 12 27.388
    endloop
  endfacet
  facet normal 0 1 -0
    outer loop
      vertex -31.7 12 23
      vertex -32.5 12 46
      vertex -31.5252 12 25.2214
    endloop
  endfacet
  facet normal 0 1 -0
    outer loop
      vertex -29.5 12 15
      vertex -30.1523 12 16.5533
      vertex -29.5 12 15.4889
    endloop
  endfacet
  facet normal 0 1 0
    outer loop
      vertex -27.5409 12 12.9591
      vertex -29.5 12 15
      vertex -28.988 12 14.6535
    endloop
  endfacet
  facet normal 0 1 0
    outer loop
      vertex -15.2786 12 8.97483
      vertex -32.5 12 0
      vertex -17.5 12 8.8
    endloop
  endfacet
  facet normal 0 1 0
    outer loop
      vertex -31.7 12 23
      vertex -32.5 12 0
      vertex -32.5 12 46
    endloop
  endfacet
  facet normal 0 1 0
    outer loop
      vertex -31.5252 12 20.7786
      vertex -32.5 12 0
      vertex -31.7 12 23
    endloop
  endfacet
  facet normal 0 1 0
    outer loop
      vertex -31.005 12 18.612
      vertex -32.5 12 0
      vertex -31.5252 12 20.7786
    endloop
  endfacet
  facet normal 0 1 0
    outer loop
      vertex -30.1523 12 16.5533
      vertex -32.5 12 0
      vertex -31.005 12 18.612
    endloop
  endfacet
  facet normal 0 1 0
    outer loop
      vertex -29.5 12 15
      vertex -32.5 12 0
      vertex -30.1523 12 16.5533
    endloop
  endfacet
  facet normal 0 1 0
    outer loop
      vertex -27.5409 12 12.9591
      vertex -32.5 12 0
      vertex -29.5 12 15
    endloop
  endfacet
  facet normal 0 1 0
    outer loop
      vertex -25.8465 12 11.512
      vertex -32.5 12 0
      vertex -27.5409 12 12.9591
    endloop
  endfacet
  facet normal 0 1 0
    outer loop
      vertex -23.9467 12 10.3477
      vertex -32.5 12 0
      vertex -25.8465 12 11.512
    endloop
  endfacet
  facet normal 0 1 0
    outer loop
      vertex -21.888 12 9.495
      vertex -32.5 12 0
      vertex -23.9467 12 10.3477
    endloop
  endfacet
  facet normal 0 1 0
    outer loop
      vertex -19.7214 12 8.97483
      vertex -32.5 12 0
      vertex -21.888 12 9.495
    endloop
  endfacet
  facet normal 0 1 0
    outer loop
      vertex -17.5 12 8.8
      vertex -32.5 12 0
      vertex -19.7214 12 8.97483
    endloop
  endfacet
  facet normal -1 0 0
    outer loop
      vertex -32.5 -12 0
      vertex -32.5 12 46
      vertex -32.5 12 0
    endloop
  endfacet
  facet normal -1 -0 0
    outer loop
      vertex -32.5 12 46
      vertex -32.5 -12 0
      vertex -32.5 -12 46
    endloop
  endfacet
  facet normal 0 0 1
    outer loop
      vertex 32.5 12 46
      vertex 23.7 0 46
      vertex 32.5 -12 46
    endloop
  endfacet
  facet normal 0 0 1
    outer loop
      vertex 32.5 12 46
      vertex 23.6668 0.422373 46
      vertex 23.7 0 46
    endloop
  endfacet
  facet normal 0 0 1
    outer loop
      vertex 32.5 12 46
      vertex 23.5679 0.834346 46
      vertex 23.6668 0.422373 46
    endloop
  endfacet
  facet normal 0 0 1
    outer loop
      vertex 32.5 12 46
      vertex 23.4057 1.22577 46
      vertex 23.5679 0.834346 46
    endloop
  endfacet
  facet normal 0 0 1
    outer loop
      vertex 32.5 12 46
      vertex 23.1843 1.58702 46
      vertex 23.4057 1.22577 46
    endloop
  endfacet
  facet normal 0 0 1
    outer loop
      vertex 32.5 12 46
      vertex 22.9092 1.90919 46
      vertex 23.1843 1.58702 46
    endloop
  endfacet
  facet normal 0 0 1
    outer loop
      vertex 32.5 12 46
      vertex 22.587 2.18435 46
      vertex 22.9092 1.90919 46
    endloop
  endfacet
  facet normal 0 0 1
    outer loop
      vertex 32.5 12 46
      vertex 22.2258 2.40572 46
      vertex 22.587 2.18435 46
    endloop
  endfacet
  facet normal 0 0 1
    outer loop
      vertex 32.5 12 46
      vertex 21.8343 2.56785 46
      vertex 22.2258 2.40572 46
    endloop
  endfacet
  facet normal 0 0 1
    outer loop
      vertex 32.5 12 46
      vertex 21.4224 2.66676 46
      vertex 21.8343 2.56785 46
    endloop
  endfacet
  facet normal 0 0 1
    outer loop
      vertex 32.5 12 46
      vertex 21 2.7 46
      vertex 21.4224 2.66676 46
    endloop
  endfacet
  facet normal -0 0 1
    outer loop
      vertex -9.5 12 46
      vertex 21 2.7 46
      vertex 32.5 12 46
    endloop
  endfacet
  facet normal 0 0 1
    outer loop
      vertex 21 2.7 46
      vertex -9.5 12 46
      vertex -7 2.7 46
    endloop
  endfacet
  facet normal 0 0 1
    outer loop
      vertex -7 2.7 46
      vertex -9.5 12 46
      vertex -7.42237 2.66676 46
    endloop
  endfacet
  facet normal 0 0 1
    outer loop
      vertex -9.5 12 46
      vertex -7.83435 2.56785 46
      vertex -7.42237 2.66676 46
    endloop
  endfacet
  facet normal 0 0 1
    outer loop
      vertex -9.5 12 46
      vertex -8.22577 2.40572 46
      vertex -7.83435 2.56785 46
    endloop
  endfacet
  facet normal 0 0 1
    outer loop
      vertex -9.5 12 46
      vertex -8.58702 2.18435 46
      vertex -8.22577 2.40572 46
    endloop
  endfacet
  facet normal 0 0 1
    outer loop
      vertex -9.5 12 46
      vertex -8.90919 1.90919 46
      vertex -8.58702 2.18435 46
    endloop
  endfacet
  facet normal 0 0 1
    outer loop
      vertex -9.5 12 46
      vertex -9.18435 1.58702 46
      vertex -8.90919 1.90919 46
    endloop
  endfacet
  facet normal 0 0 1
    outer loop
      vertex -9.5 12 46
      vertex -9.40572 1.22577 46
      vertex -9.18435 1.58702 46
    endloop
  endfacet
  facet normal -0 0 1
    outer loop
      vertex -25.5 12 46
      vertex -9.40572 1.22577 46
      vertex -9.5 12 46
    endloop
  endfacet
  facet normal 0 0 1
    outer loop
      vertex -9.40572 1.22577 46
      vertex -25.5 12 46
      vertex -9.56785 0.834346 46
    endloop
  endfacet
  facet normal 0 0 1
    outer loop
      vertex -9.56785 0.834346 46
      vertex -25.5 12 46
      vertex -9.66676 0.422373 46
    endloop
  endfacet
  facet normal 0 0 1
    outer loop
      vertex -9.66676 0.422373 46
      vertex -25.5 12 46
      vertex -9.7 0 46
    endloop
  endfacet
  facet normal -0 0 1
    outer loop
      vertex 23.6668 -0.422373 46
      vertex 32.5 -12 46
      vertex 23.7 0 46
    endloop
  endfacet
  facet normal -0 0 1
    outer loop
      vertex 23.5679 -0.834346 46
      vertex 32.5 -12 46
      vertex 23.6668 -0.422373 46
    endloop
  endfacet
  facet normal -0 0 1
    outer loop
      vertex 23.4057 -1.22577 46
      vertex 32.5 -12 46
      vertex 23.5679 -0.834346 46
    endloop
  endfacet
  facet normal -0 0 1
    outer loop
      vertex 23.1843 -1.58702 46
      vertex 32.5 -12 46
      vertex 23.4057 -1.22577 46
    endloop
  endfacet
  facet normal -0 0 1
    outer loop
      vertex 22.9092 -1.90919 46
      vertex 32.5 -12 46
      vertex 23.1843 -1.58702 46
    endloop
  endfacet
  facet normal -0 0 1
    outer loop
      vertex 22.587 -2.18435 46
      vertex 32.5 -12 46
      vertex 22.9092 -1.90919 46
    endloop
  endfacet
  facet normal -0 0 1
    outer loop
      vertex 22.2258 -2.40572 46
      vertex 32.5 -12 46
      vertex 22.587 -2.18435 46
    endloop
  endfacet
  facet normal -0 0 1
    outer loop
      vertex 21.8343 -2.56785 46
      vertex 32.5 -12 46
      vertex 22.2258 -2.40572 46
    endloop
  endfacet
  facet normal -0 0 1
    outer loop
      vertex 21.4224 -2.66676 46
      vertex 32.5 -12 46
      vertex 21.8343 -2.56785 46
    endloop
  endfacet
  facet normal -0 0 1
    outer loop
      vertex 21 -2.7 46
      vertex 32.5 -12 46
      vertex 21.4224 -2.66676 46
    endloop
  endfacet
  facet normal -0 0 1
    outer loop
      vertex -7 -2.7 46
      vertex 32.5 -12 46
      vertex 21 -2.7 46
    endloop
  endfacet
  facet normal 0 0 1
    outer loop
      vertex -32.5 -12 46
      vertex -7 -2.7 46
      vertex -7.42237 -2.66676 46
    endloop
  endfacet
  facet normal 0 0 1
    outer loop
      vertex -25.5 12 46
      vertex -9.66676 -0.422373 46
      vertex -9.7 0 46
    endloop
  endfacet
  facet normal 0 0 1
    outer loop
      vertex -32.5 -12 46
      vertex -9.66676 -0.422373 46
      vertex -25.5 12 46
    endloop
  endfacet
  facet normal 0 0 1
    outer loop
      vertex -9.66676 -0.422373 46
      vertex -32.5 -12 46
      vertex -9.56785 -0.834346 46
    endloop
  endfacet
  facet normal 0 0 1
    outer loop
      vertex -9.56785 -0.834346 46
      vertex -32.5 -12 46
      vertex -9.40572 -1.22577 46
    endloop
  endfacet
  facet normal 0 0 1
    outer loop
      vertex -9.40572 -1.22577 46
      vertex -32.5 -12 46
      vertex -9.18435 -1.58702 46
    endloop
  endfacet
  facet normal 0 0 1
    outer loop
      vertex -9.18435 -1.58702 46
      vertex -32.5 -12 46
      vertex -8.90919 -1.90919 46
    endloop
  endfacet
  facet normal 0 0 1
    outer loop
      vertex -32.5 -12 46
      vertex -25.5 12 46
      vertex -32.5 12 46
    endloop
  endfacet
  facet normal 0 0 1
    outer loop
      vertex -8.90919 -1.90919 46
      vertex -32.5 -12 46
      vertex -8.58702 -2.18435 46
    endloop
  endfacet
  facet normal 0 0 1
    outer loop
      vertex -7 -2.7 46
      vertex -32.5 -12 46
      vertex 32.5 -12 46
    endloop
  endfacet
  facet normal 0 0 1
    outer loop
      vertex -7.83435 -2.56785 46
      vertex -32.5 -12 46
      vertex -7.42237 -2.66676 46
    endloop
  endfacet
  facet normal 0 0 1
    outer loop
      vertex -8.22577 -2.40572 46
      vertex -32.5 -12 46
      vertex -7.83435 -2.56785 46
    endloop
  endfacet
  facet normal 0 0 1
    outer loop
      vertex -8.58702 -2.18435 46
      vertex -32.5 -12 46
      vertex -8.22577 -2.40572 46
    endloop
  endfacet
  facet normal 0 0 -1
    outer loop
      vertex 32.5 -12 0
      vertex 23.7 0 0
      vertex 32.5 12 0
    endloop
  endfacet
  facet normal 0 0 -1
    outer loop
      vertex 32.5 -12 0
      vertex 23.6668 -0.422373 0
      vertex 23.7 0 0
    endloop
  endfacet
  facet normal 0 0 -1
    outer loop
      vertex 32.5 -12 0
      vertex 23.5679 -0.834346 0
      vertex 23.6668 -0.422373 0
    endloop
  endfacet
  facet normal 0 0 -1
    outer loop
      vertex 32.5 -12 0
      vertex 23.4057 -1.22577 0
      vertex 23.5679 -0.834346 0
    endloop
  endfacet
  facet normal 0 0 -1
    outer loop
      vertex 32.5 -12 0
      vertex 23.1843 -1.58702 0
      vertex 23.4057 -1.22577 0
    endloop
  endfacet
  facet normal 0 0 -1
    outer loop
      vertex 32.5 -12 0
      vertex 22.9092 -1.90919 0
      vertex 23.1843 -1.58702 0
    endloop
  endfacet
  facet normal 0 0 -1
    outer loop
      vertex 32.5 -12 0
      vertex 22.587 -2.18435 0
      vertex 22.9092 -1.90919 0
    endloop
  endfacet
  facet normal 0 0 -1
    outer loop
      vertex 32.5 -12 0
      vertex 22.2258 -2.40572 0
      vertex 22.587 -2.18435 0
    endloop
  endfacet
  facet normal 0 0 -1
    outer loop
      vertex 32.5 -12 0
      vertex 21.8343 -2.56785 0
      vertex 22.2258 -2.40572 0
    endloop
  endfacet
  facet normal 0 0 -1
    outer loop
      vertex 32.5 -12 0
      vertex 21.4224 -2.66676 0
      vertex 21.8343 -2.56785 0
    endloop
  endfacet
  facet normal 0 0 -1
    outer loop
      vertex 32.5 -12 0
      vertex 21 -2.7 0
      vertex 21.4224 -2.66676 0
    endloop
  endfacet
  facet normal 0 0 -1
    outer loop
      vertex 32.5 -12 0
      vertex -7 -2.7 0
      vertex 21 -2.7 0
    endloop
  endfacet
  facet normal 0 0 -1
    outer loop
      vertex -32.5 -12 0
      vertex -7 -2.7 0
      vertex 32.5 -12 0
    endloop
  endfacet
  facet normal -0 0 -1
    outer loop
      vertex -9.66676 -0.422373 0
      vertex -32.5 -12 0
      vertex -9.7 0 0
    endloop
  endfacet
  facet normal -0 0 -1
    outer loop
      vertex -9.56785 -0.834346 0
      vertex -32.5 -12 0
      vertex -9.66676 -0.422373 0
    endloop
  endfacet
  facet normal -0 0 -1
    outer loop
      vertex -9.40572 -1.22577 0
      vertex -32.5 -12 0
      vertex -9.56785 -0.834346 0
    endloop
  endfacet
  facet normal -0 0 -1
    outer loop
      vertex -9.18435 -1.58702 0
      vertex -32.5 -12 0
      vertex -9.40572 -1.22577 0
    endloop
  endfacet
  facet normal -0 0 -1
    outer loop
      vertex -8.90919 -1.90919 0
      vertex -32.5 -12 0
      vertex -9.18435 -1.58702 0
    endloop
  endfacet
  facet normal -0 0 -1
    outer loop
      vertex -8.58702 -2.18435 0
      vertex -32.5 -12 0
      vertex -8.90919 -1.90919 0
    endloop
  endfacet
  facet normal -0 0 -1
    outer loop
      vertex -8.22577 -2.40572 0
      vertex -32.5 -12 0
      vertex -8.58702 -2.18435 0
    endloop
  endfacet
  facet normal -0 0 -1
    outer loop
      vertex -7.83435 -2.56785 0
      vertex -32.5 -12 0
      vertex -8.22577 -2.40572 0
    endloop
  endfacet
  facet normal -0 0 -1
    outer loop
      vertex -7.42237 -2.66676 0
      vertex -32.5 -12 0
      vertex -7.83435 -2.56785 0
    endloop
  endfacet
  facet normal -0 0 -1
    outer loop
      vertex -7 -2.7 0
      vertex -32.5 -12 0
      vertex -7.42237 -2.66676 0
    endloop
  endfacet
  facet normal 0 0 -1
    outer loop
      vertex 23.6668 0.422373 0
      vertex 32.5 12 0
      vertex 23.7 0 0
    endloop
  endfacet
  facet normal 0 0 -1
    outer loop
      vertex 23.5679 0.834346 0
      vertex 32.5 12 0
      vertex 23.6668 0.422373 0
    endloop
  endfacet
  facet normal 0 0 -1
    outer loop
      vertex 23.4057 1.22577 0
      vertex 32.5 12 0
      vertex 23.5679 0.834346 0
    endloop
  endfacet
  facet normal 0 0 -1
    outer loop
      vertex 23.1843 1.58702 0
      vertex 32.5 12 0
      vertex 23.4057 1.22577 0
    endloop
  endfacet
  facet normal 0 0 -1
    outer loop
      vertex 22.9092 1.90919 0
      vertex 32.5 12 0
      vertex 23.1843 1.58702 0
    endloop
  endfacet
  facet normal 0 0 -1
    outer loop
      vertex 22.587 2.18435 0
      vertex 32.5 12 0
      vertex 22.9092 1.90919 0
    endloop
  endfacet
  facet normal 0 0 -1
    outer loop
      vertex 22.2258 2.40572 0
      vertex 32.5 12 0
      vertex 22.587 2.18435 0
    endloop
  endfacet
  facet normal 0 0 -1
    outer loop
      vertex 21.8343 2.56785 0
      vertex 32.5 12 0
      vertex 22.2258 2.40572 0
    endloop
  endfacet
  facet normal 0 0 -1
    outer loop
      vertex 21.4224 2.66676 0
      vertex 32.5 12 0
      vertex 21.8343 2.56785 0
    endloop
  endfacet
  facet normal 0 0 -1
    outer loop
      vertex 21 2.7 0
      vertex 32.5 12 0
      vertex 21.4224 2.66676 0
    endloop
  endfacet
  facet normal 0 0 -1
    outer loop
      vertex -7 2.7 0
      vertex 32.5 12 0
      vertex 21 2.7 0
    endloop
  endfacet
  facet normal 0 0 -1
    outer loop
      vertex -32.5 12 0
      vertex -7 2.7 0
      vertex -7.42237 2.66676 0
    endloop
  endfacet
  facet normal 0 0 -1
    outer loop
      vertex -32.5 12 0
      vertex -9.7 0 0
      vertex -32.5 -12 0
    endloop
  endfacet
  facet normal 0 0 -1
    outer loop
      vertex -9.7 0 0
      vertex -32.5 12 0
      vertex -9.66676 0.422373 0
    endloop
  endfacet
  facet normal 0 0 -1
    outer loop
      vertex -9.66676 0.422373 0
      vertex -32.5 12 0
      vertex -9.56785 0.834346 0
    endloop
  endfacet
  facet normal 0 0 -1
    outer loop
      vertex -9.56785 0.834346 0
      vertex -32.5 12 0
      vertex -9.40572 1.22577 0
    endloop
  endfacet
  facet normal 0 0 -1
    outer loop
      vertex -9.40572 1.22577 0
      vertex -32.5 12 0
      vertex -9.18435 1.58702 0
    endloop
  endfacet
  facet normal 0 0 -1
    outer loop
      vertex -9.18435 1.58702 0
      vertex -32.5 12 0
      vertex -8.90919 1.90919 0
    endloop
  endfacet
  facet normal 0 0 -1
    outer loop
      vertex -8.90919 1.90919 0
      vertex -32.5 12 0
      vertex -8.58702 2.18435 0
    endloop
  endfacet
  facet normal 0 0 -1
    outer loop
      vertex -7 2.7 0
      vertex -32.5 12 0
      vertex 32.5 12 0
    endloop
  endfacet
  facet normal 0 0 -1
    outer loop
      vertex -7.83435 2.56785 0
      vertex -32.5 12 0
      vertex -7.42237 2.66676 0
    endloop
  endfacet
  facet normal 0 0 -1
    outer loop
      vertex -8.22577 2.40572 0
      vertex -32.5 12 0
      vertex -7.83435 2.56785 0
    endloop
  endfacet
  facet normal 0 0 -1
    outer loop
      vertex -8.58702 2.18435 0
      vertex -32.5 12 0
      vertex -8.22577 2.40572 0
    endloop
  endfacet
  facet normal 0.07846 0 -0.996917
    outer loop
      vertex -17.5 12 8.8
      vertex -15.2786 37 8.97483
      vertex -15.2786 12 8.97483
    endloop
  endfacet
  facet normal 0.07846 0 -0.996917
    outer loop
      vertex -15.2786 37 8.97483
      vertex -17.5 12 8.8
      vertex -17.5 37 8.8
    endloop
  endfacet
  facet normal 0.972368 -0 0.233452
    outer loop
      vertex -3.995 14 27.388
      vertex -3.47483 37 25.2214
      vertex -3.995 37 27.388
    endloop
  endfacet
  facet normal 0.972368 0 0.233452
    outer loop
      vertex -3.47483 37 25.2214
      vertex -3.995 14 27.388
      vertex -3.47483 14 25.2214
    endloop
  endfacet
  facet normal 0.996917 3.64373e-07 0.07846
    outer loop
      vertex -3.32585 26.5741 23.3285
      vertex -3.3 37 23
      vertex -3.47483 37 25.2214
    endloop
  endfacet
  facet normal 0.996918 0 0.0784485
    outer loop
      vertex -3.3 37 23
      vertex -3.32585 26.5741 23.3285
      vertex -3.3 26.6 23
    endloop
  endfacet
  facet normal 0.996916 -1.64321e-06 0.078471
    outer loop
      vertex -3.47483 37 25.2214
      vertex -3.35107 26.4972 23.6489
      vertex -3.32585 26.5741 23.3285
    endloop
  endfacet
  facet normal 0.996918 2.29535e-06 0.0784448
    outer loop
      vertex -3.47483 37 25.2214
      vertex -3.37503 26.3711 23.9534
      vertex -3.35107 26.4972 23.6489
    endloop
  endfacet
  facet normal 0.996914 -4.46183e-06 0.0785011
    outer loop
      vertex -3.47483 37 25.2214
      vertex -3.39715 26.1989 24.2343
      vertex -3.37503 26.3711 23.9534
    endloop
  endfacet
  facet normal 0.996918 3.40278e-07 0.0784489
    outer loop
      vertex -3.47483 37 25.2214
      vertex -3.41687 25.9849 24.4849
      vertex -3.39715 26.1989 24.2343
    endloop
  endfacet
  facet normal 0.996918 3.05924e-07 0.0784494
    outer loop
      vertex -3.47483 37 25.2214
      vertex -3.43371 25.7343 24.6989
      vertex -3.41687 25.9849 24.4849
    endloop
  endfacet
  facet normal 0.996918 4.72488e-07 0.0784459
    outer loop
      vertex -3.47483 37 25.2214
      vertex -3.44726 25.4534 24.8711
      vertex -3.43371 25.7343 24.6989
    endloop
  endfacet
  facet normal 0.99692 1.02136e-06 0.0784279
    outer loop
      vertex -3.47483 37 25.2214
      vertex -3.45718 25.1489 24.9972
      vertex -3.44726 25.4534 24.8711
    endloop
  endfacet
  facet normal 0.99691 -1.38609e-06 0.0785543
    outer loop
      vertex -3.47483 37 25.2214
      vertex -3.46324 24.8285 25.0741
      vertex -3.45718 25.1489 24.9972
    endloop
  endfacet
  facet normal 0.996939 3.18578e-06 0.0781789
    outer loop
      vertex -3.47483 37 25.2214
      vertex -3.46527 24.5 25.1
      vertex -3.46324 24.8285 25.0741
    endloop
  endfacet
  facet normal 0.996914 -0 0.0785049
    outer loop
      vertex -3.47483 14 25.2214
      vertex -3.46527 24.5 25.1
      vertex -3.47483 37 25.2214
    endloop
  endfacet
  facet normal 0.996939 -3.71498e-06 0.0781856
    outer loop
      vertex -3.47483 14 25.2214
      vertex -3.46324 24.1715 25.0741
      vertex -3.46527 24.5 25.1
    endloop
  endfacet
  facet normal 0.99691 1.64312e-06 0.0785533
    outer loop
      vertex -3.47483 14 25.2214
      vertex -3.45718 23.8511 24.9972
      vertex -3.46324 24.1715 25.0741
    endloop
  endfacet
  facet normal 0.99692 -1.21791e-06 0.0784283
    outer loop
      vertex -3.47483 14 25.2214
      vertex -3.44726 23.5466 24.8711
      vertex -3.45718 23.8511 24.9972
    endloop
  endfacet
  facet normal 0.996918 -5.65883e-07 0.078446
    outer loop
      vertex -3.47483 14 25.2214
      vertex -3.43371 23.2657 24.6989
      vertex -3.44726 23.5466 24.8711
    endloop
  endfacet
  facet normal 0.996918 -3.67867e-07 0.0784495
    outer loop
      vertex -3.47483 14 25.2214
      vertex -3.41687 23.0151 24.4849
      vertex -3.43371 23.2657 24.6989
    endloop
  endfacet
  facet normal 0.996918 -4.10846e-07 0.078449
    outer loop
      vertex -3.47483 14 25.2214
      vertex -3.39715 22.8011 24.2343
      vertex -3.41687 23.0151 24.4849
    endloop
  endfacet
  facet normal 0.996914 5.41053e-06 0.0785006
    outer loop
      vertex -3.47483 14 25.2214
      vertex -3.37503 22.6289 23.9534
      vertex -3.39715 22.8011 24.2343
    endloop
  endfacet
  facet normal 0.996918 -2.79684e-06 0.0784451
    outer loop
      vertex -3.47483 14 25.2214
      vertex -3.35107 22.5028 23.6489
      vertex -3.37503 22.6289 23.9534
    endloop
  endfacet
  facet normal 0.996916 2.0133e-06 0.0784709
    outer loop
      vertex -3.47483 14 25.2214
      vertex -3.32585 22.4259 23.3285
      vertex -3.35107 22.5028 23.6489
    endloop
  endfacet
  facet normal 0.996917 -4.50861e-07 0.07846
    outer loop
      vertex -3.3 14 23
      vertex -3.32585 22.4259 23.3285
      vertex -3.47483 14 25.2214
    endloop
  endfacet
  facet normal 0.996918 0 0.0784485
    outer loop
      vertex -3.32585 22.4259 23.3285
      vertex -3.3 14 23
      vertex -3.3 22.4 23
    endloop
  endfacet
  facet normal 0.923885 -0 0.382671
    outer loop
      vertex -4.84771 14 29.4467
      vertex -3.995 37 27.388
      vertex -4.84771 37 29.4467
    endloop
  endfacet
  facet normal 0.923885 0 0.382671
    outer loop
      vertex -3.995 37 27.388
      vertex -4.84771 14 29.4467
      vertex -3.995 14 27.388
    endloop
  endfacet
  facet normal 0.382668 0 0.923886
    outer loop
      vertex -13.112 37 36.505
      vertex -11.0533 35.4596 35.6523
      vertex -11.0533 37 35.6523
    endloop
  endfacet
  facet normal 0.382668 0 0.923886
    outer loop
      vertex -11.0533 35.4596 35.6523
      vertex -13.112 37 36.505
      vertex -13.112 34.924 36.505
    endloop
  endfacet
  facet normal -0.972365 0 0.233465
    outer loop
      vertex -31.5252 12 25.2214
      vertex -31.005 37 27.388
      vertex -31.5252 37 25.2214
    endloop
  endfacet
  facet normal -0.972365 0 0.233465
    outer loop
      vertex -31.005 37 27.388
      vertex -31.5252 12 25.2214
      vertex -31.005 12 27.388
    endloop
  endfacet
  facet normal 0.649441 0 0.760412
    outer loop
      vertex -9.15345 37 34.488
      vertex -7.45908 12 33.0409
      vertex -7.45908 37 33.0409
    endloop
  endfacet
  facet normal 0.649441 0 0.760412
    outer loop
      vertex -7.45908 12 33.0409
      vertex -9.15345 37 34.488
      vertex -9.15345 12 34.488
    endloop
  endfacet
  facet normal 0.522522 0 -0.852626
    outer loop
      vertex -11.0533 12 10.3477
      vertex -9.15345 37 11.512
      vertex -9.15345 12 11.512
    endloop
  endfacet
  facet normal 0.522522 0 -0.852626
    outer loop
      vertex -9.15345 37 11.512
      vertex -11.0533 12 10.3477
      vertex -11.0533 37 10.3477
    endloop
  endfacet
  facet normal -0.649434 0 0.760418
    outer loop
      vertex -27.5409 37 33.0409
      vertex -25.8465 12 34.488
      vertex -25.8465 37 34.488
    endloop
  endfacet
  facet normal -0.649434 0 0.760418
    outer loop
      vertex -25.8465 12 34.488
      vertex -27.5409 37 33.0409
      vertex -27.5409 12 33.0409
    endloop
  endfacet
  facet normal 0.85263 9.34694e-07 0.522515
    outer loop
      vertex -6.01196 37 31.3465
      vertex -5.79959 14 31
      vertex -4.84771 37 29.4467
    endloop
  endfacet
  facet normal 0.852602 -0 0.52256
    outer loop
      vertex -6.01196 12 31.3465
      vertex -5.79959 14 31
      vertex -6.01196 37 31.3465
    endloop
  endfacet
  facet normal 0.852602 0 0.52256
    outer loop
      vertex -5.79959 14 31
      vertex -6.01196 12 31.3465
      vertex -5.79959 12 31
    endloop
  endfacet
  facet normal 0.852636 0 0.522505
    outer loop
      vertex -4.84771 37 29.4467
      vertex -5.79959 14 31
      vertex -4.84771 14 29.4467
    endloop
  endfacet
  facet normal 0.923885 0 -0.382671
    outer loop
      vertex -3.995 14 18.612
      vertex -4.84771 37 16.5533
      vertex -3.995 37 18.612
    endloop
  endfacet
  facet normal 0.923885 0 -0.382671
    outer loop
      vertex -4.84771 37 16.5533
      vertex -3.995 14 18.612
      vertex -4.84771 14 16.5533
    endloop
  endfacet
  facet normal 0.0784466 0 0.996918
    outer loop
      vertex -17.5 37 37.2
      vertex -15.2786 34.5973 37.0252
      vertex -15.2786 37 37.0252
    endloop
  endfacet
  facet normal 0.0784466 0 0.996918
    outer loop
      vertex -15.2786 34.5973 37.0252
      vertex -17.5 37 37.2
      vertex -17.5 34.4874 37.2
    endloop
  endfacet
  facet normal -0.923886 0 -0.382668
    outer loop
      vertex -30.1523 12 16.5533
      vertex -31.005 37 18.612
      vertex -30.1523 37 16.5533
    endloop
  endfacet
  facet normal -0.923886 -0 -0.382668
    outer loop
      vertex -31.005 37 18.612
      vertex -30.1523 12 16.5533
      vertex -31.005 12 18.612
    endloop
  endfacet
  facet normal -0.0784466 0 0.996918
    outer loop
      vertex -19.7214 34.5973 37.0252
      vertex -17.5 37 37.2
      vertex -19.7214 37 37.0252
    endloop
  endfacet
  facet normal -0.0784466 0 0.996918
    outer loop
      vertex -17.5 37 37.2
      vertex -19.7214 34.5973 37.0252
      vertex -17.5 34.4874 37.2
    endloop
  endfacet
  facet normal 0.233465 0 0.972365
    outer loop
      vertex -15.2786 37 37.0252
      vertex -13.112 34.924 36.505
      vertex -13.112 37 36.505
    endloop
  endfacet
  facet normal 0.233465 0 0.972365
    outer loop
      vertex -13.112 34.924 36.505
      vertex -15.2786 37 37.0252
      vertex -15.2786 34.5973 37.0252
    endloop
  endfacet
  facet normal -0.382668 0 -0.923886
    outer loop
      vertex -23.9467 12 10.3477
      vertex -21.888 37 9.495
      vertex -21.888 12 9.495
    endloop
  endfacet
  facet normal -0.382668 0 -0.923886
    outer loop
      vertex -21.888 37 9.495
      vertex -23.9467 12 10.3477
      vertex -23.9467 37 10.3477
    endloop
  endfacet
  facet normal 0.649441 0 -0.760412
    outer loop
      vertex -9.15345 12 11.512
      vertex -7.45908 37 12.9591
      vertex -7.45908 12 12.9591
    endloop
  endfacet
  facet normal 0.649441 0 -0.760412
    outer loop
      vertex -7.45908 37 12.9591
      vertex -9.15345 12 11.512
      vertex -9.15345 37 11.512
    endloop
  endfacet
  facet normal 0.996918 0 -0.0784485
    outer loop
      vertex -3.32585 26.5741 22.6715
      vertex -3.3 37 23
      vertex -3.3 26.6 23
    endloop
  endfacet
  facet normal 0.996917 3.64373e-07 -0.07846
    outer loop
      vertex -3.3 37 23
      vertex -3.32585 26.5741 22.6715
      vertex -3.47483 37 20.7786
    endloop
  endfacet
  facet normal 0.996916 -1.64321e-06 -0.078471
    outer loop
      vertex -3.35107 26.4972 22.3511
      vertex -3.47483 37 20.7786
      vertex -3.32585 26.5741 22.6715
    endloop
  endfacet
  facet normal 0.996918 2.29535e-06 -0.0784448
    outer loop
      vertex -3.37503 26.3711 22.0466
      vertex -3.47483 37 20.7786
      vertex -3.35107 26.4972 22.3511
    endloop
  endfacet
  facet normal 0.996914 -4.46183e-06 -0.0785011
    outer loop
      vertex -3.39715 26.1989 21.7657
      vertex -3.47483 37 20.7786
      vertex -3.37503 26.3711 22.0466
    endloop
  endfacet
  facet normal 0.996918 3.40278e-07 -0.0784489
    outer loop
      vertex -3.41687 25.9849 21.5151
      vertex -3.47483 37 20.7786
      vertex -3.39715 26.1989 21.7657
    endloop
  endfacet
  facet normal 0.996918 3.05924e-07 -0.0784494
    outer loop
      vertex -3.43371 25.7343 21.3011
      vertex -3.47483 37 20.7786
      vertex -3.41687 25.9849 21.5151
    endloop
  endfacet
  facet normal 0.996918 4.72488e-07 -0.0784459
    outer loop
      vertex -3.44726 25.4534 21.1289
      vertex -3.47483 37 20.7786
      vertex -3.43371 25.7343 21.3011
    endloop
  endfacet
  facet normal 0.99692 1.02136e-06 -0.0784279
    outer loop
      vertex -3.45718 25.1489 21.0028
      vertex -3.47483 37 20.7786
      vertex -3.44726 25.4534 21.1289
    endloop
  endfacet
  facet normal 0.99691 -1.38609e-06 -0.0785543
    outer loop
      vertex -3.46324 24.8285 20.9259
      vertex -3.47483 37 20.7786
      vertex -3.45718 25.1489 21.0028
    endloop
  endfacet
  facet normal 0.996939 3.18578e-06 -0.0781789
    outer loop
      vertex -3.46527 24.5 20.9
      vertex -3.47483 37 20.7786
      vertex -3.46324 24.8285 20.9259
    endloop
  endfacet
  facet normal 0.996918 0 -0.0784485
    outer loop
      vertex -3.3 14 23
      vertex -3.32585 22.4259 22.6715
      vertex -3.3 22.4 23
    endloop
  endfacet
  facet normal 0.996917 -4.50861e-07 -0.07846
    outer loop
      vertex -3.47483 14 20.7786
      vertex -3.32585 22.4259 22.6715
      vertex -3.3 14 23
    endloop
  endfacet
  facet normal 0.996916 2.0133e-06 -0.0784709
    outer loop
      vertex -3.32585 22.4259 22.6715
      vertex -3.47483 14 20.7786
      vertex -3.35107 22.5028 22.3511
    endloop
  endfacet
  facet normal 0.996918 -2.79684e-06 -0.0784451
    outer loop
      vertex -3.35107 22.5028 22.3511
      vertex -3.47483 14 20.7786
      vertex -3.37503 22.6289 22.0466
    endloop
  endfacet
  facet normal 0.996914 5.41053e-06 -0.0785006
    outer loop
      vertex -3.37503 22.6289 22.0466
      vertex -3.47483 14 20.7786
      vertex -3.39715 22.8011 21.7657
    endloop
  endfacet
  facet normal 0.996918 -4.10846e-07 -0.078449
    outer loop
      vertex -3.39715 22.8011 21.7657
      vertex -3.47483 14 20.7786
      vertex -3.41687 23.0151 21.5151
    endloop
  endfacet
  facet normal 0.996918 -3.67867e-07 -0.0784495
    outer loop
      vertex -3.41687 23.0151 21.5151
      vertex -3.47483 14 20.7786
      vertex -3.43371 23.2657 21.3011
    endloop
  endfacet
  facet normal 0.996918 -5.65883e-07 -0.078446
    outer loop
      vertex -3.43371 23.2657 21.3011
      vertex -3.47483 14 20.7786
      vertex -3.44726 23.5466 21.1289
    endloop
  endfacet
  facet normal 0.99692 -1.21791e-06 -0.0784283
    outer loop
      vertex -3.44726 23.5466 21.1289
      vertex -3.47483 14 20.7786
      vertex -3.45718 23.8511 21.0028
    endloop
  endfacet
  facet normal 0.996914 0 -0.0785049
    outer loop
      vertex -3.46527 24.5 20.9
      vertex -3.47483 14 20.7786
      vertex -3.47483 37 20.7786
    endloop
  endfacet
  facet normal 0.996939 -3.71498e-06 -0.0781856
    outer loop
      vertex -3.46324 24.1715 20.9259
      vertex -3.47483 14 20.7786
      vertex -3.46527 24.5 20.9
    endloop
  endfacet
  facet normal 0.99691 1.64312e-06 -0.0785533
    outer loop
      vertex -3.45718 23.8511 21.0028
      vertex -3.47483 14 20.7786
      vertex -3.46324 24.1715 20.9259
    endloop
  endfacet
  facet normal -0.233465 0 0.972365
    outer loop
      vertex -21.888 34.924 36.505
      vertex -19.7214 37 37.0252
      vertex -21.888 37 36.505
    endloop
  endfacet
  facet normal -0.233465 0 0.972365
    outer loop
      vertex -19.7214 37 37.0252
      vertex -21.888 34.924 36.505
      vertex -19.7214 34.5973 37.0252
    endloop
  endfacet
  facet normal -0.760418 0 0.649434
    outer loop
      vertex -28.988 12 31.3465
      vertex -27.5409 37 33.0409
      vertex -28.988 37 31.3465
    endloop
  endfacet
  facet normal -0.760418 0 0.649434
    outer loop
      vertex -27.5409 37 33.0409
      vertex -28.988 12 31.3465
      vertex -27.5409 12 33.0409
    endloop
  endfacet
  facet normal -0.996918 -4.8408e-06 -0.0784466
    outer loop
      vertex -31.6741 26.5741 22.6715
      vertex -31.7 37 23
      vertex -31.5252 37 20.7786
    endloop
  endfacet
  facet normal -0.996906 -0 -0.0785993
    outer loop
      vertex -31.7 37 23
      vertex -31.6741 26.5741 22.6715
      vertex -31.7 26.6 23
    endloop
  endfacet
  facet normal -0.996921 1.85313e-06 -0.07841
    outer loop
      vertex -31.5252 37 20.7786
      vertex -31.6489 26.4972 22.3511
      vertex -31.6741 26.5741 22.6715
    endloop
  endfacet
  facet normal -0.996933 2.46269e-05 -0.0782588
    outer loop
      vertex -31.5252 37 20.7786
      vertex -31.625 26.3711 22.0466
      vertex -31.6489 26.4972 22.3511
    endloop
  endfacet
  facet normal -0.996919 3.42885e-06 -0.0784354
    outer loop
      vertex -31.5252 37 20.7786
      vertex -31.6029 26.1989 21.7657
      vertex -31.625 26.3711 22.0466
    endloop
  endfacet
  facet normal -0.996895 -2.49258e-05 -0.0787438
    outer loop
      vertex -31.5252 37 20.7786
      vertex -31.5831 25.9849 21.5151
      vertex -31.6029 26.1989 21.7657
    endloop
  endfacet
  facet normal -0.996932 6.82455e-06 -0.0782718
    outer loop
      vertex -31.5252 37 20.7786
      vertex -31.5663 25.7343 21.3011
      vertex -31.5831 25.9849 21.5151
    endloop
  endfacet
  facet normal -0.996898 -1.36536e-05 -0.0787106
    outer loop
      vertex -31.5252 37 20.7786
      vertex -31.5527 25.4534 21.1289
      vertex -31.5663 25.7343 21.3011
    endloop
  endfacet
  facet normal -0.996932 -1.40351e-07 -0.0782679
    outer loop
      vertex -31.5252 37 20.7786
      vertex -31.5428 25.1489 21.0028
      vertex -31.5527 25.4534 21.1289
    endloop
  endfacet
  facet normal -0.996967 8.35552e-06 -0.0778216
    outer loop
      vertex -31.5252 37 20.7786
      vertex -31.5368 24.8285 20.9259
      vertex -31.5428 25.1489 21.0028
    endloop
  endfacet
  facet normal -0.996754 -2.43686e-05 -0.0805088
    outer loop
      vertex -31.5252 37 20.7786
      vertex -31.5347 24.5 20.9
      vertex -31.5368 24.8285 20.9259
    endloop
  endfacet
  facet normal -0.996952 0 -0.0780152
    outer loop
      vertex -31.5252 12 20.7786
      vertex -31.5347 24.5 20.9
      vertex -31.5252 37 20.7786
    endloop
  endfacet
  facet normal -0.996754 2.43686e-05 -0.0805088
    outer loop
      vertex -31.5252 12 20.7786
      vertex -31.5368 24.1715 20.9259
      vertex -31.5347 24.5 20.9
    endloop
  endfacet
  facet normal -0.996967 -8.35552e-06 -0.0778216
    outer loop
      vertex -31.5252 12 20.7786
      vertex -31.5428 23.8511 21.0028
      vertex -31.5368 24.1715 20.9259
    endloop
  endfacet
  facet normal -0.996932 1.40351e-07 -0.0782679
    outer loop
      vertex -31.5252 12 20.7786
      vertex -31.5527 23.5466 21.1289
      vertex -31.5428 23.8511 21.0028
    endloop
  endfacet
  facet normal -0.996898 1.36536e-05 -0.0787106
    outer loop
      vertex -31.5252 12 20.7786
      vertex -31.5663 23.2657 21.3011
      vertex -31.5527 23.5466 21.1289
    endloop
  endfacet
  facet normal -0.996932 -6.82455e-06 -0.0782718
    outer loop
      vertex -31.5252 12 20.7786
      vertex -31.5831 23.0151 21.5151
      vertex -31.5663 23.2657 21.3011
    endloop
  endfacet
  facet normal -0.996895 2.49258e-05 -0.0787438
    outer loop
      vertex -31.5252 12 20.7786
      vertex -31.6029 22.8011 21.7657
      vertex -31.5831 23.0151 21.5151
    endloop
  endfacet
  facet normal -0.996919 -3.42885e-06 -0.0784354
    outer loop
      vertex -31.5252 12 20.7786
      vertex -31.625 22.6289 22.0466
      vertex -31.6029 22.8011 21.7657
    endloop
  endfacet
  facet normal -0.996933 -2.46269e-05 -0.0782588
    outer loop
      vertex -31.5252 12 20.7786
      vertex -31.6489 22.5028 22.3511
      vertex -31.625 22.6289 22.0466
    endloop
  endfacet
  facet normal -0.996921 -1.85313e-06 -0.07841
    outer loop
      vertex -31.5252 12 20.7786
      vertex -31.6741 22.4259 22.6715
      vertex -31.6489 22.5028 22.3511
    endloop
  endfacet
  facet normal -0.996918 4.8408e-06 -0.0784466
    outer loop
      vertex -31.7 12 23
      vertex -31.6741 22.4259 22.6715
      vertex -31.5252 12 20.7786
    endloop
  endfacet
  facet normal -0.996906 0 -0.0785993
    outer loop
      vertex -31.6741 22.4259 22.6715
      vertex -31.7 12 23
      vertex -31.7 22.4 23
    endloop
  endfacet
  facet normal -0.972365 0 -0.233465
    outer loop
      vertex -31.005 12 18.612
      vertex -31.5252 37 20.7786
      vertex -31.005 37 18.612
    endloop
  endfacet
  facet normal -0.972365 -0 -0.233465
    outer loop
      vertex -31.5252 37 20.7786
      vertex -31.005 12 18.612
      vertex -31.5252 12 20.7786
    endloop
  endfacet
  facet normal 0.852636 0 -0.522505
    outer loop
      vertex -5.79959 14 15
      vertex -4.84771 37 16.5533
      vertex -4.84771 14 16.5533
    endloop
  endfacet
  facet normal 0.85263 9.34694e-07 -0.522515
    outer loop
      vertex -4.84771 37 16.5533
      vertex -5.79959 14 15
      vertex -6.01196 37 14.6535
    endloop
  endfacet
  facet normal 0.852602 0 -0.52256
    outer loop
      vertex -6.01196 12 14.6535
      vertex -5.79959 14 15
      vertex -5.79959 12 15
    endloop
  endfacet
  facet normal 0.852602 0 -0.52256
    outer loop
      vertex -5.79959 14 15
      vertex -6.01196 12 14.6535
      vertex -6.01196 37 14.6535
    endloop
  endfacet
  facet normal -0.382668 0 0.923886
    outer loop
      vertex -23.9467 35.4596 35.6523
      vertex -21.888 37 36.505
      vertex -23.9467 37 35.6523
    endloop
  endfacet
  facet normal -0.382668 0 0.923886
    outer loop
      vertex -21.888 37 36.505
      vertex -23.9467 35.4596 35.6523
      vertex -21.888 34.924 36.505
    endloop
  endfacet
  facet normal -0.522513 0 0.852631
    outer loop
      vertex -23.9467 37 35.6523
      vertex -25.5 36.0575 34.7004
      vertex -23.9467 35.4596 35.6523
    endloop
  endfacet
  facet normal -0.522532 4.16986e-05 0.85262
    outer loop
      vertex -25.8465 37 34.488
      vertex -25.5 36.0575 34.7004
      vertex -23.9467 37 35.6523
    endloop
  endfacet
  facet normal -0.522614 0 0.852569
    outer loop
      vertex -25.8465 12 34.488
      vertex -25.5 36.0575 34.7004
      vertex -25.8465 37 34.488
    endloop
  endfacet
  facet normal -0.522614 0 0.852569
    outer loop
      vertex -25.5 36.0575 34.7004
      vertex -25.8465 12 34.488
      vertex -25.5 12 34.7004
    endloop
  endfacet
  facet normal 0.522559 0 0.852603
    outer loop
      vertex -9.15345 37 34.488
      vertex -9.5 36.0575 34.7004
      vertex -9.15345 12 34.488
    endloop
  endfacet
  facet normal 0.522522 1.90347e-05 0.852626
    outer loop
      vertex -11.0533 37 35.6523
      vertex -9.5 36.0575 34.7004
      vertex -9.15345 37 34.488
    endloop
  endfacet
  facet normal 0.522513 0 0.852631
    outer loop
      vertex -9.5 36.0575 34.7004
      vertex -11.0533 37 35.6523
      vertex -11.0533 35.4596 35.6523
    endloop
  endfacet
  facet normal 0.522559 0 0.852603
    outer loop
      vertex -9.15345 12 34.488
      vertex -9.5 36.0575 34.7004
      vertex -9.5 12 34.7004
    endloop
  endfacet
  facet normal 0.382668 0 -0.923886
    outer loop
      vertex -13.112 12 9.495
      vertex -11.0533 37 10.3477
      vertex -11.0533 12 10.3477
    endloop
  endfacet
  facet normal 0.382668 0 -0.923886
    outer loop
      vertex -11.0533 37 10.3477
      vertex -13.112 12 9.495
      vertex -13.112 37 9.495
    endloop
  endfacet
  facet normal -0.852639 2.34757e-06 -0.522501
    outer loop
      vertex -29.5 14 15.4889
      vertex -28.988 37 14.6535
      vertex -29.2004 14 15
    endloop
  endfacet
  facet normal -0.852569 0 -0.522614
    outer loop
      vertex -28.988 12 14.6535
      vertex -29.2004 14 15
      vertex -28.988 37 14.6535
    endloop
  endfacet
  facet normal -0.852569 -0 -0.522614
    outer loop
      vertex -29.2004 14 15
      vertex -28.988 12 14.6535
      vertex -29.2004 12 15
    endloop
  endfacet
  facet normal -0.85262 8.0744e-07 -0.522532
    outer loop
      vertex -28.988 37 14.6535
      vertex -29.5 14 15.4889
      vertex -30.1523 37 16.5533
    endloop
  endfacet
  facet normal -0.852628 0 -0.522519
    outer loop
      vertex -30.1523 12 16.5533
      vertex -29.5 14 15.4889
      vertex -29.5 12 15.4889
    endloop
  endfacet
  facet normal -0.852628 0 -0.522519
    outer loop
      vertex -29.5 14 15.4889
      vertex -30.1523 12 16.5533
      vertex -30.1523 37 16.5533
    endloop
  endfacet
  facet normal 0.760414 -0 0.649439
    outer loop
      vertex -7.45908 12 33.0409
      vertex -6.01196 37 31.3465
      vertex -7.45908 37 33.0409
    endloop
  endfacet
  facet normal 0.760414 0 0.649439
    outer loop
      vertex -6.01196 37 31.3465
      vertex -7.45908 12 33.0409
      vertex -6.01196 12 31.3465
    endloop
  endfacet
  facet normal 0.233452 0 -0.972368
    outer loop
      vertex -15.2786 12 8.97483
      vertex -13.112 37 9.495
      vertex -13.112 12 9.495
    endloop
  endfacet
  facet normal 0.233452 0 -0.972368
    outer loop
      vertex -13.112 37 9.495
      vertex -15.2786 12 8.97483
      vertex -15.2786 37 8.97483
    endloop
  endfacet
  facet normal -0.760418 0 -0.649434
    outer loop
      vertex -27.5409 12 12.9591
      vertex -28.988 37 14.6535
      vertex -27.5409 37 12.9591
    endloop
  endfacet
  facet normal -0.760418 -0 -0.649434
    outer loop
      vertex -28.988 37 14.6535
      vertex -27.5409 12 12.9591
      vertex -28.988 12 14.6535
    endloop
  endfacet
  facet normal 0 1 0
    outer loop
      vertex -17.5 37 34.7
      vertex -17.5 37 37.2
      vertex -15.2786 37 37.0252
    endloop
  endfacet
  facet normal 0 1 0
    outer loop
      vertex -15.6697 37 34.556
      vertex -15.2786 37 37.0252
      vertex -13.112 37 36.505
    endloop
  endfacet
  facet normal 0 1 0
    outer loop
      vertex -17.5 37 37.2
      vertex -17.5 37 34.7
      vertex -19.7214 37 37.0252
    endloop
  endfacet
  facet normal 0 1 0
    outer loop
      vertex -13.8845 37 34.1274
      vertex -13.112 37 36.505
      vertex -11.0533 37 35.6523
    endloop
  endfacet
  facet normal 0 1 -0
    outer loop
      vertex -19.3303 37 34.556
      vertex -19.7214 37 37.0252
      vertex -17.5 37 34.7
    endloop
  endfacet
  facet normal 0 1 0
    outer loop
      vertex -19.7214 37 37.0252
      vertex -19.3303 37 34.556
      vertex -21.888 37 36.505
    endloop
  endfacet
  facet normal 0 1 0
    outer loop
      vertex -15.2786 37 37.0252
      vertex -15.6697 37 34.556
      vertex -17.5 37 34.7
    endloop
  endfacet
  facet normal 0 1 0
    outer loop
      vertex -12.1883 37 33.4248
      vertex -11.0533 37 35.6523
      vertex -9.15345 37 34.488
    endloop
  endfacet
  facet normal 0 1 0
    outer loop
      vertex -13.112 37 36.505
      vertex -13.8845 37 34.1274
      vertex -15.6697 37 34.556
    endloop
  endfacet
  facet normal 0 1 0
    outer loop
      vertex -11.0533 37 35.6523
      vertex -12.1883 37 33.4248
      vertex -13.8845 37 34.1274
    endloop
  endfacet
  facet normal 0 1 0
    outer loop
      vertex -10.6229 37 32.4655
      vertex -9.15345 37 34.488
      vertex -7.45908 37 33.0409
    endloop
  endfacet
  facet normal 0 1 0
    outer loop
      vertex -9.15345 37 34.488
      vertex -10.6229 37 32.4655
      vertex -12.1883 37 33.4248
    endloop
  endfacet
  facet normal 0 1 0
    outer loop
      vertex -9.22685 37 31.2731
      vertex -7.45908 37 33.0409
      vertex -6.01196 37 31.3465
    endloop
  endfacet
  facet normal 0 1 0
    outer loop
      vertex -7.45908 37 33.0409
      vertex -9.22685 37 31.2731
      vertex -10.6229 37 32.4655
    endloop
  endfacet
  facet normal 0 1 0
    outer loop
      vertex -6.01196 37 31.3465
      vertex -8.0345 37 29.8771
      vertex -9.22685 37 31.2731
    endloop
  endfacet
  facet normal 0 1 0
    outer loop
      vertex -4.84771 37 29.4467
      vertex -8.0345 37 29.8771
      vertex -6.01196 37 31.3465
    endloop
  endfacet
  facet normal 0 1 0
    outer loop
      vertex -4.84771 37 29.4467
      vertex -7.07522 37 28.3117
      vertex -8.0345 37 29.8771
    endloop
  endfacet
  facet normal 0 1 0
    outer loop
      vertex -3.995 37 27.388
      vertex -7.07522 37 28.3117
      vertex -4.84771 37 29.4467
    endloop
  endfacet
  facet normal 0 1 0
    outer loop
      vertex -3.995 37 27.388
      vertex -6.37264 37 26.6155
      vertex -7.07522 37 28.3117
    endloop
  endfacet
  facet normal 0 1 0
    outer loop
      vertex -3.47483 37 25.2214
      vertex -6.37264 37 26.6155
      vertex -3.995 37 27.388
    endloop
  endfacet
  facet normal 0 1 0
    outer loop
      vertex -3.47483 37 25.2214
      vertex -5.94405 37 24.8303
      vertex -6.37264 37 26.6155
    endloop
  endfacet
  facet normal 0 1 0
    outer loop
      vertex -3.3 37 23
      vertex -5.94405 37 24.8303
      vertex -3.47483 37 25.2214
    endloop
  endfacet
  facet normal 0 1 0
    outer loop
      vertex -3.3 37 23
      vertex -5.8 37 23
      vertex -5.94405 37 24.8303
    endloop
  endfacet
  facet normal 0 1 0
    outer loop
      vertex -3.3 37 23
      vertex -5.94405 37 21.1697
      vertex -5.8 37 23
    endloop
  endfacet
  facet normal 0 1 -0
    outer loop
      vertex -3.47483 37 20.7786
      vertex -5.94405 37 21.1697
      vertex -3.3 37 23
    endloop
  endfacet
  facet normal 0 1 0
    outer loop
      vertex -3.47483 37 20.7786
      vertex -6.37264 37 19.3845
      vertex -5.94405 37 21.1697
    endloop
  endfacet
  facet normal 0 1 -0
    outer loop
      vertex -3.995 37 18.612
      vertex -6.37264 37 19.3845
      vertex -3.47483 37 20.7786
    endloop
  endfacet
  facet normal 0 1 0
    outer loop
      vertex -3.995 37 18.612
      vertex -7.07522 37 17.6883
      vertex -6.37264 37 19.3845
    endloop
  endfacet
  facet normal 0 1 -0
    outer loop
      vertex -4.84771 37 16.5533
      vertex -7.07522 37 17.6883
      vertex -3.995 37 18.612
    endloop
  endfacet
  facet normal 0 1 0
    outer loop
      vertex -4.84771 37 16.5533
      vertex -8.0345 37 16.1229
      vertex -7.07522 37 17.6883
    endloop
  endfacet
  facet normal 0 1 -0
    outer loop
      vertex -6.01196 37 14.6535
      vertex -8.0345 37 16.1229
      vertex -4.84771 37 16.5533
    endloop
  endfacet
  facet normal 0 1 0
    outer loop
      vertex -8.0345 37 16.1229
      vertex -6.01196 37 14.6535
      vertex -9.22685 37 14.7269
    endloop
  endfacet
  facet normal 0 1 -0
    outer loop
      vertex -7.45908 37 12.9591
      vertex -9.22685 37 14.7269
      vertex -6.01196 37 14.6535
    endloop
  endfacet
  facet normal 0 1 0
    outer loop
      vertex -9.22685 37 14.7269
      vertex -7.45908 37 12.9591
      vertex -10.6229 37 13.5345
    endloop
  endfacet
  facet normal 0 1 -0
    outer loop
      vertex -9.15345 37 11.512
      vertex -10.6229 37 13.5345
      vertex -7.45908 37 12.9591
    endloop
  endfacet
  facet normal 0 1 0
    outer loop
      vertex -10.6229 37 13.5345
      vertex -9.15345 37 11.512
      vertex -12.1883 37 12.5752
    endloop
  endfacet
  facet normal 0 1 -0
    outer loop
      vertex -11.0533 37 10.3477
      vertex -12.1883 37 12.5752
      vertex -9.15345 37 11.512
    endloop
  endfacet
  facet normal 0 1 0
    outer loop
      vertex -12.1883 37 12.5752
      vertex -11.0533 37 10.3477
      vertex -13.8845 37 11.8726
    endloop
  endfacet
  facet normal 0 1 -0
    outer loop
      vertex -13.112 37 9.495
      vertex -13.8845 37 11.8726
      vertex -11.0533 37 10.3477
    endloop
  endfacet
  facet normal 0 1 0
    outer loop
      vertex -13.8845 37 11.8726
      vertex -13.112 37 9.495
      vertex -15.6697 37 11.444
    endloop
  endfacet
  facet normal 0 1 -0
    outer loop
      vertex -21.1155 37 34.1274
      vertex -21.888 37 36.505
      vertex -19.3303 37 34.556
    endloop
  endfacet
  facet normal 0 1 0
    outer loop
      vertex -21.888 37 36.505
      vertex -21.1155 37 34.1274
      vertex -23.9467 37 35.6523
    endloop
  endfacet
  facet normal 0 1 -0
    outer loop
      vertex -22.8117 37 33.4248
      vertex -23.9467 37 35.6523
      vertex -21.1155 37 34.1274
    endloop
  endfacet
  facet normal 0 1 0
    outer loop
      vertex -23.9467 37 35.6523
      vertex -22.8117 37 33.4248
      vertex -25.8465 37 34.488
    endloop
  endfacet
  facet normal 0 1 -0
    outer loop
      vertex -24.3771 37 32.4655
      vertex -25.8465 37 34.488
      vertex -22.8117 37 33.4248
    endloop
  endfacet
  facet normal 0 1 0
    outer loop
      vertex -25.8465 37 34.488
      vertex -24.3771 37 32.4655
      vertex -27.5409 37 33.0409
    endloop
  endfacet
  facet normal 0 1 -0
    outer loop
      vertex -25.7731 37 31.2731
      vertex -27.5409 37 33.0409
      vertex -24.3771 37 32.4655
    endloop
  endfacet
  facet normal 0 1 0
    outer loop
      vertex -27.5409 37 33.0409
      vertex -25.7731 37 31.2731
      vertex -28.988 37 31.3465
    endloop
  endfacet
  facet normal 0 1 -0
    outer loop
      vertex -26.9655 37 29.8771
      vertex -28.988 37 31.3465
      vertex -25.7731 37 31.2731
    endloop
  endfacet
  facet normal 0 1 0
    outer loop
      vertex -26.9655 37 29.8771
      vertex -30.1523 37 29.4467
      vertex -28.988 37 31.3465
    endloop
  endfacet
  facet normal 0 1 -0
    outer loop
      vertex -27.9248 37 28.3117
      vertex -30.1523 37 29.4467
      vertex -26.9655 37 29.8771
    endloop
  endfacet
  facet normal 0 1 0
    outer loop
      vertex -27.9248 37 28.3117
      vertex -31.005 37 27.388
      vertex -30.1523 37 29.4467
    endloop
  endfacet
  facet normal 0 1 -0
    outer loop
      vertex -28.6274 37 26.6155
      vertex -31.005 37 27.388
      vertex -27.9248 37 28.3117
    endloop
  endfacet
  facet normal 0 1 0
    outer loop
      vertex -28.6274 37 26.6155
      vertex -31.5252 37 25.2214
      vertex -31.005 37 27.388
    endloop
  endfacet
  facet normal 0 1 -0
    outer loop
      vertex -29.056 37 24.8303
      vertex -31.5252 37 25.2214
      vertex -28.6274 37 26.6155
    endloop
  endfacet
  facet normal 0 1 -0
    outer loop
      vertex -29.2 37 23
      vertex -31.5252 37 25.2214
      vertex -29.056 37 24.8303
    endloop
  endfacet
  facet normal 0 1 0
    outer loop
      vertex -29.2 37 23
      vertex -31.7 37 23
      vertex -31.5252 37 25.2214
    endloop
  endfacet
  facet normal 0 1 0
    outer loop
      vertex -29.056 37 21.1697
      vertex -31.7 37 23
      vertex -29.2 37 23
    endloop
  endfacet
  facet normal 0 1 0
    outer loop
      vertex -29.056 37 21.1697
      vertex -31.5252 37 20.7786
      vertex -31.7 37 23
    endloop
  endfacet
  facet normal 0 1 0
    outer loop
      vertex -28.6274 37 19.3845
      vertex -31.5252 37 20.7786
      vertex -29.056 37 21.1697
    endloop
  endfacet
  facet normal 0 1 0
    outer loop
      vertex -28.6274 37 19.3845
      vertex -31.005 37 18.612
      vertex -31.5252 37 20.7786
    endloop
  endfacet
  facet normal 0 1 0
    outer loop
      vertex -27.9248 37 17.6883
      vertex -31.005 37 18.612
      vertex -28.6274 37 19.3845
    endloop
  endfacet
  facet normal 0 1 0
    outer loop
      vertex -27.9248 37 17.6883
      vertex -30.1523 37 16.5533
      vertex -31.005 37 18.612
    endloop
  endfacet
  facet normal 0 1 0
    outer loop
      vertex -26.9655 37 16.1229
      vertex -30.1523 37 16.5533
      vertex -27.9248 37 17.6883
    endloop
  endfacet
  facet normal 0 1 0
    outer loop
      vertex -28.988 37 14.6535
      vertex -26.9655 37 16.1229
      vertex -25.7731 37 14.7269
    endloop
  endfacet
  facet normal 0 1 0
    outer loop
      vertex -26.9655 37 16.1229
      vertex -28.988 37 14.6535
      vertex -30.1523 37 16.5533
    endloop
  endfacet
  facet normal 0 1 0
    outer loop
      vertex -27.5409 37 12.9591
      vertex -25.7731 37 14.7269
      vertex -24.3771 37 13.5345
    endloop
  endfacet
  facet normal 0 1 0
    outer loop
      vertex -25.7731 37 14.7269
      vertex -27.5409 37 12.9591
      vertex -28.988 37 14.6535
    endloop
  endfacet
  facet normal 0 1 0
    outer loop
      vertex -25.8465 37 11.512
      vertex -24.3771 37 13.5345
      vertex -22.8117 37 12.5752
    endloop
  endfacet
  facet normal 0 1 0
    outer loop
      vertex -23.9467 37 10.3477
      vertex -22.8117 37 12.5752
      vertex -21.1155 37 11.8726
    endloop
  endfacet
  facet normal 0 1 0
    outer loop
      vertex -24.3771 37 13.5345
      vertex -25.8465 37 11.512
      vertex -27.5409 37 12.9591
    endloop
  endfacet
  facet normal 0 1 0
    outer loop
      vertex -21.888 37 9.495
      vertex -21.1155 37 11.8726
      vertex -19.3303 37 11.444
    endloop
  endfacet
  facet normal 0 1 0
    outer loop
      vertex -19.7214 37 8.97483
      vertex -19.3303 37 11.444
      vertex -17.5 37 11.3
    endloop
  endfacet
  facet normal 0 1 -0
    outer loop
      vertex -15.2786 37 8.97483
      vertex -15.6697 37 11.444
      vertex -13.112 37 9.495
    endloop
  endfacet
  facet normal 0 1 0
    outer loop
      vertex -22.8117 37 12.5752
      vertex -23.9467 37 10.3477
      vertex -25.8465 37 11.512
    endloop
  endfacet
  facet normal 0 1 0
    outer loop
      vertex -15.6697 37 11.444
      vertex -15.2786 37 8.97483
      vertex -17.5 37 11.3
    endloop
  endfacet
  facet normal 0 1 0
    outer loop
      vertex -21.1155 37 11.8726
      vertex -21.888 37 9.495
      vertex -23.9467 37 10.3477
    endloop
  endfacet
  facet normal 0 1 0
    outer loop
      vertex -17.5 37 8.8
      vertex -17.5 37 11.3
      vertex -15.2786 37 8.97483
    endloop
  endfacet
  facet normal 0 1 0
    outer loop
      vertex -19.3303 37 11.444
      vertex -19.7214 37 8.97483
      vertex -21.888 37 9.495
    endloop
  endfacet
  facet normal 0 1 0
    outer loop
      vertex -17.5 37 11.3
      vertex -17.5 37 8.8
      vertex -19.7214 37 8.97483
    endloop
  endfacet
  facet normal -0.649434 0 -0.760418
    outer loop
      vertex -27.5409 12 12.9591
      vertex -25.8465 37 11.512
      vertex -25.8465 12 11.512
    endloop
  endfacet
  facet normal -0.649434 0 -0.760418
    outer loop
      vertex -25.8465 37 11.512
      vertex -27.5409 12 12.9591
      vertex -27.5409 37 12.9591
    endloop
  endfacet
  facet normal -0.233452 0 -0.972368
    outer loop
      vertex -21.888 12 9.495
      vertex -19.7214 37 8.97483
      vertex -19.7214 12 8.97483
    endloop
  endfacet
  facet normal -0.233452 0 -0.972368
    outer loop
      vertex -19.7214 37 8.97483
      vertex -21.888 12 9.495
      vertex -21.888 37 9.495
    endloop
  endfacet
  facet normal -0.996906 0 0.0785993
    outer loop
      vertex -31.6741 26.5741 23.3285
      vertex -31.7 37 23
      vertex -31.7 26.6 23
    endloop
  endfacet
  facet normal -0.996918 -4.8408e-06 0.0784466
    outer loop
      vertex -31.7 37 23
      vertex -31.6741 26.5741 23.3285
      vertex -31.5252 37 25.2214
    endloop
  endfacet
  facet normal -0.996921 1.85313e-06 0.07841
    outer loop
      vertex -31.6489 26.4972 23.6489
      vertex -31.5252 37 25.2214
      vertex -31.6741 26.5741 23.3285
    endloop
  endfacet
  facet normal -0.996933 2.46269e-05 0.0782588
    outer loop
      vertex -31.625 26.3711 23.9534
      vertex -31.5252 37 25.2214
      vertex -31.6489 26.4972 23.6489
    endloop
  endfacet
  facet normal -0.996919 3.42885e-06 0.0784354
    outer loop
      vertex -31.6029 26.1989 24.2343
      vertex -31.5252 37 25.2214
      vertex -31.625 26.3711 23.9534
    endloop
  endfacet
  facet normal -0.996895 -2.49258e-05 0.0787438
    outer loop
      vertex -31.5831 25.9849 24.4849
      vertex -31.5252 37 25.2214
      vertex -31.6029 26.1989 24.2343
    endloop
  endfacet
  facet normal -0.996932 6.82455e-06 0.0782718
    outer loop
      vertex -31.5663 25.7343 24.6989
      vertex -31.5252 37 25.2214
      vertex -31.5831 25.9849 24.4849
    endloop
  endfacet
  facet normal -0.996898 -1.36536e-05 0.0787106
    outer loop
      vertex -31.5527 25.4534 24.8711
      vertex -31.5252 37 25.2214
      vertex -31.5663 25.7343 24.6989
    endloop
  endfacet
  facet normal -0.996932 -1.40351e-07 0.0782679
    outer loop
      vertex -31.5428 25.1489 24.9972
      vertex -31.5252 37 25.2214
      vertex -31.5527 25.4534 24.8711
    endloop
  endfacet
  facet normal -0.996967 8.35552e-06 0.0778216
    outer loop
      vertex -31.5368 24.8285 25.0741
      vertex -31.5252 37 25.2214
      vertex -31.5428 25.1489 24.9972
    endloop
  endfacet
  facet normal -0.996754 -2.43686e-05 0.0805088
    outer loop
      vertex -31.5347 24.5 25.1
      vertex -31.5252 37 25.2214
      vertex -31.5368 24.8285 25.0741
    endloop
  endfacet
  facet normal -0.996906 0 0.0785993
    outer loop
      vertex -31.7 12 23
      vertex -31.6741 22.4259 23.3285
      vertex -31.7 22.4 23
    endloop
  endfacet
  facet normal -0.996918 4.8408e-06 0.0784466
    outer loop
      vertex -31.5252 12 25.2214
      vertex -31.6741 22.4259 23.3285
      vertex -31.7 12 23
    endloop
  endfacet
  facet normal -0.996921 -1.85313e-06 0.07841
    outer loop
      vertex -31.6741 22.4259 23.3285
      vertex -31.5252 12 25.2214
      vertex -31.6489 22.5028 23.6489
    endloop
  endfacet
  facet normal -0.996933 -2.46269e-05 0.0782588
    outer loop
      vertex -31.6489 22.5028 23.6489
      vertex -31.5252 12 25.2214
      vertex -31.625 22.6289 23.9534
    endloop
  endfacet
  facet normal -0.996919 -3.42885e-06 0.0784354
    outer loop
      vertex -31.625 22.6289 23.9534
      vertex -31.5252 12 25.2214
      vertex -31.6029 22.8011 24.2343
    endloop
  endfacet
  facet normal -0.996895 2.49258e-05 0.0787438
    outer loop
      vertex -31.6029 22.8011 24.2343
      vertex -31.5252 12 25.2214
      vertex -31.5831 23.0151 24.4849
    endloop
  endfacet
  facet normal -0.996932 -6.82455e-06 0.0782718
    outer loop
      vertex -31.5831 23.0151 24.4849
      vertex -31.5252 12 25.2214
      vertex -31.5663 23.2657 24.6989
    endloop
  endfacet
  facet normal -0.996898 1.36536e-05 0.0787106
    outer loop
      vertex -31.5663 23.2657 24.6989
      vertex -31.5252 12 25.2214
      vertex -31.5527 23.5466 24.8711
    endloop
  endfacet
  facet normal -0.996932 1.40351e-07 0.0782679
    outer loop
      vertex -31.5527 23.5466 24.8711
      vertex -31.5252 12 25.2214
      vertex -31.5428 23.8511 24.9972
    endloop
  endfacet
  facet normal -0.996952 0 0.0780152
    outer loop
      vertex -31.5347 24.5 25.1
      vertex -31.5252 12 25.2214
      vertex -31.5252 37 25.2214
    endloop
  endfacet
  facet normal -0.996754 2.43686e-05 0.0805088
    outer loop
      vertex -31.5368 24.1715 25.0741
      vertex -31.5252 12 25.2214
      vertex -31.5347 24.5 25.1
    endloop
  endfacet
  facet normal -0.996967 -8.35552e-06 0.0778216
    outer loop
      vertex -31.5428 23.8511 24.9972
      vertex -31.5252 12 25.2214
      vertex -31.5368 24.1715 25.0741
    endloop
  endfacet
  facet normal -0.07846 0 -0.996917
    outer loop
      vertex -19.7214 12 8.97483
      vertex -17.5 37 8.8
      vertex -17.5 12 8.8
    endloop
  endfacet
  facet normal -0.07846 0 -0.996917
    outer loop
      vertex -17.5 37 8.8
      vertex -19.7214 12 8.97483
      vertex -19.7214 37 8.97483
    endloop
  endfacet
  facet normal 0.972368 0 -0.233452
    outer loop
      vertex -3.47483 14 20.7786
      vertex -3.995 37 18.612
      vertex -3.47483 37 20.7786
    endloop
  endfacet
  facet normal 0.972368 0 -0.233452
    outer loop
      vertex -3.995 37 18.612
      vertex -3.47483 14 20.7786
      vertex -3.995 14 18.612
    endloop
  endfacet
  facet normal -0.85262 8.0744e-07 0.522532
    outer loop
      vertex -30.1523 37 29.4467
      vertex -29.5 14 30.5111
      vertex -28.988 37 31.3465
    endloop
  endfacet
  facet normal -0.852628 0 0.522519
    outer loop
      vertex -30.1523 12 29.4467
      vertex -29.5 14 30.5111
      vertex -30.1523 37 29.4467
    endloop
  endfacet
  facet normal -0.852628 0 0.522519
    outer loop
      vertex -29.5 14 30.5111
      vertex -30.1523 12 29.4467
      vertex -29.5 12 30.5111
    endloop
  endfacet
  facet normal -0.852639 2.34757e-06 0.522501
    outer loop
      vertex -29.2004 14 31
      vertex -28.988 37 31.3465
      vertex -29.5 14 30.5111
    endloop
  endfacet
  facet normal -0.852569 0 0.522614
    outer loop
      vertex -28.988 12 31.3465
      vertex -29.2004 14 31
      vertex -29.2004 12 31
    endloop
  endfacet
  facet normal -0.852569 0 0.522614
    outer loop
      vertex -29.2004 14 31
      vertex -28.988 12 31.3465
      vertex -28.988 37 31.3465
    endloop
  endfacet
  facet normal -0.522532 0 -0.85262
    outer loop
      vertex -25.8465 12 11.512
      vertex -23.9467 37 10.3477
      vertex -23.9467 12 10.3477
    endloop
  endfacet
  facet normal -0.522532 0 -0.85262
    outer loop
      vertex -23.9467 37 10.3477
      vertex -25.8465 12 11.512
      vertex -25.8465 37 11.512
    endloop
  endfacet
  facet normal -0.923886 0 0.382668
    outer loop
      vertex -31.005 12 27.388
      vertex -30.1523 37 29.4467
      vertex -31.005 37 27.388
    endloop
  endfacet
  facet normal -0.923886 0 0.382668
    outer loop
      vertex -30.1523 37 29.4467
      vertex -31.005 12 27.388
      vertex -30.1523 12 29.4467
    endloop
  endfacet
  facet normal 0.760414 0 -0.649439
    outer loop
      vertex -6.01196 12 14.6535
      vertex -7.45908 37 12.9591
      vertex -6.01196 37 14.6535
    endloop
  endfacet
  facet normal 0.760414 0 -0.649439
    outer loop
      vertex -7.45908 37 12.9591
      vertex -6.01196 12 14.6535
      vertex -7.45908 12 12.9591
    endloop
  endfacet
  facet normal -1 0 0
    outer loop
      vertex -25.5 12 46
      vertex -25.5 36.0575 34.7004
      vertex -25.5 12 34.7004
    endloop
  endfacet
  facet normal -1 0 0
    outer loop
      vertex -25.5 36.0575 34.7004
      vertex -25.5 12 46
      vertex -25.5 12 73
    endloop
  endfacet
  facet normal 0 0.846801 0.531909
    outer loop
      vertex -9.5 12 73
      vertex -17.5 34.4874 37.2
      vertex -25.5 12 73
    endloop
  endfacet
  facet normal -3.79058e-05 0.846797 0.531916
    outer loop
      vertex -9.5 12 73
      vertex -15.2786 34.5973 37.0252
      vertex -17.5 34.4874 37.2
    endloop
  endfacet
  facet normal 2.24732e-05 0.846802 0.531909
    outer loop
      vertex -9.5 12 73
      vertex -13.112 34.924 36.505
      vertex -15.2786 34.5973 37.0252
    endloop
  endfacet
  facet normal 6.20169e-06 0.846801 0.53191
    outer loop
      vertex -9.5 12 73
      vertex -11.0533 35.4596 35.6523
      vertex -13.112 34.924 36.505
    endloop
  endfacet
  facet normal 1.42827e-05 0.846801 0.531909
    outer loop
      vertex -11.0533 35.4596 35.6523
      vertex -9.5 12 73
      vertex -9.5 36.0575 34.7004
    endloop
  endfacet
  facet normal 3.79058e-05 0.846797 0.531916
    outer loop
      vertex -19.7214 34.5973 37.0252
      vertex -25.5 12 73
      vertex -17.5 34.4874 37.2
    endloop
  endfacet
  facet normal -2.24732e-05 0.846802 0.531909
    outer loop
      vertex -21.888 34.924 36.505
      vertex -25.5 12 73
      vertex -19.7214 34.5973 37.0252
    endloop
  endfacet
  facet normal -6.20169e-06 0.846801 0.53191
    outer loop
      vertex -23.9467 35.4596 35.6523
      vertex -25.5 12 73
      vertex -21.888 34.924 36.505
    endloop
  endfacet
  facet normal -1.42827e-05 0.846801 0.531909
    outer loop
      vertex -25.5 12 73
      vertex -23.9467 35.4596 35.6523
      vertex -25.5 36.0575 34.7004
    endloop
  endfacet
  facet normal 1 -0 0
    outer loop
      vertex -9.5 12 46
      vertex -9.5 36.0575 34.7004
      vertex -9.5 12 73
    endloop
  endfacet
  facet normal 1 0 0
    outer loop
      vertex -9.5 36.0575 34.7004
      vertex -9.5 12 46
      vertex -9.5 12 34.7004
    endloop
  endfacet
  facet normal 0 -1 0
    outer loop
      vertex -10.2875 14 30.2125
      vertex -5.79959 14 31
      vertex -11.2096 14 31
    endloop
  endfacet
  facet normal 0 -1 0
    outer loop
      vertex -9.24803 14 28.9954
      vertex -5.79959 14 31
      vertex -10.2875 14 30.2125
    endloop
  endfacet
  facet normal 0 -1 0
    outer loop
      vertex -8.41173 14 27.6307
      vertex -5.79959 14 31
      vertex -9.24803 14 28.9954
    endloop
  endfacet
  facet normal 0 -1 -0
    outer loop
      vertex -5.79959 14 31
      vertex -8.41173 14 27.6307
      vertex -4.84771 14 29.4467
    endloop
  endfacet
  facet normal 0 -1 0
    outer loop
      vertex -8.41173 14 27.6307
      vertex -3.995 14 27.388
      vertex -4.84771 14 29.4467
    endloop
  endfacet
  facet normal 0 -1 0
    outer loop
      vertex -7.79922 14 26.152
      vertex -3.995 14 27.388
      vertex -8.41173 14 27.6307
    endloop
  endfacet
  facet normal 0 -1 0
    outer loop
      vertex -7.79922 14 26.152
      vertex -3.47483 14 25.2214
      vertex -3.995 14 27.388
    endloop
  endfacet
  facet normal 0 -1 0
    outer loop
      vertex -7.42558 14 24.5956
      vertex -3.47483 14 25.2214
      vertex -7.79922 14 26.152
    endloop
  endfacet
  facet normal 0 -1 0
    outer loop
      vertex -7.3 14 23
      vertex -3.47483 14 25.2214
      vertex -7.42558 14 24.5956
    endloop
  endfacet
  facet normal 0 -1 0
    outer loop
      vertex -7.3 14 23
      vertex -3.3 14 23
      vertex -3.47483 14 25.2214
    endloop
  endfacet
  facet normal 0 -1 0
    outer loop
      vertex -7.42558 14 21.4044
      vertex -3.3 14 23
      vertex -7.3 14 23
    endloop
  endfacet
  facet normal 0 -1 0
    outer loop
      vertex -7.42558 14 21.4044
      vertex -3.47483 14 20.7786
      vertex -3.3 14 23
    endloop
  endfacet
  facet normal 0 -1 0
    outer loop
      vertex -7.79922 14 19.848
      vertex -3.47483 14 20.7786
      vertex -7.42558 14 21.4044
    endloop
  endfacet
  facet normal 0 -1 0
    outer loop
      vertex -7.79922 14 19.848
      vertex -3.995 14 18.612
      vertex -3.47483 14 20.7786
    endloop
  endfacet
  facet normal 0 -1 0
    outer loop
      vertex -8.41173 14 18.3693
      vertex -3.995 14 18.612
      vertex -7.79922 14 19.848
    endloop
  endfacet
  facet normal 0 -1 0
    outer loop
      vertex -5.79959 14 15
      vertex -8.41173 14 18.3693
      vertex -9.24803 14 17.0046
    endloop
  endfacet
  facet normal 0 -1 0
    outer loop
      vertex -8.41173 14 18.3693
      vertex -4.84771 14 16.5533
      vertex -3.995 14 18.612
    endloop
  endfacet
  facet normal 0 -1 0
    outer loop
      vertex -5.79959 14 15
      vertex -9.24803 14 17.0046
      vertex -10.2875 14 15.7875
    endloop
  endfacet
  facet normal 0 -1 0
    outer loop
      vertex -5.79959 14 15
      vertex -10.2875 14 15.7875
      vertex -11.2096 14 15
    endloop
  endfacet
  facet normal 0 -1 0
    outer loop
      vertex -8.41173 14 18.3693
      vertex -5.79959 14 15
      vertex -4.84771 14 16.5533
    endloop
  endfacet
  facet normal 0 -1 0
    outer loop
      vertex -25.752 14 28.9954
      vertex -29.2004 14 31
      vertex -29.5 14 30.5111
    endloop
  endfacet
  facet normal 0 -1 0
    outer loop
      vertex -29.2004 14 31
      vertex -24.7125 14 30.2125
      vertex -23.7904 14 31
    endloop
  endfacet
  facet normal 0 -1 0
    outer loop
      vertex -29.2004 14 31
      vertex -25.752 14 28.9954
      vertex -24.7125 14 30.2125
    endloop
  endfacet
  facet normal 0 -1 0
    outer loop
      vertex -29.5 14 30.5111
      vertex -26.5883 14 27.6307
      vertex -25.752 14 28.9954
    endloop
  endfacet
  facet normal 0 -1 0
    outer loop
      vertex -29.5 14 30.5111
      vertex -27.2008 14 26.152
      vertex -26.5883 14 27.6307
    endloop
  endfacet
  facet normal 0 -1 0
    outer loop
      vertex -29.5 14 30.5111
      vertex -27.5744 14 24.5956
      vertex -27.2008 14 26.152
    endloop
  endfacet
  facet normal 0 -1 0
    outer loop
      vertex -29.5 14 30.5111
      vertex -27.7 14 23
      vertex -27.5744 14 24.5956
    endloop
  endfacet
  facet normal 0 -1 0
    outer loop
      vertex -29.5 14 15.4889
      vertex -27.7 14 23
      vertex -29.5 14 30.5111
    endloop
  endfacet
  facet normal 0 -1 -0
    outer loop
      vertex -27.7 14 23
      vertex -29.5 14 15.4889
      vertex -27.5744 14 21.4044
    endloop
  endfacet
  facet normal 0 -1 0
    outer loop
      vertex -29.5 14 15.4889
      vertex -27.2008 14 19.848
      vertex -27.5744 14 21.4044
    endloop
  endfacet
  facet normal 0 -1 0
    outer loop
      vertex -29.5 14 15.4889
      vertex -26.5883 14 18.3693
      vertex -27.2008 14 19.848
    endloop
  endfacet
  facet normal 0 -1 0
    outer loop
      vertex -29.5 14 15.4889
      vertex -25.752 14 17.0046
      vertex -26.5883 14 18.3693
    endloop
  endfacet
  facet normal 0 -1 0
    outer loop
      vertex -29.2004 14 15
      vertex -25.752 14 17.0046
      vertex -29.5 14 15.4889
    endloop
  endfacet
  facet normal 0 -1 -0
    outer loop
      vertex -25.752 14 17.0046
      vertex -29.2004 14 15
      vertex -24.7125 14 15.7875
    endloop
  endfacet
  facet normal 0 -1 -0
    outer loop
      vertex -24.7125 14 15.7875
      vertex -29.2004 14 15
      vertex -23.7904 14 15
    endloop
  endfacet
  facet normal 1 -0 0
    outer loop
      vertex -29.5 -12 31
      vertex -29.5 12 30.5111
      vertex -29.5 12 31
    endloop
  endfacet
  facet normal 1 0 0
    outer loop
      vertex -29.5 12 30.5111
      vertex -29.5 -12 31
      vertex -29.5 12 15.4889
    endloop
  endfacet
  facet normal 1 0 0
    outer loop
      vertex -29.5 -12 15
      vertex -29.5 12 15.4889
      vertex -29.5 -12 31
    endloop
  endfacet
  facet normal 1 0 0
    outer loop
      vertex -29.5 12 15.4889
      vertex -29.5 -12 15
      vertex -29.5 12 15
    endloop
  endfacet
  facet normal 1 -0 0
    outer loop
      vertex -29.5 12 30.5111
      vertex -29.5 14 15.4889
      vertex -29.5 14 30.5111
    endloop
  endfacet
  facet normal 1 0 0
    outer loop
      vertex -29.5 14 15.4889
      vertex -29.5 12 30.5111
      vertex -29.5 12 15.4889
    endloop
  endfacet
  facet normal 0 0 -1
    outer loop
      vertex 32.5 -12 31
      vertex 23.7 0 31
      vertex 32.5 12 31
    endloop
  endfacet
  facet normal 0 0 -1
    outer loop
      vertex 32.5 -12 31
      vertex 23.6668 -0.422373 31
      vertex 23.7 0 31
    endloop
  endfacet
  facet normal 0 0 -1
    outer loop
      vertex 32.5 -12 31
      vertex 23.5679 -0.834346 31
      vertex 23.6668 -0.422373 31
    endloop
  endfacet
  facet normal 0 0 -1
    outer loop
      vertex 32.5 -12 31
      vertex 23.4057 -1.22577 31
      vertex 23.5679 -0.834346 31
    endloop
  endfacet
  facet normal 0 0 -1
    outer loop
      vertex 32.5 -12 31
      vertex 23.1843 -1.58702 31
      vertex 23.4057 -1.22577 31
    endloop
  endfacet
  facet normal 0 0 -1
    outer loop
      vertex 32.5 -12 31
      vertex 22.9092 -1.90919 31
      vertex 23.1843 -1.58702 31
    endloop
  endfacet
  facet normal 0 0 -1
    outer loop
      vertex 32.5 -12 31
      vertex 22.587 -2.18435 31
      vertex 22.9092 -1.90919 31
    endloop
  endfacet
  facet normal 0 0 -1
    outer loop
      vertex 32.5 -12 31
      vertex 22.2258 -2.40572 31
      vertex 22.587 -2.18435 31
    endloop
  endfacet
  facet normal 0 0 -1
    outer loop
      vertex 32.5 -12 31
      vertex 21.8343 -2.56785 31
      vertex 22.2258 -2.40572 31
    endloop
  endfacet
  facet normal 0 0 -1
    outer loop
      vertex 32.5 -12 31
      vertex 21.4224 -2.66676 31
      vertex 21.8343 -2.56785 31
    endloop
  endfacet
  facet normal 0 0 -1
    outer loop
      vertex 32.5 -12 31
      vertex 21 -2.7 31
      vertex 21.4224 -2.66676 31
    endloop
  endfacet
  facet normal 0 0 -1
    outer loop
      vertex 32.5 -12 31
      vertex -7 -2.7 31
      vertex 21 -2.7 31
    endloop
  endfacet
  facet normal 0 0 -1
    outer loop
      vertex -29.5 -12 31
      vertex -7 -2.7 31
      vertex 32.5 -12 31
    endloop
  endfacet
  facet normal 0 0 -1
    outer loop
      vertex -29.5 -12 31
      vertex -9.7 0 31
      vertex -9.66676 -0.422373 31
    endloop
  endfacet
  facet normal 0 0 -1
    outer loop
      vertex -9.7 0 31
      vertex -23.7904 12 31
      vertex -11.2096 12 31
    endloop
  endfacet
  facet normal 0 0 -1
    outer loop
      vertex -29.5 -12 31
      vertex -9.66676 -0.422373 31
      vertex -9.56785 -0.834346 31
    endloop
  endfacet
  facet normal 0 0 -1
    outer loop
      vertex -29.5 -12 31
      vertex -9.56785 -0.834346 31
      vertex -9.40572 -1.22577 31
    endloop
  endfacet
  facet normal 0 0 -1
    outer loop
      vertex -29.5 -12 31
      vertex -9.40572 -1.22577 31
      vertex -9.18435 -1.58702 31
    endloop
  endfacet
  facet normal 0 0 -1
    outer loop
      vertex -29.5 -12 31
      vertex -9.18435 -1.58702 31
      vertex -8.90919 -1.90919 31
    endloop
  endfacet
  facet normal 0 0 -1
    outer loop
      vertex -23.7904 12 31
      vertex -29.2004 12 31
      vertex -23.7904 14 31
    endloop
  endfacet
  facet normal -0 0 -1
    outer loop
      vertex -9.7 0 31
      vertex -29.5 -12 31
      vertex -23.7904 12 31
    endloop
  endfacet
  facet normal 0 0 -1
    outer loop
      vertex -29.5 -12 31
      vertex -8.90919 -1.90919 31
      vertex -8.58702 -2.18435 31
    endloop
  endfacet
  facet normal -0 0 -1
    outer loop
      vertex -7 -2.7 31
      vertex -29.5 -12 31
      vertex -7.42237 -2.66676 31
    endloop
  endfacet
  facet normal 0 0 -1
    outer loop
      vertex -29.5 -12 31
      vertex -7.83435 -2.56785 31
      vertex -7.42237 -2.66676 31
    endloop
  endfacet
  facet normal 0 0 -1
    outer loop
      vertex -29.5 -12 31
      vertex -8.22577 -2.40572 31
      vertex -7.83435 -2.56785 31
    endloop
  endfacet
  facet normal 0 0 -1
    outer loop
      vertex -29.5 -12 31
      vertex -8.58702 -2.18435 31
      vertex -8.22577 -2.40572 31
    endloop
  endfacet
  facet normal -0 0 -1
    outer loop
      vertex -23.7904 12 31
      vertex -29.5 -12 31
      vertex -29.2004 12 31
    endloop
  endfacet
  facet normal -0 0 -1
    outer loop
      vertex -29.2004 12 31
      vertex -29.5 -12 31
      vertex -29.5 12 31
    endloop
  endfacet
  facet normal 0 0 -1
    outer loop
      vertex 23.6668 0.422373 31
      vertex 32.5 12 31
      vertex 23.7 0 31
    endloop
  endfacet
  facet normal 0 0 -1
    outer loop
      vertex 23.5679 0.834346 31
      vertex 32.5 12 31
      vertex 23.6668 0.422373 31
    endloop
  endfacet
  facet normal 0 0 -1
    outer loop
      vertex 23.4057 1.22577 31
      vertex 32.5 12 31
      vertex 23.5679 0.834346 31
    endloop
  endfacet
  facet normal 0 0 -1
    outer loop
      vertex 23.1843 1.58702 31
      vertex 32.5 12 31
      vertex 23.4057 1.22577 31
    endloop
  endfacet
  facet normal 0 0 -1
    outer loop
      vertex 22.9092 1.90919 31
      vertex 32.5 12 31
      vertex 23.1843 1.58702 31
    endloop
  endfacet
  facet normal 0 0 -1
    outer loop
      vertex 22.587 2.18435 31
      vertex 32.5 12 31
      vertex 22.9092 1.90919 31
    endloop
  endfacet
  facet normal 0 0 -1
    outer loop
      vertex 22.2258 2.40572 31
      vertex 32.5 12 31
      vertex 22.587 2.18435 31
    endloop
  endfacet
  facet normal 0 0 -1
    outer loop
      vertex 21.8343 2.56785 31
      vertex 32.5 12 31
      vertex 22.2258 2.40572 31
    endloop
  endfacet
  facet normal 0 0 -1
    outer loop
      vertex 21.4224 2.66676 31
      vertex 32.5 12 31
      vertex 21.8343 2.56785 31
    endloop
  endfacet
  facet normal 0 0 -1
    outer loop
      vertex 21 2.7 31
      vertex 32.5 12 31
      vertex 21.4224 2.66676 31
    endloop
  endfacet
  facet normal 0 0 -1
    outer loop
      vertex 21 2.7 31
      vertex -5.79959 12 31
      vertex 32.5 12 31
    endloop
  endfacet
  facet normal 0 0 -1
    outer loop
      vertex -7 2.7 31
      vertex -5.79959 12 31
      vertex 21 2.7 31
    endloop
  endfacet
  facet normal 0 0 -1
    outer loop
      vertex -7.42237 2.66676 31
      vertex -5.79959 12 31
      vertex -7 2.7 31
    endloop
  endfacet
  facet normal -0 0 -1
    outer loop
      vertex -5.79959 12 31
      vertex -7.42237 2.66676 31
      vertex -11.2096 12 31
    endloop
  endfacet
  facet normal 0 0 -1
    outer loop
      vertex -11.2096 12 31
      vertex -7.42237 2.66676 31
      vertex -7.83435 2.56785 31
    endloop
  endfacet
  facet normal 0 0 -1
    outer loop
      vertex -11.2096 12 31
      vertex -7.83435 2.56785 31
      vertex -8.22577 2.40572 31
    endloop
  endfacet
  facet normal 0 0 -1
    outer loop
      vertex -11.2096 12 31
      vertex -8.22577 2.40572 31
      vertex -8.58702 2.18435 31
    endloop
  endfacet
  facet normal 0 0 -1
    outer loop
      vertex -11.2096 12 31
      vertex -8.58702 2.18435 31
      vertex -8.90919 1.90919 31
    endloop
  endfacet
  facet normal 0 0 -1
    outer loop
      vertex -11.2096 12 31
      vertex -8.90919 1.90919 31
      vertex -9.18435 1.58702 31
    endloop
  endfacet
  facet normal 0 0 -1
    outer loop
      vertex -11.2096 12 31
      vertex -9.18435 1.58702 31
      vertex -9.40572 1.22577 31
    endloop
  endfacet
  facet normal 0 0 -1
    outer loop
      vertex -11.2096 12 31
      vertex -9.40572 1.22577 31
      vertex -9.56785 0.834346 31
    endloop
  endfacet
  facet normal 0 0 -1
    outer loop
      vertex -11.2096 12 31
      vertex -9.66676 0.422373 31
      vertex -9.7 0 31
    endloop
  endfacet
  facet normal 0 0 -1
    outer loop
      vertex -11.2096 12 31
      vertex -9.56785 0.834346 31
      vertex -9.66676 0.422373 31
    endloop
  endfacet
  facet normal 0 0 -1
    outer loop
      vertex -5.79959 12 31
      vertex -11.2096 12 31
      vertex -5.79959 14 31
    endloop
  endfacet
  facet normal -0 0 -1
    outer loop
      vertex -5.79959 14 31
      vertex -11.2096 12 31
      vertex -11.2096 14 31
    endloop
  endfacet
  facet normal -0 0 -1
    outer loop
      vertex -23.7904 14 31
      vertex -29.2004 12 31
      vertex -29.2004 14 31
    endloop
  endfacet
  facet normal 0 0 1
    outer loop
      vertex -23.7904 14 15
      vertex -29.2004 14 15
      vertex -23.7904 12 15
    endloop
  endfacet
  facet normal 0 0 1
    outer loop
      vertex -11.2096 12 15
      vertex -5.79959 12 15
      vertex -5.79959 14 15
    endloop
  endfacet
  facet normal 0 -0 1
    outer loop
      vertex -7.42237 2.66676 15
      vertex -5.79959 12 15
      vertex -11.2096 12 15
    endloop
  endfacet
  facet normal 0 0 1
    outer loop
      vertex -5.79959 12 15
      vertex -7.42237 2.66676 15
      vertex -7 2.7 15
    endloop
  endfacet
  facet normal 0 0 1
    outer loop
      vertex -7.42237 2.66676 15
      vertex -11.2096 12 15
      vertex -7.83435 2.56785 15
    endloop
  endfacet
  facet normal 0 0 1
    outer loop
      vertex -7.83435 2.56785 15
      vertex -11.2096 12 15
      vertex -8.22577 2.40572 15
    endloop
  endfacet
  facet normal 0 0 1
    outer loop
      vertex -8.22577 2.40572 15
      vertex -11.2096 12 15
      vertex -8.58702 2.18435 15
    endloop
  endfacet
  facet normal 0 0 1
    outer loop
      vertex -8.58702 2.18435 15
      vertex -11.2096 12 15
      vertex -8.90919 1.90919 15
    endloop
  endfacet
  facet normal 0 0 1
    outer loop
      vertex -8.90919 1.90919 15
      vertex -11.2096 12 15
      vertex -9.18435 1.58702 15
    endloop
  endfacet
  facet normal 0 0 1
    outer loop
      vertex -9.18435 1.58702 15
      vertex -11.2096 12 15
      vertex -9.40572 1.22577 15
    endloop
  endfacet
  facet normal 0 0 1
    outer loop
      vertex -9.40572 1.22577 15
      vertex -23.7904 12 15
      vertex -9.56785 0.834346 15
    endloop
  endfacet
  facet normal -0 0 1
    outer loop
      vertex -23.7904 12 15
      vertex -9.40572 1.22577 15
      vertex -11.2096 12 15
    endloop
  endfacet
  facet normal 0 0 1
    outer loop
      vertex -11.2096 12 15
      vertex -5.79959 14 15
      vertex -11.2096 14 15
    endloop
  endfacet
  facet normal 0 0 1
    outer loop
      vertex 32.5 12 15
      vertex 23.7 0 15
      vertex 32.5 -12 15
    endloop
  endfacet
  facet normal 0 0 1
    outer loop
      vertex 32.5 12 15
      vertex 23.6668 0.422373 15
      vertex 23.7 0 15
    endloop
  endfacet
  facet normal 0 0 1
    outer loop
      vertex 32.5 12 15
      vertex 23.5679 0.834346 15
      vertex 23.6668 0.422373 15
    endloop
  endfacet
  facet normal 0 0 1
    outer loop
      vertex 32.5 12 15
      vertex 23.4057 1.22577 15
      vertex 23.5679 0.834346 15
    endloop
  endfacet
  facet normal 0 0 1
    outer loop
      vertex 32.5 12 15
      vertex 23.1843 1.58702 15
      vertex 23.4057 1.22577 15
    endloop
  endfacet
  facet normal 0 0 1
    outer loop
      vertex 32.5 12 15
      vertex 22.9092 1.90919 15
      vertex 23.1843 1.58702 15
    endloop
  endfacet
  facet normal 0 0 1
    outer loop
      vertex 32.5 12 15
      vertex 22.587 2.18435 15
      vertex 22.9092 1.90919 15
    endloop
  endfacet
  facet normal 0 0 1
    outer loop
      vertex 32.5 12 15
      vertex 22.2258 2.40572 15
      vertex 22.587 2.18435 15
    endloop
  endfacet
  facet normal 0 0 1
    outer loop
      vertex 32.5 12 15
      vertex 21.8343 2.56785 15
      vertex 22.2258 2.40572 15
    endloop
  endfacet
  facet normal 0 0 1
    outer loop
      vertex 32.5 12 15
      vertex 21.4224 2.66676 15
      vertex 21.8343 2.56785 15
    endloop
  endfacet
  facet normal 0 0 1
    outer loop
      vertex 32.5 12 15
      vertex 21 2.7 15
      vertex 21.4224 2.66676 15
    endloop
  endfacet
  facet normal -0 0 1
    outer loop
      vertex -5.79959 12 15
      vertex 21 2.7 15
      vertex 32.5 12 15
    endloop
  endfacet
  facet normal 0 0 1
    outer loop
      vertex 21 2.7 15
      vertex -5.79959 12 15
      vertex -7 2.7 15
    endloop
  endfacet
  facet normal -0 0 1
    outer loop
      vertex 23.6668 -0.422373 15
      vertex 32.5 -12 15
      vertex 23.7 0 15
    endloop
  endfacet
  facet normal -0 0 1
    outer loop
      vertex 23.5679 -0.834346 15
      vertex 32.5 -12 15
      vertex 23.6668 -0.422373 15
    endloop
  endfacet
  facet normal -0 0 1
    outer loop
      vertex 23.4057 -1.22577 15
      vertex 32.5 -12 15
      vertex 23.5679 -0.834346 15
    endloop
  endfacet
  facet normal -0 0 1
    outer loop
      vertex 23.1843 -1.58702 15
      vertex 32.5 -12 15
      vertex 23.4057 -1.22577 15
    endloop
  endfacet
  facet normal -0 0 1
    outer loop
      vertex 22.9092 -1.90919 15
      vertex 32.5 -12 15
      vertex 23.1843 -1.58702 15
    endloop
  endfacet
  facet normal -0 0 1
    outer loop
      vertex 22.587 -2.18435 15
      vertex 32.5 -12 15
      vertex 22.9092 -1.90919 15
    endloop
  endfacet
  facet normal -0 0 1
    outer loop
      vertex 22.2258 -2.40572 15
      vertex 32.5 -12 15
      vertex 22.587 -2.18435 15
    endloop
  endfacet
  facet normal -0 0 1
    outer loop
      vertex 21.8343 -2.56785 15
      vertex 32.5 -12 15
      vertex 22.2258 -2.40572 15
    endloop
  endfacet
  facet normal -0 0 1
    outer loop
      vertex 21.4224 -2.66676 15
      vertex 32.5 -12 15
      vertex 21.8343 -2.56785 15
    endloop
  endfacet
  facet normal -0 0 1
    outer loop
      vertex 21 -2.7 15
      vertex 32.5 -12 15
      vertex 21.4224 -2.66676 15
    endloop
  endfacet
  facet normal -0 0 1
    outer loop
      vertex -7 -2.7 15
      vertex 32.5 -12 15
      vertex 21 -2.7 15
    endloop
  endfacet
  facet normal 0 0 1
    outer loop
      vertex -29.5 -12 15
      vertex -7 -2.7 15
      vertex -7.42237 -2.66676 15
    endloop
  endfacet
  facet normal 0 0 1
    outer loop
      vertex -9.56785 0.834346 15
      vertex -23.7904 12 15
      vertex -9.66676 0.422373 15
    endloop
  endfacet
  facet normal 0 0 1
    outer loop
      vertex -9.66676 0.422373 15
      vertex -23.7904 12 15
      vertex -9.7 0 15
    endloop
  endfacet
  facet normal 0 0 1
    outer loop
      vertex -29.5 -12 15
      vertex -9.7 0 15
      vertex -23.7904 12 15
    endloop
  endfacet
  facet normal 0 0 1
    outer loop
      vertex -9.7 0 15
      vertex -29.5 -12 15
      vertex -9.66676 -0.422373 15
    endloop
  endfacet
  facet normal 0 0 1
    outer loop
      vertex -9.66676 -0.422373 15
      vertex -29.5 -12 15
      vertex -9.56785 -0.834346 15
    endloop
  endfacet
  facet normal 0 0 1
    outer loop
      vertex -9.56785 -0.834346 15
      vertex -29.5 -12 15
      vertex -9.40572 -1.22577 15
    endloop
  endfacet
  facet normal 0 0 1
    outer loop
      vertex -9.40572 -1.22577 15
      vertex -29.5 -12 15
      vertex -9.18435 -1.58702 15
    endloop
  endfacet
  facet normal 0 0 1
    outer loop
      vertex -29.2004 12 15
      vertex -23.7904 12 15
      vertex -29.2004 14 15
    endloop
  endfacet
  facet normal 0 0 1
    outer loop
      vertex -29.5 -12 15
      vertex -23.7904 12 15
      vertex -29.2004 12 15
    endloop
  endfacet
  facet normal 0 0 1
    outer loop
      vertex -9.18435 -1.58702 15
      vertex -29.5 -12 15
      vertex -8.90919 -1.90919 15
    endloop
  endfacet
  facet normal 0 0 1
    outer loop
      vertex -29.5 -12 15
      vertex -29.2004 12 15
      vertex -29.5 12 15
    endloop
  endfacet
  facet normal 0 0 1
    outer loop
      vertex -7 -2.7 15
      vertex -29.5 -12 15
      vertex 32.5 -12 15
    endloop
  endfacet
  facet normal 0 0 1
    outer loop
      vertex -7.83435 -2.56785 15
      vertex -29.5 -12 15
      vertex -7.42237 -2.66676 15
    endloop
  endfacet
  facet normal 0 0 1
    outer loop
      vertex -8.22577 -2.40572 15
      vertex -29.5 -12 15
      vertex -7.83435 -2.56785 15
    endloop
  endfacet
  facet normal 0 0 1
    outer loop
      vertex -8.58702 -2.18435 15
      vertex -29.5 -12 15
      vertex -8.22577 -2.40572 15
    endloop
  endfacet
  facet normal 0 0 1
    outer loop
      vertex -8.90919 -1.90919 15
      vertex -29.5 -12 15
      vertex -8.58702 -2.18435 15
    endloop
  endfacet
  facet normal -0.996925 0.0783618 0
    outer loop
      vertex 23.6668 -0.422373 31
      vertex 23.7 0 46
      vertex 23.7 0 31
    endloop
  endfacet
  facet normal -0.996925 0.0783618 0
    outer loop
      vertex 23.7 0 46
      vertex 23.6668 -0.422373 31
      vertex 23.6668 -0.422373 46
    endloop
  endfacet
  facet normal -0.996925 0.0783618 0
    outer loop
      vertex 23.6668 -0.422373 0
      vertex 23.7 0 15
      vertex 23.7 0 0
    endloop
  endfacet
  facet normal -0.996925 0.0783618 0
    outer loop
      vertex 23.7 0 15
      vertex 23.6668 -0.422373 0
      vertex 23.6668 -0.422373 15
    endloop
  endfacet
  facet normal 0.760405 -0.649449 0
    outer loop
      vertex -9.18435 1.58702 46
      vertex -8.90919 1.90919 31
      vertex -8.90919 1.90919 46
    endloop
  endfacet
  facet normal 0.760405 -0.649449 0
    outer loop
      vertex -8.90919 1.90919 31
      vertex -9.18435 1.58702 46
      vertex -9.18435 1.58702 31
    endloop
  endfacet
  facet normal 0.760405 -0.649449 0
    outer loop
      vertex -9.18435 1.58702 15
      vertex -8.90919 1.90919 0
      vertex -8.90919 1.90919 15
    endloop
  endfacet
  facet normal 0.760405 -0.649449 0
    outer loop
      vertex -8.90919 1.90919 0
      vertex -9.18435 1.58702 15
      vertex -9.18435 1.58702 0
    endloop
  endfacet
  facet normal 0.923882 0.382677 0
    outer loop
      vertex -9.40572 -1.22577 46
      vertex -9.56785 -0.834346 31
      vertex -9.56785 -0.834346 46
    endloop
  endfacet
  facet normal 0.923882 0.382677 0
    outer loop
      vertex -9.56785 -0.834346 31
      vertex -9.40572 -1.22577 46
      vertex -9.40572 -1.22577 31
    endloop
  endfacet
  facet normal 0.923882 0.382677 0
    outer loop
      vertex -9.40572 -1.22577 15
      vertex -9.56785 -0.834346 0
      vertex -9.56785 -0.834346 15
    endloop
  endfacet
  facet normal 0.923882 0.382677 0
    outer loop
      vertex -9.56785 -0.834346 0
      vertex -9.40572 -1.22577 15
      vertex -9.40572 -1.22577 0
    endloop
  endfacet
  facet normal -0.760475 0.649367 0
    outer loop
      vertex 22.9092 -1.90919 31
      vertex 23.1843 -1.58702 46
      vertex 23.1843 -1.58702 31
    endloop
  endfacet
  facet normal -0.760475 0.649367 0
    outer loop
      vertex 23.1843 -1.58702 46
      vertex 22.9092 -1.90919 31
      vertex 22.9092 -1.90919 46
    endloop
  endfacet
  facet normal -0.760475 0.649367 0
    outer loop
      vertex 22.9092 -1.90919 0
      vertex 23.1843 -1.58702 15
      vertex 23.1843 -1.58702 0
    endloop
  endfacet
  facet normal -0.760475 0.649367 0
    outer loop
      vertex 23.1843 -1.58702 15
      vertex 22.9092 -1.90919 0
      vertex 22.9092 -1.90919 15
    endloop
  endfacet
  facet normal 0.649449 0.760405 -0
    outer loop
      vertex -8.58702 -2.18435 31
      vertex -8.90919 -1.90919 46
      vertex -8.58702 -2.18435 46
    endloop
  endfacet
  facet normal 0.649449 0.760405 0
    outer loop
      vertex -8.90919 -1.90919 46
      vertex -8.58702 -2.18435 31
      vertex -8.90919 -1.90919 31
    endloop
  endfacet
  facet normal 0.649449 0.760405 -0
    outer loop
      vertex -8.58702 -2.18435 0
      vertex -8.90919 -1.90919 15
      vertex -8.58702 -2.18435 15
    endloop
  endfacet
  facet normal 0.649449 0.760405 0
    outer loop
      vertex -8.90919 -1.90919 15
      vertex -8.58702 -2.18435 0
      vertex -8.90919 -1.90919 0
    endloop
  endfacet
  facet normal 0 -1 0
    outer loop
      vertex -7 2.7 31
      vertex -5.56342 2.7 45
      vertex -7 2.7 45
    endloop
  endfacet
  facet normal 0 -1 -0
    outer loop
      vertex -5.56342 2.7 45
      vertex -7 2.7 31
      vertex -0.198227 2.7 45
    endloop
  endfacet
  facet normal 0 -1 -0
    outer loop
      vertex -0.198227 2.7 45
      vertex -7 2.7 31
      vertex 3.07304 2.7 45
    endloop
  endfacet
  facet normal 0 -1 -0
    outer loop
      vertex 3.07304 2.7 45
      vertex -7 2.7 31
      vertex 3.42499 2.7 45
    endloop
  endfacet
  facet normal 0 -1 -0
    outer loop
      vertex 3.42499 2.7 45
      vertex -7 2.7 31
      vertex 6.43047 2.7 45
    endloop
  endfacet
  facet normal 0 -1 -0
    outer loop
      vertex 6.43047 2.7 45
      vertex -7 2.7 31
      vertex 7.04366 2.7 45
    endloop
  endfacet
  facet normal 0 -1 0
    outer loop
      vertex 21 2.7 31
      vertex 7.04366 2.7 45
      vertex -7 2.7 31
    endloop
  endfacet
  facet normal 0 -1 0
    outer loop
      vertex 7.04366 2.7 45
      vertex 21 2.7 31
      vertex 8.25499 2.7 45
    endloop
  endfacet
  facet normal 0 -1 0
    outer loop
      vertex 8.25499 2.7 45
      vertex 21 2.7 31
      vertex 9.59886 2.7 45
    endloop
  endfacet
  facet normal 0 -1 0
    outer loop
      vertex 9.59886 2.7 45
      vertex 21 2.7 31
      vertex 10.3095 2.7 45
    endloop
  endfacet
  facet normal 0 -1 0
    outer loop
      vertex 10.3095 2.7 45
      vertex 21 2.7 31
      vertex 11.046 2.7 45
    endloop
  endfacet
  facet normal 0 -1 0
    outer loop
      vertex 11.046 2.7 45
      vertex 21 2.7 31
      vertex 12.2247 2.7 45
    endloop
  endfacet
  facet normal 0 -1 0
    outer loop
      vertex 12.2247 2.7 45
      vertex 21 2.7 31
      vertex 12.6262 2.7 45
    endloop
  endfacet
  facet normal 0 -1 0
    outer loop
      vertex 12.6262 2.7 45
      vertex 21 2.7 31
      vertex 13.8443 2.7 45
    endloop
  endfacet
  facet normal 0 -1 0
    outer loop
      vertex 13.8443 2.7 45
      vertex 21 2.7 31
      vertex 14.5803 2.7 45
    endloop
  endfacet
  facet normal 0 -1 0
    outer loop
      vertex 14.5803 2.7 45
      vertex 21 2.7 31
      vertex 15.3805 2.7 45
    endloop
  endfacet
  facet normal 0 -1 0
    outer loop
      vertex 15.3805 2.7 45
      vertex 21 2.7 31
      vertex 16.3998 2.7 45
    endloop
  endfacet
  facet normal 0 -1 0
    outer loop
      vertex 16.3998 2.7 45
      vertex 21 2.7 31
      vertex 19.3417 2.7 45
    endloop
  endfacet
  facet normal 0 -1 0
    outer loop
      vertex 19.3417 2.7 45
      vertex 21 2.7 31
      vertex 20.3077 2.7 45
    endloop
  endfacet
  facet normal 0 -1 0
    outer loop
      vertex 20.3077 2.7 45
      vertex 21 2.7 31
      vertex 21 2.7 45
    endloop
  endfacet
  facet normal 0 -1 0
    outer loop
      vertex 19.3417 2.7 45
      vertex 20.3077 2.7 45.8
      vertex 19.3417 2.7 45.8
    endloop
  endfacet
  facet normal 0 -1 -0
    outer loop
      vertex 20.3077 2.7 45.8
      vertex 19.3417 2.7 45
      vertex 20.3077 2.7 45
    endloop
  endfacet
  facet normal 0 -1 0
    outer loop
      vertex 15.3805 2.7 45
      vertex 16.3998 2.7 45.8
      vertex 15.3805 2.7 45.8
    endloop
  endfacet
  facet normal 0 -1 -0
    outer loop
      vertex 16.3998 2.7 45.8
      vertex 15.3805 2.7 45
      vertex 16.3998 2.7 45
    endloop
  endfacet
  facet normal 0 -1 0
    outer loop
      vertex 13.8443 2.7 45
      vertex 14.5803 2.7 45.8
      vertex 13.8443 2.7 45.8
    endloop
  endfacet
  facet normal 0 -1 -0
    outer loop
      vertex 14.5803 2.7 45.8
      vertex 13.8443 2.7 45
      vertex 14.5803 2.7 45
    endloop
  endfacet
  facet normal 0 -1 0
    outer loop
      vertex 12.2247 2.7 45
      vertex 12.6262 2.7 45.8
      vertex 12.2247 2.7 45.8
    endloop
  endfacet
  facet normal 0 -1 -0
    outer loop
      vertex 12.6262 2.7 45.8
      vertex 12.2247 2.7 45
      vertex 12.6262 2.7 45
    endloop
  endfacet
  facet normal 0 -1 0
    outer loop
      vertex 10.3095 2.7 45
      vertex 11.046 2.7 45.8
      vertex 10.3095 2.7 45.8
    endloop
  endfacet
  facet normal 0 -1 -0
    outer loop
      vertex 11.046 2.7 45.8
      vertex 10.3095 2.7 45
      vertex 11.046 2.7 45
    endloop
  endfacet
  facet normal 0 -1 0
    outer loop
      vertex 8.25499 2.7 45
      vertex 9.59886 2.7 45.8
      vertex 8.25499 2.7 45.8
    endloop
  endfacet
  facet normal 0 -1 -0
    outer loop
      vertex 9.59886 2.7 45.8
      vertex 8.25499 2.7 45
      vertex 9.59886 2.7 45
    endloop
  endfacet
  facet normal 0 -1 0
    outer loop
      vertex 6.43047 2.7 45
      vertex 7.04366 2.7 45.8
      vertex 6.43047 2.7 45.8
    endloop
  endfacet
  facet normal 0 -1 -0
    outer loop
      vertex 7.04366 2.7 45.8
      vertex 6.43047 2.7 45
      vertex 7.04366 2.7 45
    endloop
  endfacet
  facet normal 0 -1 0
    outer loop
      vertex 3.07304 2.7 45
      vertex 3.42499 2.7 45.8
      vertex 3.07304 2.7 45.8
    endloop
  endfacet
  facet normal 0 -1 -0
    outer loop
      vertex 3.42499 2.7 45.8
      vertex 3.07304 2.7 45
      vertex 3.42499 2.7 45
    endloop
  endfacet
  facet normal 0 -1 0
    outer loop
      vertex -5.56342 2.7 45
      vertex -0.198227 2.7 45.8
      vertex -5.56342 2.7 45.8
    endloop
  endfacet
  facet normal 0 -1 -0
    outer loop
      vertex -0.198227 2.7 45.8
      vertex -5.56342 2.7 45
      vertex -0.198227 2.7 45
    endloop
  endfacet
  facet normal 0 -1 0
    outer loop
      vertex -5.56342 2.7 45.8
      vertex -7 2.7 46
      vertex -7 2.7 45.8
    endloop
  endfacet
  facet normal 0 -1 0
    outer loop
      vertex -0.198227 2.7 45.8
      vertex -7 2.7 46
      vertex -5.56342 2.7 45.8
    endloop
  endfacet
  facet normal 0 -1 0
    outer loop
      vertex 3.07304 2.7 45.8
      vertex -7 2.7 46
      vertex -0.198227 2.7 45.8
    endloop
  endfacet
  facet normal 0 -1 0
    outer loop
      vertex -7 2.7 46
      vertex 3.07304 2.7 45.8
      vertex 21 2.7 46
    endloop
  endfacet
  facet normal 0 -1 0
    outer loop
      vertex 3.42499 2.7 45.8
      vertex 21 2.7 46
      vertex 3.07304 2.7 45.8
    endloop
  endfacet
  facet normal 0 -1 0
    outer loop
      vertex 6.43047 2.7 45.8
      vertex 21 2.7 46
      vertex 3.42499 2.7 45.8
    endloop
  endfacet
  facet normal 0 -1 0
    outer loop
      vertex 7.04366 2.7 45.8
      vertex 21 2.7 46
      vertex 6.43047 2.7 45.8
    endloop
  endfacet
  facet normal 0 -1 0
    outer loop
      vertex 8.25499 2.7 45.8
      vertex 21 2.7 46
      vertex 7.04366 2.7 45.8
    endloop
  endfacet
  facet normal 0 -1 0
    outer loop
      vertex 9.59886 2.7 45.8
      vertex 21 2.7 46
      vertex 8.25499 2.7 45.8
    endloop
  endfacet
  facet normal 0 -1 0
    outer loop
      vertex 10.3095 2.7 45.8
      vertex 21 2.7 46
      vertex 9.59886 2.7 45.8
    endloop
  endfacet
  facet normal 0 -1 0
    outer loop
      vertex 11.046 2.7 45.8
      vertex 21 2.7 46
      vertex 10.3095 2.7 45.8
    endloop
  endfacet
  facet normal 0 -1 0
    outer loop
      vertex 12.2247 2.7 45.8
      vertex 21 2.7 46
      vertex 11.046 2.7 45.8
    endloop
  endfacet
  facet normal 0 -1 0
    outer loop
      vertex 12.6262 2.7 45.8
      vertex 21 2.7 46
      vertex 12.2247 2.7 45.8
    endloop
  endfacet
  facet normal 0 -1 0
    outer loop
      vertex 13.8443 2.7 45.8
      vertex 21 2.7 46
      vertex 12.6262 2.7 45.8
    endloop
  endfacet
  facet normal 0 -1 0
    outer loop
      vertex 14.5803 2.7 45.8
      vertex 21 2.7 46
      vertex 13.8443 2.7 45.8
    endloop
  endfacet
  facet normal 0 -1 0
    outer loop
      vertex 15.3805 2.7 45.8
      vertex 21 2.7 46
      vertex 14.5803 2.7 45.8
    endloop
  endfacet
  facet normal 0 -1 0
    outer loop
      vertex 16.3998 2.7 45.8
      vertex 21 2.7 46
      vertex 15.3805 2.7 45.8
    endloop
  endfacet
  facet normal 0 -1 0
    outer loop
      vertex 19.3417 2.7 45.8
      vertex 21 2.7 46
      vertex 16.3998 2.7 45.8
    endloop
  endfacet
  facet normal 0 -1 0
    outer loop
      vertex 20.3077 2.7 45.8
      vertex 21 2.7 46
      vertex 19.3417 2.7 45.8
    endloop
  endfacet
  facet normal 0 -1 -0
    outer loop
      vertex 21 2.7 46
      vertex 20.3077 2.7 45.8
      vertex 21 2.7 45.8
    endloop
  endfacet
  facet normal 0 -1 0
    outer loop
      vertex -7 2.7 0
      vertex 21 2.7 15
      vertex -7 2.7 15
    endloop
  endfacet
  facet normal 0 -1 -0
    outer loop
      vertex 21 2.7 15
      vertex -7 2.7 0
      vertex 21 2.7 0
    endloop
  endfacet
  facet normal 0.233451 0.972369 -0
    outer loop
      vertex -7.42237 -2.66676 31
      vertex -7.83435 -2.56785 46
      vertex -7.42237 -2.66676 46
    endloop
  endfacet
  facet normal 0.233451 0.972369 0
    outer loop
      vertex -7.83435 -2.56785 46
      vertex -7.42237 -2.66676 31
      vertex -7.83435 -2.56785 31
    endloop
  endfacet
  facet normal 0.233451 0.972369 -0
    outer loop
      vertex -7.42237 -2.66676 0
      vertex -7.83435 -2.56785 15
      vertex -7.42237 -2.66676 15
    endloop
  endfacet
  facet normal 0.233451 0.972369 0
    outer loop
      vertex -7.83435 -2.56785 15
      vertex -7.42237 -2.66676 0
      vertex -7.83435 -2.56785 0
    endloop
  endfacet
  facet normal -0.972373 0.233432 0
    outer loop
      vertex 23.5679 -0.834346 31
      vertex 23.6668 -0.422373 46
      vertex 23.6668 -0.422373 31
    endloop
  endfacet
  facet normal -0.972373 0.233432 0
    outer loop
      vertex 23.6668 -0.422373 46
      vertex 23.5679 -0.834346 31
      vertex 23.5679 -0.834346 46
    endloop
  endfacet
  facet normal -0.972373 0.233432 0
    outer loop
      vertex 23.5679 -0.834346 0
      vertex 23.6668 -0.422373 15
      vertex 23.6668 -0.422373 0
    endloop
  endfacet
  facet normal -0.972373 0.233432 0
    outer loop
      vertex 23.6668 -0.422373 15
      vertex 23.5679 -0.834346 0
      vertex 23.5679 -0.834346 15
    endloop
  endfacet
  facet normal -0.0784506 -0.996918 0
    outer loop
      vertex 21 2.7 45.8
      vertex 21.4224 2.66676 46
      vertex 21 2.7 46
    endloop
  endfacet
  facet normal -0.0784506 -0.996918 -0
    outer loop
      vertex 21.4224 2.66676 46
      vertex 21 2.7 45.8
      vertex 21.4224 2.66676 45.8
    endloop
  endfacet
  facet normal -0.0784506 -0.996918 0
    outer loop
      vertex 21 2.7 0
      vertex 21.4224 2.66676 15
      vertex 21 2.7 15
    endloop
  endfacet
  facet normal -0.0784506 -0.996918 -0
    outer loop
      vertex 21.4224 2.66676 15
      vertex 21 2.7 0
      vertex 21.4224 2.66676 0
    endloop
  endfacet
  facet normal -0.0784506 -0.996918 0
    outer loop
      vertex 21 2.7 31
      vertex 21.4224 2.66676 45
      vertex 21 2.7 45
    endloop
  endfacet
  facet normal -0.0784506 -0.996918 -0
    outer loop
      vertex 21.4224 2.66676 45
      vertex 21 2.7 31
      vertex 21.4224 2.66676 31
    endloop
  endfacet
  facet normal 0.923882 -0.382677 0
    outer loop
      vertex -9.56785 0.834346 46
      vertex -9.40572 1.22577 31
      vertex -9.40572 1.22577 46
    endloop
  endfacet
  facet normal 0.923882 -0.382677 0
    outer loop
      vertex -9.40572 1.22577 31
      vertex -9.56785 0.834346 46
      vertex -9.56785 0.834346 31
    endloop
  endfacet
  facet normal 0.923882 -0.382677 0
    outer loop
      vertex -9.56785 0.834346 15
      vertex -9.40572 1.22577 0
      vertex -9.40572 1.22577 15
    endloop
  endfacet
  facet normal 0.923882 -0.382677 0
    outer loop
      vertex -9.40572 1.22577 0
      vertex -9.56785 0.834346 15
      vertex -9.56785 0.834346 0
    endloop
  endfacet
  facet normal 0.233451 -0.972369 0
    outer loop
      vertex -7.83435 2.56785 45.8
      vertex -7.42237 2.66676 46
      vertex -7.83435 2.56785 46
    endloop
  endfacet
  facet normal 0.233451 -0.972369 0
    outer loop
      vertex -7.42237 2.66676 46
      vertex -7.83435 2.56785 45.8
      vertex -7.42237 2.66676 45.8
    endloop
  endfacet
  facet normal 0.233451 -0.972369 0
    outer loop
      vertex -7.83435 2.56785 0
      vertex -7.42237 2.66676 15
      vertex -7.83435 2.56785 15
    endloop
  endfacet
  facet normal 0.233451 -0.972369 0
    outer loop
      vertex -7.42237 2.66676 15
      vertex -7.83435 2.56785 0
      vertex -7.42237 2.66676 0
    endloop
  endfacet
  facet normal 0.233451 -0.972369 0
    outer loop
      vertex -7.83435 2.56785 31
      vertex -7.42237 2.66676 45
      vertex -7.83435 2.56785 45
    endloop
  endfacet
  facet normal 0.233451 -0.972369 0
    outer loop
      vertex -7.42237 2.66676 45
      vertex -7.83435 2.56785 31
      vertex -7.42237 2.66676 31
    endloop
  endfacet
  facet normal 0.852645 0.522491 0
    outer loop
      vertex -9.18435 -1.58702 46
      vertex -9.40572 -1.22577 31
      vertex -9.40572 -1.22577 46
    endloop
  endfacet
  facet normal 0.852645 0.522491 0
    outer loop
      vertex -9.40572 -1.22577 31
      vertex -9.18435 -1.58702 46
      vertex -9.18435 -1.58702 31
    endloop
  endfacet
  facet normal 0.852645 0.522491 0
    outer loop
      vertex -9.18435 -1.58702 15
      vertex -9.40572 -1.22577 0
      vertex -9.40572 -1.22577 15
    endloop
  endfacet
  facet normal 0.852645 0.522491 0
    outer loop
      vertex -9.40572 -1.22577 0
      vertex -9.18435 -1.58702 15
      vertex -9.18435 -1.58702 0
    endloop
  endfacet
  facet normal 0.972368 0.233454 0
    outer loop
      vertex -9.56785 -0.834346 46
      vertex -9.66676 -0.422373 31
      vertex -9.66676 -0.422373 46
    endloop
  endfacet
  facet normal 0.972368 0.233454 0
    outer loop
      vertex -9.66676 -0.422373 31
      vertex -9.56785 -0.834346 46
      vertex -9.56785 -0.834346 31
    endloop
  endfacet
  facet normal 0.972368 0.233454 0
    outer loop
      vertex -9.56785 -0.834346 15
      vertex -9.66676 -0.422373 0
      vertex -9.66676 -0.422373 15
    endloop
  endfacet
  facet normal 0.972368 0.233454 0
    outer loop
      vertex -9.66676 -0.422373 0
      vertex -9.56785 -0.834346 15
      vertex -9.56785 -0.834346 0
    endloop
  endfacet
  facet normal 0.760405 0.649449 0
    outer loop
      vertex -8.90919 -1.90919 46
      vertex -9.18435 -1.58702 31
      vertex -9.18435 -1.58702 46
    endloop
  endfacet
  facet normal 0.760405 0.649449 0
    outer loop
      vertex -9.18435 -1.58702 31
      vertex -8.90919 -1.90919 46
      vertex -8.90919 -1.90919 31
    endloop
  endfacet
  facet normal 0.760405 0.649449 0
    outer loop
      vertex -8.90919 -1.90919 15
      vertex -9.18435 -1.58702 0
      vertex -9.18435 -1.58702 15
    endloop
  endfacet
  facet normal 0.760405 0.649449 0
    outer loop
      vertex -9.18435 -1.58702 0
      vertex -8.90919 -1.90919 15
      vertex -8.90919 -1.90919 0
    endloop
  endfacet
  facet normal 0.0784562 -0.996918 0
    outer loop
      vertex -7.42237 2.66676 45.8
      vertex -7 2.7 46
      vertex -7.42237 2.66676 46
    endloop
  endfacet
  facet normal 0.0784562 -0.996918 0
    outer loop
      vertex -7 2.7 46
      vertex -7.42237 2.66676 45.8
      vertex -7 2.7 45.8
    endloop
  endfacet
  facet normal 0.0784562 -0.996918 0
    outer loop
      vertex -7.42237 2.66676 0
      vertex -7 2.7 15
      vertex -7.42237 2.66676 15
    endloop
  endfacet
  facet normal 0.0784562 -0.996918 0
    outer loop
      vertex -7 2.7 15
      vertex -7.42237 2.66676 0
      vertex -7 2.7 0
    endloop
  endfacet
  facet normal 0.0784562 -0.996918 0
    outer loop
      vertex -7.42237 2.66676 31
      vertex -7 2.7 45
      vertex -7.42237 2.66676 45
    endloop
  endfacet
  facet normal 0.0784562 -0.996918 0
    outer loop
      vertex -7 2.7 45
      vertex -7.42237 2.66676 31
      vertex -7 2.7 31
    endloop
  endfacet
  facet normal -0.0784506 0.996918 0
    outer loop
      vertex 21.4224 -2.66676 31
      vertex 21 -2.7 46
      vertex 21.4224 -2.66676 46
    endloop
  endfacet
  facet normal -0.0784506 0.996918 0
    outer loop
      vertex 21 -2.7 46
      vertex 21.4224 -2.66676 31
      vertex 21 -2.7 31
    endloop
  endfacet
  facet normal -0.0784506 0.996918 0
    outer loop
      vertex 21.4224 -2.66676 0
      vertex 21 -2.7 15
      vertex 21.4224 -2.66676 15
    endloop
  endfacet
  facet normal -0.0784506 0.996918 0
    outer loop
      vertex 21 -2.7 15
      vertex 21.4224 -2.66676 0
      vertex 21 -2.7 0
    endloop
  endfacet
  facet normal 0.0784562 0.996918 -0
    outer loop
      vertex -7 -2.7 31
      vertex -7.42237 -2.66676 46
      vertex -7 -2.7 46
    endloop
  endfacet
  facet normal 0.0784562 0.996918 0
    outer loop
      vertex -7.42237 -2.66676 46
      vertex -7 -2.7 31
      vertex -7.42237 -2.66676 31
    endloop
  endfacet
  facet normal 0.0784562 0.996918 -0
    outer loop
      vertex -7 -2.7 0
      vertex -7.42237 -2.66676 15
      vertex -7 -2.7 15
    endloop
  endfacet
  facet normal 0.0784562 0.996918 0
    outer loop
      vertex -7.42237 -2.66676 15
      vertex -7 -2.7 0
      vertex -7.42237 -2.66676 0
    endloop
  endfacet
  facet normal 0 1 -0
    outer loop
      vertex 21 -2.7 31
      vertex -7 -2.7 46
      vertex 21 -2.7 46
    endloop
  endfacet
  facet normal 0 1 0
    outer loop
      vertex -7 -2.7 46
      vertex 21 -2.7 31
      vertex -7 -2.7 31
    endloop
  endfacet
  facet normal 0 1 -0
    outer loop
      vertex 21 -2.7 0
      vertex -7 -2.7 15
      vertex 21 -2.7 15
    endloop
  endfacet
  facet normal 0 1 0
    outer loop
      vertex -7 -2.7 15
      vertex 21 -2.7 0
      vertex -7 -2.7 0
    endloop
  endfacet
  facet normal -0.382614 -0.923908 0
    outer loop
      vertex 21.8343 2.56785 31
      vertex 22.2258 2.40572 46
      vertex 21.8343 2.56785 46
    endloop
  endfacet
  facet normal -0.382614 -0.923908 -0
    outer loop
      vertex 22.2258 2.40572 46
      vertex 21.8343 2.56785 31
      vertex 22.2258 2.40572 31
    endloop
  endfacet
  facet normal -0.382614 -0.923908 0
    outer loop
      vertex 21.8343 2.56785 0
      vertex 22.2258 2.40572 15
      vertex 21.8343 2.56785 15
    endloop
  endfacet
  facet normal -0.382614 -0.923908 -0
    outer loop
      vertex 22.2258 2.40572 15
      vertex 21.8343 2.56785 0
      vertex 22.2258 2.40572 0
    endloop
  endfacet
  facet normal 0.522491 -0.852645 0
    outer loop
      vertex -8.58702 2.18435 45.8
      vertex -8.22577 2.40572 46
      vertex -8.58702 2.18435 46
    endloop
  endfacet
  facet normal 0.522491 -0.852645 0
    outer loop
      vertex -8.22577 2.40572 46
      vertex -8.58702 2.18435 45.8
      vertex -8.22577 2.40572 45.8
    endloop
  endfacet
  facet normal 0.522491 -0.852645 0
    outer loop
      vertex -8.58702 2.18435 0
      vertex -8.22577 2.40572 15
      vertex -8.58702 2.18435 15
    endloop
  endfacet
  facet normal 0.522491 -0.852645 0
    outer loop
      vertex -8.22577 2.40572 15
      vertex -8.58702 2.18435 0
      vertex -8.22577 2.40572 0
    endloop
  endfacet
  facet normal 0.522491 -0.852645 0
    outer loop
      vertex -8.58702 2.18435 31
      vertex -8.22577 2.40572 45
      vertex -8.58702 2.18435 45
    endloop
  endfacet
  facet normal 0.522491 -0.852645 0
    outer loop
      vertex -8.22577 2.40572 45
      vertex -8.58702 2.18435 31
      vertex -8.22577 2.40572 31
    endloop
  endfacet
  facet normal 0.38268 0.923881 -0
    outer loop
      vertex -7.83435 -2.56785 31
      vertex -8.22577 -2.40572 46
      vertex -7.83435 -2.56785 46
    endloop
  endfacet
  facet normal 0.38268 0.923881 0
    outer loop
      vertex -8.22577 -2.40572 46
      vertex -7.83435 -2.56785 31
      vertex -8.22577 -2.40572 31
    endloop
  endfacet
  facet normal 0.38268 0.923881 -0
    outer loop
      vertex -7.83435 -2.56785 0
      vertex -8.22577 -2.40572 15
      vertex -7.83435 -2.56785 15
    endloop
  endfacet
  facet normal 0.38268 0.923881 0
    outer loop
      vertex -8.22577 -2.40572 15
      vertex -7.83435 -2.56785 0
      vertex -8.22577 -2.40572 0
    endloop
  endfacet
  facet normal 0.649449 -0.760405 -1.63566e-06
    outer loop
      vertex -8.90919 1.90919 46
      vertex -8.59435 2.17809 45.8
      vertex -8.58702 2.18435 46
    endloop
  endfacet
  facet normal 0.64945 -0.760404 0
    outer loop
      vertex -8.90919 1.90919 46
      vertex -8.59435 2.17809 45
      vertex -8.59435 2.17809 45.8
    endloop
  endfacet
  facet normal 0.64945 -0.760404 0
    outer loop
      vertex -8.90919 1.90919 31
      vertex -8.59435 2.17809 45
      vertex -8.90919 1.90919 46
    endloop
  endfacet
  facet normal 0.649449 -0.760405 2.33666e-08
    outer loop
      vertex -8.58702 2.18435 31
      vertex -8.59435 2.17809 45
      vertex -8.90919 1.90919 31
    endloop
  endfacet
  facet normal 0.649423 -0.760427 0
    outer loop
      vertex -8.59435 2.17809 45
      vertex -8.58702 2.18435 31
      vertex -8.58702 2.18435 45
    endloop
  endfacet
  facet normal 0.649423 -0.760427 0
    outer loop
      vertex -8.58702 2.18435 46
      vertex -8.59435 2.17809 45.8
      vertex -8.58702 2.18435 45.8
    endloop
  endfacet
  facet normal 0.649449 -0.760405 0
    outer loop
      vertex -8.90919 1.90919 0
      vertex -8.58702 2.18435 15
      vertex -8.90919 1.90919 15
    endloop
  endfacet
  facet normal 0.649449 -0.760405 0
    outer loop
      vertex -8.58702 2.18435 15
      vertex -8.90919 1.90919 0
      vertex -8.58702 2.18435 0
    endloop
  endfacet
  facet normal -0.996925 -0.0783618 0
    outer loop
      vertex 23.7 0 31
      vertex 23.6668 0.422373 46
      vertex 23.6668 0.422373 31
    endloop
  endfacet
  facet normal -0.996925 -0.0783618 0
    outer loop
      vertex 23.6668 0.422373 46
      vertex 23.7 0 31
      vertex 23.7 0 46
    endloop
  endfacet
  facet normal -0.996925 -0.0783618 0
    outer loop
      vertex 23.7 0 0
      vertex 23.6668 0.422373 15
      vertex 23.6668 0.422373 0
    endloop
  endfacet
  facet normal -0.996925 -0.0783618 0
    outer loop
      vertex 23.6668 0.422373 15
      vertex 23.7 0 0
      vertex 23.7 0 15
    endloop
  endfacet
  facet normal -0.233493 0.972358 0
    outer loop
      vertex 21.8343 -2.56785 31
      vertex 21.4224 -2.66676 46
      vertex 21.8343 -2.56785 46
    endloop
  endfacet
  facet normal -0.233493 0.972358 0
    outer loop
      vertex 21.4224 -2.66676 46
      vertex 21.8343 -2.56785 31
      vertex 21.4224 -2.66676 31
    endloop
  endfacet
  facet normal -0.233493 0.972358 0
    outer loop
      vertex 21.8343 -2.56785 0
      vertex 21.4224 -2.66676 15
      vertex 21.8343 -2.56785 15
    endloop
  endfacet
  facet normal -0.233493 0.972358 0
    outer loop
      vertex 21.4224 -2.66676 15
      vertex 21.8343 -2.56785 0
      vertex 21.4224 -2.66676 0
    endloop
  endfacet
  facet normal 0.996918 0.0784556 0
    outer loop
      vertex -9.66676 -0.422373 46
      vertex -9.7 0 31
      vertex -9.7 0 46
    endloop
  endfacet
  facet normal 0.996918 0.0784556 0
    outer loop
      vertex -9.7 0 31
      vertex -9.66676 -0.422373 46
      vertex -9.66676 -0.422373 31
    endloop
  endfacet
  facet normal 0.996918 0.0784556 0
    outer loop
      vertex -9.66676 -0.422373 15
      vertex -9.7 0 0
      vertex -9.7 0 15
    endloop
  endfacet
  facet normal 0.996918 0.0784556 0
    outer loop
      vertex -9.7 0 0
      vertex -9.66676 -0.422373 15
      vertex -9.66676 -0.422373 0
    endloop
  endfacet
  facet normal 0.38268 -0.923881 0
    outer loop
      vertex -8.22577 2.40572 45.8
      vertex -7.83435 2.56785 46
      vertex -8.22577 2.40572 46
    endloop
  endfacet
  facet normal 0.38268 -0.923881 0
    outer loop
      vertex -7.83435 2.56785 46
      vertex -8.22577 2.40572 45.8
      vertex -7.83435 2.56785 45.8
    endloop
  endfacet
  facet normal 0.38268 -0.923881 0
    outer loop
      vertex -8.22577 2.40572 0
      vertex -7.83435 2.56785 15
      vertex -8.22577 2.40572 15
    endloop
  endfacet
  facet normal 0.38268 -0.923881 0
    outer loop
      vertex -7.83435 2.56785 15
      vertex -8.22577 2.40572 0
      vertex -7.83435 2.56785 0
    endloop
  endfacet
  facet normal 0.38268 -0.923881 0
    outer loop
      vertex -8.22577 2.40572 31
      vertex -7.83435 2.56785 45
      vertex -8.22577 2.40572 45
    endloop
  endfacet
  facet normal 0.38268 -0.923881 0
    outer loop
      vertex -7.83435 2.56785 45
      vertex -8.22577 2.40572 31
      vertex -7.83435 2.56785 31
    endloop
  endfacet
  facet normal -0.852613 -0.522543 0
    outer loop
      vertex 23.4057 1.22577 31
      vertex 23.1843 1.58702 46
      vertex 23.1843 1.58702 31
    endloop
  endfacet
  facet normal -0.852613 -0.522543 0
    outer loop
      vertex 23.1843 1.58702 46
      vertex 23.4057 1.22577 31
      vertex 23.4057 1.22577 46
    endloop
  endfacet
  facet normal -0.852613 -0.522543 0
    outer loop
      vertex 23.4057 1.22577 0
      vertex 23.1843 1.58702 15
      vertex 23.1843 1.58702 0
    endloop
  endfacet
  facet normal -0.852613 -0.522543 0
    outer loop
      vertex 23.1843 1.58702 15
      vertex 23.4057 1.22577 0
      vertex 23.4057 1.22577 15
    endloop
  endfacet
  facet normal -0.760475 -0.649367 0
    outer loop
      vertex 23.1843 1.58702 31
      vertex 22.9092 1.90919 46
      vertex 22.9092 1.90919 31
    endloop
  endfacet
  facet normal -0.760475 -0.649367 0
    outer loop
      vertex 22.9092 1.90919 46
      vertex 23.1843 1.58702 31
      vertex 23.1843 1.58702 46
    endloop
  endfacet
  facet normal -0.760475 -0.649367 0
    outer loop
      vertex 23.1843 1.58702 0
      vertex 22.9092 1.90919 15
      vertex 22.9092 1.90919 0
    endloop
  endfacet
  facet normal -0.760475 -0.649367 0
    outer loop
      vertex 22.9092 1.90919 15
      vertex 23.1843 1.58702 0
      vertex 23.1843 1.58702 15
    endloop
  endfacet
  facet normal -0.923824 -0.382818 0
    outer loop
      vertex 23.5679 0.834346 31
      vertex 23.4057 1.22577 46
      vertex 23.4057 1.22577 31
    endloop
  endfacet
  facet normal -0.923824 -0.382818 0
    outer loop
      vertex 23.4057 1.22577 46
      vertex 23.5679 0.834346 31
      vertex 23.5679 0.834346 46
    endloop
  endfacet
  facet normal -0.923824 -0.382818 0
    outer loop
      vertex 23.5679 0.834346 0
      vertex 23.4057 1.22577 15
      vertex 23.4057 1.22577 0
    endloop
  endfacet
  facet normal -0.923824 -0.382818 0
    outer loop
      vertex 23.4057 1.22577 15
      vertex 23.5679 0.834346 0
      vertex 23.5679 0.834346 15
    endloop
  endfacet
  facet normal 0.996918 -0.0784556 0
    outer loop
      vertex -9.7 0 46
      vertex -9.66676 0.422373 31
      vertex -9.66676 0.422373 46
    endloop
  endfacet
  facet normal 0.996918 -0.0784556 0
    outer loop
      vertex -9.66676 0.422373 31
      vertex -9.7 0 46
      vertex -9.7 0 31
    endloop
  endfacet
  facet normal 0.996918 -0.0784556 0
    outer loop
      vertex -9.7 0 15
      vertex -9.66676 0.422373 0
      vertex -9.66676 0.422373 15
    endloop
  endfacet
  facet normal 0.996918 -0.0784556 0
    outer loop
      vertex -9.66676 0.422373 0
      vertex -9.7 0 15
      vertex -9.7 0 0
    endloop
  endfacet
  facet normal -0.649414 0.760435 0
    outer loop
      vertex 22.9092 -1.90919 31
      vertex 22.587 -2.18435 46
      vertex 22.9092 -1.90919 46
    endloop
  endfacet
  facet normal -0.649414 0.760435 0
    outer loop
      vertex 22.587 -2.18435 46
      vertex 22.9092 -1.90919 31
      vertex 22.587 -2.18435 31
    endloop
  endfacet
  facet normal -0.649414 0.760435 0
    outer loop
      vertex 22.9092 -1.90919 0
      vertex 22.587 -2.18435 15
      vertex 22.9092 -1.90919 15
    endloop
  endfacet
  facet normal -0.649414 0.760435 0
    outer loop
      vertex 22.587 -2.18435 15
      vertex 22.9092 -1.90919 0
      vertex 22.587 -2.18435 0
    endloop
  endfacet
  facet normal -0.649414 -0.760435 0
    outer loop
      vertex 22.587 2.18435 31
      vertex 22.9092 1.90919 46
      vertex 22.587 2.18435 46
    endloop
  endfacet
  facet normal -0.649414 -0.760435 -0
    outer loop
      vertex 22.9092 1.90919 46
      vertex 22.587 2.18435 31
      vertex 22.9092 1.90919 31
    endloop
  endfacet
  facet normal -0.649414 -0.760435 0
    outer loop
      vertex 22.587 2.18435 0
      vertex 22.9092 1.90919 15
      vertex 22.587 2.18435 15
    endloop
  endfacet
  facet normal -0.649414 -0.760435 -0
    outer loop
      vertex 22.9092 1.90919 15
      vertex 22.587 2.18435 0
      vertex 22.9092 1.90919 0
    endloop
  endfacet
  facet normal 0.852645 -0.522491 0
    outer loop
      vertex -9.40572 1.22577 46
      vertex -9.18435 1.58702 31
      vertex -9.18435 1.58702 46
    endloop
  endfacet
  facet normal 0.852645 -0.522491 0
    outer loop
      vertex -9.18435 1.58702 31
      vertex -9.40572 1.22577 46
      vertex -9.40572 1.22577 31
    endloop
  endfacet
  facet normal 0.852645 -0.522491 0
    outer loop
      vertex -9.40572 1.22577 15
      vertex -9.18435 1.58702 0
      vertex -9.18435 1.58702 15
    endloop
  endfacet
  facet normal 0.852645 -0.522491 0
    outer loop
      vertex -9.18435 1.58702 0
      vertex -9.40572 1.22577 15
      vertex -9.40572 1.22577 0
    endloop
  endfacet
  facet normal -0.23375 -0.972297 -0
    outer loop
      vertex 21.4224 2.66676 45
      vertex 21.4224 2.66676 31
      vertex 21.4907 2.65034 45
    endloop
  endfacet
  facet normal -0.23375 -0.972297 0
    outer loop
      vertex 21.4907 2.65034 45.8
      vertex 21.4224 2.66676 46
      vertex 21.4224 2.66676 45.8
    endloop
  endfacet
  facet normal -0.233493 -0.972358 9.25971e-05
    outer loop
      vertex 21.4224 2.66676 46
      vertex 21.4907 2.65034 45.8
      vertex 21.8343 2.56785 46
    endloop
  endfacet
  facet normal -0.233443 -0.972371 0
    outer loop
      vertex 21.4907 2.65034 45
      vertex 21.8343 2.56785 46
      vertex 21.4907 2.65034 45.8
    endloop
  endfacet
  facet normal -0.233493 -0.972358 -1.32282e-06
    outer loop
      vertex 21.8343 2.56785 31
      vertex 21.4907 2.65034 45
      vertex 21.4224 2.66676 31
    endloop
  endfacet
  facet normal -0.233443 -0.972371 0
    outer loop
      vertex 21.4907 2.65034 45
      vertex 21.8343 2.56785 31
      vertex 21.8343 2.56785 46
    endloop
  endfacet
  facet normal -0.233493 -0.972358 0
    outer loop
      vertex 21.4224 2.66676 0
      vertex 21.8343 2.56785 15
      vertex 21.4224 2.66676 15
    endloop
  endfacet
  facet normal -0.233493 -0.972358 -0
    outer loop
      vertex 21.8343 2.56785 15
      vertex 21.4224 2.66676 0
      vertex 21.8343 2.56785 0
    endloop
  endfacet
  facet normal -0.522544 0.852612 0
    outer loop
      vertex 22.587 -2.18435 31
      vertex 22.2258 -2.40572 46
      vertex 22.587 -2.18435 46
    endloop
  endfacet
  facet normal -0.522544 0.852612 0
    outer loop
      vertex 22.2258 -2.40572 46
      vertex 22.587 -2.18435 31
      vertex 22.2258 -2.40572 31
    endloop
  endfacet
  facet normal -0.522544 0.852612 0
    outer loop
      vertex 22.587 -2.18435 0
      vertex 22.2258 -2.40572 15
      vertex 22.587 -2.18435 15
    endloop
  endfacet
  facet normal -0.522544 0.852612 0
    outer loop
      vertex 22.2258 -2.40572 15
      vertex 22.587 -2.18435 0
      vertex 22.2258 -2.40572 0
    endloop
  endfacet
  facet normal -0.382614 0.923908 0
    outer loop
      vertex 22.2258 -2.40572 31
      vertex 21.8343 -2.56785 46
      vertex 22.2258 -2.40572 46
    endloop
  endfacet
  facet normal -0.382614 0.923908 0
    outer loop
      vertex 21.8343 -2.56785 46
      vertex 22.2258 -2.40572 31
      vertex 21.8343 -2.56785 31
    endloop
  endfacet
  facet normal -0.382614 0.923908 0
    outer loop
      vertex 22.2258 -2.40572 0
      vertex 21.8343 -2.56785 15
      vertex 22.2258 -2.40572 15
    endloop
  endfacet
  facet normal -0.382614 0.923908 0
    outer loop
      vertex 21.8343 -2.56785 15
      vertex 22.2258 -2.40572 0
      vertex 21.8343 -2.56785 0
    endloop
  endfacet
  facet normal -0.972373 -0.233432 0
    outer loop
      vertex 23.6668 0.422373 31
      vertex 23.5679 0.834346 46
      vertex 23.5679 0.834346 31
    endloop
  endfacet
  facet normal -0.972373 -0.233432 0
    outer loop
      vertex 23.5679 0.834346 46
      vertex 23.6668 0.422373 31
      vertex 23.6668 0.422373 46
    endloop
  endfacet
  facet normal -0.972373 -0.233432 0
    outer loop
      vertex 23.6668 0.422373 0
      vertex 23.5679 0.834346 15
      vertex 23.5679 0.834346 0
    endloop
  endfacet
  facet normal -0.972373 -0.233432 0
    outer loop
      vertex 23.5679 0.834346 15
      vertex 23.6668 0.422373 0
      vertex 23.6668 0.422373 15
    endloop
  endfacet
  facet normal -0.522544 -0.852612 0
    outer loop
      vertex 22.2258 2.40572 31
      vertex 22.587 2.18435 46
      vertex 22.2258 2.40572 46
    endloop
  endfacet
  facet normal -0.522544 -0.852612 -0
    outer loop
      vertex 22.587 2.18435 46
      vertex 22.2258 2.40572 31
      vertex 22.587 2.18435 31
    endloop
  endfacet
  facet normal -0.522544 -0.852612 0
    outer loop
      vertex 22.2258 2.40572 0
      vertex 22.587 2.18435 15
      vertex 22.2258 2.40572 15
    endloop
  endfacet
  facet normal -0.522544 -0.852612 -0
    outer loop
      vertex 22.587 2.18435 15
      vertex 22.2258 2.40572 0
      vertex 22.587 2.18435 0
    endloop
  endfacet
  facet normal 0.972368 -0.233454 0
    outer loop
      vertex -9.66676 0.422373 46
      vertex -9.56785 0.834346 31
      vertex -9.56785 0.834346 46
    endloop
  endfacet
  facet normal 0.972368 -0.233454 0
    outer loop
      vertex -9.56785 0.834346 31
      vertex -9.66676 0.422373 46
      vertex -9.66676 0.422373 31
    endloop
  endfacet
  facet normal 0.972368 -0.233454 0
    outer loop
      vertex -9.66676 0.422373 15
      vertex -9.56785 0.834346 0
      vertex -9.56785 0.834346 15
    endloop
  endfacet
  facet normal 0.972368 -0.233454 0
    outer loop
      vertex -9.56785 0.834346 0
      vertex -9.66676 0.422373 15
      vertex -9.66676 0.422373 0
    endloop
  endfacet
  facet normal 0.522491 0.852645 -0
    outer loop
      vertex -8.22577 -2.40572 31
      vertex -8.58702 -2.18435 46
      vertex -8.22577 -2.40572 46
    endloop
  endfacet
  facet normal 0.522491 0.852645 0
    outer loop
      vertex -8.58702 -2.18435 46
      vertex -8.22577 -2.40572 31
      vertex -8.58702 -2.18435 31
    endloop
  endfacet
  facet normal 0.522491 0.852645 -0
    outer loop
      vertex -8.22577 -2.40572 0
      vertex -8.58702 -2.18435 15
      vertex -8.22577 -2.40572 15
    endloop
  endfacet
  facet normal 0.522491 0.852645 0
    outer loop
      vertex -8.58702 -2.18435 15
      vertex -8.22577 -2.40572 0
      vertex -8.58702 -2.18435 0
    endloop
  endfacet
  facet normal -0.923824 0.382818 0
    outer loop
      vertex 23.4057 -1.22577 31
      vertex 23.5679 -0.834346 46
      vertex 23.5679 -0.834346 31
    endloop
  endfacet
  facet normal -0.923824 0.382818 0
    outer loop
      vertex 23.5679 -0.834346 46
      vertex 23.4057 -1.22577 31
      vertex 23.4057 -1.22577 46
    endloop
  endfacet
  facet normal -0.923824 0.382818 0
    outer loop
      vertex 23.4057 -1.22577 0
      vertex 23.5679 -0.834346 15
      vertex 23.5679 -0.834346 0
    endloop
  endfacet
  facet normal -0.923824 0.382818 0
    outer loop
      vertex 23.5679 -0.834346 15
      vertex 23.4057 -1.22577 0
      vertex 23.4057 -1.22577 15
    endloop
  endfacet
  facet normal -0.852613 0.522543 0
    outer loop
      vertex 23.1843 -1.58702 31
      vertex 23.4057 -1.22577 46
      vertex 23.4057 -1.22577 31
    endloop
  endfacet
  facet normal -0.852613 0.522543 0
    outer loop
      vertex 23.4057 -1.22577 46
      vertex 23.1843 -1.58702 31
      vertex 23.1843 -1.58702 46
    endloop
  endfacet
  facet normal -0.852613 0.522543 0
    outer loop
      vertex 23.1843 -1.58702 0
      vertex 23.4057 -1.22577 15
      vertex 23.4057 -1.22577 0
    endloop
  endfacet
  facet normal -0.852613 0.522543 0
    outer loop
      vertex 23.4057 -1.22577 15
      vertex 23.1843 -1.58702 0
      vertex 23.1843 -1.58702 15
    endloop
  endfacet
  facet normal -0.382685 0 0.923879
    outer loop
      vertex -14.348 34 13.2992
      vertex -12.8693 12 13.9117
      vertex -12.8693 34 13.9117
    endloop
  endfacet
  facet normal -0.382685 0 0.923879
    outer loop
      vertex -12.8693 12 13.9117
      vertex -14.348 34 13.2992
      vertex -14.348 12 13.2992
    endloop
  endfacet
  facet normal -0.972373 0 -0.233434
    outer loop
      vertex -7.42558 25.8553 24.5956
      vertex -7.79922 34 26.152
      vertex -7.42558 34 24.5956
    endloop
  endfacet
  facet normal -0.972371 1.61295e-06 -0.233442
    outer loop
      vertex -7.45038 25.7343 24.6989
      vertex -7.79922 34 26.152
      vertex -7.42558 25.8553 24.5956
    endloop
  endfacet
  facet normal -0.972372 4.81002e-07 -0.233436
    outer loop
      vertex -7.49172 25.4534 24.8711
      vertex -7.79922 34 26.152
      vertex -7.45038 25.7343 24.6989
    endloop
  endfacet
  facet normal -0.972376 -1.92586e-06 -0.233421
    outer loop
      vertex -7.52199 25.1489 24.9972
      vertex -7.79922 34 26.152
      vertex -7.49172 25.4534 24.8711
    endloop
  endfacet
  facet normal -0.972356 9.41123e-06 -0.233503
    outer loop
      vertex -7.54046 24.8285 25.0741
      vertex -7.79922 34 26.152
      vertex -7.52199 25.1489 24.9972
    endloop
  endfacet
  facet normal -0.9724 -1.33542e-05 -0.23332
    outer loop
      vertex -7.54667 24.5 25.1
      vertex -7.79922 34 26.152
      vertex -7.54046 24.8285 25.0741
    endloop
  endfacet
  facet normal -0.972402 1.27941e-05 -0.233313
    outer loop
      vertex -7.79922 14 26.152
      vertex -7.54667 24.5 25.1
      vertex -7.54046 24.1715 25.0741
    endloop
  endfacet
  facet normal -0.972373 0 -0.233434
    outer loop
      vertex -7.79922 14 26.152
      vertex -7.42558 23.1447 24.5956
      vertex -7.42558 14 24.5956
    endloop
  endfacet
  facet normal -0.972371 -1.46589e-06 -0.233443
    outer loop
      vertex -7.42558 23.1447 24.5956
      vertex -7.79922 14 26.152
      vertex -7.45038 23.2657 24.6989
    endloop
  endfacet
  facet normal -0.972372 -4.39665e-07 -0.233436
    outer loop
      vertex -7.45038 23.2657 24.6989
      vertex -7.79922 14 26.152
      vertex -7.49172 23.5466 24.8711
    endloop
  endfacet
  facet normal -0.972376 1.77349e-06 -0.233421
    outer loop
      vertex -7.49172 23.5466 24.8711
      vertex -7.79922 14 26.152
      vertex -7.52199 23.8511 24.9972
    endloop
  endfacet
  facet normal -0.972355 -8.76937e-06 -0.233506
    outer loop
      vertex -7.52199 23.8511 24.9972
      vertex -7.79922 14 26.152
      vertex -7.54046 24.1715 25.0741
    endloop
  endfacet
  facet normal -0.972373 0 -0.233434
    outer loop
      vertex -7.54667 24.5 25.1
      vertex -7.79922 14 26.152
      vertex -7.79922 34 26.152
    endloop
  endfacet
  facet normal 0.972378 -0 0.233411
    outer loop
      vertex -27.5744 25.8553 21.4044
      vertex -27.2008 34 19.848
      vertex -27.5744 34 21.4044
    endloop
  endfacet
  facet normal 0.972372 5.51501e-06 0.233438
    outer loop
      vertex -27.5496 25.7343 21.3011
      vertex -27.2008 34 19.848
      vertex -27.5744 25.8553 21.4044
    endloop
  endfacet
  facet normal 0.972413 -2.67217e-05 0.233265
    outer loop
      vertex -27.5083 25.4534 21.1289
      vertex -27.2008 34 19.848
      vertex -27.5496 25.7343 21.3011
    endloop
  endfacet
  facet normal 0.972337 2.35307e-05 0.233582
    outer loop
      vertex -27.478 25.1489 21.0028
      vertex -27.2008 34 19.848
      vertex -27.5083 25.4534 21.1289
    endloop
  endfacet
  facet normal 0.972302 4.36063e-05 0.233727
    outer loop
      vertex -27.4595 24.8285 20.9259
      vertex -27.2008 34 19.848
      vertex -27.478 25.1489 21.0028
    endloop
  endfacet
  facet normal 0.972442 -2.85175e-05 0.233147
    outer loop
      vertex -27.4533 24.5 20.9
      vertex -27.2008 34 19.848
      vertex -27.4595 24.8285 20.9259
    endloop
  endfacet
  facet normal 0.972445 2.73215e-05 0.233133
    outer loop
      vertex -27.2008 14 19.848
      vertex -27.4533 24.5 20.9
      vertex -27.4595 24.1715 20.9259
    endloop
  endfacet
  facet normal 0.972378 0 0.233411
    outer loop
      vertex -27.2008 14 19.848
      vertex -27.5744 23.1447 21.4044
      vertex -27.5744 14 21.4044
    endloop
  endfacet
  facet normal 0.972372 -5.01217e-06 0.233439
    outer loop
      vertex -27.5744 23.1447 21.4044
      vertex -27.2008 14 19.848
      vertex -27.5496 23.2657 21.3011
    endloop
  endfacet
  facet normal 0.972414 2.44253e-05 0.233261
    outer loop
      vertex -27.5496 23.2657 21.3011
      vertex -27.2008 14 19.848
      vertex -27.5083 23.5466 21.1289
    endloop
  endfacet
  facet normal 0.972336 -2.1669e-05 0.233586
    outer loop
      vertex -27.5083 23.5466 21.1289
      vertex -27.2008 14 19.848
      vertex -27.478 23.8511 21.0028
    endloop
  endfacet
  facet normal 0.972299 -4.06322e-05 0.233739
    outer loop
      vertex -27.478 23.8511 21.0028
      vertex -27.2008 14 19.848
      vertex -27.4595 24.1715 20.9259
    endloop
  endfacet
  facet normal 0.972383 0 0.23339
    outer loop
      vertex -27.4533 24.5 20.9
      vertex -27.2008 14 19.848
      vertex -27.2008 34 19.848
    endloop
  endfacet
  facet normal -0.0784737 0 0.996916
    outer loop
      vertex -17.5 34 12.8
      vertex -15.9044 12 12.9256
      vertex -15.9044 34 12.9256
    endloop
  endfacet
  facet normal -0.0784737 0 0.996916
    outer loop
      vertex -15.9044 12 12.9256
      vertex -17.5 34 12.8
      vertex -17.5 12 12.8
    endloop
  endfacet
  facet normal 0.649517 0 -0.760347
    outer loop
      vertex -23.7904 14 31
      vertex -23.4954 12 31.252
      vertex -23.7904 12 31
    endloop
  endfacet
  facet normal 0.649517 0 -0.760347
    outer loop
      vertex -23.4954 12 31.252
      vertex -23.7904 14 31
      vertex -23.4954 34 31.252
    endloop
  endfacet
  facet normal 0.649425 0 -0.760425
    outer loop
      vertex -24.7125 34 30.2125
      vertex -23.7904 14 31
      vertex -24.7125 14 30.2125
    endloop
  endfacet
  facet normal 0.649447 1.77122e-06 -0.760406
    outer loop
      vertex -23.7904 14 31
      vertex -24.7125 34 30.2125
      vertex -23.4954 34 31.252
    endloop
  endfacet
  facet normal 0.923879 0 -0.382685
    outer loop
      vertex -26.5883 14 27.6307
      vertex -27.2008 34 26.152
      vertex -26.5883 34 27.6307
    endloop
  endfacet
  facet normal 0.923879 0 -0.382685
    outer loop
      vertex -27.2008 34 26.152
      vertex -26.5883 14 27.6307
      vertex -27.2008 14 26.152
    endloop
  endfacet
  facet normal 0.233411 0 -0.972378
    outer loop
      vertex -20.652 12 32.7008
      vertex -19.0956 34 33.0744
      vertex -19.0956 12 33.0744
    endloop
  endfacet
  facet normal 0.233411 0 -0.972378
    outer loop
      vertex -19.0956 34 33.0744
      vertex -20.652 12 32.7008
      vertex -20.652 34 32.7008
    endloop
  endfacet
  facet normal -0.649425 0 0.760425
    outer loop
      vertex -10.2875 34 15.7875
      vertex -11.2096 14 15
      vertex -10.2875 14 15.7875
    endloop
  endfacet
  facet normal -0.649447 1.77122e-06 0.760406
    outer loop
      vertex -11.5046 34 14.748
      vertex -11.2096 14 15
      vertex -10.2875 34 15.7875
    endloop
  endfacet
  facet normal -0.649517 0 0.760347
    outer loop
      vertex -11.5046 12 14.748
      vertex -11.2096 14 15
      vertex -11.5046 34 14.748
    endloop
  endfacet
  facet normal -0.649517 0 0.760347
    outer loop
      vertex -11.2096 14 15
      vertex -11.5046 12 14.748
      vertex -11.2096 12 15
    endloop
  endfacet
  facet normal 0.0784737 0 -0.996916
    outer loop
      vertex -19.0956 12 33.0744
      vertex -17.5 34 33.2
      vertex -17.5 12 33.2
    endloop
  endfacet
  facet normal 0.0784737 0 -0.996916
    outer loop
      vertex -17.5 34 33.2
      vertex -19.0956 12 33.0744
      vertex -19.0956 34 33.0744
    endloop
  endfacet
  facet normal -0.923877 0 -0.38269
    outer loop
      vertex -7.79922 14 26.152
      vertex -8.41173 34 27.6307
      vertex -7.79922 34 26.152
    endloop
  endfacet
  facet normal -0.923877 -0 -0.38269
    outer loop
      vertex -8.41173 34 27.6307
      vertex -7.79922 14 26.152
      vertex -8.41173 14 27.6307
    endloop
  endfacet
  facet normal -0.649517 0 -0.760347
    outer loop
      vertex -11.2096 12 31
      vertex -11.5046 12 31.252
      vertex -11.2096 14 31
    endloop
  endfacet
  facet normal -0.649425 0 -0.760425
    outer loop
      vertex -11.2096 14 31
      vertex -10.2875 34 30.2125
      vertex -10.2875 14 30.2125
    endloop
  endfacet
  facet normal -0.649517 -0 -0.760347
    outer loop
      vertex -11.5046 34 31.252
      vertex -11.2096 14 31
      vertex -11.5046 12 31.252
    endloop
  endfacet
  facet normal -0.649447 1.77122e-06 -0.760406
    outer loop
      vertex -11.2096 14 31
      vertex -11.5046 34 31.252
      vertex -10.2875 34 30.2125
    endloop
  endfacet
  facet normal 0.522503 0 0.852637
    outer loop
      vertex -23.4954 34 14.748
      vertex -22.1307 12 13.9117
      vertex -22.1307 34 13.9117
    endloop
  endfacet
  facet normal 0.522503 0 0.852637
    outer loop
      vertex -22.1307 12 13.9117
      vertex -23.4954 34 14.748
      vertex -23.4954 12 14.748
    endloop
  endfacet
  facet normal -0.996918 0 -0.0784485
    outer loop
      vertex -7.3 14 23
      vertex -7.32585 22.4259 23.3285
      vertex -7.3 22.4 23
    endloop
  endfacet
  facet normal -0.996917 5.02004e-07 -0.0784613
    outer loop
      vertex -7.42558 14 24.5956
      vertex -7.32585 22.4259 23.3285
      vertex -7.3 14 23
    endloop
  endfacet
  facet normal -0.996916 -9.87258e-07 -0.0784711
    outer loop
      vertex -7.32585 22.4259 23.3285
      vertex -7.42558 14 24.5956
      vertex -7.35107 22.5028 23.6489
    endloop
  endfacet
  facet normal -0.996918 1.97397e-06 -0.0784447
    outer loop
      vertex -7.35107 22.5028 23.6489
      vertex -7.42558 14 24.5956
      vertex -7.37503 22.6289 23.9534
    endloop
  endfacet
  facet normal -0.996914 -2.34788e-06 -0.0785024
    outer loop
      vertex -7.37503 22.6289 23.9534
      vertex -7.42558 14 24.5956
      vertex -7.39715 22.8011 24.2343
    endloop
  endfacet
  facet normal -0.996918 -1.21401e-07 -0.0784485
    outer loop
      vertex -7.39715 22.8011 24.2343
      vertex -7.42558 14 24.5956
      vertex -7.41687 23.0151 24.4849
    endloop
  endfacet
  facet normal -0.996919 0 -0.0784387
    outer loop
      vertex -7.41687 23.0151 24.4849
      vertex -7.42558 14 24.5956
      vertex -7.42558 23.1447 24.5956
    endloop
  endfacet
  facet normal -0.996918 0 -0.0784485
    outer loop
      vertex -7.32585 26.5741 23.3285
      vertex -7.3 34 23
      vertex -7.3 26.6 23
    endloop
  endfacet
  facet normal -0.996917 -5.69606e-07 -0.0784613
    outer loop
      vertex -7.3 34 23
      vertex -7.32585 26.5741 23.3285
      vertex -7.42558 34 24.5956
    endloop
  endfacet
  facet normal -0.996916 1.11498e-06 -0.0784711
    outer loop
      vertex -7.35107 26.4972 23.6489
      vertex -7.42558 34 24.5956
      vertex -7.32585 26.5741 23.3285
    endloop
  endfacet
  facet normal -0.996918 -2.22401e-06 -0.0784448
    outer loop
      vertex -7.37503 26.3711 23.9534
      vertex -7.42558 34 24.5956
      vertex -7.35107 26.4972 23.6489
    endloop
  endfacet
  facet normal -0.996914 2.64054e-06 -0.0785022
    outer loop
      vertex -7.39715 26.1989 24.2343
      vertex -7.42558 34 24.5956
      vertex -7.37503 26.3711 23.9534
    endloop
  endfacet
  facet normal -0.996918 1.36371e-07 -0.0784485
    outer loop
      vertex -7.41687 25.9849 24.4849
      vertex -7.42558 34 24.5956
      vertex -7.39715 26.1989 24.2343
    endloop
  endfacet
  facet normal -0.996919 -0 -0.0784387
    outer loop
      vertex -7.42558 34 24.5956
      vertex -7.41687 25.9849 24.4849
      vertex -7.42558 25.8553 24.5956
    endloop
  endfacet
  facet normal 0.972378 0 -0.233411
    outer loop
      vertex -27.2008 34 26.152
      vertex -27.5744 25.8553 24.5956
      vertex -27.5744 34 24.5956
    endloop
  endfacet
  facet normal 0.972372 5.51501e-06 -0.233438
    outer loop
      vertex -27.2008 34 26.152
      vertex -27.5496 25.7343 24.6989
      vertex -27.5744 25.8553 24.5956
    endloop
  endfacet
  facet normal 0.972413 -2.67217e-05 -0.233265
    outer loop
      vertex -27.2008 34 26.152
      vertex -27.5083 25.4534 24.8711
      vertex -27.5496 25.7343 24.6989
    endloop
  endfacet
  facet normal 0.972337 2.35307e-05 -0.233582
    outer loop
      vertex -27.2008 34 26.152
      vertex -27.478 25.1489 24.9972
      vertex -27.5083 25.4534 24.8711
    endloop
  endfacet
  facet normal 0.972302 4.36063e-05 -0.233727
    outer loop
      vertex -27.2008 34 26.152
      vertex -27.4595 24.8285 25.0741
      vertex -27.478 25.1489 24.9972
    endloop
  endfacet
  facet normal 0.972442 -2.85175e-05 -0.233147
    outer loop
      vertex -27.2008 34 26.152
      vertex -27.4533 24.5 25.1
      vertex -27.4595 24.8285 25.0741
    endloop
  endfacet
  facet normal 0.972383 0 -0.23339
    outer loop
      vertex -27.2008 14 26.152
      vertex -27.4533 24.5 25.1
      vertex -27.2008 34 26.152
    endloop
  endfacet
  facet normal 0.972445 2.73215e-05 -0.233133
    outer loop
      vertex -27.4533 24.5 25.1
      vertex -27.2008 14 26.152
      vertex -27.4595 24.1715 25.0741
    endloop
  endfacet
  facet normal 0.972299 -4.06322e-05 -0.233739
    outer loop
      vertex -27.2008 14 26.152
      vertex -27.478 23.8511 24.9972
      vertex -27.4595 24.1715 25.0741
    endloop
  endfacet
  facet normal 0.972336 -2.1669e-05 -0.233586
    outer loop
      vertex -27.2008 14 26.152
      vertex -27.5083 23.5466 24.8711
      vertex -27.478 23.8511 24.9972
    endloop
  endfacet
  facet normal 0.972414 2.44253e-05 -0.233261
    outer loop
      vertex -27.2008 14 26.152
      vertex -27.5496 23.2657 24.6989
      vertex -27.5083 23.5466 24.8711
    endloop
  endfacet
  facet normal 0.972372 -5.01217e-06 -0.233439
    outer loop
      vertex -27.2008 14 26.152
      vertex -27.5744 23.1447 24.5956
      vertex -27.5496 23.2657 24.6989
    endloop
  endfacet
  facet normal 0.972378 0 -0.233411
    outer loop
      vertex -27.5744 23.1447 24.5956
      vertex -27.2008 14 26.152
      vertex -27.5744 14 24.5956
    endloop
  endfacet
  facet normal 0.996926 0 -0.0783492
    outer loop
      vertex -27.5744 14 24.5956
      vertex -27.5831 23.0151 24.4849
      vertex -27.5744 23.1447 24.5956
    endloop
  endfacet
  facet normal 0.996894 -5.083e-06 -0.0787606
    outer loop
      vertex -27.5744 14 24.5956
      vertex -27.6029 22.8011 24.2343
      vertex -27.5831 23.0151 24.4849
    endloop
  endfacet
  facet normal 0.996919 8.22884e-06 -0.0784383
    outer loop
      vertex -27.5744 14 24.5956
      vertex -27.625 22.6289 23.9534
      vertex -27.6029 22.8011 24.2343
    endloop
  endfacet
  facet normal 0.996933 2.17608e-05 -0.0782576
    outer loop
      vertex -27.5744 14 24.5956
      vertex -27.6489 22.5028 23.6489
      vertex -27.625 22.6289 23.9534
    endloop
  endfacet
  facet normal 0.996921 4.61911e-06 -0.0784106
    outer loop
      vertex -27.5744 14 24.5956
      vertex -27.6741 22.4259 23.3285
      vertex -27.6489 22.5028 23.6489
    endloop
  endfacet
  facet normal 0.996916 -4.92661e-06 -0.0784737
    outer loop
      vertex -27.7 14 23
      vertex -27.6741 22.4259 23.3285
      vertex -27.5744 14 24.5956
    endloop
  endfacet
  facet normal 0.996906 0 -0.0785993
    outer loop
      vertex -27.6741 22.4259 23.3285
      vertex -27.7 14 23
      vertex -27.7 22.4 23
    endloop
  endfacet
  facet normal 0.996916 5.59004e-06 -0.0784737
    outer loop
      vertex -27.6741 26.5741 23.3285
      vertex -27.7 34 23
      vertex -27.5744 34 24.5956
    endloop
  endfacet
  facet normal 0.996906 0 -0.0785993
    outer loop
      vertex -27.7 34 23
      vertex -27.6741 26.5741 23.3285
      vertex -27.7 26.6 23
    endloop
  endfacet
  facet normal 0.996921 -5.21666e-06 -0.0784108
    outer loop
      vertex -27.5744 34 24.5956
      vertex -27.6489 26.4972 23.6489
      vertex -27.6741 26.5741 23.3285
    endloop
  endfacet
  facet normal 0.996933 -2.45171e-05 -0.0782588
    outer loop
      vertex -27.5744 34 24.5956
      vertex -27.625 26.3711 23.9534
      vertex -27.6489 26.4972 23.6489
    endloop
  endfacet
  facet normal 0.996919 -9.25455e-06 -0.078439
    outer loop
      vertex -27.5744 34 24.5956
      vertex -27.6029 26.1989 24.2343
      vertex -27.625 26.3711 23.9534
    endloop
  endfacet
  facet normal 0.996894 5.70978e-06 -0.0787601
    outer loop
      vertex -27.5744 34 24.5956
      vertex -27.5831 25.9849 24.4849
      vertex -27.6029 26.1989 24.2343
    endloop
  endfacet
  facet normal 0.996926 0 -0.0783492
    outer loop
      vertex -27.5831 25.9849 24.4849
      vertex -27.5744 34 24.5956
      vertex -27.5744 25.8553 24.5956
    endloop
  endfacet
  facet normal -0.852637 0 0.522503
    outer loop
      vertex -9.24803 14 17.0046
      vertex -8.41173 34 18.3693
      vertex -9.24803 34 17.0046
    endloop
  endfacet
  facet normal -0.852637 0 0.522503
    outer loop
      vertex -8.41173 34 18.3693
      vertex -9.24803 14 17.0046
      vertex -8.41173 14 18.3693
    endloop
  endfacet
  facet normal -0.760416 0 -0.649437
    outer loop
      vertex -9.24803 14 28.9954
      vertex -10.2875 34 30.2125
      vertex -9.24803 34 28.9954
    endloop
  endfacet
  facet normal -0.760416 -0 -0.649437
    outer loop
      vertex -10.2875 34 30.2125
      vertex -9.24803 14 28.9954
      vertex -10.2875 14 30.2125
    endloop
  endfacet
  facet normal -0.852637 0 -0.522503
    outer loop
      vertex -8.41173 14 27.6307
      vertex -9.24803 34 28.9954
      vertex -8.41173 34 27.6307
    endloop
  endfacet
  facet normal -0.852637 -0 -0.522503
    outer loop
      vertex -9.24803 34 28.9954
      vertex -8.41173 14 27.6307
      vertex -9.24803 14 28.9954
    endloop
  endfacet
  facet normal -0.522503 0 0.852637
    outer loop
      vertex -12.8693 34 13.9117
      vertex -11.5046 12 14.748
      vertex -11.5046 34 14.748
    endloop
  endfacet
  facet normal -0.522503 0 0.852637
    outer loop
      vertex -11.5046 12 14.748
      vertex -12.8693 34 13.9117
      vertex -12.8693 12 13.9117
    endloop
  endfacet
  facet normal 0.382685 0 -0.923879
    outer loop
      vertex -22.1307 12 32.0883
      vertex -20.652 34 32.7008
      vertex -20.652 12 32.7008
    endloop
  endfacet
  facet normal 0.382685 0 -0.923879
    outer loop
      vertex -20.652 34 32.7008
      vertex -22.1307 12 32.0883
      vertex -22.1307 34 32.0883
    endloop
  endfacet
  facet normal -0.923877 0 0.38269
    outer loop
      vertex -8.41173 14 18.3693
      vertex -7.79922 34 19.848
      vertex -8.41173 34 18.3693
    endloop
  endfacet
  facet normal -0.923877 0 0.38269
    outer loop
      vertex -7.79922 34 19.848
      vertex -8.41173 14 18.3693
      vertex -7.79922 14 19.848
    endloop
  endfacet
  facet normal -0.233411 0 0.972378
    outer loop
      vertex -15.9044 34 12.9256
      vertex -14.348 12 13.2992
      vertex -14.348 34 13.2992
    endloop
  endfacet
  facet normal -0.233411 0 0.972378
    outer loop
      vertex -14.348 12 13.2992
      vertex -15.9044 34 12.9256
      vertex -15.9044 12 12.9256
    endloop
  endfacet
  facet normal -0.522503 0 -0.852637
    outer loop
      vertex -12.8693 12 32.0883
      vertex -11.5046 34 31.252
      vertex -11.5046 12 31.252
    endloop
  endfacet
  facet normal -0.522503 0 -0.852637
    outer loop
      vertex -11.5046 34 31.252
      vertex -12.8693 12 32.0883
      vertex -12.8693 34 32.0883
    endloop
  endfacet
  facet normal -0.996919 0 0.0784387
    outer loop
      vertex -7.42558 14 21.4044
      vertex -7.41687 23.0151 21.5151
      vertex -7.42558 23.1447 21.4044
    endloop
  endfacet
  facet normal -0.996918 -1.21401e-07 0.0784485
    outer loop
      vertex -7.42558 14 21.4044
      vertex -7.39715 22.8011 21.7657
      vertex -7.41687 23.0151 21.5151
    endloop
  endfacet
  facet normal -0.996914 -2.34788e-06 0.0785024
    outer loop
      vertex -7.42558 14 21.4044
      vertex -7.37503 22.6289 22.0466
      vertex -7.39715 22.8011 21.7657
    endloop
  endfacet
  facet normal -0.996918 1.97397e-06 0.0784447
    outer loop
      vertex -7.42558 14 21.4044
      vertex -7.35107 22.5028 22.3511
      vertex -7.37503 22.6289 22.0466
    endloop
  endfacet
  facet normal -0.996916 -9.87258e-07 0.0784711
    outer loop
      vertex -7.42558 14 21.4044
      vertex -7.32585 22.4259 22.6715
      vertex -7.35107 22.5028 22.3511
    endloop
  endfacet
  facet normal -0.996917 5.02004e-07 0.0784613
    outer loop
      vertex -7.3 14 23
      vertex -7.32585 22.4259 22.6715
      vertex -7.42558 14 21.4044
    endloop
  endfacet
  facet normal -0.996918 0 0.0784485
    outer loop
      vertex -7.32585 22.4259 22.6715
      vertex -7.3 14 23
      vertex -7.3 22.4 23
    endloop
  endfacet
  facet normal -0.996917 -5.69606e-07 0.0784613
    outer loop
      vertex -7.32585 26.5741 22.6715
      vertex -7.3 34 23
      vertex -7.42558 34 21.4044
    endloop
  endfacet
  facet normal -0.996918 0 0.0784485
    outer loop
      vertex -7.3 34 23
      vertex -7.32585 26.5741 22.6715
      vertex -7.3 26.6 23
    endloop
  endfacet
  facet normal -0.996916 1.11498e-06 0.0784711
    outer loop
      vertex -7.42558 34 21.4044
      vertex -7.35107 26.4972 22.3511
      vertex -7.32585 26.5741 22.6715
    endloop
  endfacet
  facet normal -0.996918 -2.22401e-06 0.0784448
    outer loop
      vertex -7.42558 34 21.4044
      vertex -7.37503 26.3711 22.0466
      vertex -7.35107 26.4972 22.3511
    endloop
  endfacet
  facet normal -0.996914 2.64054e-06 0.0785022
    outer loop
      vertex -7.42558 34 21.4044
      vertex -7.39715 26.1989 21.7657
      vertex -7.37503 26.3711 22.0466
    endloop
  endfacet
  facet normal -0.996918 1.36371e-07 0.0784485
    outer loop
      vertex -7.42558 34 21.4044
      vertex -7.41687 25.9849 21.5151
      vertex -7.39715 26.1989 21.7657
    endloop
  endfacet
  facet normal -0.996919 0 0.0784387
    outer loop
      vertex -7.41687 25.9849 21.5151
      vertex -7.42558 34 21.4044
      vertex -7.42558 25.8553 21.4044
    endloop
  endfacet
  facet normal 0.233411 0 0.972378
    outer loop
      vertex -20.652 34 13.2992
      vertex -19.0956 12 12.9256
      vertex -19.0956 34 12.9256
    endloop
  endfacet
  facet normal 0.233411 0 0.972378
    outer loop
      vertex -19.0956 12 12.9256
      vertex -20.652 34 13.2992
      vertex -20.652 12 13.2992
    endloop
  endfacet
  facet normal 0.522503 0 -0.852637
    outer loop
      vertex -23.4954 12 31.252
      vertex -22.1307 34 32.0883
      vertex -22.1307 12 32.0883
    endloop
  endfacet
  facet normal 0.522503 0 -0.852637
    outer loop
      vertex -22.1307 34 32.0883
      vertex -23.4954 12 31.252
      vertex -23.4954 34 31.252
    endloop
  endfacet
  facet normal 0.760406 0 -0.649447
    outer loop
      vertex -24.7125 14 30.2125
      vertex -25.752 34 28.9954
      vertex -24.7125 34 30.2125
    endloop
  endfacet
  facet normal 0.760406 0 -0.649447
    outer loop
      vertex -25.752 34 28.9954
      vertex -24.7125 14 30.2125
      vertex -25.752 14 28.9954
    endloop
  endfacet
  facet normal -0.760416 0 0.649437
    outer loop
      vertex -10.2875 14 15.7875
      vertex -9.24803 34 17.0046
      vertex -10.2875 34 15.7875
    endloop
  endfacet
  facet normal -0.760416 0 0.649437
    outer loop
      vertex -9.24803 34 17.0046
      vertex -10.2875 14 15.7875
      vertex -9.24803 14 17.0046
    endloop
  endfacet
  facet normal 0.852637 -0 0.522503
    outer loop
      vertex -26.5883 14 18.3693
      vertex -25.752 34 17.0046
      vertex -26.5883 34 18.3693
    endloop
  endfacet
  facet normal 0.852637 0 0.522503
    outer loop
      vertex -25.752 34 17.0046
      vertex -26.5883 14 18.3693
      vertex -25.752 14 17.0046
    endloop
  endfacet
  facet normal 0.760406 -0 0.649447
    outer loop
      vertex -25.752 14 17.0046
      vertex -24.7125 34 15.7875
      vertex -25.752 34 17.0046
    endloop
  endfacet
  facet normal 0.760406 0 0.649447
    outer loop
      vertex -24.7125 34 15.7875
      vertex -25.752 14 17.0046
      vertex -24.7125 14 15.7875
    endloop
  endfacet
  facet normal 0.996906 -0 0.0785993
    outer loop
      vertex -27.7 14 23
      vertex -27.6741 22.4259 22.6715
      vertex -27.7 22.4 23
    endloop
  endfacet
  facet normal 0.996916 -4.92661e-06 0.0784737
    outer loop
      vertex -27.5744 14 21.4044
      vertex -27.6741 22.4259 22.6715
      vertex -27.7 14 23
    endloop
  endfacet
  facet normal 0.996921 4.61911e-06 0.0784106
    outer loop
      vertex -27.6741 22.4259 22.6715
      vertex -27.5744 14 21.4044
      vertex -27.6489 22.5028 22.3511
    endloop
  endfacet
  facet normal 0.996933 2.17608e-05 0.0782576
    outer loop
      vertex -27.6489 22.5028 22.3511
      vertex -27.5744 14 21.4044
      vertex -27.625 22.6289 22.0466
    endloop
  endfacet
  facet normal 0.996919 8.22884e-06 0.0784383
    outer loop
      vertex -27.625 22.6289 22.0466
      vertex -27.5744 14 21.4044
      vertex -27.6029 22.8011 21.7657
    endloop
  endfacet
  facet normal 0.996894 -5.083e-06 0.0787606
    outer loop
      vertex -27.6029 22.8011 21.7657
      vertex -27.5744 14 21.4044
      vertex -27.5831 23.0151 21.5151
    endloop
  endfacet
  facet normal 0.996926 0 0.0783492
    outer loop
      vertex -27.5831 23.0151 21.5151
      vertex -27.5744 14 21.4044
      vertex -27.5744 23.1447 21.4044
    endloop
  endfacet
  facet normal 0.996906 0 0.0785993
    outer loop
      vertex -27.6741 26.5741 22.6715
      vertex -27.7 34 23
      vertex -27.7 26.6 23
    endloop
  endfacet
  facet normal 0.996916 5.59004e-06 0.0784737
    outer loop
      vertex -27.7 34 23
      vertex -27.6741 26.5741 22.6715
      vertex -27.5744 34 21.4044
    endloop
  endfacet
  facet normal 0.996921 -5.21666e-06 0.0784108
    outer loop
      vertex -27.6489 26.4972 22.3511
      vertex -27.5744 34 21.4044
      vertex -27.6741 26.5741 22.6715
    endloop
  endfacet
  facet normal 0.996933 -2.45171e-05 0.0782588
    outer loop
      vertex -27.625 26.3711 22.0466
      vertex -27.5744 34 21.4044
      vertex -27.6489 26.4972 22.3511
    endloop
  endfacet
  facet normal 0.996919 -9.25455e-06 0.078439
    outer loop
      vertex -27.6029 26.1989 21.7657
      vertex -27.5744 34 21.4044
      vertex -27.625 26.3711 22.0466
    endloop
  endfacet
  facet normal 0.996894 5.70978e-06 0.0787601
    outer loop
      vertex -27.5831 25.9849 21.5151
      vertex -27.5744 34 21.4044
      vertex -27.6029 26.1989 21.7657
    endloop
  endfacet
  facet normal 0.996926 0 0.0783492
    outer loop
      vertex -27.5744 34 21.4044
      vertex -27.5831 25.9849 21.5151
      vertex -27.5744 25.8553 21.4044
    endloop
  endfacet
  facet normal 0.382685 0 0.923879
    outer loop
      vertex -22.1307 34 13.9117
      vertex -20.652 12 13.2992
      vertex -20.652 34 13.2992
    endloop
  endfacet
  facet normal 0.382685 0 0.923879
    outer loop
      vertex -20.652 12 13.2992
      vertex -22.1307 34 13.9117
      vertex -22.1307 12 13.9117
    endloop
  endfacet
  facet normal 0.852637 0 -0.522503
    outer loop
      vertex -25.752 14 28.9954
      vertex -26.5883 34 27.6307
      vertex -25.752 34 28.9954
    endloop
  endfacet
  facet normal 0.852637 0 -0.522503
    outer loop
      vertex -26.5883 34 27.6307
      vertex -25.752 14 28.9954
      vertex -26.5883 14 27.6307
    endloop
  endfacet
  facet normal -0.0784737 0 -0.996916
    outer loop
      vertex -17.5 12 33.2
      vertex -15.9044 34 33.0744
      vertex -15.9044 12 33.0744
    endloop
  endfacet
  facet normal -0.0784737 0 -0.996916
    outer loop
      vertex -15.9044 34 33.0744
      vertex -17.5 12 33.2
      vertex -17.5 34 33.2
    endloop
  endfacet
  facet normal -0.972373 0 0.233434
    outer loop
      vertex -7.79922 34 19.848
      vertex -7.42558 25.8553 21.4044
      vertex -7.42558 34 21.4044
    endloop
  endfacet
  facet normal -0.972371 1.61295e-06 0.233442
    outer loop
      vertex -7.79922 34 19.848
      vertex -7.45038 25.7343 21.3011
      vertex -7.42558 25.8553 21.4044
    endloop
  endfacet
  facet normal -0.972372 4.81002e-07 0.233436
    outer loop
      vertex -7.79922 34 19.848
      vertex -7.49172 25.4534 21.1289
      vertex -7.45038 25.7343 21.3011
    endloop
  endfacet
  facet normal -0.972376 -1.92586e-06 0.233421
    outer loop
      vertex -7.79922 34 19.848
      vertex -7.52199 25.1489 21.0028
      vertex -7.49172 25.4534 21.1289
    endloop
  endfacet
  facet normal -0.972356 9.41123e-06 0.233503
    outer loop
      vertex -7.79922 34 19.848
      vertex -7.54046 24.8285 20.9259
      vertex -7.52199 25.1489 21.0028
    endloop
  endfacet
  facet normal -0.9724 -1.33542e-05 0.23332
    outer loop
      vertex -7.79922 34 19.848
      vertex -7.54667 24.5 20.9
      vertex -7.54046 24.8285 20.9259
    endloop
  endfacet
  facet normal -0.972373 0 0.233434
    outer loop
      vertex -7.79922 14 19.848
      vertex -7.54667 24.5 20.9
      vertex -7.79922 34 19.848
    endloop
  endfacet
  facet normal -0.972402 1.27941e-05 0.233313
    outer loop
      vertex -7.54667 24.5 20.9
      vertex -7.79922 14 19.848
      vertex -7.54046 24.1715 20.9259
    endloop
  endfacet
  facet normal -0.972355 -8.76937e-06 0.233506
    outer loop
      vertex -7.79922 14 19.848
      vertex -7.52199 23.8511 21.0028
      vertex -7.54046 24.1715 20.9259
    endloop
  endfacet
  facet normal -0.972376 1.77349e-06 0.233421
    outer loop
      vertex -7.79922 14 19.848
      vertex -7.49172 23.5466 21.1289
      vertex -7.52199 23.8511 21.0028
    endloop
  endfacet
  facet normal -0.972372 -4.39665e-07 0.233436
    outer loop
      vertex -7.79922 14 19.848
      vertex -7.45038 23.2657 21.3011
      vertex -7.49172 23.5466 21.1289
    endloop
  endfacet
  facet normal -0.972371 -1.46589e-06 0.233443
    outer loop
      vertex -7.79922 14 19.848
      vertex -7.42558 23.1447 21.4044
      vertex -7.45038 23.2657 21.3011
    endloop
  endfacet
  facet normal -0.972373 0 0.233434
    outer loop
      vertex -7.42558 23.1447 21.4044
      vertex -7.79922 14 19.848
      vertex -7.42558 14 21.4044
    endloop
  endfacet
  facet normal 0 1 0
    outer loop
      vertex -12.8693 12 13.9117
      vertex -11.2096 12 15
      vertex -11.5046 12 14.748
    endloop
  endfacet
  facet normal 0 1 0
    outer loop
      vertex -11.2096 12 15
      vertex -12.8693 12 13.9117
      vertex -23.7904 12 15
    endloop
  endfacet
  facet normal 0 1 -0
    outer loop
      vertex -22.1307 12 13.9117
      vertex -23.7904 12 15
      vertex -12.8693 12 13.9117
    endloop
  endfacet
  facet normal 0 1 0
    outer loop
      vertex -23.7904 12 15
      vertex -22.1307 12 13.9117
      vertex -23.4954 12 14.748
    endloop
  endfacet
  facet normal 0 1 -0
    outer loop
      vertex -14.348 12 13.2992
      vertex -22.1307 12 13.9117
      vertex -12.8693 12 13.9117
    endloop
  endfacet
  facet normal 0 1 0
    outer loop
      vertex -14.348 12 13.2992
      vertex -20.652 12 13.2992
      vertex -22.1307 12 13.9117
    endloop
  endfacet
  facet normal 0 1 -0
    outer loop
      vertex -15.9044 12 12.9256
      vertex -20.652 12 13.2992
      vertex -14.348 12 13.2992
    endloop
  endfacet
  facet normal 0 1 0
    outer loop
      vertex -15.9044 12 12.9256
      vertex -19.0956 12 12.9256
      vertex -20.652 12 13.2992
    endloop
  endfacet
  facet normal -0 1 0
    outer loop
      vertex -19.0956 12 12.9256
      vertex -15.9044 12 12.9256
      vertex -17.5 12 12.8
    endloop
  endfacet
  facet normal 0 1 0
    outer loop
      vertex -15.9044 12 33.0744
      vertex -19.0956 12 33.0744
      vertex -17.5 12 33.2
    endloop
  endfacet
  facet normal 0 1 0
    outer loop
      vertex -14.348 12 32.7008
      vertex -19.0956 12 33.0744
      vertex -15.9044 12 33.0744
    endloop
  endfacet
  facet normal 0 1 0
    outer loop
      vertex -14.348 12 32.7008
      vertex -20.652 12 32.7008
      vertex -19.0956 12 33.0744
    endloop
  endfacet
  facet normal 0 1 0
    outer loop
      vertex -12.8693 12 32.0883
      vertex -20.652 12 32.7008
      vertex -14.348 12 32.7008
    endloop
  endfacet
  facet normal 0 1 0
    outer loop
      vertex -12.8693 12 32.0883
      vertex -22.1307 12 32.0883
      vertex -20.652 12 32.7008
    endloop
  endfacet
  facet normal 0 1 0
    outer loop
      vertex -11.2096 12 31
      vertex -12.8693 12 32.0883
      vertex -11.5046 12 31.252
    endloop
  endfacet
  facet normal 0 1 0
    outer loop
      vertex -12.8693 12 32.0883
      vertex -11.2096 12 31
      vertex -22.1307 12 32.0883
    endloop
  endfacet
  facet normal 0 1 0
    outer loop
      vertex -23.7904 12 31
      vertex -22.1307 12 32.0883
      vertex -11.2096 12 31
    endloop
  endfacet
  facet normal 0 1 0
    outer loop
      vertex -22.1307 12 32.0883
      vertex -23.7904 12 31
      vertex -23.4954 12 31.252
    endloop
  endfacet
  facet normal -0.233411 0 -0.972378
    outer loop
      vertex -15.9044 12 33.0744
      vertex -14.348 34 32.7008
      vertex -14.348 12 32.7008
    endloop
  endfacet
  facet normal -0.233411 0 -0.972378
    outer loop
      vertex -14.348 34 32.7008
      vertex -15.9044 12 33.0744
      vertex -15.9044 34 33.0744
    endloop
  endfacet
  facet normal 0.0784737 0 0.996916
    outer loop
      vertex -19.0956 34 12.9256
      vertex -17.5 12 12.8
      vertex -17.5 34 12.8
    endloop
  endfacet
  facet normal 0.0784737 0 0.996916
    outer loop
      vertex -17.5 12 12.8
      vertex -19.0956 34 12.9256
      vertex -19.0956 12 12.9256
    endloop
  endfacet
  facet normal 0.923879 -0 0.382685
    outer loop
      vertex -27.2008 14 19.848
      vertex -26.5883 34 18.3693
      vertex -27.2008 34 19.848
    endloop
  endfacet
  facet normal 0.923879 0 0.382685
    outer loop
      vertex -26.5883 34 18.3693
      vertex -27.2008 14 19.848
      vertex -26.5883 14 18.3693
    endloop
  endfacet
  facet normal -0.382685 0 -0.923879
    outer loop
      vertex -14.348 12 32.7008
      vertex -12.8693 34 32.0883
      vertex -12.8693 12 32.0883
    endloop
  endfacet
  facet normal -0.382685 0 -0.923879
    outer loop
      vertex -12.8693 34 32.0883
      vertex -14.348 12 32.7008
      vertex -14.348 34 32.7008
    endloop
  endfacet
  facet normal 0.649517 0 0.760347
    outer loop
      vertex -23.4954 34 14.748
      vertex -23.7904 14 15
      vertex -23.4954 12 14.748
    endloop
  endfacet
  facet normal 0.649447 1.77122e-06 0.760406
    outer loop
      vertex -24.7125 34 15.7875
      vertex -23.7904 14 15
      vertex -23.4954 34 14.748
    endloop
  endfacet
  facet normal 0.649425 0 0.760425
    outer loop
      vertex -23.7904 14 15
      vertex -24.7125 34 15.7875
      vertex -24.7125 14 15.7875
    endloop
  endfacet
  facet normal 0.649517 0 0.760347
    outer loop
      vertex -23.4954 12 14.748
      vertex -23.7904 14 15
      vertex -23.7904 12 15
    endloop
  endfacet
  facet normal -0.467633 0.446108 -0.763091
    outer loop
      vertex -10.6229 37 32.4655
      vertex -11.5046 34 31.252
      vertex -12.1883 37 33.4248
    endloop
  endfacet
  facet normal -0.892219 0.44611 0.0702203
    outer loop
      vertex -5.8 37 23
      vertex -5.94405 37 21.1697
      vertex -7.42558 34 21.4044
    endloop
  endfacet
  facet normal -0.892219 0.44611 -0.0702212
    outer loop
      vertex -5.8 37 23
      vertex -7.3 34 23
      vertex -7.42558 34 24.5956
    endloop
  endfacet
  facet normal -0.892219 0.44611 -0.0702203
    outer loop
      vertex -5.94405 37 24.8303
      vertex -5.8 37 23
      vertex -7.42558 34 24.5956
    endloop
  endfacet
  facet normal -0.581263 0.446098 -0.680537
    outer loop
      vertex -9.22685 37 31.2731
      vertex -10.2875 34 30.2125
      vertex -10.6229 37 32.4655
    endloop
  endfacet
  facet normal -0.680554 0.446114 -0.58123
    outer loop
      vertex -8.0345 37 29.8771
      vertex -9.24803 34 28.9954
      vertex -10.2875 34 30.2125
    endloop
  endfacet
  facet normal -0.208895 0.446129 -0.870248
    outer loop
      vertex -15.6697 37 34.556
      vertex -14.348 34 32.7008
      vertex -15.9044 34 33.0744
    endloop
  endfacet
  facet normal 0.892219 0.446109 0.0702323
    outer loop
      vertex -27.7 34 23
      vertex -27.5744 34 21.4044
      vertex -29.2 37 23
    endloop
  endfacet
  facet normal 0.82685 0.446111 0.342498
    outer loop
      vertex -27.2008 34 19.848
      vertex -27.9248 37 17.6883
      vertex -28.6274 37 19.3845
    endloop
  endfacet
  facet normal -0.0702323 0.446109 -0.892219
    outer loop
      vertex -17.5 37 34.7
      vertex -15.9044 34 33.0744
      vertex -17.5 34 33.2
    endloop
  endfacet
  facet normal -0.581242 0.446109 0.680548
    outer loop
      vertex -10.2875 34 15.7875
      vertex -10.6229 37 13.5345
      vertex -11.5046 34 14.748
    endloop
  endfacet
  facet normal -0.870251 0.446112 -0.208918
    outer loop
      vertex -5.94405 37 24.8303
      vertex -7.42558 34 24.5956
      vertex -7.79922 34 26.152
    endloop
  endfacet
  facet normal 0.870248 0.446112 0.208934
    outer loop
      vertex -27.2008 34 19.848
      vertex -28.6274 37 19.3845
      vertex -29.056 37 21.1697
    endloop
  endfacet
  facet normal -0.342495 0.446109 -0.826852
    outer loop
      vertex -12.1883 37 33.4248
      vertex -12.8693 34 32.0883
      vertex -14.348 34 32.7008
    endloop
  endfacet
  facet normal 0.581277 0.446091 0.680529
    outer loop
      vertex -24.7125 34 15.7875
      vertex -24.3771 37 13.5345
      vertex -25.7731 37 14.7269
    endloop
  endfacet
  facet normal -0.0701954 0.446126 -0.892213
    outer loop
      vertex -15.6697 37 34.556
      vertex -15.9044 34 33.0744
      vertex -17.5 37 34.7
    endloop
  endfacet
  facet normal -0.0702323 0.446109 0.892219
    outer loop
      vertex -17.5 34 12.8
      vertex -15.9044 34 12.9256
      vertex -17.5 37 11.3
    endloop
  endfacet
  facet normal 0.763092 0.446109 -0.467629
    outer loop
      vertex -25.752 34 28.9954
      vertex -26.5883 34 27.6307
      vertex -27.9248 37 28.3117
    endloop
  endfacet
  facet normal -0.826855 0.446106 0.34249
    outer loop
      vertex -6.37264 37 19.3845
      vertex -7.07522 37 17.6883
      vertex -7.79922 34 19.848
    endloop
  endfacet
  facet normal -0.763093 0.446113 0.467624
    outer loop
      vertex -7.07522 37 17.6883
      vertex -8.0345 37 16.1229
      vertex -9.24803 34 17.0046
    endloop
  endfacet
  facet normal 0.680548 0.446109 0.581242
    outer loop
      vertex -25.752 34 17.0046
      vertex -24.7125 34 15.7875
      vertex -26.9655 37 16.1229
    endloop
  endfacet
  facet normal 0.892213 0.446126 0.0701954
    outer loop
      vertex -27.5744 34 21.4044
      vertex -29.056 37 21.1697
      vertex -29.2 37 23
    endloop
  endfacet
  facet normal -0.467629 0.446109 -0.763092
    outer loop
      vertex -12.1883 37 33.4248
      vertex -11.5046 34 31.252
      vertex -12.8693 34 32.0883
    endloop
  endfacet
  facet normal -0.467633 0.446108 0.763091
    outer loop
      vertex -11.5046 34 14.748
      vertex -10.6229 37 13.5345
      vertex -12.1883 37 12.5752
    endloop
  endfacet
  facet normal -0.892219 0.44611 0.0702212
    outer loop
      vertex -7.3 34 23
      vertex -5.8 37 23
      vertex -7.42558 34 21.4044
    endloop
  endfacet
  facet normal -0.342498 0.446111 0.82685
    outer loop
      vertex -12.1883 37 12.5752
      vertex -13.8845 37 11.8726
      vertex -14.348 34 13.2992
    endloop
  endfacet
  facet normal 0.680529 0.446091 0.581277
    outer loop
      vertex -24.7125 34 15.7875
      vertex -25.7731 37 14.7269
      vertex -26.9655 37 16.1229
    endloop
  endfacet
  facet normal 0.826852 0.446109 0.342495
    outer loop
      vertex -27.2008 34 19.848
      vertex -26.5883 34 18.3693
      vertex -27.9248 37 17.6883
    endloop
  endfacet
  facet normal -0.763091 0.446111 -0.467629
    outer loop
      vertex -7.07522 37 28.3117
      vertex -8.41173 34 27.6307
      vertex -9.24803 34 28.9954
    endloop
  endfacet
  facet normal 0.208895 0.446129 0.870248
    outer loop
      vertex -19.0956 34 12.9256
      vertex -19.3303 37 11.444
      vertex -20.652 34 13.2992
    endloop
  endfacet
  facet normal 0.342495 0.446109 0.826852
    outer loop
      vertex -22.1307 34 13.9117
      vertex -20.652 34 13.2992
      vertex -22.8117 37 12.5752
    endloop
  endfacet
  facet normal -0.208895 0.446129 0.870248
    outer loop
      vertex -14.348 34 13.2992
      vertex -15.6697 37 11.444
      vertex -15.9044 34 12.9256
    endloop
  endfacet
  facet normal 0.0701954 0.446126 -0.892213
    outer loop
      vertex -17.5 37 34.7
      vertex -19.0956 34 33.0744
      vertex -19.3303 37 34.556
    endloop
  endfacet
  facet normal 0.342495 0.446109 -0.826852
    outer loop
      vertex -20.652 34 32.7008
      vertex -22.1307 34 32.0883
      vertex -22.8117 37 33.4248
    endloop
  endfacet
  facet normal 0.467633 0.446108 0.763091
    outer loop
      vertex -23.4954 34 14.748
      vertex -22.8117 37 12.5752
      vertex -24.3771 37 13.5345
    endloop
  endfacet
  facet normal 0.467633 0.446108 -0.763091
    outer loop
      vertex -22.8117 37 33.4248
      vertex -23.4954 34 31.252
      vertex -24.3771 37 32.4655
    endloop
  endfacet
  facet normal -0.208934 0.446112 0.870248
    outer loop
      vertex -14.348 34 13.2992
      vertex -13.8845 37 11.8726
      vertex -15.6697 37 11.444
    endloop
  endfacet
  facet normal 0.763091 0.446108 -0.467633
    outer loop
      vertex -26.9655 37 29.8771
      vertex -25.752 34 28.9954
      vertex -27.9248 37 28.3117
    endloop
  endfacet
  facet normal 0.680529 0.446091 -0.581277
    outer loop
      vertex -25.7731 37 31.2731
      vertex -24.7125 34 30.2125
      vertex -26.9655 37 29.8771
    endloop
  endfacet
  facet normal -0.763091 0.446111 0.467629
    outer loop
      vertex -8.41173 34 18.3693
      vertex -7.07522 37 17.6883
      vertex -9.24803 34 17.0046
    endloop
  endfacet
  facet normal 0.342498 0.446111 -0.82685
    outer loop
      vertex -21.1155 37 34.1274
      vertex -20.652 34 32.7008
      vertex -22.8117 37 33.4248
    endloop
  endfacet
  facet normal -0.581242 0.446109 -0.680548
    outer loop
      vertex -10.6229 37 32.4655
      vertex -10.2875 34 30.2125
      vertex -11.5046 34 31.252
    endloop
  endfacet
  facet normal 0.763092 0.446109 0.467629
    outer loop
      vertex -26.5883 34 18.3693
      vertex -25.752 34 17.0046
      vertex -27.9248 37 17.6883
    endloop
  endfacet
  facet normal -0.763093 0.446113 -0.467624
    outer loop
      vertex -8.0345 37 29.8771
      vertex -7.07522 37 28.3117
      vertex -9.24803 34 28.9954
    endloop
  endfacet
  facet normal -0.680538 0.446099 -0.58126
    outer loop
      vertex -9.22685 37 31.2731
      vertex -8.0345 37 29.8771
      vertex -10.2875 34 30.2125
    endloop
  endfacet
  facet normal -0.467629 0.446109 0.763092
    outer loop
      vertex -11.5046 34 14.748
      vertex -12.1883 37 12.5752
      vertex -12.8693 34 13.9117
    endloop
  endfacet
  facet normal -0.826849 0.446111 -0.342499
    outer loop
      vertex -7.07522 37 28.3117
      vertex -7.79922 34 26.152
      vertex -8.41173 34 27.6307
    endloop
  endfacet
  facet normal -0.0701954 0.446126 0.892213
    outer loop
      vertex -15.9044 34 12.9256
      vertex -15.6697 37 11.444
      vertex -17.5 37 11.3
    endloop
  endfacet
  facet normal -0.870251 0.446107 0.208929
    outer loop
      vertex -5.94405 37 21.1697
      vertex -6.37264 37 19.3845
      vertex -7.79922 34 19.848
    endloop
  endfacet
  facet normal 0.208895 0.446129 -0.870248
    outer loop
      vertex -19.3303 37 34.556
      vertex -19.0956 34 33.0744
      vertex -20.652 34 32.7008
    endloop
  endfacet
  facet normal 0.208934 0.446112 0.870248
    outer loop
      vertex -20.652 34 13.2992
      vertex -19.3303 37 11.444
      vertex -21.1155 37 11.8726
    endloop
  endfacet
  facet normal 0.0702323 0.446109 0.892219
    outer loop
      vertex -17.5 34 12.8
      vertex -17.5 37 11.3
      vertex -19.0956 34 12.9256
    endloop
  endfacet
  facet normal -0.680538 0.446099 0.58126
    outer loop
      vertex -8.0345 37 16.1229
      vertex -9.22685 37 14.7269
      vertex -10.2875 34 15.7875
    endloop
  endfacet
  facet normal 0.763091 0.446108 0.467633
    outer loop
      vertex -25.752 34 17.0046
      vertex -26.9655 37 16.1229
      vertex -27.9248 37 17.6883
    endloop
  endfacet
  facet normal 0.892219 0.446109 -0.0702323
    outer loop
      vertex -27.5744 34 24.5956
      vertex -27.7 34 23
      vertex -29.2 37 23
    endloop
  endfacet
  facet normal 0.581277 0.446091 -0.680529
    outer loop
      vertex -24.3771 37 32.4655
      vertex -24.7125 34 30.2125
      vertex -25.7731 37 31.2731
    endloop
  endfacet
  facet normal 0.581242 0.446109 0.680548
    outer loop
      vertex -23.4954 34 14.748
      vertex -24.3771 37 13.5345
      vertex -24.7125 34 15.7875
    endloop
  endfacet
  facet normal -0.208934 0.446112 -0.870248
    outer loop
      vertex -13.8845 37 34.1274
      vertex -14.348 34 32.7008
      vertex -15.6697 37 34.556
    endloop
  endfacet
  facet normal 0.870248 0.446129 0.208895
    outer loop
      vertex -27.5744 34 21.4044
      vertex -27.2008 34 19.848
      vertex -29.056 37 21.1697
    endloop
  endfacet
  facet normal 0.467629 0.446109 -0.763092
    outer loop
      vertex -22.8117 37 33.4248
      vertex -22.1307 34 32.0883
      vertex -23.4954 34 31.252
    endloop
  endfacet
  facet normal 0.0702323 0.446109 -0.892219
    outer loop
      vertex -17.5 37 34.7
      vertex -17.5 34 33.2
      vertex -19.0956 34 33.0744
    endloop
  endfacet
  facet normal -0.870251 0.446107 -0.208929
    outer loop
      vertex -6.37264 37 26.6155
      vertex -5.94405 37 24.8303
      vertex -7.79922 34 26.152
    endloop
  endfacet
  facet normal -0.826855 0.446106 -0.34249
    outer loop
      vertex -7.07522 37 28.3117
      vertex -6.37264 37 26.6155
      vertex -7.79922 34 26.152
    endloop
  endfacet
  facet normal -0.581263 0.446098 0.680537
    outer loop
      vertex -10.2875 34 15.7875
      vertex -9.22685 37 14.7269
      vertex -10.6229 37 13.5345
    endloop
  endfacet
  facet normal -0.680554 0.446114 0.58123
    outer loop
      vertex -9.24803 34 17.0046
      vertex -8.0345 37 16.1229
      vertex -10.2875 34 15.7875
    endloop
  endfacet
  facet normal 0.680548 0.446109 -0.581242
    outer loop
      vertex -24.7125 34 30.2125
      vertex -25.752 34 28.9954
      vertex -26.9655 37 29.8771
    endloop
  endfacet
  facet normal -0.342498 0.446111 -0.82685
    outer loop
      vertex -13.8845 37 34.1274
      vertex -12.1883 37 33.4248
      vertex -14.348 34 32.7008
    endloop
  endfacet
  facet normal 0.581242 0.446109 -0.680548
    outer loop
      vertex -24.3771 37 32.4655
      vertex -23.4954 34 31.252
      vertex -24.7125 34 30.2125
    endloop
  endfacet
  facet normal 0.870248 0.446129 -0.208895
    outer loop
      vertex -27.2008 34 26.152
      vertex -27.5744 34 24.5956
      vertex -29.056 37 24.8303
    endloop
  endfacet
  facet normal -0.342495 0.446109 0.826852
    outer loop
      vertex -12.8693 34 13.9117
      vertex -12.1883 37 12.5752
      vertex -14.348 34 13.2992
    endloop
  endfacet
  facet normal 0.82685 0.446111 -0.342498
    outer loop
      vertex -27.9248 37 28.3117
      vertex -27.2008 34 26.152
      vertex -28.6274 37 26.6155
    endloop
  endfacet
  facet normal 0.0701954 0.446126 0.892213
    outer loop
      vertex -19.0956 34 12.9256
      vertex -17.5 37 11.3
      vertex -19.3303 37 11.444
    endloop
  endfacet
  facet normal -0.870251 0.446112 0.208918
    outer loop
      vertex -7.42558 34 21.4044
      vertex -5.94405 37 21.1697
      vertex -7.79922 34 19.848
    endloop
  endfacet
  facet normal 0.892213 0.446126 -0.0701954
    outer loop
      vertex -29.056 37 24.8303
      vertex -27.5744 34 24.5956
      vertex -29.2 37 23
    endloop
  endfacet
  facet normal 0.826852 0.446109 -0.342495
    outer loop
      vertex -26.5883 34 27.6307
      vertex -27.2008 34 26.152
      vertex -27.9248 37 28.3117
    endloop
  endfacet
  facet normal 0.870248 0.446112 -0.208934
    outer loop
      vertex -28.6274 37 26.6155
      vertex -27.2008 34 26.152
      vertex -29.056 37 24.8303
    endloop
  endfacet
  facet normal -0.826849 0.446111 0.342499
    outer loop
      vertex -7.79922 34 19.848
      vertex -7.07522 37 17.6883
      vertex -8.41173 34 18.3693
    endloop
  endfacet
  facet normal 0.467629 0.446109 0.763092
    outer loop
      vertex -22.1307 34 13.9117
      vertex -22.8117 37 12.5752
      vertex -23.4954 34 14.748
    endloop
  endfacet
  facet normal 0.342498 0.446111 0.82685
    outer loop
      vertex -20.652 34 13.2992
      vertex -21.1155 37 11.8726
      vertex -22.8117 37 12.5752
    endloop
  endfacet
  facet normal 0.208934 0.446112 -0.870248
    outer loop
      vertex -19.3303 37 34.556
      vertex -20.652 34 32.7008
      vertex -21.1155 37 34.1274
    endloop
  endfacet
  facet normal -0 0.52264 0.852553
    outer loop
      vertex -31.5527 23.5466 21.1289
      vertex -27.5496 23.2657 21.3011
      vertex -27.5083 23.5466 21.1289
    endloop
  endfacet
  facet normal 0 0.52264 0.852553
    outer loop
      vertex -27.5496 23.2657 21.3011
      vertex -31.5527 23.5466 21.1289
      vertex -31.5663 23.2657 21.3011
    endloop
  endfacet
  facet normal 0 0.52264 0.852553
    outer loop
      vertex -3.44726 23.5466 21.1289
      vertex -7.45038 23.2657 21.3011
      vertex -3.43371 23.2657 21.3011
    endloop
  endfacet
  facet normal 0 0.52264 0.852553
    outer loop
      vertex -7.45038 23.2657 21.3011
      vertex -3.44726 23.5466 21.1289
      vertex -7.49172 23.5466 21.1289
    endloop
  endfacet
  facet normal 0 0.233384 -0.972385
    outer loop
      vertex -27.478 23.8511 24.9972
      vertex -31.5368 24.1715 25.0741
      vertex -27.4595 24.1715 25.0741
    endloop
  endfacet
  facet normal 0 0.233384 -0.972385
    outer loop
      vertex -31.5368 24.1715 25.0741
      vertex -27.478 23.8511 24.9972
      vertex -31.5428 23.8511 24.9972
    endloop
  endfacet
  facet normal 0 0.233384 -0.972385
    outer loop
      vertex -7.52199 23.8511 24.9972
      vertex -3.46324 24.1715 25.0741
      vertex -3.45718 23.8511 24.9972
    endloop
  endfacet
  facet normal 0 0.233384 -0.972385
    outer loop
      vertex -3.46324 24.1715 25.0741
      vertex -7.52199 23.8511 24.9972
      vertex -7.54046 24.1715 25.0741
    endloop
  endfacet
  facet normal 0 0.972385 -0.233384
    outer loop
      vertex -27.6741 22.4259 23.3285
      vertex -31.6489 22.5028 23.6489
      vertex -27.6489 22.5028 23.6489
    endloop
  endfacet
  facet normal 0 0.972385 -0.233384
    outer loop
      vertex -31.6489 22.5028 23.6489
      vertex -27.6741 22.4259 23.3285
      vertex -31.6741 22.4259 23.3285
    endloop
  endfacet
  facet normal 0 0.972385 -0.233384
    outer loop
      vertex -7.32585 22.4259 23.3285
      vertex -3.35107 22.5028 23.6489
      vertex -3.32585 22.4259 23.3285
    endloop
  endfacet
  facet normal 0 0.972385 -0.233384
    outer loop
      vertex -3.35107 22.5028 23.6489
      vertex -7.32585 22.4259 23.3285
      vertex -7.35107 22.5028 23.6489
    endloop
  endfacet
  facet normal 0 -0.996906 0.0785993
    outer loop
      vertex -31.6741 26.5741 22.6715
      vertex -27.7 26.6 23
      vertex -31.7 26.6 23
    endloop
  endfacet
  facet normal 0 -0.996906 0.0785993
    outer loop
      vertex -27.7 26.6 23
      vertex -31.6741 26.5741 22.6715
      vertex -27.6741 26.5741 22.6715
    endloop
  endfacet
  facet normal 0 -0.996906 0.0785993
    outer loop
      vertex -3.32585 26.5741 22.6715
      vertex -7.3 26.6 23
      vertex -7.32585 26.5741 22.6715
    endloop
  endfacet
  facet normal 0 -0.996906 0.0785993
    outer loop
      vertex -7.3 26.6 23
      vertex -3.32585 26.5741 22.6715
      vertex -3.3 26.6 23
    endloop
  endfacet
  facet normal -0 -0.996906 -0.0785993
    outer loop
      vertex -27.7 26.6 23
      vertex -31.6741 26.5741 23.3285
      vertex -31.7 26.6 23
    endloop
  endfacet
  facet normal 0 -0.996906 -0.0785993
    outer loop
      vertex -31.6741 26.5741 23.3285
      vertex -27.7 26.6 23
      vertex -27.6741 26.5741 23.3285
    endloop
  endfacet
  facet normal 0 -0.996906 -0.0785993
    outer loop
      vertex -7.3 26.6 23
      vertex -3.32585 26.5741 23.3285
      vertex -7.32585 26.5741 23.3285
    endloop
  endfacet
  facet normal 0 -0.996906 -0.0785993
    outer loop
      vertex -3.32585 26.5741 23.3285
      vertex -7.3 26.6 23
      vertex -3.3 26.6 23
    endloop
  endfacet
  facet normal 0 -0.52264 0.852553
    outer loop
      vertex -27.5496 25.7343 21.3011
      vertex -31.5527 25.4534 21.1289
      vertex -27.5083 25.4534 21.1289
    endloop
  endfacet
  facet normal 0 -0.52264 0.852553
    outer loop
      vertex -31.5527 25.4534 21.1289
      vertex -27.5496 25.7343 21.3011
      vertex -31.5663 25.7343 21.3011
    endloop
  endfacet
  facet normal 0 -0.52264 0.852553
    outer loop
      vertex -7.45038 25.7343 21.3011
      vertex -3.44726 25.4534 21.1289
      vertex -3.43371 25.7343 21.3011
    endloop
  endfacet
  facet normal 0 -0.52264 0.852553
    outer loop
      vertex -3.44726 25.4534 21.1289
      vertex -7.45038 25.7343 21.3011
      vertex -7.49172 25.4534 21.1289
    endloop
  endfacet
  facet normal -0 -0.760455 -0.649391
    outer loop
      vertex -27.6029 26.1989 24.2343
      vertex -31.5831 25.9849 24.4849
      vertex -31.6029 26.1989 24.2343
    endloop
  endfacet
  facet normal 0 -0.760455 -0.649391
    outer loop
      vertex -31.5831 25.9849 24.4849
      vertex -27.6029 26.1989 24.2343
      vertex -27.5831 25.9849 24.4849
    endloop
  endfacet
  facet normal 0 -0.760455 -0.649391
    outer loop
      vertex -7.39715 26.1989 24.2343
      vertex -3.41687 25.9849 24.4849
      vertex -7.41687 25.9849 24.4849
    endloop
  endfacet
  facet normal 0 -0.760455 -0.649391
    outer loop
      vertex -3.41687 25.9849 24.4849
      vertex -7.39715 26.1989 24.2343
      vertex -3.39715 26.1989 24.2343
    endloop
  endfacet
  facet normal 0 0.649289 -0.760542
    outer loop
      vertex -27.5744 23.1447 24.5956
      vertex -31.5663 23.2657 24.6989
      vertex -27.5496 23.2657 24.6989
    endloop
  endfacet
  facet normal 1.02967e-05 0.649485 -0.760374
    outer loop
      vertex -27.5831 23.0151 24.4849
      vertex -31.5663 23.2657 24.6989
      vertex -27.5744 23.1447 24.5956
    endloop
  endfacet
  facet normal 0 0.649391 -0.760455
    outer loop
      vertex -31.5663 23.2657 24.6989
      vertex -27.5831 23.0151 24.4849
      vertex -31.5831 23.0151 24.4849
    endloop
  endfacet
  facet normal 0 0.649391 -0.760455
    outer loop
      vertex -7.41687 23.0151 24.4849
      vertex -3.43371 23.2657 24.6989
      vertex -3.41687 23.0151 24.4849
    endloop
  endfacet
  facet normal -1.02967e-05 0.649485 -0.760374
    outer loop
      vertex -7.42558 23.1447 24.5956
      vertex -3.43371 23.2657 24.6989
      vertex -7.41687 23.0151 24.4849
    endloop
  endfacet
  facet normal 0 0.649289 -0.760542
    outer loop
      vertex -3.43371 23.2657 24.6989
      vertex -7.42558 23.1447 24.5956
      vertex -7.45038 23.2657 24.6989
    endloop
  endfacet
  facet normal 0 0.996906 -0.0785993
    outer loop
      vertex -27.7 22.4 23
      vertex -31.6741 22.4259 23.3285
      vertex -27.6741 22.4259 23.3285
    endloop
  endfacet
  facet normal 0 0.996906 -0.0785993
    outer loop
      vertex -31.6741 22.4259 23.3285
      vertex -27.7 22.4 23
      vertex -31.7 22.4 23
    endloop
  endfacet
  facet normal 0 0.996906 -0.0785993
    outer loop
      vertex -7.3 22.4 23
      vertex -3.32585 22.4259 23.3285
      vertex -3.3 22.4 23
    endloop
  endfacet
  facet normal 0 0.996906 -0.0785993
    outer loop
      vertex -3.32585 22.4259 23.3285
      vertex -7.3 22.4 23
      vertex -7.32585 22.4259 23.3285
    endloop
  endfacet
  facet normal 0 0.92391 -0.382611
    outer loop
      vertex -27.6489 22.5028 23.6489
      vertex -31.625 22.6289 23.9534
      vertex -27.625 22.6289 23.9534
    endloop
  endfacet
  facet normal 0 0.92391 -0.382611
    outer loop
      vertex -31.625 22.6289 23.9534
      vertex -27.6489 22.5028 23.6489
      vertex -31.6489 22.5028 23.6489
    endloop
  endfacet
  facet normal 0 0.92391 -0.382611
    outer loop
      vertex -7.35107 22.5028 23.6489
      vertex -3.37503 22.6289 23.9534
      vertex -3.35107 22.5028 23.6489
    endloop
  endfacet
  facet normal 0 0.92391 -0.382611
    outer loop
      vertex -3.37503 22.6289 23.9534
      vertex -7.35107 22.5028 23.6489
      vertex -7.37503 22.6289 23.9534
    endloop
  endfacet
  facet normal 0 -0.233384 -0.972385
    outer loop
      vertex -31.5368 24.8285 25.0741
      vertex -27.478 25.1489 24.9972
      vertex -27.4595 24.8285 25.0741
    endloop
  endfacet
  facet normal -0 -0.233384 -0.972385
    outer loop
      vertex -27.478 25.1489 24.9972
      vertex -31.5368 24.8285 25.0741
      vertex -31.5428 25.1489 24.9972
    endloop
  endfacet
  facet normal 0 -0.233384 -0.972385
    outer loop
      vertex -3.46324 24.8285 25.0741
      vertex -7.52199 25.1489 24.9972
      vertex -3.45718 25.1489 24.9972
    endloop
  endfacet
  facet normal 0 -0.233384 -0.972385
    outer loop
      vertex -7.52199 25.1489 24.9972
      vertex -3.46324 24.8285 25.0741
      vertex -7.54046 24.8285 25.0741
    endloop
  endfacet
  facet normal 0 -0.972385 0.233384
    outer loop
      vertex -31.6489 26.4972 22.3511
      vertex -27.6741 26.5741 22.6715
      vertex -31.6741 26.5741 22.6715
    endloop
  endfacet
  facet normal 0 -0.972385 0.233384
    outer loop
      vertex -27.6741 26.5741 22.6715
      vertex -31.6489 26.4972 22.3511
      vertex -27.6489 26.4972 22.3511
    endloop
  endfacet
  facet normal 0 -0.972385 0.233384
    outer loop
      vertex -3.35107 26.4972 22.3511
      vertex -7.32585 26.5741 22.6715
      vertex -7.35107 26.4972 22.3511
    endloop
  endfacet
  facet normal 0 -0.972385 0.233384
    outer loop
      vertex -7.32585 26.5741 22.6715
      vertex -3.35107 26.4972 22.3511
      vertex -3.32585 26.5741 22.6715
    endloop
  endfacet
  facet normal -0 0.0785993 0.996906
    outer loop
      vertex -31.5347 24.5 20.9
      vertex -27.4595 24.1715 20.9259
      vertex -27.4533 24.5 20.9
    endloop
  endfacet
  facet normal 0 0.0785993 0.996906
    outer loop
      vertex -27.4595 24.1715 20.9259
      vertex -31.5347 24.5 20.9
      vertex -31.5368 24.1715 20.9259
    endloop
  endfacet
  facet normal 0 0.0785993 0.996906
    outer loop
      vertex -3.46527 24.5 20.9
      vertex -7.54046 24.1715 20.9259
      vertex -3.46324 24.1715 20.9259
    endloop
  endfacet
  facet normal 0 0.0785993 0.996906
    outer loop
      vertex -7.54046 24.1715 20.9259
      vertex -3.46527 24.5 20.9
      vertex -7.54667 24.5 20.9
    endloop
  endfacet
  facet normal -0 0.233384 0.972385
    outer loop
      vertex -31.5368 24.1715 20.9259
      vertex -27.478 23.8511 21.0028
      vertex -27.4595 24.1715 20.9259
    endloop
  endfacet
  facet normal 0 0.233384 0.972385
    outer loop
      vertex -27.478 23.8511 21.0028
      vertex -31.5368 24.1715 20.9259
      vertex -31.5428 23.8511 21.0028
    endloop
  endfacet
  facet normal 0 0.233384 0.972385
    outer loop
      vertex -3.46324 24.1715 20.9259
      vertex -7.52199 23.8511 21.0028
      vertex -3.45718 23.8511 21.0028
    endloop
  endfacet
  facet normal 0 0.233384 0.972385
    outer loop
      vertex -7.52199 23.8511 21.0028
      vertex -3.46324 24.1715 20.9259
      vertex -7.54046 24.1715 20.9259
    endloop
  endfacet
  facet normal -0 0.382611 0.92391
    outer loop
      vertex -31.5428 23.8511 21.0028
      vertex -27.5083 23.5466 21.1289
      vertex -27.478 23.8511 21.0028
    endloop
  endfacet
  facet normal 0 0.382611 0.92391
    outer loop
      vertex -27.5083 23.5466 21.1289
      vertex -31.5428 23.8511 21.0028
      vertex -31.5527 23.5466 21.1289
    endloop
  endfacet
  facet normal 0 0.382611 0.92391
    outer loop
      vertex -3.45718 23.8511 21.0028
      vertex -7.49172 23.5466 21.1289
      vertex -3.44726 23.5466 21.1289
    endloop
  endfacet
  facet normal 0 0.382611 0.92391
    outer loop
      vertex -7.49172 23.5466 21.1289
      vertex -3.45718 23.8511 21.0028
      vertex -7.52199 23.8511 21.0028
    endloop
  endfacet
  facet normal 0 0.0785993 -0.996906
    outer loop
      vertex -27.4595 24.1715 25.0741
      vertex -31.5347 24.5 25.1
      vertex -27.4533 24.5 25.1
    endloop
  endfacet
  facet normal 0 0.0785993 -0.996906
    outer loop
      vertex -31.5347 24.5 25.1
      vertex -27.4595 24.1715 25.0741
      vertex -31.5368 24.1715 25.0741
    endloop
  endfacet
  facet normal 0 0.0785993 -0.996906
    outer loop
      vertex -7.54046 24.1715 25.0741
      vertex -3.46527 24.5 25.1
      vertex -3.46324 24.1715 25.0741
    endloop
  endfacet
  facet normal 0 0.0785993 -0.996906
    outer loop
      vertex -3.46527 24.5 25.1
      vertex -7.54046 24.1715 25.0741
      vertex -7.54667 24.5 25.1
    endloop
  endfacet
  facet normal 0 -0.0785993 0.996906
    outer loop
      vertex -27.4595 24.8285 20.9259
      vertex -31.5347 24.5 20.9
      vertex -27.4533 24.5 20.9
    endloop
  endfacet
  facet normal 0 -0.0785993 0.996906
    outer loop
      vertex -31.5347 24.5 20.9
      vertex -27.4595 24.8285 20.9259
      vertex -31.5368 24.8285 20.9259
    endloop
  endfacet
  facet normal 0 -0.0785993 0.996906
    outer loop
      vertex -7.54046 24.8285 20.9259
      vertex -3.46527 24.5 20.9
      vertex -3.46324 24.8285 20.9259
    endloop
  endfacet
  facet normal 0 -0.0785993 0.996906
    outer loop
      vertex -3.46527 24.5 20.9
      vertex -7.54046 24.8285 20.9259
      vertex -7.54667 24.5 20.9
    endloop
  endfacet
  facet normal -0 0.852553 0.52264
    outer loop
      vertex -31.6029 22.8011 21.7657
      vertex -27.625 22.6289 22.0466
      vertex -27.6029 22.8011 21.7657
    endloop
  endfacet
  facet normal 0 0.852553 0.52264
    outer loop
      vertex -27.625 22.6289 22.0466
      vertex -31.6029 22.8011 21.7657
      vertex -31.625 22.6289 22.0466
    endloop
  endfacet
  facet normal 0 0.852553 0.52264
    outer loop
      vertex -3.39715 22.8011 21.7657
      vertex -7.37503 22.6289 22.0466
      vertex -3.37503 22.6289 22.0466
    endloop
  endfacet
  facet normal 0 0.852553 0.52264
    outer loop
      vertex -7.37503 22.6289 22.0466
      vertex -3.39715 22.8011 21.7657
      vertex -7.39715 22.8011 21.7657
    endloop
  endfacet
  facet normal -0 0.972385 0.233384
    outer loop
      vertex -31.6489 22.5028 22.3511
      vertex -27.6741 22.4259 22.6715
      vertex -27.6489 22.5028 22.3511
    endloop
  endfacet
  facet normal 0 0.972385 0.233384
    outer loop
      vertex -27.6741 22.4259 22.6715
      vertex -31.6489 22.5028 22.3511
      vertex -31.6741 22.4259 22.6715
    endloop
  endfacet
  facet normal 0 0.972385 0.233384
    outer loop
      vertex -3.35107 22.5028 22.3511
      vertex -7.32585 22.4259 22.6715
      vertex -3.32585 22.4259 22.6715
    endloop
  endfacet
  facet normal 0 0.972385 0.233384
    outer loop
      vertex -7.32585 22.4259 22.6715
      vertex -3.35107 22.5028 22.3511
      vertex -7.35107 22.5028 22.3511
    endloop
  endfacet
  facet normal 0 0.382611 -0.92391
    outer loop
      vertex -27.5083 23.5466 24.8711
      vertex -31.5428 23.8511 24.9972
      vertex -27.478 23.8511 24.9972
    endloop
  endfacet
  facet normal 0 0.382611 -0.92391
    outer loop
      vertex -31.5428 23.8511 24.9972
      vertex -27.5083 23.5466 24.8711
      vertex -31.5527 23.5466 24.8711
    endloop
  endfacet
  facet normal 0 0.382611 -0.92391
    outer loop
      vertex -7.49172 23.5466 24.8711
      vertex -3.45718 23.8511 24.9972
      vertex -3.44726 23.5466 24.8711
    endloop
  endfacet
  facet normal 0 0.382611 -0.92391
    outer loop
      vertex -3.45718 23.8511 24.9972
      vertex -7.49172 23.5466 24.8711
      vertex -7.52199 23.8511 24.9972
    endloop
  endfacet
  facet normal -0 -0.972385 -0.233384
    outer loop
      vertex -27.6741 26.5741 23.3285
      vertex -31.6489 26.4972 23.6489
      vertex -31.6741 26.5741 23.3285
    endloop
  endfacet
  facet normal 0 -0.972385 -0.233384
    outer loop
      vertex -31.6489 26.4972 23.6489
      vertex -27.6741 26.5741 23.3285
      vertex -27.6489 26.4972 23.6489
    endloop
  endfacet
  facet normal 0 -0.972385 -0.233384
    outer loop
      vertex -7.32585 26.5741 23.3285
      vertex -3.35107 26.4972 23.6489
      vertex -7.35107 26.4972 23.6489
    endloop
  endfacet
  facet normal 0 -0.972385 -0.233384
    outer loop
      vertex -3.35107 26.4972 23.6489
      vertex -7.32585 26.5741 23.3285
      vertex -3.32585 26.5741 23.3285
    endloop
  endfacet
  facet normal 0 -0.382611 -0.92391
    outer loop
      vertex -31.5428 25.1489 24.9972
      vertex -27.5083 25.4534 24.8711
      vertex -27.478 25.1489 24.9972
    endloop
  endfacet
  facet normal -0 -0.382611 -0.92391
    outer loop
      vertex -27.5083 25.4534 24.8711
      vertex -31.5428 25.1489 24.9972
      vertex -31.5527 25.4534 24.8711
    endloop
  endfacet
  facet normal 0 -0.382611 -0.92391
    outer loop
      vertex -3.45718 25.1489 24.9972
      vertex -7.49172 25.4534 24.8711
      vertex -3.44726 25.4534 24.8711
    endloop
  endfacet
  facet normal 0 -0.382611 -0.92391
    outer loop
      vertex -7.49172 25.4534 24.8711
      vertex -3.45718 25.1489 24.9972
      vertex -7.52199 25.1489 24.9972
    endloop
  endfacet
  facet normal 0 -0.233384 0.972385
    outer loop
      vertex -27.478 25.1489 21.0028
      vertex -31.5368 24.8285 20.9259
      vertex -27.4595 24.8285 20.9259
    endloop
  endfacet
  facet normal 0 -0.233384 0.972385
    outer loop
      vertex -31.5368 24.8285 20.9259
      vertex -27.478 25.1489 21.0028
      vertex -31.5428 25.1489 21.0028
    endloop
  endfacet
  facet normal 0 -0.233384 0.972385
    outer loop
      vertex -7.52199 25.1489 21.0028
      vertex -3.46324 24.8285 20.9259
      vertex -3.45718 25.1489 21.0028
    endloop
  endfacet
  facet normal 0 -0.233384 0.972385
    outer loop
      vertex -3.46324 24.8285 20.9259
      vertex -7.52199 25.1489 21.0028
      vertex -7.54046 24.8285 20.9259
    endloop
  endfacet
  facet normal -0 -0.92391 -0.382611
    outer loop
      vertex -27.6489 26.4972 23.6489
      vertex -31.625 26.3711 23.9534
      vertex -31.6489 26.4972 23.6489
    endloop
  endfacet
  facet normal 0 -0.92391 -0.382611
    outer loop
      vertex -31.625 26.3711 23.9534
      vertex -27.6489 26.4972 23.6489
      vertex -27.625 26.3711 23.9534
    endloop
  endfacet
  facet normal 0 -0.92391 -0.382611
    outer loop
      vertex -7.35107 26.4972 23.6489
      vertex -3.37503 26.3711 23.9534
      vertex -7.37503 26.3711 23.9534
    endloop
  endfacet
  facet normal 0 -0.92391 -0.382611
    outer loop
      vertex -3.37503 26.3711 23.9534
      vertex -7.35107 26.4972 23.6489
      vertex -3.35107 26.4972 23.6489
    endloop
  endfacet
  facet normal -0 0.760455 0.649391
    outer loop
      vertex -31.5831 23.0151 21.5151
      vertex -27.6029 22.8011 21.7657
      vertex -27.5831 23.0151 21.5151
    endloop
  endfacet
  facet normal 0 0.760455 0.649391
    outer loop
      vertex -27.6029 22.8011 21.7657
      vertex -31.5831 23.0151 21.5151
      vertex -31.6029 22.8011 21.7657
    endloop
  endfacet
  facet normal 0 0.760455 0.649391
    outer loop
      vertex -3.41687 23.0151 21.5151
      vertex -7.39715 22.8011 21.7657
      vertex -3.39715 22.8011 21.7657
    endloop
  endfacet
  facet normal 0 0.760455 0.649391
    outer loop
      vertex -7.39715 22.8011 21.7657
      vertex -3.41687 23.0151 21.5151
      vertex -7.41687 23.0151 21.5151
    endloop
  endfacet
  facet normal -0 0.92391 0.382611
    outer loop
      vertex -31.625 22.6289 22.0466
      vertex -27.6489 22.5028 22.3511
      vertex -27.625 22.6289 22.0466
    endloop
  endfacet
  facet normal 0 0.92391 0.382611
    outer loop
      vertex -27.6489 22.5028 22.3511
      vertex -31.625 22.6289 22.0466
      vertex -31.6489 22.5028 22.3511
    endloop
  endfacet
  facet normal 0 0.92391 0.382611
    outer loop
      vertex -3.37503 22.6289 22.0466
      vertex -7.35107 22.5028 22.3511
      vertex -3.35107 22.5028 22.3511
    endloop
  endfacet
  facet normal 0 0.92391 0.382611
    outer loop
      vertex -7.35107 22.5028 22.3511
      vertex -3.37503 22.6289 22.0466
      vertex -7.37503 22.6289 22.0466
    endloop
  endfacet
  facet normal 0 -0.649289 -0.760542
    outer loop
      vertex -31.5663 25.7343 24.6989
      vertex -27.5744 25.8553 24.5956
      vertex -27.5496 25.7343 24.6989
    endloop
  endfacet
  facet normal 1.02967e-05 -0.649485 -0.760374
    outer loop
      vertex -31.5663 25.7343 24.6989
      vertex -27.5831 25.9849 24.4849
      vertex -27.5744 25.8553 24.5956
    endloop
  endfacet
  facet normal -0 -0.649391 -0.760455
    outer loop
      vertex -27.5831 25.9849 24.4849
      vertex -31.5663 25.7343 24.6989
      vertex -31.5831 25.9849 24.4849
    endloop
  endfacet
  facet normal 0 -0.649391 -0.760455
    outer loop
      vertex -3.43371 25.7343 24.6989
      vertex -7.41687 25.9849 24.4849
      vertex -3.41687 25.9849 24.4849
    endloop
  endfacet
  facet normal -1.02967e-05 -0.649485 -0.760374
    outer loop
      vertex -3.43371 25.7343 24.6989
      vertex -7.42558 25.8553 24.5956
      vertex -7.41687 25.9849 24.4849
    endloop
  endfacet
  facet normal 0 -0.649289 -0.760542
    outer loop
      vertex -7.42558 25.8553 24.5956
      vertex -3.43371 25.7343 24.6989
      vertex -7.45038 25.7343 24.6989
    endloop
  endfacet
  facet normal 0 -0.760455 0.649391
    outer loop
      vertex -31.5831 25.9849 21.5151
      vertex -27.6029 26.1989 21.7657
      vertex -31.6029 26.1989 21.7657
    endloop
  endfacet
  facet normal 0 -0.760455 0.649391
    outer loop
      vertex -27.6029 26.1989 21.7657
      vertex -31.5831 25.9849 21.5151
      vertex -27.5831 25.9849 21.5151
    endloop
  endfacet
  facet normal 0 -0.760455 0.649391
    outer loop
      vertex -3.41687 25.9849 21.5151
      vertex -7.39715 26.1989 21.7657
      vertex -7.41687 25.9849 21.5151
    endloop
  endfacet
  facet normal 0 -0.760455 0.649391
    outer loop
      vertex -7.39715 26.1989 21.7657
      vertex -3.41687 25.9849 21.5151
      vertex -3.39715 26.1989 21.7657
    endloop
  endfacet
  facet normal 0 -0.92391 0.382611
    outer loop
      vertex -31.625 26.3711 22.0466
      vertex -27.6489 26.4972 22.3511
      vertex -31.6489 26.4972 22.3511
    endloop
  endfacet
  facet normal 0 -0.92391 0.382611
    outer loop
      vertex -27.6489 26.4972 22.3511
      vertex -31.625 26.3711 22.0466
      vertex -27.625 26.3711 22.0466
    endloop
  endfacet
  facet normal 0 -0.92391 0.382611
    outer loop
      vertex -3.37503 26.3711 22.0466
      vertex -7.35107 26.4972 22.3511
      vertex -7.37503 26.3711 22.0466
    endloop
  endfacet
  facet normal 0 -0.92391 0.382611
    outer loop
      vertex -7.35107 26.4972 22.3511
      vertex -3.37503 26.3711 22.0466
      vertex -3.35107 26.4972 22.3511
    endloop
  endfacet
  facet normal 0 0.760455 -0.649391
    outer loop
      vertex -27.6029 22.8011 24.2343
      vertex -31.5831 23.0151 24.4849
      vertex -27.5831 23.0151 24.4849
    endloop
  endfacet
  facet normal 0 0.760455 -0.649391
    outer loop
      vertex -31.5831 23.0151 24.4849
      vertex -27.6029 22.8011 24.2343
      vertex -31.6029 22.8011 24.2343
    endloop
  endfacet
  facet normal 0 0.760455 -0.649391
    outer loop
      vertex -7.39715 22.8011 24.2343
      vertex -3.41687 23.0151 24.4849
      vertex -3.39715 22.8011 24.2343
    endloop
  endfacet
  facet normal 0 0.760455 -0.649391
    outer loop
      vertex -3.41687 23.0151 24.4849
      vertex -7.39715 22.8011 24.2343
      vertex -7.41687 23.0151 24.4849
    endloop
  endfacet
  facet normal 0 0.852553 -0.52264
    outer loop
      vertex -27.625 22.6289 23.9534
      vertex -31.6029 22.8011 24.2343
      vertex -27.6029 22.8011 24.2343
    endloop
  endfacet
  facet normal 0 0.852553 -0.52264
    outer loop
      vertex -31.6029 22.8011 24.2343
      vertex -27.625 22.6289 23.9534
      vertex -31.625 22.6289 23.9534
    endloop
  endfacet
  facet normal 0 0.852553 -0.52264
    outer loop
      vertex -7.37503 22.6289 23.9534
      vertex -3.39715 22.8011 24.2343
      vertex -3.37503 22.6289 23.9534
    endloop
  endfacet
  facet normal 0 0.852553 -0.52264
    outer loop
      vertex -3.39715 22.8011 24.2343
      vertex -7.37503 22.6289 23.9534
      vertex -7.39715 22.8011 24.2343
    endloop
  endfacet
  facet normal -0 0.996906 0.0785993
    outer loop
      vertex -31.6741 22.4259 22.6715
      vertex -27.7 22.4 23
      vertex -27.6741 22.4259 22.6715
    endloop
  endfacet
  facet normal 0 0.996906 0.0785993
    outer loop
      vertex -27.7 22.4 23
      vertex -31.6741 22.4259 22.6715
      vertex -31.7 22.4 23
    endloop
  endfacet
  facet normal 0 0.996906 0.0785993
    outer loop
      vertex -3.32585 22.4259 22.6715
      vertex -7.3 22.4 23
      vertex -3.3 22.4 23
    endloop
  endfacet
  facet normal 0 0.996906 0.0785993
    outer loop
      vertex -7.3 22.4 23
      vertex -3.32585 22.4259 22.6715
      vertex -7.32585 22.4259 22.6715
    endloop
  endfacet
  facet normal 0 -0.649289 0.760542
    outer loop
      vertex -27.5744 25.8553 21.4044
      vertex -31.5663 25.7343 21.3011
      vertex -27.5496 25.7343 21.3011
    endloop
  endfacet
  facet normal 1.02967e-05 -0.649485 0.760374
    outer loop
      vertex -27.5831 25.9849 21.5151
      vertex -31.5663 25.7343 21.3011
      vertex -27.5744 25.8553 21.4044
    endloop
  endfacet
  facet normal 0 -0.649391 0.760455
    outer loop
      vertex -31.5663 25.7343 21.3011
      vertex -27.5831 25.9849 21.5151
      vertex -31.5831 25.9849 21.5151
    endloop
  endfacet
  facet normal 0 -0.649391 0.760455
    outer loop
      vertex -7.41687 25.9849 21.5151
      vertex -3.43371 25.7343 21.3011
      vertex -3.41687 25.9849 21.5151
    endloop
  endfacet
  facet normal -1.02967e-05 -0.649485 0.760374
    outer loop
      vertex -7.42558 25.8553 21.4044
      vertex -3.43371 25.7343 21.3011
      vertex -7.41687 25.9849 21.5151
    endloop
  endfacet
  facet normal 0 -0.649289 0.760542
    outer loop
      vertex -3.43371 25.7343 21.3011
      vertex -7.42558 25.8553 21.4044
      vertex -7.45038 25.7343 21.3011
    endloop
  endfacet
  facet normal 0 -0.852553 0.52264
    outer loop
      vertex -31.6029 26.1989 21.7657
      vertex -27.625 26.3711 22.0466
      vertex -31.625 26.3711 22.0466
    endloop
  endfacet
  facet normal 0 -0.852553 0.52264
    outer loop
      vertex -27.625 26.3711 22.0466
      vertex -31.6029 26.1989 21.7657
      vertex -27.6029 26.1989 21.7657
    endloop
  endfacet
  facet normal 0 -0.852553 0.52264
    outer loop
      vertex -3.39715 26.1989 21.7657
      vertex -7.37503 26.3711 22.0466
      vertex -7.39715 26.1989 21.7657
    endloop
  endfacet
  facet normal 0 -0.852553 0.52264
    outer loop
      vertex -7.37503 26.3711 22.0466
      vertex -3.39715 26.1989 21.7657
      vertex -3.37503 26.3711 22.0466
    endloop
  endfacet
  facet normal 0 -0.382611 0.92391
    outer loop
      vertex -27.5083 25.4534 21.1289
      vertex -31.5428 25.1489 21.0028
      vertex -27.478 25.1489 21.0028
    endloop
  endfacet
  facet normal 0 -0.382611 0.92391
    outer loop
      vertex -31.5428 25.1489 21.0028
      vertex -27.5083 25.4534 21.1289
      vertex -31.5527 25.4534 21.1289
    endloop
  endfacet
  facet normal 0 -0.382611 0.92391
    outer loop
      vertex -7.49172 25.4534 21.1289
      vertex -3.45718 25.1489 21.0028
      vertex -3.44726 25.4534 21.1289
    endloop
  endfacet
  facet normal 0 -0.382611 0.92391
    outer loop
      vertex -3.45718 25.1489 21.0028
      vertex -7.49172 25.4534 21.1289
      vertex -7.52199 25.1489 21.0028
    endloop
  endfacet
  facet normal 0 -0.0785993 -0.996906
    outer loop
      vertex -31.5347 24.5 25.1
      vertex -27.4595 24.8285 25.0741
      vertex -27.4533 24.5 25.1
    endloop
  endfacet
  facet normal -0 -0.0785993 -0.996906
    outer loop
      vertex -27.4595 24.8285 25.0741
      vertex -31.5347 24.5 25.1
      vertex -31.5368 24.8285 25.0741
    endloop
  endfacet
  facet normal 0 -0.0785993 -0.996906
    outer loop
      vertex -3.46527 24.5 25.1
      vertex -7.54046 24.8285 25.0741
      vertex -3.46324 24.8285 25.0741
    endloop
  endfacet
  facet normal 0 -0.0785993 -0.996906
    outer loop
      vertex -7.54046 24.8285 25.0741
      vertex -3.46527 24.5 25.1
      vertex -7.54667 24.5 25.1
    endloop
  endfacet
  facet normal -0 0.649289 0.760542
    outer loop
      vertex -31.5663 23.2657 21.3011
      vertex -27.5744 23.1447 21.4044
      vertex -27.5496 23.2657 21.3011
    endloop
  endfacet
  facet normal 1.02967e-05 0.649485 0.760374
    outer loop
      vertex -31.5663 23.2657 21.3011
      vertex -27.5831 23.0151 21.5151
      vertex -27.5744 23.1447 21.4044
    endloop
  endfacet
  facet normal 0 0.649391 0.760455
    outer loop
      vertex -27.5831 23.0151 21.5151
      vertex -31.5663 23.2657 21.3011
      vertex -31.5831 23.0151 21.5151
    endloop
  endfacet
  facet normal 0 0.649391 0.760455
    outer loop
      vertex -3.43371 23.2657 21.3011
      vertex -7.41687 23.0151 21.5151
      vertex -3.41687 23.0151 21.5151
    endloop
  endfacet
  facet normal -1.02967e-05 0.649485 0.760374
    outer loop
      vertex -3.43371 23.2657 21.3011
      vertex -7.42558 23.1447 21.4044
      vertex -7.41687 23.0151 21.5151
    endloop
  endfacet
  facet normal 0 0.649289 0.760542
    outer loop
      vertex -7.42558 23.1447 21.4044
      vertex -3.43371 23.2657 21.3011
      vertex -7.45038 23.2657 21.3011
    endloop
  endfacet
  facet normal 0 0.52264 -0.852553
    outer loop
      vertex -27.5496 23.2657 24.6989
      vertex -31.5527 23.5466 24.8711
      vertex -27.5083 23.5466 24.8711
    endloop
  endfacet
  facet normal 0 0.52264 -0.852553
    outer loop
      vertex -31.5527 23.5466 24.8711
      vertex -27.5496 23.2657 24.6989
      vertex -31.5663 23.2657 24.6989
    endloop
  endfacet
  facet normal 0 0.52264 -0.852553
    outer loop
      vertex -7.45038 23.2657 24.6989
      vertex -3.44726 23.5466 24.8711
      vertex -3.43371 23.2657 24.6989
    endloop
  endfacet
  facet normal 0 0.52264 -0.852553
    outer loop
      vertex -3.44726 23.5466 24.8711
      vertex -7.45038 23.2657 24.6989
      vertex -7.49172 23.5466 24.8711
    endloop
  endfacet
  facet normal -0 -0.852553 -0.52264
    outer loop
      vertex -27.625 26.3711 23.9534
      vertex -31.6029 26.1989 24.2343
      vertex -31.625 26.3711 23.9534
    endloop
  endfacet
  facet normal 0 -0.852553 -0.52264
    outer loop
      vertex -31.6029 26.1989 24.2343
      vertex -27.625 26.3711 23.9534
      vertex -27.6029 26.1989 24.2343
    endloop
  endfacet
  facet normal 0 -0.852553 -0.52264
    outer loop
      vertex -7.37503 26.3711 23.9534
      vertex -3.39715 26.1989 24.2343
      vertex -7.39715 26.1989 24.2343
    endloop
  endfacet
  facet normal 0 -0.852553 -0.52264
    outer loop
      vertex -3.39715 26.1989 24.2343
      vertex -7.37503 26.3711 23.9534
      vertex -3.37503 26.3711 23.9534
    endloop
  endfacet
  facet normal 0 -0.52264 -0.852553
    outer loop
      vertex -31.5527 25.4534 24.8711
      vertex -27.5496 25.7343 24.6989
      vertex -27.5083 25.4534 24.8711
    endloop
  endfacet
  facet normal -0 -0.52264 -0.852553
    outer loop
      vertex -27.5496 25.7343 24.6989
      vertex -31.5527 25.4534 24.8711
      vertex -31.5663 25.7343 24.6989
    endloop
  endfacet
  facet normal 0 -0.52264 -0.852553
    outer loop
      vertex -3.44726 25.4534 24.8711
      vertex -7.45038 25.7343 24.6989
      vertex -3.43371 25.7343 24.6989
    endloop
  endfacet
  facet normal 0 -0.52264 -0.852553
    outer loop
      vertex -7.45038 25.7343 24.6989
      vertex -3.44726 25.4534 24.8711
      vertex -7.49172 25.4534 24.8711
    endloop
  endfacet
  facet normal 0 0 -1
    outer loop
      vertex 11.9211 3.5018 45.8
      vertex 11.609 4.14677 45.8
      vertex 11.6642 4.16772 45.8
    endloop
  endfacet
  facet normal 0 0 -1
    outer loop
      vertex 11.7098 3.19196 45.8
      vertex 11.5557 4.12462 45.8
      vertex 11.609 4.14677 45.8
    endloop
  endfacet
  facet normal 0 0 -1
    outer loop
      vertex 10.9724 2.87143 45.8
      vertex 11.7076 3.14372 45.8
      vertex 11.7278 3.00449 45.8
    endloop
  endfacet
  facet normal 0 0 -1
    outer loop
      vertex 11.7098 3.19196 45.8
      vertex 11.5042 4.10127 45.8
      vertex 11.5557 4.12462 45.8
    endloop
  endfacet
  facet normal 0 0 -1
    outer loop
      vertex 11.7098 3.19196 45.8
      vertex 11.4544 4.07671 45.8
      vertex 11.5042 4.10127 45.8
    endloop
  endfacet
  facet normal 0 0 -1
    outer loop
      vertex 11.7098 3.19196 45.8
      vertex 11.4065 4.05093 45.8
      vertex 11.4544 4.07671 45.8
    endloop
  endfacet
  facet normal 0 0 -1
    outer loop
      vertex 11.7098 3.19196 45.8
      vertex 11.3604 4.02397 45.8
      vertex 11.4065 4.05093 45.8
    endloop
  endfacet
  facet normal 0 0 -1
    outer loop
      vertex 11.7098 3.19196 45.8
      vertex 11.3163 3.99544 45.8
      vertex 11.3604 4.02397 45.8
    endloop
  endfacet
  facet normal 0 0 -1
    outer loop
      vertex 11.7098 3.19196 45.8
      vertex 11.2745 3.96503 45.8
      vertex 11.3163 3.99544 45.8
    endloop
  endfacet
  facet normal 0 0 -1
    outer loop
      vertex 11.7098 3.19196 45.8
      vertex 11.235 3.93274 45.8
      vertex 11.2745 3.96503 45.8
    endloop
  endfacet
  facet normal 0 0 -1
    outer loop
      vertex 11.7098 3.19196 45.8
      vertex 11.1976 3.89856 45.8
      vertex 11.235 3.93274 45.8
    endloop
  endfacet
  facet normal 0 0 -1
    outer loop
      vertex 11.046 2.7 45.8
      vertex 11.7278 3.00449 45.8
      vertex 11.7884 2.89058 45.8
    endloop
  endfacet
  facet normal 0 0 -1
    outer loop
      vertex 11.7098 3.19196 45.8
      vertex 11.1626 3.8625 45.8
      vertex 11.1976 3.89856 45.8
    endloop
  endfacet
  facet normal 0 0 -1
    outer loop
      vertex 11.7098 3.19196 45.8
      vertex 11.1298 3.82457 45.8
      vertex 11.1626 3.8625 45.8
    endloop
  endfacet
  facet normal 0 0 -1
    outer loop
      vertex 11.7098 3.19196 45.8
      vertex 11.0994 3.78456 45.8
      vertex 11.1298 3.82457 45.8
    endloop
  endfacet
  facet normal 0 0 -1
    outer loop
      vertex 11.7098 3.19196 45.8
      vertex 11.0712 3.74229 45.8
      vertex 11.0994 3.78456 45.8
    endloop
  endfacet
  facet normal 0 0 -1
    outer loop
      vertex 11.046 2.7 45.8
      vertex 12.2125 2.7007 45.8
      vertex 12.2247 2.7 45.8
    endloop
  endfacet
  facet normal 0 0 -1
    outer loop
      vertex 11.046 2.7 45.8
      vertex 12.0307 2.73868 45.8
      vertex 12.2125 2.7007 45.8
    endloop
  endfacet
  facet normal 0 0 -1
    outer loop
      vertex 11.046 2.7 45.8
      vertex 11.8894 2.80197 45.8
      vertex 12.0307 2.73868 45.8
    endloop
  endfacet
  facet normal 0 0 -1
    outer loop
      vertex 11.046 2.7 45.8
      vertex 11.7884 2.89058 45.8
      vertex 11.8894 2.80197 45.8
    endloop
  endfacet
  facet normal 0 0 -1
    outer loop
      vertex 11.7278 3.00449 45.8
      vertex 11.046 2.7 45.8
      vertex 11.0265 2.73245 45.8
    endloop
  endfacet
  facet normal 0 0 -1
    outer loop
      vertex 11.7098 3.19196 45.8
      vertex 10.9306 3.25638 45.8
      vertex 10.935 3.32034 45.8
    endloop
  endfacet
  facet normal 0 0 -1
    outer loop
      vertex 11.7278 3.00449 45.8
      vertex 11.0265 2.73245 45.8
      vertex 10.9724 2.87143 45.8
    endloop
  endfacet
  facet normal 0 0 -1
    outer loop
      vertex 11.7098 3.19196 45.8
      vertex 10.935 3.32034 45.8
      vertex 10.9424 3.38176 45.8
    endloop
  endfacet
  facet normal 0 0 -1
    outer loop
      vertex 11.7098 3.19196 45.8
      vertex 11.0454 3.69775 45.8
      vertex 11.0712 3.74229 45.8
    endloop
  endfacet
  facet normal 0 0 -1
    outer loop
      vertex 11.7098 3.19196 45.8
      vertex 11.022 3.65097 45.8
      vertex 11.0454 3.69775 45.8
    endloop
  endfacet
  facet normal 0 0 -1
    outer loop
      vertex 11.7076 3.14372 45.8
      vertex 10.9724 2.87143 45.8
      vertex 10.94 3.0239 45.8
    endloop
  endfacet
  facet normal 0 0 -1
    outer loop
      vertex 11.7098 3.19196 45.8
      vertex 11.0008 3.60191 45.8
      vertex 11.022 3.65097 45.8
    endloop
  endfacet
  facet normal 0 0 -1
    outer loop
      vertex 11.7098 3.19196 45.8
      vertex 10.9659 3.49689 45.8
      vertex 10.982 3.55061 45.8
    endloop
  endfacet
  facet normal 0 0 -1
    outer loop
      vertex 11.7098 3.19196 45.8
      vertex 10.9527 3.4406 45.8
      vertex 10.9659 3.49689 45.8
    endloop
  endfacet
  facet normal -0 0 -1
    outer loop
      vertex 11.7076 3.14372 45.8
      vertex 10.94 3.0239 45.8
      vertex 10.9292 3.18985 45.8
    endloop
  endfacet
  facet normal 0 0 -1
    outer loop
      vertex 11.7098 3.19196 45.8
      vertex 10.9424 3.38176 45.8
      vertex 10.9527 3.4406 45.8
    endloop
  endfacet
  facet normal 0 0 -1
    outer loop
      vertex 11.7098 3.19196 45.8
      vertex 10.982 3.55061 45.8
      vertex 11.0008 3.60191 45.8
    endloop
  endfacet
  facet normal -0 0 -1
    outer loop
      vertex 11.7098 3.19196 45.8
      vertex 10.9292 3.18985 45.8
      vertex 10.9306 3.25638 45.8
    endloop
  endfacet
  facet normal -0 0 -1
    outer loop
      vertex 14.0784 4.89873 45.8
      vertex 13.2972 4.89218 45.8
      vertex 13.2999 4.94485 45.8
    endloop
  endfacet
  facet normal 0 0 -1
    outer loop
      vertex 13.4178 3.93173 45.8
      vertex 13.2892 4.84268 45.8
      vertex 13.2972 4.89218 45.8
    endloop
  endfacet
  facet normal 0 0 -1
    outer loop
      vertex 13.4178 3.93173 45.8
      vertex 13.2758 4.79634 45.8
      vertex 13.2892 4.84268 45.8
    endloop
  endfacet
  facet normal 0 0 -1
    outer loop
      vertex 13.4178 3.93173 45.8
      vertex 13.2571 4.75317 45.8
      vertex 13.2758 4.79634 45.8
    endloop
  endfacet
  facet normal 0 0 -1
    outer loop
      vertex 13.4178 3.93173 45.8
      vertex 13.233 4.71317 45.8
      vertex 13.2571 4.75317 45.8
    endloop
  endfacet
  facet normal 0 0 -1
    outer loop
      vertex 12.9884 4.52449 45.8
      vertex 13.33 3.89824 45.8
      vertex 13.2248 3.86377 45.8
    endloop
  endfacet
  facet normal 0 0 -1
    outer loop
      vertex 13.4178 3.93173 45.8
      vertex 13.2036 4.67633 45.8
      vertex 13.233 4.71317 45.8
    endloop
  endfacet
  facet normal 0 0 -1
    outer loop
      vertex 13.4178 3.93173 45.8
      vertex 13.1693 4.64204 45.8
      vertex 13.2036 4.67633 45.8
    endloop
  endfacet
  facet normal 0 0 -1
    outer loop
      vertex 13.4178 3.93173 45.8
      vertex 13.1306 4.60971 45.8
      vertex 13.1693 4.64204 45.8
    endloop
  endfacet
  facet normal 0 0 -1
    outer loop
      vertex 12.9323 4.5 45.8
      vertex 13.2248 3.86377 45.8
      vertex 13.1022 3.82832 45.8
    endloop
  endfacet
  facet normal 0 0 -1
    outer loop
      vertex 13.4178 3.93173 45.8
      vertex 13.0876 4.57935 45.8
      vertex 13.1306 4.60971 45.8
    endloop
  endfacet
  facet normal 0 0 -1
    outer loop
      vertex 13.4178 3.93173 45.8
      vertex 13.0402 4.55093 45.8
      vertex 13.0876 4.57935 45.8
    endloop
  endfacet
  facet normal 0 0 -1
    outer loop
      vertex 13.33 3.89824 45.8
      vertex 12.9884 4.52449 45.8
      vertex 13.0402 4.55093 45.8
    endloop
  endfacet
  facet normal 0 0 -1
    outer loop
      vertex 12.8651 4.47568 45.8
      vertex 13.1022 3.82832 45.8
      vertex 12.9621 3.79189 45.8
    endloop
  endfacet
  facet normal 0 0 -1
    outer loop
      vertex 13.2248 3.86377 45.8
      vertex 12.9323 4.5 45.8
      vertex 12.9884 4.52449 45.8
    endloop
  endfacet
  facet normal 0 0 -1
    outer loop
      vertex 13.1022 3.82832 45.8
      vertex 12.8651 4.47568 45.8
      vertex 12.9323 4.5 45.8
    endloop
  endfacet
  facet normal 0 0 -1
    outer loop
      vertex 12.677 4.42201 45.8
      vertex 12.9621 3.79189 45.8
      vertex 12.8047 3.75447 45.8
    endloop
  endfacet
  facet normal 0 0 -1
    outer loop
      vertex 12.9621 3.79189 45.8
      vertex 12.78 4.44968 45.8
      vertex 12.8651 4.47568 45.8
    endloop
  endfacet
  facet normal 0 0 -1
    outer loop
      vertex 12.9621 3.79189 45.8
      vertex 12.677 4.42201 45.8
      vertex 12.78 4.44968 45.8
    endloop
  endfacet
  facet normal 0 0 -1
    outer loop
      vertex 12.5562 4.3927 45.8
      vertex 12.8047 3.75447 45.8
      vertex 12.6299 3.71609 45.8
    endloop
  endfacet
  facet normal 0 0 -1
    outer loop
      vertex 12.8047 3.75447 45.8
      vertex 12.5562 4.3927 45.8
      vertex 12.677 4.42201 45.8
    endloop
  endfacet
  facet normal 0 0 -1
    outer loop
      vertex 12.4175 4.36172 45.8
      vertex 12.6299 3.71609 45.8
      vertex 12.4839 3.68358 45.8
    endloop
  endfacet
  facet normal 0 0 -1
    outer loop
      vertex 12.6299 3.71609 45.8
      vertex 12.4175 4.36172 45.8
      vertex 12.5562 4.3927 45.8
    endloop
  endfacet
  facet normal 0 0 -1
    outer loop
      vertex 12.261 4.32909 45.8
      vertex 12.4839 3.68358 45.8
      vertex 12.3553 3.65295 45.8
    endloop
  endfacet
  facet normal 0 0 -1
    outer loop
      vertex 12.4839 3.68358 45.8
      vertex 12.261 4.32909 45.8
      vertex 12.4175 4.36172 45.8
    endloop
  endfacet
  facet normal 0 0 -1
    outer loop
      vertex 12.1254 4.29672 45.8
      vertex 12.3553 3.65295 45.8
      vertex 12.244 3.62421 45.8
    endloop
  endfacet
  facet normal 0 0 -1
    outer loop
      vertex 12.0042 4.26656 45.8
      vertex 12.244 3.62421 45.8
      vertex 12.1501 3.59735 45.8
    endloop
  endfacet
  facet normal 0 0 -1
    outer loop
      vertex 12.3553 3.65295 45.8
      vertex 12.1254 4.29672 45.8
      vertex 12.261 4.32909 45.8
    endloop
  endfacet
  facet normal 0 0 -1
    outer loop
      vertex 11.8975 4.23857 45.8
      vertex 12.1501 3.59735 45.8
      vertex 12.0734 3.57237 45.8
    endloop
  endfacet
  facet normal 0 0 -1
    outer loop
      vertex 11.8053 4.21277 45.8
      vertex 12.0734 3.57237 45.8
      vertex 12.0141 3.54929 45.8
    endloop
  endfacet
  facet normal 0 0 -1
    outer loop
      vertex 12.244 3.62421 45.8
      vertex 12.0042 4.26656 45.8
      vertex 12.1254 4.29672 45.8
    endloop
  endfacet
  facet normal 0 0 -1
    outer loop
      vertex 11.7275 4.18915 45.8
      vertex 12.0141 3.54929 45.8
      vertex 11.9656 3.52634 45.8
    endloop
  endfacet
  facet normal 0 0 -1
    outer loop
      vertex 11.6642 4.16772 45.8
      vertex 11.9656 3.52634 45.8
      vertex 11.9211 3.5018 45.8
    endloop
  endfacet
  facet normal 0 0 -1
    outer loop
      vertex 12.1501 3.59735 45.8
      vertex 11.8975 4.23857 45.8
      vertex 12.0042 4.26656 45.8
    endloop
  endfacet
  facet normal 0 0 -1
    outer loop
      vertex 11.609 4.14677 45.8
      vertex 11.9211 3.5018 45.8
      vertex 11.8809 3.47569 45.8
    endloop
  endfacet
  facet normal 0 0 -1
    outer loop
      vertex 11.609 4.14677 45.8
      vertex 11.8809 3.47569 45.8
      vertex 11.8447 3.44801 45.8
    endloop
  endfacet
  facet normal 0 0 -1
    outer loop
      vertex 11.609 4.14677 45.8
      vertex 11.8447 3.44801 45.8
      vertex 11.8128 3.41873 45.8
    endloop
  endfacet
  facet normal 0 0 -1
    outer loop
      vertex 12.0734 3.57237 45.8
      vertex 11.8053 4.21277 45.8
      vertex 11.8975 4.23857 45.8
    endloop
  endfacet
  facet normal 0 0 -1
    outer loop
      vertex 11.609 4.14677 45.8
      vertex 11.8128 3.41873 45.8
      vertex 11.7849 3.38789 45.8
    endloop
  endfacet
  facet normal 0 0 -1
    outer loop
      vertex 11.609 4.14677 45.8
      vertex 11.7849 3.38789 45.8
      vertex 11.7613 3.35472 45.8
    endloop
  endfacet
  facet normal 0 0 -1
    outer loop
      vertex 11.609 4.14677 45.8
      vertex 11.7613 3.35472 45.8
      vertex 11.742 3.31856 45.8
    endloop
  endfacet
  facet normal 0 0 -1
    outer loop
      vertex 12.0141 3.54929 45.8
      vertex 11.7275 4.18915 45.8
      vertex 11.8053 4.21277 45.8
    endloop
  endfacet
  facet normal 0 0 -1
    outer loop
      vertex 11.609 4.14677 45.8
      vertex 11.742 3.31856 45.8
      vertex 11.7269 3.27937 45.8
    endloop
  endfacet
  facet normal 0 0 -1
    outer loop
      vertex 11.609 4.14677 45.8
      vertex 11.7269 3.27937 45.8
      vertex 11.7162 3.23717 45.8
    endloop
  endfacet
  facet normal 0 0 -1
    outer loop
      vertex 11.609 4.14677 45.8
      vertex 11.7162 3.23717 45.8
      vertex 11.7098 3.19196 45.8
    endloop
  endfacet
  facet normal 0 0 -1
    outer loop
      vertex 10.9292 3.18985 45.8
      vertex 11.7098 3.19196 45.8
      vertex 11.7076 3.14372 45.8
    endloop
  endfacet
  facet normal 0 0 -1
    outer loop
      vertex 11.9656 3.52634 45.8
      vertex 11.6642 4.16772 45.8
      vertex 11.7275 4.18915 45.8
    endloop
  endfacet
  facet normal 0 0 -1
    outer loop
      vertex 13.2972 4.89218 45.8
      vertex 14.0763 4.82071 45.8
      vertex 14.0702 4.74579 45.8
    endloop
  endfacet
  facet normal 0 0 -1
    outer loop
      vertex 13.2972 4.89218 45.8
      vertex 14.0784 4.89873 45.8
      vertex 14.0763 4.82071 45.8
    endloop
  endfacet
  facet normal 0 0 -1
    outer loop
      vertex 13.2972 4.89218 45.8
      vertex 14.0702 4.74579 45.8
      vertex 14.06 4.67395 45.8
    endloop
  endfacet
  facet normal 0 0 -1
    outer loop
      vertex 13.2972 4.89218 45.8
      vertex 14.06 4.67395 45.8
      vertex 14.0458 4.60519 45.8
    endloop
  endfacet
  facet normal 0 0 -1
    outer loop
      vertex 14.0784 4.89873 45.8
      vertex 13.2999 4.94485 45.8
      vertex 14.0668 5.07854 45.8
    endloop
  endfacet
  facet normal 0 0 -1
    outer loop
      vertex 13.2972 4.89218 45.8
      vertex 14.0458 4.60519 45.8
      vertex 14.0275 4.53954 45.8
    endloop
  endfacet
  facet normal 0 0 -1
    outer loop
      vertex 13.2972 4.89218 45.8
      vertex 14.0275 4.53954 45.8
      vertex 14.0051 4.47697 45.8
    endloop
  endfacet
  facet normal 0 0 -1
    outer loop
      vertex 13.2972 4.89218 45.8
      vertex 14.0051 4.47697 45.8
      vertex 13.9789 4.41736 45.8
    endloop
  endfacet
  facet normal -0 0 -1
    outer loop
      vertex 14.0668 5.07854 45.8
      vertex 13.2999 4.94485 45.8
      vertex 14.0321 5.24367 45.8
    endloop
  endfacet
  facet normal 0 0 -1
    outer loop
      vertex 13.2972 4.89218 45.8
      vertex 13.9789 4.41736 45.8
      vertex 13.9491 4.36061 45.8
    endloop
  endfacet
  facet normal 0 0 -1
    outer loop
      vertex 13.2972 4.89218 45.8
      vertex 13.9491 4.36061 45.8
      vertex 13.9156 4.30673 45.8
    endloop
  endfacet
  facet normal 0 0 -1
    outer loop
      vertex 13.2766 5.10066 45.8
      vertex 14.0321 5.24367 45.8
      vertex 13.2999 4.94485 45.8
    endloop
  endfacet
  facet normal 0 0 -1
    outer loop
      vertex 13.2972 4.89218 45.8
      vertex 13.9156 4.30673 45.8
      vertex 13.8785 4.25572 45.8
    endloop
  endfacet
  facet normal 0 0 -1
    outer loop
      vertex 13.2972 4.89218 45.8
      vertex 13.8785 4.25572 45.8
      vertex 13.8378 4.20758 45.8
    endloop
  endfacet
  facet normal 0 0 -1
    outer loop
      vertex 13.2972 4.89218 45.8
      vertex 13.8378 4.20758 45.8
      vertex 13.7935 4.16229 45.8
    endloop
  endfacet
  facet normal -0 0 -1
    outer loop
      vertex 14.0321 5.24367 45.8
      vertex 13.2766 5.10066 45.8
      vertex 13.9742 5.3941 45.8
    endloop
  endfacet
  facet normal 0 0 -1
    outer loop
      vertex 13.2972 4.89218 45.8
      vertex 13.7935 4.16229 45.8
      vertex 13.7447 4.11934 45.8
    endloop
  endfacet
  facet normal 0 0 -1
    outer loop
      vertex 13.2972 4.89218 45.8
      vertex 13.7447 4.11934 45.8
      vertex 13.6903 4.0782 45.8
    endloop
  endfacet
  facet normal -0 0 -1
    outer loop
      vertex 13.9742 5.3941 45.8
      vertex 13.2766 5.10066 45.8
      vertex 13.8933 5.52985 45.8
    endloop
  endfacet
  facet normal 0 0 -1
    outer loop
      vertex 13.2972 4.89218 45.8
      vertex 13.6903 4.0782 45.8
      vertex 13.6304 4.03886 45.8
    endloop
  endfacet
  facet normal 0 0 -1
    outer loop
      vertex 13.2972 4.89218 45.8
      vertex 13.6304 4.03886 45.8
      vertex 13.5651 4.00134 45.8
    endloop
  endfacet
  facet normal 0 0 -1
    outer loop
      vertex 13.2067 5.22816 45.8
      vertex 13.8933 5.52985 45.8
      vertex 13.2766 5.10066 45.8
    endloop
  endfacet
  facet normal 0 0 -1
    outer loop
      vertex 13.2972 4.89218 45.8
      vertex 13.5651 4.00134 45.8
      vertex 13.4942 3.96564 45.8
    endloop
  endfacet
  facet normal 0 0 -1
    outer loop
      vertex 13.2972 4.89218 45.8
      vertex 13.4942 3.96564 45.8
      vertex 13.4178 3.93173 45.8
    endloop
  endfacet
  facet normal -0 0 -1
    outer loop
      vertex 13.8933 5.52985 45.8
      vertex 13.2067 5.22816 45.8
      vertex 13.7892 5.65089 45.8
    endloop
  endfacet
  facet normal 0 0 -1
    outer loop
      vertex 13.0402 4.55093 45.8
      vertex 13.4178 3.93173 45.8
      vertex 13.33 3.89824 45.8
    endloop
  endfacet
  facet normal -0 0 -1
    outer loop
      vertex 13.7892 5.65089 45.8
      vertex 13.2067 5.22816 45.8
      vertex 13.662 5.75725 45.8
    endloop
  endfacet
  facet normal -0 0 -1
    outer loop
      vertex 13.662 5.75725 45.8
      vertex 13.2067 5.22816 45.8
      vertex 13.5123 5.84799 45.8
    endloop
  endfacet
  facet normal 0 0 -1
    outer loop
      vertex 13.0903 5.32732 45.8
      vertex 13.5123 5.84799 45.8
      vertex 13.2067 5.22816 45.8
    endloop
  endfacet
  facet normal -0 0 -1
    outer loop
      vertex 13.5123 5.84799 45.8
      vertex 13.0903 5.32732 45.8
      vertex 13.3411 5.92224 45.8
    endloop
  endfacet
  facet normal -0 0 -1
    outer loop
      vertex 13.3411 5.92224 45.8
      vertex 13.0903 5.32732 45.8
      vertex 13.1483 5.98 45.8
    endloop
  endfacet
  facet normal 0 0 -1
    outer loop
      vertex 12.9274 5.39815 45.8
      vertex 13.1483 5.98 45.8
      vertex 13.0903 5.32732 45.8
    endloop
  endfacet
  facet normal -0 0 -1
    outer loop
      vertex 13.1483 5.98 45.8
      vertex 12.9274 5.39815 45.8
      vertex 12.9338 6.02122 45.8
    endloop
  endfacet
  facet normal 0 0 -1
    outer loop
      vertex 12.7178 5.44064 45.8
      vertex 12.9338 6.02122 45.8
      vertex 12.9274 5.39815 45.8
    endloop
  endfacet
  facet normal 0 0 -1
    outer loop
      vertex 12.7178 5.44064 45.8
      vertex 12.6977 6.04599 45.8
      vertex 12.9338 6.02122 45.8
    endloop
  endfacet
  facet normal 0 0 -1
    outer loop
      vertex 12.4617 5.4548 45.8
      vertex 12.6977 6.04599 45.8
      vertex 12.7178 5.44064 45.8
    endloop
  endfacet
  facet normal 0 0 -1
    outer loop
      vertex 12.4617 5.4548 45.8
      vertex 12.44 6.05423 45.8
      vertex 12.6977 6.04599 45.8
    endloop
  endfacet
  facet normal 0 0 -1
    outer loop
      vertex 12.3319 5.451 45.8
      vertex 12.44 6.05423 45.8
      vertex 12.4617 5.4548 45.8
    endloop
  endfacet
  facet normal 0 0 -1
    outer loop
      vertex 12.2038 6.047 45.8
      vertex 12.3319 5.451 45.8
      vertex 12.2119 5.43959 45.8
    endloop
  endfacet
  facet normal 0 0 -1
    outer loop
      vertex 12.3319 5.451 45.8
      vertex 12.2038 6.047 45.8
      vertex 12.44 6.05423 45.8
    endloop
  endfacet
  facet normal 0 0 -1
    outer loop
      vertex 11.9852 6.0253 45.8
      vertex 12.2119 5.43959 45.8
      vertex 12.1016 5.42056 45.8
    endloop
  endfacet
  facet normal 0 0 -1
    outer loop
      vertex 11.9852 6.0253 45.8
      vertex 12.1016 5.42056 45.8
      vertex 12.0012 5.39394 45.8
    endloop
  endfacet
  facet normal 0 0 -1
    outer loop
      vertex 12.2119 5.43959 45.8
      vertex 11.9852 6.0253 45.8
      vertex 12.2038 6.047 45.8
    endloop
  endfacet
  facet normal 0 0 -1
    outer loop
      vertex 11.7843 5.98915 45.8
      vertex 12.0012 5.39394 45.8
      vertex 11.9105 5.3597 45.8
    endloop
  endfacet
  facet normal 0 0 -1
    outer loop
      vertex 11.6009 5.93851 45.8
      vertex 11.9105 5.3597 45.8
      vertex 11.8297 5.31784 45.8
    endloop
  endfacet
  facet normal 0 0 -1
    outer loop
      vertex 12.0012 5.39394 45.8
      vertex 11.7843 5.98915 45.8
      vertex 11.9852 6.0253 45.8
    endloop
  endfacet
  facet normal 0 0 -1
    outer loop
      vertex 11.4352 5.87341 45.8
      vertex 11.8297 5.31784 45.8
      vertex 11.7579 5.26755 45.8
    endloop
  endfacet
  facet normal 0 0 -1
    outer loop
      vertex 11.2872 5.79385 45.8
      vertex 11.7579 5.26755 45.8
      vertex 11.6944 5.20798 45.8
    endloop
  endfacet
  facet normal 0 0 -1
    outer loop
      vertex 11.1562 5.69958 45.8
      vertex 11.6944 5.20798 45.8
      vertex 11.6391 5.13914 45.8
    endloop
  endfacet
  facet normal 0 0 -1
    outer loop
      vertex 11.9105 5.3597 45.8
      vertex 11.6009 5.93851 45.8
      vertex 11.7843 5.98915 45.8
    endloop
  endfacet
  facet normal 0 0 -1
    outer loop
      vertex 11.0419 5.59041 45.8
      vertex 11.6391 5.13914 45.8
      vertex 11.5922 5.06105 45.8
    endloop
  endfacet
  facet normal 0 0 -1
    outer loop
      vertex 10.8628 5.3273 45.8
      vertex 11.5922 5.06105 45.8
      vertex 11.5535 4.97368 45.8
    endloop
  endfacet
  facet normal 0 0 -1
    outer loop
      vertex 10.7982 5.17337 45.8
      vertex 11.5535 4.97368 45.8
      vertex 11.5232 4.87704 45.8
    endloop
  endfacet
  facet normal 0 0 -1
    outer loop
      vertex 11.8297 5.31784 45.8
      vertex 11.4352 5.87341 45.8
      vertex 11.6009 5.93851 45.8
    endloop
  endfacet
  facet normal 0 0 -1
    outer loop
      vertex 11.7579 5.26755 45.8
      vertex 11.2872 5.79385 45.8
      vertex 11.4352 5.87341 45.8
    endloop
  endfacet
  facet normal 0 0 -1
    outer loop
      vertex 11.6944 5.20798 45.8
      vertex 11.1562 5.69958 45.8
      vertex 11.2872 5.79385 45.8
    endloop
  endfacet
  facet normal 0 0 -1
    outer loop
      vertex 11.6391 5.13914 45.8
      vertex 11.0419 5.59041 45.8
      vertex 11.1562 5.69958 45.8
    endloop
  endfacet
  facet normal 0 0 -1
    outer loop
      vertex 11.5922 5.06105 45.8
      vertex 10.9441 5.46632 45.8
      vertex 11.0419 5.59041 45.8
    endloop
  endfacet
  facet normal 0 0 -1
    outer loop
      vertex 11.5922 5.06105 45.8
      vertex 10.8628 5.3273 45.8
      vertex 10.9441 5.46632 45.8
    endloop
  endfacet
  facet normal 0 0 -1
    outer loop
      vertex 11.5535 4.97368 45.8
      vertex 10.7982 5.17337 45.8
      vertex 10.8628 5.3273 45.8
    endloop
  endfacet
  facet normal 0 -0 -1
    outer loop
      vertex 10.7982 5.17337 45.8
      vertex 11.5232 4.87704 45.8
      vertex 10.7501 5.00453 45.8
    endloop
  endfacet
  facet normal 0 0 -1
    outer loop
      vertex 13.1789 3.10556 45.8
      vertex 13.9366 2.91582 45.8
      vertex 13.8811 2.76912 45.8
    endloop
  endfacet
  facet normal 0 0 -1
    outer loop
      vertex 13.1789 3.10556 45.8
      vertex 13.8811 2.76912 45.8
      vertex 13.8443 2.7 45.8
    endloop
  endfacet
  facet normal 0 -0 -1
    outer loop
      vertex 13.2022 3.18445 45.8
      vertex 13.9366 2.91582 45.8
      vertex 13.1789 3.10556 45.8
    endloop
  endfacet
  facet normal 0 0 -1
    outer loop
      vertex 13.9366 2.91582 45.8
      vertex 13.2022 3.18445 45.8
      vertex 13.978 3.07864 45.8
    endloop
  endfacet
  facet normal 0 0 -1
    outer loop
      vertex 13.8443 2.7 45.8
      vertex 13.1487 3.03345 45.8
      vertex 13.1789 3.10556 45.8
    endloop
  endfacet
  facet normal 0 0 -1
    outer loop
      vertex 13.8443 2.7 45.8
      vertex 13.1117 2.96812 45.8
      vertex 13.1487 3.03345 45.8
    endloop
  endfacet
  facet normal 0 0 -1
    outer loop
      vertex 13.8443 2.7 45.8
      vertex 13.0678 2.90959 45.8
      vertex 13.1117 2.96812 45.8
    endloop
  endfacet
  facet normal 0 0 -1
    outer loop
      vertex 13.8443 2.7 45.8
      vertex 13.017 2.85782 45.8
      vertex 13.0678 2.90959 45.8
    endloop
  endfacet
  facet normal 0 0 -1
    outer loop
      vertex 13.8443 2.7 45.8
      vertex 12.9594 2.81285 45.8
      vertex 13.017 2.85782 45.8
    endloop
  endfacet
  facet normal 0 0 -1
    outer loop
      vertex 13.8443 2.7 45.8
      vertex 12.894 2.77472 45.8
      vertex 12.9594 2.81285 45.8
    endloop
  endfacet
  facet normal 0 0 -1
    outer loop
      vertex 13.8443 2.7 45.8
      vertex 12.8197 2.74352 45.8
      vertex 12.894 2.77472 45.8
    endloop
  endfacet
  facet normal 0 0 -1
    outer loop
      vertex 13.8443 2.7 45.8
      vertex 12.7367 2.71925 45.8
      vertex 12.8197 2.74352 45.8
    endloop
  endfacet
  facet normal 0 0 -1
    outer loop
      vertex 13.8443 2.7 45.8
      vertex 12.6448 2.70192 45.8
      vertex 12.7367 2.71925 45.8
    endloop
  endfacet
  facet normal 0 -0 -1
    outer loop
      vertex 12.6448 2.70192 45.8
      vertex 13.8443 2.7 45.8
      vertex 12.6262 2.7 45.8
    endloop
  endfacet
  facet normal 0 0 -1
    outer loop
      vertex 14.5803 2.7 45.8
      vertex 15.3805 6 45.8
      vertex 15.3805 2.7 45.8
    endloop
  endfacet
  facet normal -0 0 -1
    outer loop
      vertex 15.3805 6 45.8
      vertex 14.5803 2.7 45.8
      vertex 14.5803 6 45.8
    endloop
  endfacet
  facet normal 0 0 -1
    outer loop
      vertex 18.9792 3.87268 45.8
      vertex 19.8038 4.07141 45.8
      vertex 19.7896 3.77928 45.8
    endloop
  endfacet
  facet normal 0 0 -1
    outer loop
      vertex 19.8038 4.07141 45.8
      vertex 18.9874 4.07141 45.8
      vertex 19.7973 4.26633 45.8
    endloop
  endfacet
  facet normal 0 0 -1
    outer loop
      vertex 18.9548 3.6888 45.8
      vertex 19.7896 3.77928 45.8
      vertex 19.747 3.50871 45.8
    endloop
  endfacet
  facet normal 0 0 -1
    outer loop
      vertex 18.9793 4.27928 45.8
      vertex 19.7973 4.26633 45.8
      vertex 18.9874 4.07141 45.8
    endloop
  endfacet
  facet normal 0 0 -1
    outer loop
      vertex 19.7973 4.26633 45.8
      vertex 18.9793 4.27928 45.8
      vertex 19.7776 4.45328 45.8
    endloop
  endfacet
  facet normal 0 0 -1
    outer loop
      vertex 18.9141 3.51976 45.8
      vertex 19.747 3.50871 45.8
      vertex 19.676 3.2597 45.8
    endloop
  endfacet
  facet normal 0 0 -1
    outer loop
      vertex 18.955 4.47075 45.8
      vertex 19.7776 4.45328 45.8
      vertex 18.9793 4.27928 45.8
    endloop
  endfacet
  facet normal 0 0 -1
    outer loop
      vertex 18.9141 3.51976 45.8
      vertex 19.676 3.2597 45.8
      vertex 19.5766 3.03223 45.8
    endloop
  endfacet
  facet normal 0 0 -1
    outer loop
      vertex 19.7776 4.45328 45.8
      vertex 18.955 4.47075 45.8
      vertex 19.7448 4.63223 45.8
    endloop
  endfacet
  facet normal -0 0 -1
    outer loop
      vertex 19.7448 4.63223 45.8
      vertex 18.955 4.47075 45.8
      vertex 19.6989 4.80319 45.8
    endloop
  endfacet
  facet normal 0 0 -1
    outer loop
      vertex 18.8572 3.36557 45.8
      vertex 19.5766 3.03223 45.8
      vertex 19.4487 2.82631 45.8
    endloop
  endfacet
  facet normal 0 0 -1
    outer loop
      vertex 18.9145 4.64578 45.8
      vertex 19.6989 4.80319 45.8
      vertex 18.955 4.47075 45.8
    endloop
  endfacet
  facet normal 0 0 -1
    outer loop
      vertex 18.7839 3.22623 45.8
      vertex 19.4487 2.82631 45.8
      vertex 19.3417 2.7 45.8
    endloop
  endfacet
  facet normal -0 0 -1
    outer loop
      vertex 19.6989 4.80319 45.8
      vertex 18.9145 4.64578 45.8
      vertex 19.6399 4.96617 45.8
    endloop
  endfacet
  facet normal 0 0 -1
    outer loop
      vertex 18.8578 4.80438 45.8
      vertex 19.6399 4.96617 45.8
      vertex 18.9145 4.64578 45.8
    endloop
  endfacet
  facet normal -0 0 -1
    outer loop
      vertex 19.5678 5.12117 45.8
      vertex 18.8578 4.80438 45.8
      vertex 19.4835 5.26624 45.8
    endloop
  endfacet
  facet normal -0 0 -1
    outer loop
      vertex 19.6399 4.96617 45.8
      vertex 18.8578 4.80438 45.8
      vertex 19.5678 5.12117 45.8
    endloop
  endfacet
  facet normal -0 0 -1
    outer loop
      vertex 19.8038 4.07141 45.8
      vertex 18.9792 3.87268 45.8
      vertex 18.9874 4.07141 45.8
    endloop
  endfacet
  facet normal -0 0 -1
    outer loop
      vertex 19.7896 3.77928 45.8
      vertex 18.9548 3.6888 45.8
      vertex 18.9792 3.87268 45.8
    endloop
  endfacet
  facet normal 0 0 -1
    outer loop
      vertex 19.747 3.50871 45.8
      vertex 18.9141 3.51976 45.8
      vertex 18.9548 3.6888 45.8
    endloop
  endfacet
  facet normal 0 0 -1
    outer loop
      vertex 19.5766 3.03223 45.8
      vertex 18.8572 3.36557 45.8
      vertex 18.9141 3.51976 45.8
    endloop
  endfacet
  facet normal 0 0 -1
    outer loop
      vertex 19.4487 2.82631 45.8
      vertex 18.7839 3.22623 45.8
      vertex 18.8572 3.36557 45.8
    endloop
  endfacet
  facet normal 0 0 -1
    outer loop
      vertex 19.3417 2.7 45.8
      vertex 18.6944 3.10173 45.8
      vertex 18.7839 3.22623 45.8
    endloop
  endfacet
  facet normal 0 0 -1
    outer loop
      vertex 19.3417 2.7 45.8
      vertex 18.5902 2.99438 45.8
      vertex 18.6944 3.10173 45.8
    endloop
  endfacet
  facet normal 0 0 -1
    outer loop
      vertex 19.3417 2.7 45.8
      vertex 18.4729 2.90657 45.8
      vertex 18.5902 2.99438 45.8
    endloop
  endfacet
  facet normal 0 0 -1
    outer loop
      vertex 19.3417 2.7 45.8
      vertex 18.3425 2.83827 45.8
      vertex 18.4729 2.90657 45.8
    endloop
  endfacet
  facet normal 0 0 -1
    outer loop
      vertex 19.3417 2.7 45.8
      vertex 18.1989 2.78947 45.8
      vertex 18.3425 2.83827 45.8
    endloop
  endfacet
  facet normal 0 0 -1
    outer loop
      vertex 19.3417 2.7 45.8
      vertex 18.0423 2.76021 45.8
      vertex 18.1989 2.78947 45.8
    endloop
  endfacet
  facet normal 0 0 -1
    outer loop
      vertex 19.3417 2.7 45.8
      vertex 17.8725 2.75044 45.8
      vertex 18.0423 2.76021 45.8
    endloop
  endfacet
  facet normal 0 0 -1
    outer loop
      vertex 15.9439 4.07141 45.8
      vertex 16.7496 4.07141 45.8
      vertex 16.7577 3.87109 45.8
    endloop
  endfacet
  facet normal 0 0 -1
    outer loop
      vertex 16.7496 4.07141 45.8
      vertex 16.4552 5.52397 45.8
      vertex 16.6365 5.686 45.8
    endloop
  endfacet
  facet normal 0 0 -1
    outer loop
      vertex 15.9581 3.77612 45.8
      vertex 16.7577 3.87109 45.8
      vertex 16.7821 3.68608 45.8
    endloop
  endfacet
  facet normal 0 0 -1
    outer loop
      vertex 16.3998 2.7 45.8
      vertex 17.8725 2.75044 45.8
      vertex 19.3417 2.7 45.8
    endloop
  endfacet
  facet normal 0 0 -1
    outer loop
      vertex 16.3998 2.7 45.8
      vertex 17.7003 2.76013 45.8
      vertex 17.8725 2.75044 45.8
    endloop
  endfacet
  facet normal 0 0 -1
    outer loop
      vertex 16.3998 2.7 45.8
      vertex 17.5416 2.78917 45.8
      vertex 17.7003 2.76013 45.8
    endloop
  endfacet
  facet normal 0 0 -1
    outer loop
      vertex 16.3998 2.7 45.8
      vertex 17.3965 2.83759 45.8
      vertex 17.5416 2.78917 45.8
    endloop
  endfacet
  facet normal 0 0 -1
    outer loop
      vertex 16.3998 2.7 45.8
      vertex 17.2649 2.90536 45.8
      vertex 17.3965 2.83759 45.8
    endloop
  endfacet
  facet normal 0 0 -1
    outer loop
      vertex 16.3998 2.7 45.8
      vertex 17.1469 2.99251 45.8
      vertex 17.2649 2.90536 45.8
    endloop
  endfacet
  facet normal 0 0 -1
    outer loop
      vertex 16.3998 2.7 45.8
      vertex 17.0425 3.09901 45.8
      vertex 17.1469 2.99251 45.8
    endloop
  endfacet
  facet normal 0 0 -1
    outer loop
      vertex 16.3998 2.7 45.8
      vertex 16.953 3.22282 45.8
      vertex 17.0425 3.09901 45.8
    endloop
  endfacet
  facet normal 0 0 -1
    outer loop
      vertex 16.2981 2.81953 45.8
      vertex 16.953 3.22282 45.8
      vertex 16.3998 2.7 45.8
    endloop
  endfacet
  facet normal -0 0 -1
    outer loop
      vertex 16.953 3.22282 45.8
      vertex 16.2981 2.81953 45.8
      vertex 16.8797 3.36195 45.8
    endloop
  endfacet
  facet normal 0 0 -1
    outer loop
      vertex 16.1706 3.02501 45.8
      vertex 16.8797 3.36195 45.8
      vertex 16.2981 2.81953 45.8
    endloop
  endfacet
  facet normal 0 0 -1
    outer loop
      vertex 16.0714 3.25293 45.8
      vertex 16.8797 3.36195 45.8
      vertex 16.1706 3.02501 45.8
    endloop
  endfacet
  facet normal 0 0 -1
    outer loop
      vertex 16.7496 4.07141 45.8
      vertex 15.9439 4.07141 45.8
      vertex 15.9581 4.36795 45.8
    endloop
  endfacet
  facet normal -0 0 -1
    outer loop
      vertex 16.8797 3.36195 45.8
      vertex 16.0714 3.25293 45.8
      vertex 16.8228 3.51637 45.8
    endloop
  endfacet
  facet normal 0 0 -1
    outer loop
      vertex 16.7496 4.07141 45.8
      vertex 15.9581 4.36795 45.8
      vertex 16.0007 4.6427 45.8
    endloop
  endfacet
  facet normal 0 0 -1
    outer loop
      vertex 16.0006 3.5033 45.8
      vertex 16.8228 3.51637 45.8
      vertex 16.0714 3.25293 45.8
    endloop
  endfacet
  facet normal 0 0 -1
    outer loop
      vertex 16.7496 4.07141 45.8
      vertex 16.0007 4.6427 45.8
      vertex 16.0718 4.89569 45.8
    endloop
  endfacet
  facet normal -0 0 -1
    outer loop
      vertex 16.8228 3.51637 45.8
      vertex 16.0006 3.5033 45.8
      vertex 16.7821 3.68608 45.8
    endloop
  endfacet
  facet normal 0 0 -1
    outer loop
      vertex 16.7496 4.07141 45.8
      vertex 16.1712 5.12689 45.8
      vertex 16.299 5.33632 45.8
    endloop
  endfacet
  facet normal -0 0 -1
    outer loop
      vertex 16.7821 3.68608 45.8
      vertex 16.0006 3.5033 45.8
      vertex 15.9581 3.77612 45.8
    endloop
  endfacet
  facet normal 0 0 -1
    outer loop
      vertex 16.7496 4.07141 45.8
      vertex 16.0718 4.89569 45.8
      vertex 16.1712 5.12689 45.8
    endloop
  endfacet
  facet normal -0 0 -1
    outer loop
      vertex 16.7577 3.87109 45.8
      vertex 15.9581 3.77612 45.8
      vertex 15.9439 4.07141 45.8
    endloop
  endfacet
  facet normal 0 0 -1
    outer loop
      vertex 16.7496 4.07141 45.8
      vertex 16.299 5.33632 45.8
      vertex 16.4552 5.52397 45.8
    endloop
  endfacet
  facet normal 0 0 -1
    outer loop
      vertex 18.7849 4.94656 45.8
      vertex 19.4835 5.26624 45.8
      vertex 18.8578 4.80438 45.8
    endloop
  endfacet
  facet normal -0 0 -1
    outer loop
      vertex 19.4835 5.26624 45.8
      vertex 18.7849 4.94656 45.8
      vertex 19.3879 5.39949 45.8
    endloop
  endfacet
  facet normal -0 0 -1
    outer loop
      vertex 19.3879 5.39949 45.8
      vertex 18.7849 4.94656 45.8
      vertex 19.281 5.5209 45.8
    endloop
  endfacet
  facet normal 0 0 -1
    outer loop
      vertex 18.6958 5.07233 45.8
      vertex 19.281 5.5209 45.8
      vertex 18.7849 4.94656 45.8
    endloop
  endfacet
  facet normal -0 0 -1
    outer loop
      vertex 19.281 5.5209 45.8
      vertex 18.6958 5.07233 45.8
      vertex 19.1628 5.63051 45.8
    endloop
  endfacet
  facet normal 0 0 -1
    outer loop
      vertex 18.5918 5.18008 45.8
      vertex 19.1628 5.63051 45.8
      vertex 18.6958 5.07233 45.8
    endloop
  endfacet
  facet normal -0 0 -1
    outer loop
      vertex 19.1628 5.63051 45.8
      vertex 18.5918 5.18008 45.8
      vertex 19.0332 5.72827 45.8
    endloop
  endfacet
  facet normal -0 0 -1
    outer loop
      vertex 19.0332 5.72827 45.8
      vertex 18.5918 5.18008 45.8
      vertex 18.8924 5.81421 45.8
    endloop
  endfacet
  facet normal 0 0 -1
    outer loop
      vertex 18.4741 5.26823 45.8
      vertex 18.8924 5.81421 45.8
      vertex 18.5918 5.18008 45.8
    endloop
  endfacet
  facet normal -0 0 -1
    outer loop
      vertex 18.8924 5.81421 45.8
      vertex 18.4741 5.26823 45.8
      vertex 18.7419 5.88756 45.8
    endloop
  endfacet
  facet normal 0 0 -1
    outer loop
      vertex 18.3428 5.33681 45.8
      vertex 18.7419 5.88756 45.8
      vertex 18.4741 5.26823 45.8
    endloop
  endfacet
  facet normal -0 0 -1
    outer loop
      vertex 18.7419 5.88756 45.8
      vertex 18.3428 5.33681 45.8
      vertex 18.5832 5.94757 45.8
    endloop
  endfacet
  facet normal -0 0 -1
    outer loop
      vertex 18.5832 5.94757 45.8
      vertex 18.3428 5.33681 45.8
      vertex 18.4164 5.99423 45.8
    endloop
  endfacet
  facet normal 0 0 -1
    outer loop
      vertex 18.1979 5.38579 45.8
      vertex 18.4164 5.99423 45.8
      vertex 18.3428 5.33681 45.8
    endloop
  endfacet
  facet normal -0 0 -1
    outer loop
      vertex 18.4164 5.99423 45.8
      vertex 18.1979 5.38579 45.8
      vertex 18.2414 6.02756 45.8
    endloop
  endfacet
  facet normal 0 0 -1
    outer loop
      vertex 18.0393 5.41518 45.8
      vertex 18.2414 6.02756 45.8
      vertex 18.1979 5.38579 45.8
    endloop
  endfacet
  facet normal -0 0 -1
    outer loop
      vertex 18.2414 6.02756 45.8
      vertex 18.0393 5.41518 45.8
      vertex 18.0583 6.04756 45.8
    endloop
  endfacet
  facet normal 0 0 -1
    outer loop
      vertex 17.8671 5.42497 45.8
      vertex 18.0583 6.04756 45.8
      vertex 18.0393 5.41518 45.8
    endloop
  endfacet
  facet normal 0 0 -1
    outer loop
      vertex 17.8671 5.42497 45.8
      vertex 17.8671 6.05423 45.8
      vertex 18.0583 6.04756 45.8
    endloop
  endfacet
  facet normal 0 0 -1
    outer loop
      vertex 17.7005 5.4149 45.8
      vertex 17.8671 6.05423 45.8
      vertex 17.8671 5.42497 45.8
    endloop
  endfacet
  facet normal 0 0 -1
    outer loop
      vertex 17.7005 5.4149 45.8
      vertex 17.5777 6.03951 45.8
      vertex 17.8671 6.05423 45.8
    endloop
  endfacet
  facet normal 0 0 -1
    outer loop
      vertex 17.546 5.38474 45.8
      vertex 17.5777 6.03951 45.8
      vertex 17.7005 5.4149 45.8
    endloop
  endfacet
  facet normal 0 0 -1
    outer loop
      vertex 17.31 5.99533 45.8
      vertex 17.546 5.38474 45.8
      vertex 17.4036 5.33444 45.8
    endloop
  endfacet
  facet normal 0 0 -1
    outer loop
      vertex 17.546 5.38474 45.8
      vertex 17.31 5.99533 45.8
      vertex 17.5777 6.03951 45.8
    endloop
  endfacet
  facet normal 0 0 -1
    outer loop
      vertex 17.0639 5.92168 45.8
      vertex 17.4036 5.33444 45.8
      vertex 17.2734 5.26402 45.8
    endloop
  endfacet
  facet normal 0 0 -1
    outer loop
      vertex 16.8394 5.81857 45.8
      vertex 17.2734 5.26402 45.8
      vertex 17.1553 5.17349 45.8
    endloop
  endfacet
  facet normal 0 0 -1
    outer loop
      vertex 17.4036 5.33444 45.8
      vertex 17.0639 5.92168 45.8
      vertex 17.31 5.99533 45.8
    endloop
  endfacet
  facet normal 0 0 -1
    outer loop
      vertex 16.6365 5.686 45.8
      vertex 17.1553 5.17349 45.8
      vertex 17.0493 5.06285 45.8
    endloop
  endfacet
  facet normal 0 0 -1
    outer loop
      vertex 16.6365 5.686 45.8
      vertex 17.0493 5.06285 45.8
      vertex 16.9577 4.93472 45.8
    endloop
  endfacet
  facet normal 0 0 -1
    outer loop
      vertex 16.6365 5.686 45.8
      vertex 16.9577 4.93472 45.8
      vertex 16.8828 4.79175 45.8
    endloop
  endfacet
  facet normal 0 0 -1
    outer loop
      vertex 17.2734 5.26402 45.8
      vertex 16.8394 5.81857 45.8
      vertex 17.0639 5.92168 45.8
    endloop
  endfacet
  facet normal 0 0 -1
    outer loop
      vertex 16.6365 5.686 45.8
      vertex 16.8828 4.79175 45.8
      vertex 16.8245 4.63393 45.8
    endloop
  endfacet
  facet normal 0 0 -1
    outer loop
      vertex 16.6365 5.686 45.8
      vertex 16.8245 4.63393 45.8
      vertex 16.7829 4.46126 45.8
    endloop
  endfacet
  facet normal 0 0 -1
    outer loop
      vertex 16.6365 5.686 45.8
      vertex 16.7829 4.46126 45.8
      vertex 16.7579 4.27376 45.8
    endloop
  endfacet
  facet normal 0 0 -1
    outer loop
      vertex 17.1553 5.17349 45.8
      vertex 16.6365 5.686 45.8
      vertex 16.8394 5.81857 45.8
    endloop
  endfacet
  facet normal 0 0 -1
    outer loop
      vertex 16.6365 5.686 45.8
      vertex 16.7579 4.27376 45.8
      vertex 16.7496 4.07141 45.8
    endloop
  endfacet
  facet normal 0 0 -1
    outer loop
      vertex -3.35765 4.22873 45.8
      vertex -1.94714 4.89061 45.8
      vertex -1.94714 4.22873 45.8
    endloop
  endfacet
  facet normal -0 0 -1
    outer loop
      vertex -1.94714 4.89061 45.8
      vertex -3.35765 4.22873 45.8
      vertex -3.35765 4.89061 45.8
    endloop
  endfacet
  facet normal 0 0 -1
    outer loop
      vertex 3.07304 2.7 45.8
      vertex 1.83612 2.79652 45.8
      vertex 3.07304 2.79652 45.8
    endloop
  endfacet
  facet normal 0 0 -1
    outer loop
      vertex 1.83612 2.79652 45.8
      vertex 1.03593 2.79652 45.8
      vertex 1.83612 6 45.8
    endloop
  endfacet
  facet normal 0 0 -1
    outer loop
      vertex 3.07304 2.7 45.8
      vertex 1.03593 2.79652 45.8
      vertex 1.83612 2.79652 45.8
    endloop
  endfacet
  facet normal 0 0 -1
    outer loop
      vertex -0.198227 2.7 45.8
      vertex 1.03593 2.79652 45.8
      vertex 3.07304 2.7 45.8
    endloop
  endfacet
  facet normal -0 0 -1
    outer loop
      vertex 1.03593 2.79652 45.8
      vertex -0.198227 2.7 45.8
      vertex -0.198227 2.79652 45.8
    endloop
  endfacet
  facet normal -0 0 -1
    outer loop
      vertex 1.83612 6 45.8
      vertex 1.03593 2.79652 45.8
      vertex 1.03593 6 45.8
    endloop
  endfacet
  facet normal 0 0 -1
    outer loop
      vertex -6.27037 3.16505 45.8
      vertex -5.46021 3.13832 45.8
      vertex -5.47018 2.98654 45.8
    endloop
  endfacet
  facet normal 0 0 -1
    outer loop
      vertex -5.46021 3.13832 45.8
      vertex -6.27037 3.16505 45.8
      vertex -5.46523 3.244 45.8
    endloop
  endfacet
  facet normal 0 0 -1
    outer loop
      vertex -6.28404 3.0916 45.8
      vertex -5.47018 2.98654 45.8
      vertex -5.50014 2.84764 45.8
    endloop
  endfacet
  facet normal 0 -0 -1
    outer loop
      vertex -6.26581 3.24681 45.8
      vertex -5.46523 3.244 45.8
      vertex -6.27037 3.16505 45.8
    endloop
  endfacet
  facet normal 0 0 -1
    outer loop
      vertex -5.46523 3.244 45.8
      vertex -6.26581 3.24681 45.8
      vertex -5.48026 3.34401 45.8
    endloop
  endfacet
  facet normal 0 0 -1
    outer loop
      vertex -6.28404 3.0916 45.8
      vertex -5.50014 2.84764 45.8
      vertex -5.55006 2.72163 45.8
    endloop
  endfacet
  facet normal 0 0 -1
    outer loop
      vertex -6.28404 3.0916 45.8
      vertex -5.55006 2.72163 45.8
      vertex -5.56342 2.7 45.8
    endloop
  endfacet
  facet normal -0 0 -1
    outer loop
      vertex -5.48026 3.34401 45.8
      vertex -6.26581 3.24681 45.8
      vertex -5.50531 3.43839 45.8
    endloop
  endfacet
  facet normal 0 0 -1
    outer loop
      vertex -6.27007 3.32219 45.8
      vertex -5.50531 3.43839 45.8
      vertex -6.26581 3.24681 45.8
    endloop
  endfacet
  facet normal -0 0 -1
    outer loop
      vertex -5.54039 3.52711 45.8
      vertex -6.27007 3.32219 45.8
      vertex -5.58548 3.61018 45.8
    endloop
  endfacet
  facet normal 0 0 -1
    outer loop
      vertex -6.28284 3.39104 45.8
      vertex -5.58548 3.61018 45.8
      vertex -6.27007 3.32219 45.8
    endloop
  endfacet
  facet normal -0 0 -1
    outer loop
      vertex -5.58548 3.61018 45.8
      vertex -6.28284 3.39104 45.8
      vertex -5.64061 3.68761 45.8
    endloop
  endfacet
  facet normal -0 0 -1
    outer loop
      vertex -5.64061 3.68761 45.8
      vertex -6.28284 3.39104 45.8
      vertex -5.70596 3.75816 45.8
    endloop
  endfacet
  facet normal 0 0 -1
    outer loop
      vertex -6.30412 3.45331 45.8
      vertex -5.7818 3.82066 45.8
      vertex -6.28284 3.39104 45.8
    endloop
  endfacet
  facet normal -0 0 -1
    outer loop
      vertex -5.7818 3.82066 45.8
      vertex -6.30412 3.45331 45.8
      vertex -5.8681 3.87509 45.8
    endloop
  endfacet
  facet normal -0 0 -1
    outer loop
      vertex -5.8681 3.87509 45.8
      vertex -6.30412 3.45331 45.8
      vertex -5.96487 3.92148 45.8
    endloop
  endfacet
  facet normal -0 0 -1
    outer loop
      vertex -5.70596 3.75816 45.8
      vertex -6.28284 3.39104 45.8
      vertex -5.7818 3.82066 45.8
    endloop
  endfacet
  facet normal -0 0 -1
    outer loop
      vertex -5.50531 3.43839 45.8
      vertex -6.27007 3.32219 45.8
      vertex -5.54039 3.52711 45.8
    endloop
  endfacet
  facet normal 0 0 -1
    outer loop
      vertex -5.47018 2.98654 45.8
      vertex -6.28404 3.0916 45.8
      vertex -6.27037 3.16505 45.8
    endloop
  endfacet
  facet normal 0 0 -1
    outer loop
      vertex -5.56342 2.7 45.8
      vertex -6.30684 3.02643 45.8
      vertex -6.28404 3.0916 45.8
    endloop
  endfacet
  facet normal 0 0 -1
    outer loop
      vertex -5.56342 2.7 45.8
      vertex -6.33875 2.96954 45.8
      vertex -6.30684 3.02643 45.8
    endloop
  endfacet
  facet normal 0 0 -1
    outer loop
      vertex -5.56342 2.7 45.8
      vertex -6.37978 2.92096 45.8
      vertex -6.33875 2.96954 45.8
    endloop
  endfacet
  facet normal 0 0 -1
    outer loop
      vertex -5.56342 2.7 45.8
      vertex -6.42993 2.88065 45.8
      vertex -6.37978 2.92096 45.8
    endloop
  endfacet
  facet normal 0 0 -1
    outer loop
      vertex -5.56342 2.7 45.8
      vertex -6.48903 2.84749 45.8
      vertex -6.42993 2.88065 45.8
    endloop
  endfacet
  facet normal 0 0 -1
    outer loop
      vertex -5.56342 2.7 45.8
      vertex -6.55695 2.82036 45.8
      vertex -6.48903 2.84749 45.8
    endloop
  endfacet
  facet normal 0 0 -1
    outer loop
      vertex -5.56342 2.7 45.8
      vertex -6.63368 2.79926 45.8
      vertex -6.55695 2.82036 45.8
    endloop
  endfacet
  facet normal 0 0 -1
    outer loop
      vertex -7 2.7 45.8
      vertex -6.63368 2.79926 45.8
      vertex -5.56342 2.7 45.8
    endloop
  endfacet
  facet normal 0 0 -1
    outer loop
      vertex -6.63368 2.79926 45.8
      vertex -7 2.7 45.8
      vertex -6.71924 2.78418 45.8
    endloop
  endfacet
  facet normal 0 0 -1
    outer loop
      vertex -6.71924 2.78418 45.8
      vertex -7 2.7 45.8
      vertex -6.81361 2.77515 45.8
    endloop
  endfacet
  facet normal 0 0 -1
    outer loop
      vertex -6.81361 2.77515 45.8
      vertex -7 2.7 45.8
      vertex -6.91681 2.77213 45.8
    endloop
  endfacet
  facet normal 0 0 -1
    outer loop
      vertex -7.42237 2.66676 45.8
      vertex -6.91681 2.77213 45.8
      vertex -7 2.7 45.8
    endloop
  endfacet
  facet normal 0 0 -1
    outer loop
      vertex -7.42237 2.66676 45.8
      vertex -7.8282 2.77213 45.8
      vertex -6.91681 2.77213 45.8
    endloop
  endfacet
  facet normal 0 0 -1
    outer loop
      vertex -8.22577 2.40572 45.8
      vertex -7.8282 3.71881 45.8
      vertex -7.8282 2.77213 45.8
    endloop
  endfacet
  facet normal 0 0 -1
    outer loop
      vertex -8.6284 2.17809 45.8
      vertex -7.8282 3.71881 45.8
      vertex -8.22577 2.40572 45.8
    endloop
  endfacet
  facet normal 0 0 -1
    outer loop
      vertex -8.22577 2.40572 45.8
      vertex -7.8282 2.77213 45.8
      vertex -7.83435 2.56785 45.8
    endloop
  endfacet
  facet normal 0 0 -1
    outer loop
      vertex -7.83435 2.56785 45.8
      vertex -7.8282 2.77213 45.8
      vertex -7.42237 2.66676 45.8
    endloop
  endfacet
  facet normal 0 0 -1
    outer loop
      vertex -5.30118 4.55728 45.8
      vertex -6.06477 4.68311 45.8
      vertex -6.04337 4.84721 45.8
    endloop
  endfacet
  facet normal 0 0 -1
    outer loop
      vertex -5.90518 4.04655 45.8
      vertex -6.12897 4.54883 45.8
      vertex -6.06477 4.68311 45.8
    endloop
  endfacet
  facet normal 0 0 -1
    outer loop
      vertex -6.23596 4.4444 45.8
      vertex -6.04138 4.01321 45.8
      vertex -6.18985 3.99005 45.8
    endloop
  endfacet
  facet normal 0 0 -1
    outer loop
      vertex -5.90518 4.04655 45.8
      vertex -6.23596 4.4444 45.8
      vertex -6.12897 4.54883 45.8
    endloop
  endfacet
  facet normal 0 0 -1
    outer loop
      vertex -6.04337 4.84721 45.8
      vertex -5.24049 4.90956 45.8
      vertex -5.24724 4.78363 45.8
    endloop
  endfacet
  facet normal 0 0 -1
    outer loop
      vertex -6.04337 4.84721 45.8
      vertex -5.24724 4.78363 45.8
      vertex -5.26746 4.6662 45.8
    endloop
  endfacet
  facet normal -0 0 -1
    outer loop
      vertex -5.24049 4.90956 45.8
      vertex -6.04337 4.84721 45.8
      vertex -6.04831 4.93645 45.8
    endloop
  endfacet
  facet normal 0 0 -1
    outer loop
      vertex -6.04337 4.84721 45.8
      vertex -5.26746 4.6662 45.8
      vertex -5.30118 4.55728 45.8
    endloop
  endfacet
  facet normal 0 0 -1
    outer loop
      vertex -5.24049 4.90956 45.8
      vertex -6.04831 4.93645 45.8
      vertex -5.25134 5.07661 45.8
    endloop
  endfacet
  facet normal 0 0 -1
    outer loop
      vertex -6.06477 4.68311 45.8
      vertex -5.30118 4.55728 45.8
      vertex -5.34837 4.45689 45.8
    endloop
  endfacet
  facet normal 0 0 -1
    outer loop
      vertex -6.06477 4.68311 45.8
      vertex -5.34837 4.45689 45.8
      vertex -5.40907 4.36501 45.8
    endloop
  endfacet
  facet normal 0 0 -1
    outer loop
      vertex -6.06311 5.01793 45.8
      vertex -5.25134 5.07661 45.8
      vertex -6.04831 4.93645 45.8
    endloop
  endfacet
  facet normal 0 0 -1
    outer loop
      vertex -6.06477 4.68311 45.8
      vertex -5.40907 4.36501 45.8
      vertex -5.48325 4.28165 45.8
    endloop
  endfacet
  facet normal -0 0 -1
    outer loop
      vertex -5.25134 5.07661 45.8
      vertex -6.06311 5.01793 45.8
      vertex -5.28389 5.23055 45.8
    endloop
  endfacet
  facet normal 0 0 -1
    outer loop
      vertex -6.06477 4.68311 45.8
      vertex -5.48325 4.28165 45.8
      vertex -5.57031 4.20761 45.8
    endloop
  endfacet
  facet normal -0 0 -1
    outer loop
      vertex -5.28389 5.23055 45.8
      vertex -6.06311 5.01793 45.8
      vertex -5.33813 5.37138 45.8
    endloop
  endfacet
  facet normal 0 0 -1
    outer loop
      vertex -6.06477 4.68311 45.8
      vertex -5.57031 4.20761 45.8
      vertex -5.66965 4.14375 45.8
    endloop
  endfacet
  facet normal 0 0 -1
    outer loop
      vertex -6.08778 5.09166 45.8
      vertex -5.33813 5.37138 45.8
      vertex -6.06311 5.01793 45.8
    endloop
  endfacet
  facet normal 0 0 -1
    outer loop
      vertex -6.06477 4.68311 45.8
      vertex -5.66965 4.14375 45.8
      vertex -5.78128 4.09007 45.8
    endloop
  endfacet
  facet normal 0 0 -1
    outer loop
      vertex -6.06477 4.68311 45.8
      vertex -5.78128 4.09007 45.8
      vertex -5.90518 4.04655 45.8
    endloop
  endfacet
  facet normal -0 0 -1
    outer loop
      vertex -5.33813 5.37138 45.8
      vertex -6.08778 5.09166 45.8
      vertex -5.41409 5.4991 45.8
    endloop
  endfacet
  facet normal 0 0 -1
    outer loop
      vertex -6.23596 4.4444 45.8
      vertex -5.90518 4.04655 45.8
      vertex -6.04138 4.01321 45.8
    endloop
  endfacet
  facet normal -0 0 -1
    outer loop
      vertex -5.41409 5.4991 45.8
      vertex -6.08778 5.09166 45.8
      vertex -5.51173 5.61371 45.8
    endloop
  endfacet
  facet normal 0 0 -1
    outer loop
      vertex -6.12233 5.15762 45.8
      vertex -5.51173 5.61371 45.8
      vertex -6.08778 5.09166 45.8
    endloop
  endfacet
  facet normal -0 0 -1
    outer loop
      vertex -5.51173 5.61371 45.8
      vertex -6.12233 5.15762 45.8
      vertex -5.63109 5.71521 45.8
    endloop
  endfacet
  facet normal 0 0 -1
    outer loop
      vertex -6.16676 5.21584 45.8
      vertex -5.63109 5.71521 45.8
      vertex -6.12233 5.15762 45.8
    endloop
  endfacet
  facet normal -0 0 -1
    outer loop
      vertex -5.63109 5.71521 45.8
      vertex -6.16676 5.21584 45.8
      vertex -5.76973 5.80223 45.8
    endloop
  endfacet
  facet normal 0 0 -1
    outer loop
      vertex -6.22105 5.26628 45.8
      vertex -5.76973 5.80223 45.8
      vertex -6.16676 5.21584 45.8
    endloop
  endfacet
  facet normal -0 0 -1
    outer loop
      vertex -5.76973 5.80223 45.8
      vertex -6.22105 5.26628 45.8
      vertex -5.92525 5.87343 45.8
    endloop
  endfacet
  facet normal 0 0 -1
    outer loop
      vertex -6.28604 5.30898 45.8
      vertex -5.92525 5.87343 45.8
      vertex -6.22105 5.26628 45.8
    endloop
  endfacet
  facet normal -0 0 -1
    outer loop
      vertex -5.92525 5.87343 45.8
      vertex -6.28604 5.30898 45.8
      vertex -6.09764 5.9288 45.8
    endloop
  endfacet
  facet normal 0 0 -1
    outer loop
      vertex -6.36255 5.34389 45.8
      vertex -6.09764 5.9288 45.8
      vertex -6.28604 5.30898 45.8
    endloop
  endfacet
  facet normal -0 0 -1
    outer loop
      vertex -6.09764 5.9288 45.8
      vertex -6.36255 5.34389 45.8
      vertex -6.28691 5.96837 45.8
    endloop
  endfacet
  facet normal 0 0 -1
    outer loop
      vertex -6.45059 5.37105 45.8
      vertex -6.28691 5.96837 45.8
      vertex -6.36255 5.34389 45.8
    endloop
  endfacet
  facet normal 0 0 -1
    outer loop
      vertex -6.45059 5.37105 45.8
      vertex -6.49306 5.9921 45.8
      vertex -6.28691 5.96837 45.8
    endloop
  endfacet
  facet normal 0 0 -1
    outer loop
      vertex -6.55017 5.39044 45.8
      vertex -6.49306 5.9921 45.8
      vertex -6.45059 5.37105 45.8
    endloop
  endfacet
  facet normal 0 0 -1
    outer loop
      vertex -6.66127 5.40208 45.8
      vertex -6.49306 5.9921 45.8
      vertex -6.55017 5.39044 45.8
    endloop
  endfacet
  facet normal 0 0 -1
    outer loop
      vertex -6.66127 5.40208 45.8
      vertex -6.71609 6 45.8
      vertex -6.49306 5.9921 45.8
    endloop
  endfacet
  facet normal 0 0 -1
    outer loop
      vertex -6.78389 5.40596 45.8
      vertex -6.71609 6 45.8
      vertex -6.66127 5.40208 45.8
    endloop
  endfacet
  facet normal 0 0 -1
    outer loop
      vertex -7.8282 5.40596 45.8
      vertex -6.71609 6 45.8
      vertex -6.78389 5.40596 45.8
    endloop
  endfacet
  facet normal -0 0 -1
    outer loop
      vertex -7.8282 3.71881 45.8
      vertex -8.6284 2.17809 45.8
      vertex -7.8282 4.31013 45.8
    endloop
  endfacet
  facet normal 0 0 -1
    outer loop
      vertex -8.6284 2.17809 45.8
      vertex -8.22577 2.40572 45.8
      vertex -8.58702 2.18435 45.8
    endloop
  endfacet
  facet normal 0 0 -1
    outer loop
      vertex -8.6284 2.17809 45.8
      vertex -8.58702 2.18435 45.8
      vertex -8.59435 2.17809 45.8
    endloop
  endfacet
  facet normal 0 0 -1
    outer loop
      vertex -8.6284 6 45.8
      vertex -7.8282 4.31013 45.8
      vertex -8.6284 2.17809 45.8
    endloop
  endfacet
  facet normal 0 0 -1
    outer loop
      vertex -7.8282 5.40596 45.8
      vertex -8.6284 6 45.8
      vertex -6.71609 6 45.8
    endloop
  endfacet
  facet normal 0 0 -1
    outer loop
      vertex -7.8282 4.31013 45.8
      vertex -8.6284 6 45.8
      vertex -7.8282 5.40596 45.8
    endloop
  endfacet
  facet normal 0 0 -1
    outer loop
      vertex -6.33394 3.50903 45.8
      vertex -5.96487 3.92148 45.8
      vertex -6.30412 3.45331 45.8
    endloop
  endfacet
  facet normal -0 0 -1
    outer loop
      vertex -5.96487 3.92148 45.8
      vertex -6.33394 3.50903 45.8
      vertex -6.07213 3.95979 45.8
    endloop
  endfacet
  facet normal 0 0 -1
    outer loop
      vertex -6.37225 3.5582 45.8
      vertex -6.07213 3.95979 45.8
      vertex -6.33394 3.50903 45.8
    endloop
  endfacet
  facet normal -0 0 -1
    outer loop
      vertex -6.07213 3.95979 45.8
      vertex -6.37225 3.5582 45.8
      vertex -6.18985 3.99005 45.8
    endloop
  endfacet
  facet normal 0 0 -1
    outer loop
      vertex -6.41908 3.60081 45.8
      vertex -6.18985 3.99005 45.8
      vertex -6.37225 3.5582 45.8
    endloop
  endfacet
  facet normal 0 0 -1
    outer loop
      vertex -6.47533 3.63686 45.8
      vertex -6.18985 3.99005 45.8
      vertex -6.41908 3.60081 45.8
    endloop
  endfacet
  facet normal 0 0 -1
    outer loop
      vertex -6.18985 3.99005 45.8
      vertex -6.38576 4.3698 45.8
      vertex -6.23596 4.4444 45.8
    endloop
  endfacet
  facet normal 0 0 -1
    outer loop
      vertex -6.54189 3.66637 45.8
      vertex -6.18985 3.99005 45.8
      vertex -6.47533 3.63686 45.8
    endloop
  endfacet
  facet normal 0 0 -1
    outer loop
      vertex -6.61877 3.6893 45.8
      vertex -6.18985 3.99005 45.8
      vertex -6.54189 3.66637 45.8
    endloop
  endfacet
  facet normal 0 0 -1
    outer loop
      vertex -6.18985 3.99005 45.8
      vertex -6.57834 4.32504 45.8
      vertex -6.38576 4.3698 45.8
    endloop
  endfacet
  facet normal -0 0 -1
    outer loop
      vertex -6.18985 3.99005 45.8
      vertex -6.61877 3.6893 45.8
      vertex -6.57834 4.32504 45.8
    endloop
  endfacet
  facet normal 0 0 -1
    outer loop
      vertex -6.70598 3.7057 45.8
      vertex -6.57834 4.32504 45.8
      vertex -6.61877 3.6893 45.8
    endloop
  endfacet
  facet normal 0 0 -1
    outer loop
      vertex -6.81372 4.31013 45.8
      vertex -6.70598 3.7057 45.8
      vertex -6.80351 3.71553 45.8
    endloop
  endfacet
  facet normal 0 0 -1
    outer loop
      vertex -6.70598 3.7057 45.8
      vertex -6.81372 4.31013 45.8
      vertex -6.57834 4.32504 45.8
    endloop
  endfacet
  facet normal 0 0 -1
    outer loop
      vertex -6.91136 3.71881 45.8
      vertex -6.81372 4.31013 45.8
      vertex -6.80351 3.71553 45.8
    endloop
  endfacet
  facet normal 0 0 -1
    outer loop
      vertex -7.8282 4.31013 45.8
      vertex -6.91136 3.71881 45.8
      vertex -7.8282 3.71881 45.8
    endloop
  endfacet
  facet normal 0 0 -1
    outer loop
      vertex -6.91136 3.71881 45.8
      vertex -7.8282 4.31013 45.8
      vertex -6.81372 4.31013 45.8
    endloop
  endfacet
  facet normal 0 0 -1
    outer loop
      vertex 6.43047 2.7 45.8
      vertex 4.22519 2.79652 45.8
      vertex 6.43047 2.79652 45.8
    endloop
  endfacet
  facet normal 0 0 -1
    outer loop
      vertex 3.42499 2.7 45.8
      vertex 4.22519 3.75677 45.8
      vertex 4.22519 2.79652 45.8
    endloop
  endfacet
  facet normal -0 0 -1
    outer loop
      vertex 4.22519 3.75677 45.8
      vertex 3.42499 2.7 45.8
      vertex 4.22519 4.37521 45.8
    endloop
  endfacet
  facet normal 0 0 -1
    outer loop
      vertex 3.42499 6 45.8
      vertex 4.22519 4.37521 45.8
      vertex 3.42499 2.7 45.8
    endloop
  endfacet
  facet normal 0 0 -1
    outer loop
      vertex 3.42499 2.7 45.8
      vertex 4.22519 2.79652 45.8
      vertex 6.43047 2.7 45.8
    endloop
  endfacet
  facet normal 0 0 -1
    outer loop
      vertex 4.22519 3.75677 45.8
      vertex 6.26498 4.37521 45.8
      vertex 6.26498 3.75677 45.8
    endloop
  endfacet
  facet normal -0 0 -1
    outer loop
      vertex 6.26498 4.37521 45.8
      vertex 4.22519 3.75677 45.8
      vertex 4.22519 4.37521 45.8
    endloop
  endfacet
  facet normal 0 0 -1
    outer loop
      vertex 4.22519 5.38156 45.8
      vertex 6.54167 6 45.8
      vertex 6.54167 5.38156 45.8
    endloop
  endfacet
  facet normal 0 0 -1
    outer loop
      vertex 4.22519 5.38156 45.8
      vertex 3.42499 6 45.8
      vertex 6.54167 6 45.8
    endloop
  endfacet
  facet normal 0 0 -1
    outer loop
      vertex 4.22519 4.37521 45.8
      vertex 3.42499 6 45.8
      vertex 4.22519 5.38156 45.8
    endloop
  endfacet
  facet normal 0 0 -1
    outer loop
      vertex 9.59886 4.39964 45.8
      vertex 10.3095 6 45.8
      vertex 10.3095 2.7 45.8
    endloop
  endfacet
  facet normal 0 0 -1
    outer loop
      vertex 10.3095 6 45.8
      vertex 9.63275 5.01106 45.8
      vertex 9.64766 5.14557 45.8
    endloop
  endfacet
  facet normal 0 0 -1
    outer loop
      vertex 10.3095 6 45.8
      vertex 9.62054 4.88065 45.8
      vertex 9.63275 5.01106 45.8
    endloop
  endfacet
  facet normal 0 0 -1
    outer loop
      vertex 10.3095 6 45.8
      vertex 9.61107 4.75429 45.8
      vertex 9.62054 4.88065 45.8
    endloop
  endfacet
  facet normal 0 0 -1
    outer loop
      vertex 10.3095 6 45.8
      vertex 9.60428 4.632 45.8
      vertex 9.61107 4.75429 45.8
    endloop
  endfacet
  facet normal 0 0 -1
    outer loop
      vertex 10.3095 6 45.8
      vertex 9.60022 4.51379 45.8
      vertex 9.60428 4.632 45.8
    endloop
  endfacet
  facet normal 0 0 -1
    outer loop
      vertex 9.59886 4.39964 45.8
      vertex 10.3095 2.7 45.8
      vertex 9.59886 2.7 45.8
    endloop
  endfacet
  facet normal 0 0 -1
    outer loop
      vertex 10.3095 6 45.8
      vertex 9.59886 4.39964 45.8
      vertex 9.60022 4.51379 45.8
    endloop
  endfacet
  facet normal 0 0 -1
    outer loop
      vertex 9.64766 5.14557 45.8
      vertex 9.37099 6 45.8
      vertex 10.3095 6 45.8
    endloop
  endfacet
  facet normal 0 0 -1
    outer loop
      vertex 7.70554 3.05693 45.8
      vertex 9.64766 5.14557 45.8
      vertex 8.25499 2.7 45.8
    endloop
  endfacet
  facet normal -0 0 -1
    outer loop
      vertex 9.64766 5.14557 45.8
      vertex 7.70554 3.05693 45.8
      vertex 9.37099 6 45.8
    endloop
  endfacet
  facet normal 0 -0 -1
    outer loop
      vertex 7.70554 3.05693 45.8
      vertex 8.25499 2.7 45.8
      vertex 7.04366 2.7 45.8
    endloop
  endfacet
  facet normal 0 0 -1
    outer loop
      vertex 7.04366 2.7 45.8
      vertex 7.75435 3.74593 45.8
      vertex 7.75299 3.65445 45.8
    endloop
  endfacet
  facet normal 0 0 -1
    outer loop
      vertex 7.04366 2.7 45.8
      vertex 7.75299 3.65445 45.8
      vertex 7.74892 3.55363 45.8
    endloop
  endfacet
  facet normal 0 0 -1
    outer loop
      vertex 7.04366 2.7 45.8
      vertex 7.74892 3.55363 45.8
      vertex 7.74214 3.44348 45.8
    endloop
  endfacet
  facet normal 0 0 -1
    outer loop
      vertex 7.04366 2.7 45.8
      vertex 7.74214 3.44348 45.8
      vertex 7.73265 3.32397 45.8
    endloop
  endfacet
  facet normal 0 0 -1
    outer loop
      vertex 7.04366 2.7 45.8
      vertex 7.73265 3.32397 45.8
      vertex 7.72046 3.19513 45.8
    endloop
  endfacet
  facet normal 0 0 -1
    outer loop
      vertex 7.04366 2.7 45.8
      vertex 7.72046 3.19513 45.8
      vertex 7.70554 3.05693 45.8
    endloop
  endfacet
  facet normal -0 0 -1
    outer loop
      vertex 7.75435 3.74593 45.8
      vertex 7.04366 2.7 45.8
      vertex 7.04366 6 45.8
    endloop
  endfacet
  facet normal 0 0 -1
    outer loop
      vertex 7.75435 3.74593 45.8
      vertex 7.04366 6 45.8
      vertex 7.75435 6 45.8
    endloop
  endfacet
  facet normal 0 0 -1
    outer loop
      vertex 22.8629 4.39964 45.8
      vertex 23.5736 6 45.8
      vertex 23.5736 2.17809 45.8
    endloop
  endfacet
  facet normal 0 0 -1
    outer loop
      vertex 23.5736 6 45.8
      vertex 22.8968 5.01106 45.8
      vertex 22.9117 5.14557 45.8
    endloop
  endfacet
  facet normal 0 0 -1
    outer loop
      vertex 23.5736 6 45.8
      vertex 22.8846 4.88065 45.8
      vertex 22.8968 5.01106 45.8
    endloop
  endfacet
  facet normal 0 0 -1
    outer loop
      vertex 23.5736 6 45.8
      vertex 22.8751 4.75429 45.8
      vertex 22.8846 4.88065 45.8
    endloop
  endfacet
  facet normal 0 0 -1
    outer loop
      vertex 23.5736 6 45.8
      vertex 22.8683 4.632 45.8
      vertex 22.8751 4.75429 45.8
    endloop
  endfacet
  facet normal 0 0 -1
    outer loop
      vertex 23.5736 6 45.8
      vertex 22.8642 4.51379 45.8
      vertex 22.8683 4.632 45.8
    endloop
  endfacet
  facet normal 0 0 -1
    outer loop
      vertex 22.8629 4.39964 45.8
      vertex 23.5736 2.17809 45.8
      vertex 22.8629 2.17809 45.8
    endloop
  endfacet
  facet normal 0 0 -1
    outer loop
      vertex 23.5736 6 45.8
      vertex 22.8629 4.39964 45.8
      vertex 22.8642 4.51379 45.8
    endloop
  endfacet
  facet normal 0 0 -1
    outer loop
      vertex 22.9117 5.14557 45.8
      vertex 22.635 6 45.8
      vertex 23.5736 6 45.8
    endloop
  endfacet
  facet normal 0 0 -1
    outer loop
      vertex 20.9696 3.05693 45.8
      vertex 22.9117 5.14557 45.8
      vertex 21.4907 2.65034 45.8
    endloop
  endfacet
  facet normal 0 0 -1
    outer loop
      vertex 20.9696 3.05693 45.8
      vertex 21.4907 2.65034 45.8
      vertex 21.4224 2.66676 45.8
    endloop
  endfacet
  facet normal 0 0 -1
    outer loop
      vertex 20.9696 3.05693 45.8
      vertex 21.4224 2.66676 45.8
      vertex 21 2.7 45.8
    endloop
  endfacet
  facet normal -0 0 -1
    outer loop
      vertex 22.9117 5.14557 45.8
      vertex 20.9696 3.05693 45.8
      vertex 22.635 6 45.8
    endloop
  endfacet
  facet normal 0 -0 -1
    outer loop
      vertex 20.9696 3.05693 45.8
      vertex 21 2.7 45.8
      vertex 20.3077 2.7 45.8
    endloop
  endfacet
  facet normal 0 0 -1
    outer loop
      vertex 20.3077 2.7 45.8
      vertex 21.0184 3.74593 45.8
      vertex 21.017 3.65445 45.8
    endloop
  endfacet
  facet normal 0 0 -1
    outer loop
      vertex 20.3077 2.7 45.8
      vertex 21.017 3.65445 45.8
      vertex 21.0129 3.55363 45.8
    endloop
  endfacet
  facet normal 0 0 -1
    outer loop
      vertex 20.3077 2.7 45.8
      vertex 21.0129 3.55363 45.8
      vertex 21.0062 3.44348 45.8
    endloop
  endfacet
  facet normal 0 0 -1
    outer loop
      vertex 20.3077 2.7 45.8
      vertex 21.0062 3.44348 45.8
      vertex 20.9967 3.32397 45.8
    endloop
  endfacet
  facet normal 0 0 -1
    outer loop
      vertex 20.3077 2.7 45.8
      vertex 20.9967 3.32397 45.8
      vertex 20.9845 3.19513 45.8
    endloop
  endfacet
  facet normal 0 0 -1
    outer loop
      vertex 20.3077 2.7 45.8
      vertex 20.9845 3.19513 45.8
      vertex 20.9696 3.05693 45.8
    endloop
  endfacet
  facet normal -0 0 -1
    outer loop
      vertex 21.0184 3.74593 45.8
      vertex 20.3077 2.7 45.8
      vertex 20.3077 6 45.8
    endloop
  endfacet
  facet normal 0 0 -1
    outer loop
      vertex 21.0184 3.74593 45.8
      vertex 20.3077 6 45.8
      vertex 21.0184 6 45.8
    endloop
  endfacet
  facet normal -0 0 1
    outer loop
      vertex 13.2972 4.89218 45
      vertex 14.0763 4.82071 45
      vertex 14.0784 4.89873 45
    endloop
  endfacet
  facet normal -0 0 1
    outer loop
      vertex 13.2999 4.94485 45
      vertex 14.0784 4.89873 45
      vertex 14.0668 5.07854 45
    endloop
  endfacet
  facet normal 0 0 1
    outer loop
      vertex 13.2972 4.89218 45
      vertex 14.0784 4.89873 45
      vertex 13.2999 4.94485 45
    endloop
  endfacet
  facet normal -0 0 1
    outer loop
      vertex 13.2892 4.84268 45
      vertex 14.0702 4.74579 45
      vertex 13.2972 4.89218 45
    endloop
  endfacet
  facet normal 0 0 1
    outer loop
      vertex 13.2999 4.94485 45
      vertex 14.0668 5.07854 45
      vertex 14.0321 5.24367 45
    endloop
  endfacet
  facet normal 0 0 1
    outer loop
      vertex 14.0763 4.82071 45
      vertex 13.2972 4.89218 45
      vertex 14.0702 4.74579 45
    endloop
  endfacet
  facet normal 0 0 1
    outer loop
      vertex 14.06 4.67395 45
      vertex 13.2892 4.84268 45
      vertex 14.0458 4.60519 45
    endloop
  endfacet
  facet normal -0 0 1
    outer loop
      vertex 13.2758 4.79634 45
      vertex 14.0458 4.60519 45
      vertex 13.2892 4.84268 45
    endloop
  endfacet
  facet normal 0 0 1
    outer loop
      vertex 13.2766 5.10066 45
      vertex 14.0321 5.24367 45
      vertex 13.9742 5.3941 45
    endloop
  endfacet
  facet normal 0 0 1
    outer loop
      vertex 14.0702 4.74579 45
      vertex 13.2892 4.84268 45
      vertex 14.06 4.67395 45
    endloop
  endfacet
  facet normal 0 0 1
    outer loop
      vertex 14.0275 4.53954 45
      vertex 13.2758 4.79634 45
      vertex 14.0051 4.47697 45
    endloop
  endfacet
  facet normal 0 0 1
    outer loop
      vertex 13.2766 5.10066 45
      vertex 13.9742 5.3941 45
      vertex 13.8933 5.52985 45
    endloop
  endfacet
  facet normal 0 0 1
    outer loop
      vertex 14.0458 4.60519 45
      vertex 13.2758 4.79634 45
      vertex 14.0275 4.53954 45
    endloop
  endfacet
  facet normal 0 0 1
    outer loop
      vertex 14.0051 4.47697 45
      vertex 13.2571 4.75317 45
      vertex 13.9789 4.41736 45
    endloop
  endfacet
  facet normal 0 0 1
    outer loop
      vertex 13.9789 4.41736 45
      vertex 13.2571 4.75317 45
      vertex 13.9491 4.36061 45
    endloop
  endfacet
  facet normal 0 0 1
    outer loop
      vertex 13.2067 5.22816 45
      vertex 13.8933 5.52985 45
      vertex 13.7892 5.65089 45
    endloop
  endfacet
  facet normal -0 0 1
    outer loop
      vertex 13.2571 4.75317 45
      vertex 14.0051 4.47697 45
      vertex 13.2758 4.79634 45
    endloop
  endfacet
  facet normal -0 0 1
    outer loop
      vertex 13.233 4.71317 45
      vertex 13.9156 4.30673 45
      vertex 13.2571 4.75317 45
    endloop
  endfacet
  facet normal 0 0 1
    outer loop
      vertex 13.2067 5.22816 45
      vertex 13.7892 5.65089 45
      vertex 13.662 5.75725 45
    endloop
  endfacet
  facet normal 0 0 1
    outer loop
      vertex 13.9491 4.36061 45
      vertex 13.2571 4.75317 45
      vertex 13.9156 4.30673 45
    endloop
  endfacet
  facet normal 0 0 1
    outer loop
      vertex 13.9156 4.30673 45
      vertex 13.233 4.71317 45
      vertex 13.8785 4.25572 45
    endloop
  endfacet
  facet normal 0 0 1
    outer loop
      vertex 13.2067 5.22816 45
      vertex 13.662 5.75725 45
      vertex 13.5123 5.84799 45
    endloop
  endfacet
  facet normal 0 0 1
    outer loop
      vertex 13.8785 4.25572 45
      vertex 13.233 4.71317 45
      vertex 13.8378 4.20758 45
    endloop
  endfacet
  facet normal 0 0 1
    outer loop
      vertex 13.8378 4.20758 45
      vertex 13.233 4.71317 45
      vertex 13.7935 4.16229 45
    endloop
  endfacet
  facet normal 0 0 1
    outer loop
      vertex 13.0903 5.32732 45
      vertex 13.5123 5.84799 45
      vertex 13.3411 5.92224 45
    endloop
  endfacet
  facet normal -0 0 1
    outer loop
      vertex 13.2036 4.67633 45
      vertex 13.7935 4.16229 45
      vertex 13.233 4.71317 45
    endloop
  endfacet
  facet normal 0 0 1
    outer loop
      vertex 13.7935 4.16229 45
      vertex 13.2036 4.67633 45
      vertex 13.7447 4.11934 45
    endloop
  endfacet
  facet normal 0 0 1
    outer loop
      vertex 14.0321 5.24367 45
      vertex 13.2766 5.10066 45
      vertex 13.2999 4.94485 45
    endloop
  endfacet
  facet normal 0 0 1
    outer loop
      vertex 13.8933 5.52985 45
      vertex 13.2067 5.22816 45
      vertex 13.2766 5.10066 45
    endloop
  endfacet
  facet normal 0 0 1
    outer loop
      vertex 13.0903 5.32732 45
      vertex 13.3411 5.92224 45
      vertex 13.1483 5.98 45
    endloop
  endfacet
  facet normal 0 0 1
    outer loop
      vertex 13.5123 5.84799 45
      vertex 13.0903 5.32732 45
      vertex 13.2067 5.22816 45
    endloop
  endfacet
  facet normal 0 0 1
    outer loop
      vertex 12.9274 5.39815 45
      vertex 13.1483 5.98 45
      vertex 12.9338 6.02122 45
    endloop
  endfacet
  facet normal 0 0 1
    outer loop
      vertex 13.1483 5.98 45
      vertex 12.9274 5.39815 45
      vertex 13.0903 5.32732 45
    endloop
  endfacet
  facet normal 0 0 1
    outer loop
      vertex 12.9338 6.02122 45
      vertex 12.7178 5.44064 45
      vertex 12.9274 5.39815 45
    endloop
  endfacet
  facet normal 0 0 1
    outer loop
      vertex 12.6977 6.04599 45
      vertex 12.7178 5.44064 45
      vertex 12.9338 6.02122 45
    endloop
  endfacet
  facet normal 0 0 1
    outer loop
      vertex 12.6977 6.04599 45
      vertex 12.4617 5.4548 45
      vertex 12.7178 5.44064 45
    endloop
  endfacet
  facet normal 0 0 1
    outer loop
      vertex 12.44 6.05423 45
      vertex 12.4617 5.4548 45
      vertex 12.6977 6.04599 45
    endloop
  endfacet
  facet normal 0 0 1
    outer loop
      vertex 12.44 6.05423 45
      vertex 12.3319 5.451 45
      vertex 12.4617 5.4548 45
    endloop
  endfacet
  facet normal -0 0 1
    outer loop
      vertex 12.2038 6.047 45
      vertex 12.3319 5.451 45
      vertex 12.44 6.05423 45
    endloop
  endfacet
  facet normal 0 0 1
    outer loop
      vertex 12.3319 5.451 45
      vertex 12.2038 6.047 45
      vertex 12.2119 5.43959 45
    endloop
  endfacet
  facet normal -0 0 1
    outer loop
      vertex 11.9852 6.0253 45
      vertex 12.2119 5.43959 45
      vertex 12.2038 6.047 45
    endloop
  endfacet
  facet normal 0 0 1
    outer loop
      vertex 12.2119 5.43959 45
      vertex 11.9852 6.0253 45
      vertex 12.1016 5.42056 45
    endloop
  endfacet
  facet normal 0 0 1
    outer loop
      vertex 12.1016 5.42056 45
      vertex 11.9852 6.0253 45
      vertex 12.0012 5.39394 45
    endloop
  endfacet
  facet normal -0 0 1
    outer loop
      vertex 11.7843 5.98915 45
      vertex 12.0012 5.39394 45
      vertex 11.9852 6.0253 45
    endloop
  endfacet
  facet normal 0 0 1
    outer loop
      vertex 12.0012 5.39394 45
      vertex 11.7843 5.98915 45
      vertex 11.9105 5.3597 45
    endloop
  endfacet
  facet normal -0 0 1
    outer loop
      vertex 11.6009 5.93851 45
      vertex 11.9105 5.3597 45
      vertex 11.7843 5.98915 45
    endloop
  endfacet
  facet normal 0 0 1
    outer loop
      vertex 11.9105 5.3597 45
      vertex 11.6009 5.93851 45
      vertex 11.8297 5.31784 45
    endloop
  endfacet
  facet normal -0 0 1
    outer loop
      vertex 11.4352 5.87341 45
      vertex 11.8297 5.31784 45
      vertex 11.6009 5.93851 45
    endloop
  endfacet
  facet normal 0 0 1
    outer loop
      vertex 11.8297 5.31784 45
      vertex 11.4352 5.87341 45
      vertex 11.7579 5.26755 45
    endloop
  endfacet
  facet normal -0 0 1
    outer loop
      vertex 11.2872 5.79385 45
      vertex 11.7579 5.26755 45
      vertex 11.4352 5.87341 45
    endloop
  endfacet
  facet normal 0 0 1
    outer loop
      vertex 11.7579 5.26755 45
      vertex 11.2872 5.79385 45
      vertex 11.6944 5.20798 45
    endloop
  endfacet
  facet normal -0 0 1
    outer loop
      vertex 11.1562 5.69958 45
      vertex 11.6944 5.20798 45
      vertex 11.2872 5.79385 45
    endloop
  endfacet
  facet normal 0 0 1
    outer loop
      vertex 11.6944 5.20798 45
      vertex 11.1562 5.69958 45
      vertex 11.6391 5.13914 45
    endloop
  endfacet
  facet normal -0 0 1
    outer loop
      vertex 11.0419 5.59041 45
      vertex 11.6391 5.13914 45
      vertex 11.1562 5.69958 45
    endloop
  endfacet
  facet normal 0 0 1
    outer loop
      vertex 11.6391 5.13914 45
      vertex 11.0419 5.59041 45
      vertex 11.5922 5.06105 45
    endloop
  endfacet
  facet normal -0 0 1
    outer loop
      vertex 10.9441 5.46632 45
      vertex 11.5922 5.06105 45
      vertex 11.0419 5.59041 45
    endloop
  endfacet
  facet normal -0 0 1
    outer loop
      vertex 10.8628 5.3273 45
      vertex 11.5922 5.06105 45
      vertex 10.9441 5.46632 45
    endloop
  endfacet
  facet normal 0 0 1
    outer loop
      vertex 11.5922 5.06105 45
      vertex 10.8628 5.3273 45
      vertex 11.5535 4.97368 45
    endloop
  endfacet
  facet normal -0 0 1
    outer loop
      vertex 10.7982 5.17337 45
      vertex 11.5535 4.97368 45
      vertex 10.8628 5.3273 45
    endloop
  endfacet
  facet normal 0 0 1
    outer loop
      vertex 11.5535 4.97368 45
      vertex 10.7982 5.17337 45
      vertex 11.5232 4.87704 45
    endloop
  endfacet
  facet normal 0 0 1
    outer loop
      vertex 11.5232 4.87704 45
      vertex 10.7982 5.17337 45
      vertex 10.7501 5.00453 45
    endloop
  endfacet
  facet normal 0 0 1
    outer loop
      vertex 13.7447 4.11934 45
      vertex 13.2036 4.67633 45
      vertex 13.6903 4.0782 45
    endloop
  endfacet
  facet normal -0 0 1
    outer loop
      vertex 13.1693 4.64204 45
      vertex 13.6903 4.0782 45
      vertex 13.2036 4.67633 45
    endloop
  endfacet
  facet normal 0 0 1
    outer loop
      vertex 13.6903 4.0782 45
      vertex 13.1693 4.64204 45
      vertex 13.6304 4.03886 45
    endloop
  endfacet
  facet normal 0 0 1
    outer loop
      vertex 13.6304 4.03886 45
      vertex 13.1693 4.64204 45
      vertex 13.5651 4.00134 45
    endloop
  endfacet
  facet normal -0 0 1
    outer loop
      vertex 13.1306 4.60971 45
      vertex 13.5651 4.00134 45
      vertex 13.1693 4.64204 45
    endloop
  endfacet
  facet normal 0 0 1
    outer loop
      vertex 13.5651 4.00134 45
      vertex 13.1306 4.60971 45
      vertex 13.4942 3.96564 45
    endloop
  endfacet
  facet normal -0 0 1
    outer loop
      vertex 13.0876 4.57935 45
      vertex 13.4942 3.96564 45
      vertex 13.1306 4.60971 45
    endloop
  endfacet
  facet normal 0 0 1
    outer loop
      vertex 13.4942 3.96564 45
      vertex 13.0876 4.57935 45
      vertex 13.4178 3.93173 45
    endloop
  endfacet
  facet normal -0 0 1
    outer loop
      vertex 13.0402 4.55093 45
      vertex 13.4178 3.93173 45
      vertex 13.0876 4.57935 45
    endloop
  endfacet
  facet normal 0 0 1
    outer loop
      vertex 13.4178 3.93173 45
      vertex 13.0402 4.55093 45
      vertex 13.33 3.89824 45
    endloop
  endfacet
  facet normal -0 0 1
    outer loop
      vertex 12.9884 4.52449 45
      vertex 13.33 3.89824 45
      vertex 13.0402 4.55093 45
    endloop
  endfacet
  facet normal 0 0 1
    outer loop
      vertex 13.33 3.89824 45
      vertex 12.9884 4.52449 45
      vertex 13.2248 3.86377 45
    endloop
  endfacet
  facet normal -0 0 1
    outer loop
      vertex 12.9323 4.5 45
      vertex 13.2248 3.86377 45
      vertex 12.9884 4.52449 45
    endloop
  endfacet
  facet normal 0 0 1
    outer loop
      vertex 13.2248 3.86377 45
      vertex 12.9323 4.5 45
      vertex 13.1022 3.82832 45
    endloop
  endfacet
  facet normal -0 0 1
    outer loop
      vertex 12.8651 4.47568 45
      vertex 13.1022 3.82832 45
      vertex 12.9323 4.5 45
    endloop
  endfacet
  facet normal 0 0 1
    outer loop
      vertex 13.1022 3.82832 45
      vertex 12.8651 4.47568 45
      vertex 12.9621 3.79189 45
    endloop
  endfacet
  facet normal -0 0 1
    outer loop
      vertex 12.78 4.44968 45
      vertex 12.9621 3.79189 45
      vertex 12.8651 4.47568 45
    endloop
  endfacet
  facet normal -0 0 1
    outer loop
      vertex 12.677 4.42201 45
      vertex 12.9621 3.79189 45
      vertex 12.78 4.44968 45
    endloop
  endfacet
  facet normal 0 0 1
    outer loop
      vertex 12.9621 3.79189 45
      vertex 12.677 4.42201 45
      vertex 12.8047 3.75447 45
    endloop
  endfacet
  facet normal -0 0 1
    outer loop
      vertex 12.5562 4.3927 45
      vertex 12.8047 3.75447 45
      vertex 12.677 4.42201 45
    endloop
  endfacet
  facet normal 0 0 1
    outer loop
      vertex 12.8047 3.75447 45
      vertex 12.5562 4.3927 45
      vertex 12.6299 3.71609 45
    endloop
  endfacet
  facet normal -0 0 1
    outer loop
      vertex 12.4175 4.36172 45
      vertex 12.6299 3.71609 45
      vertex 12.5562 4.3927 45
    endloop
  endfacet
  facet normal 0 0 1
    outer loop
      vertex 12.6299 3.71609 45
      vertex 12.4175 4.36172 45
      vertex 12.4839 3.68358 45
    endloop
  endfacet
  facet normal -0 0 1
    outer loop
      vertex 12.261 4.32909 45
      vertex 12.4839 3.68358 45
      vertex 12.4175 4.36172 45
    endloop
  endfacet
  facet normal 0 0 1
    outer loop
      vertex 12.4839 3.68358 45
      vertex 12.261 4.32909 45
      vertex 12.3553 3.65295 45
    endloop
  endfacet
  facet normal -0 0 1
    outer loop
      vertex 12.1254 4.29672 45
      vertex 12.3553 3.65295 45
      vertex 12.261 4.32909 45
    endloop
  endfacet
  facet normal 0 0 1
    outer loop
      vertex 12.3553 3.65295 45
      vertex 12.1254 4.29672 45
      vertex 12.244 3.62421 45
    endloop
  endfacet
  facet normal -0 0 1
    outer loop
      vertex 12.0042 4.26656 45
      vertex 12.244 3.62421 45
      vertex 12.1254 4.29672 45
    endloop
  endfacet
  facet normal 0 0 1
    outer loop
      vertex 12.244 3.62421 45
      vertex 12.0042 4.26656 45
      vertex 12.1501 3.59735 45
    endloop
  endfacet
  facet normal -0 0 1
    outer loop
      vertex 11.8975 4.23857 45
      vertex 12.1501 3.59735 45
      vertex 12.0042 4.26656 45
    endloop
  endfacet
  facet normal 0 0 1
    outer loop
      vertex 12.1501 3.59735 45
      vertex 11.8975 4.23857 45
      vertex 12.0734 3.57237 45
    endloop
  endfacet
  facet normal -0 0 1
    outer loop
      vertex 11.8053 4.21277 45
      vertex 12.0734 3.57237 45
      vertex 11.8975 4.23857 45
    endloop
  endfacet
  facet normal 0 0 1
    outer loop
      vertex 12.0734 3.57237 45
      vertex 11.8053 4.21277 45
      vertex 12.0141 3.54929 45
    endloop
  endfacet
  facet normal -0 0 1
    outer loop
      vertex 11.7275 4.18915 45
      vertex 12.0141 3.54929 45
      vertex 11.8053 4.21277 45
    endloop
  endfacet
  facet normal 0 0 1
    outer loop
      vertex 12.0141 3.54929 45
      vertex 11.7275 4.18915 45
      vertex 11.9656 3.52634 45
    endloop
  endfacet
  facet normal -0 0 1
    outer loop
      vertex 11.6642 4.16772 45
      vertex 11.9656 3.52634 45
      vertex 11.7275 4.18915 45
    endloop
  endfacet
  facet normal 0 0 1
    outer loop
      vertex 11.9656 3.52634 45
      vertex 11.6642 4.16772 45
      vertex 11.9211 3.5018 45
    endloop
  endfacet
  facet normal -0 0 1
    outer loop
      vertex 11.609 4.14677 45
      vertex 11.9211 3.5018 45
      vertex 11.6642 4.16772 45
    endloop
  endfacet
  facet normal -0 0 1
    outer loop
      vertex 11.5557 4.12462 45
      vertex 11.9211 3.5018 45
      vertex 11.609 4.14677 45
    endloop
  endfacet
  facet normal 0 0 1
    outer loop
      vertex 11.9211 3.5018 45
      vertex 11.5557 4.12462 45
      vertex 11.8809 3.47569 45
    endloop
  endfacet
  facet normal -0 0 1
    outer loop
      vertex 11.5042 4.10127 45
      vertex 11.8809 3.47569 45
      vertex 11.5557 4.12462 45
    endloop
  endfacet
  facet normal -0 0 1
    outer loop
      vertex 11.4544 4.07671 45
      vertex 11.8809 3.47569 45
      vertex 11.5042 4.10127 45
    endloop
  endfacet
  facet normal 0 0 1
    outer loop
      vertex 11.8809 3.47569 45
      vertex 11.4544 4.07671 45
      vertex 11.8447 3.44801 45
    endloop
  endfacet
  facet normal -0 0 1
    outer loop
      vertex 11.4065 4.05093 45
      vertex 11.8447 3.44801 45
      vertex 11.4544 4.07671 45
    endloop
  endfacet
  facet normal 0 0 1
    outer loop
      vertex 11.8447 3.44801 45
      vertex 11.4065 4.05093 45
      vertex 11.8128 3.41873 45
    endloop
  endfacet
  facet normal -0 0 1
    outer loop
      vertex 11.3604 4.02397 45
      vertex 11.8128 3.41873 45
      vertex 11.4065 4.05093 45
    endloop
  endfacet
  facet normal -0 0 1
    outer loop
      vertex 11.3163 3.99544 45
      vertex 11.8128 3.41873 45
      vertex 11.3604 4.02397 45
    endloop
  endfacet
  facet normal -0 0 1
    outer loop
      vertex 11.2745 3.96503 45
      vertex 11.8128 3.41873 45
      vertex 11.3163 3.99544 45
    endloop
  endfacet
  facet normal 0 0 1
    outer loop
      vertex 11.8128 3.41873 45
      vertex 11.2745 3.96503 45
      vertex 11.7849 3.38789 45
    endloop
  endfacet
  facet normal -0 0 1
    outer loop
      vertex 11.235 3.93274 45
      vertex 11.7849 3.38789 45
      vertex 11.2745 3.96503 45
    endloop
  endfacet
  facet normal -0 0 1
    outer loop
      vertex 11.1976 3.89856 45
      vertex 11.7849 3.38789 45
      vertex 11.235 3.93274 45
    endloop
  endfacet
  facet normal -0 0 1
    outer loop
      vertex 11.1626 3.8625 45
      vertex 11.7849 3.38789 45
      vertex 11.1976 3.89856 45
    endloop
  endfacet
  facet normal 0 0 1
    outer loop
      vertex 11.7849 3.38789 45
      vertex 11.1626 3.8625 45
      vertex 11.7613 3.35472 45
    endloop
  endfacet
  facet normal -0 0 1
    outer loop
      vertex 11.1298 3.82457 45
      vertex 11.7613 3.35472 45
      vertex 11.1626 3.8625 45
    endloop
  endfacet
  facet normal -0 0 1
    outer loop
      vertex 11.0994 3.78456 45
      vertex 11.7613 3.35472 45
      vertex 11.1298 3.82457 45
    endloop
  endfacet
  facet normal -0 0 1
    outer loop
      vertex 11.0712 3.74229 45
      vertex 11.7613 3.35472 45
      vertex 11.0994 3.78456 45
    endloop
  endfacet
  facet normal 0 0 1
    outer loop
      vertex 11.7613 3.35472 45
      vertex 11.0712 3.74229 45
      vertex 11.742 3.31856 45
    endloop
  endfacet
  facet normal -0 0 1
    outer loop
      vertex 11.0454 3.69775 45
      vertex 11.742 3.31856 45
      vertex 11.0712 3.74229 45
    endloop
  endfacet
  facet normal -0 0 1
    outer loop
      vertex 11.022 3.65097 45
      vertex 11.742 3.31856 45
      vertex 11.0454 3.69775 45
    endloop
  endfacet
  facet normal -0 0 1
    outer loop
      vertex 11.0008 3.60191 45
      vertex 11.742 3.31856 45
      vertex 11.022 3.65097 45
    endloop
  endfacet
  facet normal 0 0 1
    outer loop
      vertex 11.742 3.31856 45
      vertex 11.0008 3.60191 45
      vertex 11.7269 3.27937 45
    endloop
  endfacet
  facet normal -0 0 1
    outer loop
      vertex 10.982 3.55061 45
      vertex 11.7269 3.27937 45
      vertex 11.0008 3.60191 45
    endloop
  endfacet
  facet normal -0 0 1
    outer loop
      vertex 10.9659 3.49689 45
      vertex 11.7269 3.27937 45
      vertex 10.982 3.55061 45
    endloop
  endfacet
  facet normal 0 0 1
    outer loop
      vertex 12.2125 2.7007 45
      vertex 11.046 2.7 45
      vertex 12.2247 2.7 45
    endloop
  endfacet
  facet normal 0 0 1
    outer loop
      vertex 12.0307 2.73868 45
      vertex 11.046 2.7 45
      vertex 12.2125 2.7007 45
    endloop
  endfacet
  facet normal 0 0 1
    outer loop
      vertex 11.8894 2.80197 45
      vertex 11.046 2.7 45
      vertex 12.0307 2.73868 45
    endloop
  endfacet
  facet normal 0 0 1
    outer loop
      vertex 11.7884 2.89058 45
      vertex 11.046 2.7 45
      vertex 11.8894 2.80197 45
    endloop
  endfacet
  facet normal -0 0 1
    outer loop
      vertex 10.9527 3.4406 45
      vertex 11.7269 3.27937 45
      vertex 10.9659 3.49689 45
    endloop
  endfacet
  facet normal 0 0 1
    outer loop
      vertex 11.7269 3.27937 45
      vertex 10.9527 3.4406 45
      vertex 11.7162 3.23717 45
    endloop
  endfacet
  facet normal 0 -0 1
    outer loop
      vertex 10.9724 2.87143 45
      vertex 11.7076 3.14372 45
      vertex 10.94 3.0239 45
    endloop
  endfacet
  facet normal -0 0 1
    outer loop
      vertex 10.9424 3.38176 45
      vertex 11.7162 3.23717 45
      vertex 10.9527 3.4406 45
    endloop
  endfacet
  facet normal -0 0 1
    outer loop
      vertex 10.935 3.32034 45
      vertex 11.7162 3.23717 45
      vertex 10.9424 3.38176 45
    endloop
  endfacet
  facet normal 0 0 1
    outer loop
      vertex 11.7162 3.23717 45
      vertex 10.935 3.32034 45
      vertex 11.7098 3.19196 45
    endloop
  endfacet
  facet normal 0 0 1
    outer loop
      vertex 11.7076 3.14372 45
      vertex 10.9724 2.87143 45
      vertex 11.7278 3.00449 45
    endloop
  endfacet
  facet normal -0 0 1
    outer loop
      vertex 10.9306 3.25638 45
      vertex 11.7098 3.19196 45
      vertex 10.935 3.32034 45
    endloop
  endfacet
  facet normal 0 0 1
    outer loop
      vertex 10.9292 3.18985 45
      vertex 11.7098 3.19196 45
      vertex 10.9306 3.25638 45
    endloop
  endfacet
  facet normal 0 0 1
    outer loop
      vertex 11.7098 3.19196 45
      vertex 10.9292 3.18985 45
      vertex 11.7076 3.14372 45
    endloop
  endfacet
  facet normal 0 -0 1
    outer loop
      vertex 10.94 3.0239 45
      vertex 11.7076 3.14372 45
      vertex 10.9292 3.18985 45
    endloop
  endfacet
  facet normal 0 -0 1
    outer loop
      vertex 11.0265 2.73245 45
      vertex 11.7278 3.00449 45
      vertex 10.9724 2.87143 45
    endloop
  endfacet
  facet normal 0 -0 1
    outer loop
      vertex 11.046 2.7 45
      vertex 11.7278 3.00449 45
      vertex 11.0265 2.73245 45
    endloop
  endfacet
  facet normal 0 0 1
    outer loop
      vertex 11.7278 3.00449 45
      vertex 11.046 2.7 45
      vertex 11.7884 2.89058 45
    endloop
  endfacet
  facet normal 0 0 1
    outer loop
      vertex 13.2022 3.18445 45
      vertex 13.9366 2.91582 45
      vertex 13.978 3.07864 45
    endloop
  endfacet
  facet normal 0 0 1
    outer loop
      vertex 13.9366 2.91582 45
      vertex 13.1789 3.10556 45
      vertex 13.8811 2.76912 45
    endloop
  endfacet
  facet normal 0 0 1
    outer loop
      vertex 13.9366 2.91582 45
      vertex 13.2022 3.18445 45
      vertex 13.1789 3.10556 45
    endloop
  endfacet
  facet normal 0 0 1
    outer loop
      vertex 13.8811 2.76912 45
      vertex 13.1789 3.10556 45
      vertex 13.8443 2.7 45
    endloop
  endfacet
  facet normal -0 0 1
    outer loop
      vertex 13.1487 3.03345 45
      vertex 13.8443 2.7 45
      vertex 13.1789 3.10556 45
    endloop
  endfacet
  facet normal -0 0 1
    outer loop
      vertex 13.1117 2.96812 45
      vertex 13.8443 2.7 45
      vertex 13.1487 3.03345 45
    endloop
  endfacet
  facet normal -0 0 1
    outer loop
      vertex 13.0678 2.90959 45
      vertex 13.8443 2.7 45
      vertex 13.1117 2.96812 45
    endloop
  endfacet
  facet normal -0 0 1
    outer loop
      vertex 13.017 2.85782 45
      vertex 13.8443 2.7 45
      vertex 13.0678 2.90959 45
    endloop
  endfacet
  facet normal -0 0 1
    outer loop
      vertex 12.9594 2.81285 45
      vertex 13.8443 2.7 45
      vertex 13.017 2.85782 45
    endloop
  endfacet
  facet normal -0 0 1
    outer loop
      vertex 12.894 2.77472 45
      vertex 13.8443 2.7 45
      vertex 12.9594 2.81285 45
    endloop
  endfacet
  facet normal -0 0 1
    outer loop
      vertex 12.8197 2.74352 45
      vertex 13.8443 2.7 45
      vertex 12.894 2.77472 45
    endloop
  endfacet
  facet normal -0 0 1
    outer loop
      vertex 12.7367 2.71925 45
      vertex 13.8443 2.7 45
      vertex 12.8197 2.74352 45
    endloop
  endfacet
  facet normal -0 0 1
    outer loop
      vertex 12.6448 2.70192 45
      vertex 13.8443 2.7 45
      vertex 12.7367 2.71925 45
    endloop
  endfacet
  facet normal 0 0 1
    outer loop
      vertex 13.8443 2.7 45
      vertex 12.6448 2.70192 45
      vertex 12.6262 2.7 45
    endloop
  endfacet
  facet normal -0 0 1
    outer loop
      vertex 14.5803 6 45
      vertex 15.3805 2.7 45
      vertex 15.3805 6 45
    endloop
  endfacet
  facet normal 0 0 1
    outer loop
      vertex 15.3805 2.7 45
      vertex 14.5803 6 45
      vertex 14.5803 2.7 45
    endloop
  endfacet
  facet normal 0 0 1
    outer loop
      vertex 19.7973 4.26633 45
      vertex 18.9793 4.27928 45
      vertex 18.9874 4.07141 45
    endloop
  endfacet
  facet normal 0 0 1
    outer loop
      vertex 19.1628 5.63051 45
      vertex 18.955 4.47075 45
      vertex 18.9793 4.27928 45
    endloop
  endfacet
  facet normal 0 0 1
    outer loop
      vertex 19.1628 5.63051 45
      vertex 18.9145 4.64578 45
      vertex 18.955 4.47075 45
    endloop
  endfacet
  facet normal 0 0 1
    outer loop
      vertex 18.5918 5.18008 45
      vertex 19.0332 5.72827 45
      vertex 18.8924 5.81421 45
    endloop
  endfacet
  facet normal 0 0 1
    outer loop
      vertex 19.1628 5.63051 45
      vertex 18.8578 4.80438 45
      vertex 18.9145 4.64578 45
    endloop
  endfacet
  facet normal 0 0 1
    outer loop
      vertex 19.1628 5.63051 45
      vertex 18.7849 4.94656 45
      vertex 18.8578 4.80438 45
    endloop
  endfacet
  facet normal 0 0 1
    outer loop
      vertex 18.4741 5.26823 45
      vertex 18.8924 5.81421 45
      vertex 18.7419 5.88756 45
    endloop
  endfacet
  facet normal 0 0 1
    outer loop
      vertex 19.1628 5.63051 45
      vertex 18.6958 5.07233 45
      vertex 18.7849 4.94656 45
    endloop
  endfacet
  facet normal 0 0 1
    outer loop
      vertex 19.1628 5.63051 45
      vertex 18.5918 5.18008 45
      vertex 18.6958 5.07233 45
    endloop
  endfacet
  facet normal 0 0 1
    outer loop
      vertex 18.3428 5.33681 45
      vertex 18.7419 5.88756 45
      vertex 18.5832 5.94757 45
    endloop
  endfacet
  facet normal 0 0 1
    outer loop
      vertex 18.8924 5.81421 45
      vertex 18.4741 5.26823 45
      vertex 18.5918 5.18008 45
    endloop
  endfacet
  facet normal 0 0 1
    outer loop
      vertex 18.3428 5.33681 45
      vertex 18.5832 5.94757 45
      vertex 18.4164 5.99423 45
    endloop
  endfacet
  facet normal 0 0 1
    outer loop
      vertex 18.7419 5.88756 45
      vertex 18.3428 5.33681 45
      vertex 18.4741 5.26823 45
    endloop
  endfacet
  facet normal 0 0 1
    outer loop
      vertex 18.1979 5.38579 45
      vertex 18.4164 5.99423 45
      vertex 18.2414 6.02756 45
    endloop
  endfacet
  facet normal 0 0 1
    outer loop
      vertex 18.4164 5.99423 45
      vertex 18.1979 5.38579 45
      vertex 18.3428 5.33681 45
    endloop
  endfacet
  facet normal 0 0 1
    outer loop
      vertex 18.0393 5.41518 45
      vertex 18.2414 6.02756 45
      vertex 18.0583 6.04756 45
    endloop
  endfacet
  facet normal 0 0 1
    outer loop
      vertex 18.2414 6.02756 45
      vertex 18.0393 5.41518 45
      vertex 18.1979 5.38579 45
    endloop
  endfacet
  facet normal 0 0 1
    outer loop
      vertex 17.8671 5.42497 45
      vertex 18.0583 6.04756 45
      vertex 17.8671 6.05423 45
    endloop
  endfacet
  facet normal 0 0 1
    outer loop
      vertex 18.0583 6.04756 45
      vertex 17.8671 5.42497 45
      vertex 18.0393 5.41518 45
    endloop
  endfacet
  facet normal 0 0 1
    outer loop
      vertex 17.8671 6.05423 45
      vertex 17.7005 5.4149 45
      vertex 17.8671 5.42497 45
    endloop
  endfacet
  facet normal -0 0 1
    outer loop
      vertex 17.5777 6.03951 45
      vertex 17.7005 5.4149 45
      vertex 17.8671 6.05423 45
    endloop
  endfacet
  facet normal 0 0 1
    outer loop
      vertex 17.5777 6.03951 45
      vertex 17.546 5.38474 45
      vertex 17.7005 5.4149 45
    endloop
  endfacet
  facet normal -0 0 1
    outer loop
      vertex 17.31 5.99533 45
      vertex 17.546 5.38474 45
      vertex 17.5777 6.03951 45
    endloop
  endfacet
  facet normal 0 0 1
    outer loop
      vertex 17.546 5.38474 45
      vertex 17.31 5.99533 45
      vertex 17.4036 5.33444 45
    endloop
  endfacet
  facet normal -0 0 1
    outer loop
      vertex 17.0639 5.92168 45
      vertex 17.4036 5.33444 45
      vertex 17.31 5.99533 45
    endloop
  endfacet
  facet normal 0 0 1
    outer loop
      vertex 17.4036 5.33444 45
      vertex 17.0639 5.92168 45
      vertex 17.2734 5.26402 45
    endloop
  endfacet
  facet normal -0 0 1
    outer loop
      vertex 16.8394 5.81857 45
      vertex 17.2734 5.26402 45
      vertex 17.0639 5.92168 45
    endloop
  endfacet
  facet normal 0 0 1
    outer loop
      vertex 17.2734 5.26402 45
      vertex 16.8394 5.81857 45
      vertex 17.1553 5.17349 45
    endloop
  endfacet
  facet normal -0 0 1
    outer loop
      vertex 16.6365 5.686 45
      vertex 17.1553 5.17349 45
      vertex 16.8394 5.81857 45
    endloop
  endfacet
  facet normal 0 0 1
    outer loop
      vertex 17.1553 5.17349 45
      vertex 16.6365 5.686 45
      vertex 17.0493 5.06285 45
    endloop
  endfacet
  facet normal -0 0 1
    outer loop
      vertex 16.4552 5.52397 45
      vertex 17.0493 5.06285 45
      vertex 16.6365 5.686 45
    endloop
  endfacet
  facet normal 0 0 1
    outer loop
      vertex 17.0493 5.06285 45
      vertex 16.4552 5.52397 45
      vertex 16.9577 4.93472 45
    endloop
  endfacet
  facet normal -0 0 1
    outer loop
      vertex 16.299 5.33632 45
      vertex 16.9577 4.93472 45
      vertex 16.4552 5.52397 45
    endloop
  endfacet
  facet normal 0 0 1
    outer loop
      vertex 16.9577 4.93472 45
      vertex 16.299 5.33632 45
      vertex 16.8828 4.79175 45
    endloop
  endfacet
  facet normal -0 0 1
    outer loop
      vertex 16.0718 4.89569 45
      vertex 16.8828 4.79175 45
      vertex 16.1712 5.12689 45
    endloop
  endfacet
  facet normal -0 0 1
    outer loop
      vertex 16.1712 5.12689 45
      vertex 16.8828 4.79175 45
      vertex 16.299 5.33632 45
    endloop
  endfacet
  facet normal 0 0 1
    outer loop
      vertex 18.9874 4.07141 45
      vertex 19.8038 4.07141 45
      vertex 19.7973 4.26633 45
    endloop
  endfacet
  facet normal -0 0 1
    outer loop
      vertex 18.9793 4.27928 45
      vertex 19.7973 4.26633 45
      vertex 19.7776 4.45328 45
    endloop
  endfacet
  facet normal 0 0 1
    outer loop
      vertex 18.9792 3.87268 45
      vertex 19.8038 4.07141 45
      vertex 18.9874 4.07141 45
    endloop
  endfacet
  facet normal 0 0 1
    outer loop
      vertex 18.9793 4.27928 45
      vertex 19.7776 4.45328 45
      vertex 19.7448 4.63223 45
    endloop
  endfacet
  facet normal 0 0 1
    outer loop
      vertex 18.9793 4.27928 45
      vertex 19.7448 4.63223 45
      vertex 19.6989 4.80319 45
    endloop
  endfacet
  facet normal 0 0 1
    outer loop
      vertex 19.8038 4.07141 45
      vertex 18.9792 3.87268 45
      vertex 19.7896 3.77928 45
    endloop
  endfacet
  facet normal 0 0 1
    outer loop
      vertex 18.9793 4.27928 45
      vertex 19.6989 4.80319 45
      vertex 19.6399 4.96617 45
    endloop
  endfacet
  facet normal 0 0 1
    outer loop
      vertex 18.9548 3.6888 45
      vertex 19.7896 3.77928 45
      vertex 18.9792 3.87268 45
    endloop
  endfacet
  facet normal 0 0 1
    outer loop
      vertex 18.9793 4.27928 45
      vertex 19.6399 4.96617 45
      vertex 19.5678 5.12117 45
    endloop
  endfacet
  facet normal 0 0 1
    outer loop
      vertex 18.9793 4.27928 45
      vertex 19.5678 5.12117 45
      vertex 19.4835 5.26624 45
    endloop
  endfacet
  facet normal 0 0 1
    outer loop
      vertex 19.7896 3.77928 45
      vertex 18.9548 3.6888 45
      vertex 19.747 3.50871 45
    endloop
  endfacet
  facet normal 0 0 1
    outer loop
      vertex 18.9793 4.27928 45
      vertex 19.4835 5.26624 45
      vertex 19.3879 5.39949 45
    endloop
  endfacet
  facet normal -0 0 1
    outer loop
      vertex 18.9141 3.51976 45
      vertex 19.747 3.50871 45
      vertex 18.9548 3.6888 45
    endloop
  endfacet
  facet normal 0 0 1
    outer loop
      vertex 18.9793 4.27928 45
      vertex 19.3879 5.39949 45
      vertex 19.281 5.5209 45
    endloop
  endfacet
  facet normal 0 0 1
    outer loop
      vertex 18.9793 4.27928 45
      vertex 19.281 5.5209 45
      vertex 19.1628 5.63051 45
    endloop
  endfacet
  facet normal 0 0 1
    outer loop
      vertex 18.5918 5.18008 45
      vertex 19.1628 5.63051 45
      vertex 19.0332 5.72827 45
    endloop
  endfacet
  facet normal 0 0 1
    outer loop
      vertex 19.747 3.50871 45
      vertex 18.9141 3.51976 45
      vertex 19.676 3.2597 45
    endloop
  endfacet
  facet normal 0 0 1
    outer loop
      vertex 19.676 3.2597 45
      vertex 18.9141 3.51976 45
      vertex 19.5766 3.03223 45
    endloop
  endfacet
  facet normal -0 0 1
    outer loop
      vertex 18.8572 3.36557 45
      vertex 19.5766 3.03223 45
      vertex 18.9141 3.51976 45
    endloop
  endfacet
  facet normal 0 0 1
    outer loop
      vertex 19.5766 3.03223 45
      vertex 18.8572 3.36557 45
      vertex 19.4487 2.82631 45
    endloop
  endfacet
  facet normal -0 0 1
    outer loop
      vertex 18.7839 3.22623 45
      vertex 19.4487 2.82631 45
      vertex 18.8572 3.36557 45
    endloop
  endfacet
  facet normal 0 0 1
    outer loop
      vertex 19.4487 2.82631 45
      vertex 18.7839 3.22623 45
      vertex 19.3417 2.7 45
    endloop
  endfacet
  facet normal -0 0 1
    outer loop
      vertex 18.6944 3.10173 45
      vertex 19.3417 2.7 45
      vertex 18.7839 3.22623 45
    endloop
  endfacet
  facet normal -0 0 1
    outer loop
      vertex 18.5902 2.99438 45
      vertex 19.3417 2.7 45
      vertex 18.6944 3.10173 45
    endloop
  endfacet
  facet normal -0 0 1
    outer loop
      vertex 18.4729 2.90657 45
      vertex 19.3417 2.7 45
      vertex 18.5902 2.99438 45
    endloop
  endfacet
  facet normal -0 0 1
    outer loop
      vertex 18.3425 2.83827 45
      vertex 19.3417 2.7 45
      vertex 18.4729 2.90657 45
    endloop
  endfacet
  facet normal -0 0 1
    outer loop
      vertex 18.1989 2.78947 45
      vertex 19.3417 2.7 45
      vertex 18.3425 2.83827 45
    endloop
  endfacet
  facet normal -0 0 1
    outer loop
      vertex 18.0423 2.76021 45
      vertex 19.3417 2.7 45
      vertex 18.1989 2.78947 45
    endloop
  endfacet
  facet normal -0 0 1
    outer loop
      vertex 17.8725 2.75044 45
      vertex 19.3417 2.7 45
      vertex 18.0423 2.76021 45
    endloop
  endfacet
  facet normal 0 0 1
    outer loop
      vertex 16.8828 4.79175 45
      vertex 16.0718 4.89569 45
      vertex 16.8245 4.63393 45
    endloop
  endfacet
  facet normal -0 0 1
    outer loop
      vertex 16.0007 4.6427 45
      vertex 16.8245 4.63393 45
      vertex 16.0718 4.89569 45
    endloop
  endfacet
  facet normal 0 0 1
    outer loop
      vertex 16.8245 4.63393 45
      vertex 16.0007 4.6427 45
      vertex 16.7829 4.46126 45
    endloop
  endfacet
  facet normal 0 0 1
    outer loop
      vertex 17.8725 2.75044 45
      vertex 16.3998 2.7 45
      vertex 19.3417 2.7 45
    endloop
  endfacet
  facet normal 0 0 1
    outer loop
      vertex 17.7003 2.76013 45
      vertex 16.3998 2.7 45
      vertex 17.8725 2.75044 45
    endloop
  endfacet
  facet normal 0 0 1
    outer loop
      vertex 17.5416 2.78917 45
      vertex 16.3998 2.7 45
      vertex 17.7003 2.76013 45
    endloop
  endfacet
  facet normal 0 0 1
    outer loop
      vertex 17.3965 2.83759 45
      vertex 16.3998 2.7 45
      vertex 17.5416 2.78917 45
    endloop
  endfacet
  facet normal 0 0 1
    outer loop
      vertex 17.2649 2.90536 45
      vertex 16.3998 2.7 45
      vertex 17.3965 2.83759 45
    endloop
  endfacet
  facet normal 0 0 1
    outer loop
      vertex 17.1469 2.99251 45
      vertex 16.3998 2.7 45
      vertex 17.2649 2.90536 45
    endloop
  endfacet
  facet normal 0 0 1
    outer loop
      vertex 17.0425 3.09901 45
      vertex 16.3998 2.7 45
      vertex 17.1469 2.99251 45
    endloop
  endfacet
  facet normal 0 0 1
    outer loop
      vertex 16.953 3.22282 45
      vertex 16.3998 2.7 45
      vertex 17.0425 3.09901 45
    endloop
  endfacet
  facet normal 0 0 1
    outer loop
      vertex 16.2981 2.81953 45
      vertex 16.953 3.22282 45
      vertex 16.8797 3.36195 45
    endloop
  endfacet
  facet normal 0 0 1
    outer loop
      vertex 16.0714 3.25293 45
      vertex 16.8797 3.36195 45
      vertex 16.8228 3.51637 45
    endloop
  endfacet
  facet normal 0 0 1
    outer loop
      vertex 16.0006 3.5033 45
      vertex 16.8228 3.51637 45
      vertex 16.7821 3.68608 45
    endloop
  endfacet
  facet normal 0 0 1
    outer loop
      vertex 15.9581 4.36795 45
      vertex 16.7829 4.46126 45
      vertex 16.0007 4.6427 45
    endloop
  endfacet
  facet normal 0 0 1
    outer loop
      vertex 16.7829 4.46126 45
      vertex 15.9581 4.36795 45
      vertex 16.7579 4.27376 45
    endloop
  endfacet
  facet normal 0 0 1
    outer loop
      vertex 16.7577 3.87109 45
      vertex 15.9581 3.77612 45
      vertex 16.7821 3.68608 45
    endloop
  endfacet
  facet normal 0 0 1
    outer loop
      vertex 15.9439 4.07141 45
      vertex 16.7579 4.27376 45
      vertex 15.9581 4.36795 45
    endloop
  endfacet
  facet normal 0 -0 1
    outer loop
      vertex 16.0006 3.5033 45
      vertex 16.7821 3.68608 45
      vertex 15.9581 3.77612 45
    endloop
  endfacet
  facet normal 0 0 1
    outer loop
      vertex 16.7579 4.27376 45
      vertex 15.9439 4.07141 45
      vertex 16.7496 4.07141 45
    endloop
  endfacet
  facet normal 0 -0 1
    outer loop
      vertex 15.9581 3.77612 45
      vertex 16.7577 3.87109 45
      vertex 15.9439 4.07141 45
    endloop
  endfacet
  facet normal 0 0 1
    outer loop
      vertex 16.7496 4.07141 45
      vertex 15.9439 4.07141 45
      vertex 16.7577 3.87109 45
    endloop
  endfacet
  facet normal 0 0 1
    outer loop
      vertex 16.8228 3.51637 45
      vertex 16.0006 3.5033 45
      vertex 16.0714 3.25293 45
    endloop
  endfacet
  facet normal 0 0 1
    outer loop
      vertex 16.8797 3.36195 45
      vertex 16.0714 3.25293 45
      vertex 16.1706 3.02501 45
    endloop
  endfacet
  facet normal 0 0 1
    outer loop
      vertex 16.953 3.22282 45
      vertex 16.2981 2.81953 45
      vertex 16.3998 2.7 45
    endloop
  endfacet
  facet normal 0 0 1
    outer loop
      vertex 16.8797 3.36195 45
      vertex 16.1706 3.02501 45
      vertex 16.2981 2.81953 45
    endloop
  endfacet
  facet normal -0 0 1
    outer loop
      vertex -3.35765 4.89061 45
      vertex -1.94714 4.22873 45
      vertex -1.94714 4.89061 45
    endloop
  endfacet
  facet normal 0 0 1
    outer loop
      vertex -1.94714 4.22873 45
      vertex -3.35765 4.89061 45
      vertex -3.35765 4.22873 45
    endloop
  endfacet
  facet normal 0 0 1
    outer loop
      vertex 1.83612 6 45
      vertex 1.03593 6 45
      vertex 1.83612 2.79652 45
    endloop
  endfacet
  facet normal -0 0 1
    outer loop
      vertex 1.83612 2.79652 45
      vertex 3.07304 2.7 45
      vertex 3.07304 2.79652 45
    endloop
  endfacet
  facet normal 0 0 1
    outer loop
      vertex 1.03593 2.79652 45
      vertex 1.83612 2.79652 45
      vertex 1.03593 6 45
    endloop
  endfacet
  facet normal -0 0 1
    outer loop
      vertex 1.03593 2.79652 45
      vertex 3.07304 2.7 45
      vertex 1.83612 2.79652 45
    endloop
  endfacet
  facet normal 0 0 1
    outer loop
      vertex -0.198227 2.7 45
      vertex 1.03593 2.79652 45
      vertex -0.198227 2.79652 45
    endloop
  endfacet
  facet normal 0 0 1
    outer loop
      vertex 1.03593 2.79652 45
      vertex -0.198227 2.7 45
      vertex 3.07304 2.7 45
    endloop
  endfacet
  facet normal -0 0 1
    outer loop
      vertex -6.04831 4.93645 45
      vertex -5.24049 4.90956 45
      vertex -5.25134 5.07661 45
    endloop
  endfacet
  facet normal 0 -0 1
    outer loop
      vertex -6.04337 4.84721 45
      vertex -5.24049 4.90956 45
      vertex -6.04831 4.93645 45
    endloop
  endfacet
  facet normal 0 0 1
    outer loop
      vertex -6.06311 5.01793 45
      vertex -5.25134 5.07661 45
      vertex -5.28389 5.23055 45
    endloop
  endfacet
  facet normal 0 0 1
    outer loop
      vertex -5.24049 4.90956 45
      vertex -6.04337 4.84721 45
      vertex -5.24724 4.78363 45
    endloop
  endfacet
  facet normal 0 0 1
    outer loop
      vertex -6.06311 5.01793 45
      vertex -5.28389 5.23055 45
      vertex -5.33813 5.37138 45
    endloop
  endfacet
  facet normal 0 0 1
    outer loop
      vertex -5.24724 4.78363 45
      vertex -6.04337 4.84721 45
      vertex -5.26746 4.6662 45
    endloop
  endfacet
  facet normal -0 0 1
    outer loop
      vertex -6.06477 4.68311 45
      vertex -5.30118 4.55728 45
      vertex -6.04337 4.84721 45
    endloop
  endfacet
  facet normal 0 0 1
    outer loop
      vertex -6.08778 5.09166 45
      vertex -5.33813 5.37138 45
      vertex -5.41409 5.4991 45
    endloop
  endfacet
  facet normal 0 0 1
    outer loop
      vertex -5.26746 4.6662 45
      vertex -6.04337 4.84721 45
      vertex -5.30118 4.55728 45
    endloop
  endfacet
  facet normal 0 0 1
    outer loop
      vertex -6.08778 5.09166 45
      vertex -5.41409 5.4991 45
      vertex -5.51173 5.61371 45
    endloop
  endfacet
  facet normal 0 0 1
    outer loop
      vertex -5.30118 4.55728 45
      vertex -6.06477 4.68311 45
      vertex -5.34837 4.45689 45
    endloop
  endfacet
  facet normal 0 0 1
    outer loop
      vertex -6.12233 5.15762 45
      vertex -5.51173 5.61371 45
      vertex -5.63109 5.71521 45
    endloop
  endfacet
  facet normal 0 0 1
    outer loop
      vertex -5.34837 4.45689 45
      vertex -6.06477 4.68311 45
      vertex -5.40907 4.36501 45
    endloop
  endfacet
  facet normal 0 0 1
    outer loop
      vertex -6.16676 5.21584 45
      vertex -5.63109 5.71521 45
      vertex -5.76973 5.80223 45
    endloop
  endfacet
  facet normal 0 0 1
    outer loop
      vertex -5.40907 4.36501 45
      vertex -6.06477 4.68311 45
      vertex -5.48325 4.28165 45
    endloop
  endfacet
  facet normal -0 0 1
    outer loop
      vertex -6.12897 4.54883 45
      vertex -5.57031 4.20761 45
      vertex -6.06477 4.68311 45
    endloop
  endfacet
  facet normal 0 0 1
    outer loop
      vertex -6.22105 5.26628 45
      vertex -5.76973 5.80223 45
      vertex -5.92525 5.87343 45
    endloop
  endfacet
  facet normal 0 0 1
    outer loop
      vertex -5.57031 4.20761 45
      vertex -6.12897 4.54883 45
      vertex -5.66965 4.14375 45
    endloop
  endfacet
  facet normal 0 0 1
    outer loop
      vertex -5.66965 4.14375 45
      vertex -6.12897 4.54883 45
      vertex -5.78128 4.09007 45
    endloop
  endfacet
  facet normal 0 0 1
    outer loop
      vertex -5.48325 4.28165 45
      vertex -6.06477 4.68311 45
      vertex -5.57031 4.20761 45
    endloop
  endfacet
  facet normal 0 0 1
    outer loop
      vertex -5.25134 5.07661 45
      vertex -6.06311 5.01793 45
      vertex -6.04831 4.93645 45
    endloop
  endfacet
  facet normal 0 0 1
    outer loop
      vertex -5.33813 5.37138 45
      vertex -6.08778 5.09166 45
      vertex -6.06311 5.01793 45
    endloop
  endfacet
  facet normal 0 0 1
    outer loop
      vertex -6.28604 5.30898 45
      vertex -5.92525 5.87343 45
      vertex -6.09764 5.9288 45
    endloop
  endfacet
  facet normal 0 0 1
    outer loop
      vertex -5.51173 5.61371 45
      vertex -6.12233 5.15762 45
      vertex -6.08778 5.09166 45
    endloop
  endfacet
  facet normal 0 0 1
    outer loop
      vertex -5.63109 5.71521 45
      vertex -6.16676 5.21584 45
      vertex -6.12233 5.15762 45
    endloop
  endfacet
  facet normal 0 0 1
    outer loop
      vertex -5.76973 5.80223 45
      vertex -6.22105 5.26628 45
      vertex -6.16676 5.21584 45
    endloop
  endfacet
  facet normal 0 0 1
    outer loop
      vertex -5.92525 5.87343 45
      vertex -6.28604 5.30898 45
      vertex -6.22105 5.26628 45
    endloop
  endfacet
  facet normal 0 0 1
    outer loop
      vertex -6.36255 5.34389 45
      vertex -6.09764 5.9288 45
      vertex -6.28691 5.96837 45
    endloop
  endfacet
  facet normal 0 0 1
    outer loop
      vertex -6.09764 5.9288 45
      vertex -6.36255 5.34389 45
      vertex -6.28604 5.30898 45
    endloop
  endfacet
  facet normal 0 0 1
    outer loop
      vertex -6.28691 5.96837 45
      vertex -6.45059 5.37105 45
      vertex -6.36255 5.34389 45
    endloop
  endfacet
  facet normal 0 0 1
    outer loop
      vertex -6.49306 5.9921 45
      vertex -6.45059 5.37105 45
      vertex -6.28691 5.96837 45
    endloop
  endfacet
  facet normal 0 0 1
    outer loop
      vertex -6.49306 5.9921 45
      vertex -6.55017 5.39044 45
      vertex -6.45059 5.37105 45
    endloop
  endfacet
  facet normal 0 0 1
    outer loop
      vertex -6.49306 5.9921 45
      vertex -6.66127 5.40208 45
      vertex -6.55017 5.39044 45
    endloop
  endfacet
  facet normal 0 0 1
    outer loop
      vertex -6.71609 6 45
      vertex -6.66127 5.40208 45
      vertex -6.49306 5.9921 45
    endloop
  endfacet
  facet normal 0 0 1
    outer loop
      vertex -6.71609 6 45
      vertex -6.78389 5.40596 45
      vertex -6.66127 5.40208 45
    endloop
  endfacet
  facet normal 0 0 1
    outer loop
      vertex -6.71609 6 45
      vertex -7.8282 5.40596 45
      vertex -6.78389 5.40596 45
    endloop
  endfacet
  facet normal 0 0 1
    outer loop
      vertex -8.6284 6 45
      vertex -7.8282 4.31013 45
      vertex -7.8282 5.40596 45
    endloop
  endfacet
  facet normal 0 0 1
    outer loop
      vertex -8.6284 2.17809 45
      vertex -7.8282 4.31013 45
      vertex -8.6284 6 45
    endloop
  endfacet
  facet normal 0 0 1
    outer loop
      vertex -7.8282 3.71881 45
      vertex -8.22577 2.40572 45
      vertex -7.8282 2.77213 45
    endloop
  endfacet
  facet normal 0 0 1
    outer loop
      vertex -7.8282 2.77213 45
      vertex -8.22577 2.40572 45
      vertex -7.83435 2.56785 45
    endloop
  endfacet
  facet normal 0 0 1
    outer loop
      vertex -7.8282 3.71881 45
      vertex -8.6284 2.17809 45
      vertex -8.22577 2.40572 45
    endloop
  endfacet
  facet normal 0 0 1
    outer loop
      vertex -8.22577 2.40572 45
      vertex -8.6284 2.17809 45
      vertex -8.58702 2.18435 45
    endloop
  endfacet
  facet normal -0 0 1
    outer loop
      vertex -8.6284 6 45
      vertex -7.8282 5.40596 45
      vertex -6.71609 6 45
    endloop
  endfacet
  facet normal 0 0 1
    outer loop
      vertex -7.8282 4.31013 45
      vertex -8.6284 2.17809 45
      vertex -7.8282 3.71881 45
    endloop
  endfacet
  facet normal 0 0 1
    outer loop
      vertex -8.58702 2.18435 45
      vertex -8.6284 2.17809 45
      vertex -8.59435 2.17809 45
    endloop
  endfacet
  facet normal 0 0 1
    outer loop
      vertex -5.78128 4.09007 45
      vertex -6.12897 4.54883 45
      vertex -5.90518 4.04655 45
    endloop
  endfacet
  facet normal -0 0 1
    outer loop
      vertex -6.23596 4.4444 45
      vertex -5.90518 4.04655 45
      vertex -6.12897 4.54883 45
    endloop
  endfacet
  facet normal 0 0 1
    outer loop
      vertex -5.90518 4.04655 45
      vertex -6.23596 4.4444 45
      vertex -6.04138 4.01321 45
    endloop
  endfacet
  facet normal 0 0 1
    outer loop
      vertex -6.04138 4.01321 45
      vertex -6.23596 4.4444 45
      vertex -6.18985 3.99005 45
    endloop
  endfacet
  facet normal -0 0 1
    outer loop
      vertex -6.27037 3.16505 45
      vertex -5.46021 3.13832 45
      vertex -5.46523 3.244 45
    endloop
  endfacet
  facet normal -0 0 1
    outer loop
      vertex -6.26581 3.24681 45
      vertex -5.46523 3.244 45
      vertex -5.48026 3.34401 45
    endloop
  endfacet
  facet normal 0 0 1
    outer loop
      vertex -5.46021 3.13832 45
      vertex -6.27037 3.16505 45
      vertex -5.47018 2.98654 45
    endloop
  endfacet
  facet normal 0 0 1
    outer loop
      vertex -6.26581 3.24681 45
      vertex -5.48026 3.34401 45
      vertex -5.50531 3.43839 45
    endloop
  endfacet
  facet normal 0 0 1
    outer loop
      vertex -6.27007 3.32219 45
      vertex -5.50531 3.43839 45
      vertex -5.54039 3.52711 45
    endloop
  endfacet
  facet normal -0 0 1
    outer loop
      vertex -6.28404 3.0916 45
      vertex -5.47018 2.98654 45
      vertex -6.27037 3.16505 45
    endloop
  endfacet
  facet normal 0 0 1
    outer loop
      vertex -5.47018 2.98654 45
      vertex -6.28404 3.0916 45
      vertex -5.50014 2.84764 45
    endloop
  endfacet
  facet normal 0 0 1
    outer loop
      vertex -6.27007 3.32219 45
      vertex -5.54039 3.52711 45
      vertex -5.58548 3.61018 45
    endloop
  endfacet
  facet normal 0 0 1
    outer loop
      vertex -6.28284 3.39104 45
      vertex -5.58548 3.61018 45
      vertex -5.64061 3.68761 45
    endloop
  endfacet
  facet normal 0 0 1
    outer loop
      vertex -6.28284 3.39104 45
      vertex -5.64061 3.68761 45
      vertex -5.70596 3.75816 45
    endloop
  endfacet
  facet normal 0 0 1
    outer loop
      vertex -6.28284 3.39104 45
      vertex -5.70596 3.75816 45
      vertex -5.7818 3.82066 45
    endloop
  endfacet
  facet normal 0 0 1
    outer loop
      vertex -6.30412 3.45331 45
      vertex -5.7818 3.82066 45
      vertex -5.8681 3.87509 45
    endloop
  endfacet
  facet normal 0 0 1
    outer loop
      vertex -6.30412 3.45331 45
      vertex -5.8681 3.87509 45
      vertex -5.96487 3.92148 45
    endloop
  endfacet
  facet normal 0 0 1
    outer loop
      vertex -6.33394 3.50903 45
      vertex -5.96487 3.92148 45
      vertex -6.07213 3.95979 45
    endloop
  endfacet
  facet normal 0 0 1
    outer loop
      vertex -6.37225 3.5582 45
      vertex -6.07213 3.95979 45
      vertex -6.18985 3.99005 45
    endloop
  endfacet
  facet normal -0 0 1
    outer loop
      vertex -6.38576 4.3698 45
      vertex -6.18985 3.99005 45
      vertex -6.23596 4.4444 45
    endloop
  endfacet
  facet normal 0 0 1
    outer loop
      vertex -5.50531 3.43839 45
      vertex -6.27007 3.32219 45
      vertex -6.26581 3.24681 45
    endloop
  endfacet
  facet normal 0 0 1
    outer loop
      vertex -5.50014 2.84764 45
      vertex -6.28404 3.0916 45
      vertex -5.55006 2.72163 45
    endloop
  endfacet
  facet normal 0 0 1
    outer loop
      vertex -5.55006 2.72163 45
      vertex -6.28404 3.0916 45
      vertex -5.56342 2.7 45
    endloop
  endfacet
  facet normal -0 0 1
    outer loop
      vertex -6.30684 3.02643 45
      vertex -5.56342 2.7 45
      vertex -6.28404 3.0916 45
    endloop
  endfacet
  facet normal -0 0 1
    outer loop
      vertex -6.33875 2.96954 45
      vertex -5.56342 2.7 45
      vertex -6.30684 3.02643 45
    endloop
  endfacet
  facet normal -0 0 1
    outer loop
      vertex -6.37978 2.92096 45
      vertex -5.56342 2.7 45
      vertex -6.33875 2.96954 45
    endloop
  endfacet
  facet normal -0 0 1
    outer loop
      vertex -6.42993 2.88065 45
      vertex -5.56342 2.7 45
      vertex -6.37978 2.92096 45
    endloop
  endfacet
  facet normal -0 0 1
    outer loop
      vertex -6.48903 2.84749 45
      vertex -5.56342 2.7 45
      vertex -6.42993 2.88065 45
    endloop
  endfacet
  facet normal -0 0 1
    outer loop
      vertex -6.55695 2.82036 45
      vertex -5.56342 2.7 45
      vertex -6.48903 2.84749 45
    endloop
  endfacet
  facet normal -0 0 1
    outer loop
      vertex -6.63368 2.79926 45
      vertex -5.56342 2.7 45
      vertex -6.55695 2.82036 45
    endloop
  endfacet
  facet normal 0 0 1
    outer loop
      vertex -7 2.7 45
      vertex -6.63368 2.79926 45
      vertex -6.71924 2.78418 45
    endloop
  endfacet
  facet normal 0 0 1
    outer loop
      vertex -7 2.7 45
      vertex -6.71924 2.78418 45
      vertex -6.81361 2.77515 45
    endloop
  endfacet
  facet normal 0 0 1
    outer loop
      vertex -7 2.7 45
      vertex -6.81361 2.77515 45
      vertex -6.91681 2.77213 45
    endloop
  endfacet
  facet normal 0 0 1
    outer loop
      vertex -6.63368 2.79926 45
      vertex -7 2.7 45
      vertex -5.56342 2.7 45
    endloop
  endfacet
  facet normal 0 0 1
    outer loop
      vertex -6.91681 2.77213 45
      vertex -7.42237 2.66676 45
      vertex -7 2.7 45
    endloop
  endfacet
  facet normal -0 0 1
    outer loop
      vertex -7.8282 2.77213 45
      vertex -7.42237 2.66676 45
      vertex -6.91681 2.77213 45
    endloop
  endfacet
  facet normal 0 0 1
    outer loop
      vertex -7.42237 2.66676 45
      vertex -7.8282 2.77213 45
      vertex -7.83435 2.56785 45
    endloop
  endfacet
  facet normal 0 0 1
    outer loop
      vertex -5.46523 3.244 45
      vertex -6.26581 3.24681 45
      vertex -6.27037 3.16505 45
    endloop
  endfacet
  facet normal 0 0 1
    outer loop
      vertex -5.58548 3.61018 45
      vertex -6.28284 3.39104 45
      vertex -6.27007 3.32219 45
    endloop
  endfacet
  facet normal 0 0 1
    outer loop
      vertex -5.7818 3.82066 45
      vertex -6.30412 3.45331 45
      vertex -6.28284 3.39104 45
    endloop
  endfacet
  facet normal 0 0 1
    outer loop
      vertex -5.96487 3.92148 45
      vertex -6.33394 3.50903 45
      vertex -6.30412 3.45331 45
    endloop
  endfacet
  facet normal 0 0 1
    outer loop
      vertex -6.07213 3.95979 45
      vertex -6.37225 3.5582 45
      vertex -6.33394 3.50903 45
    endloop
  endfacet
  facet normal -0 0 1
    outer loop
      vertex -6.57834 4.32504 45
      vertex -6.18985 3.99005 45
      vertex -6.38576 4.3698 45
    endloop
  endfacet
  facet normal 0 0 1
    outer loop
      vertex -6.18985 3.99005 45
      vertex -6.41908 3.60081 45
      vertex -6.37225 3.5582 45
    endloop
  endfacet
  facet normal 0 0 1
    outer loop
      vertex -6.18985 3.99005 45
      vertex -6.47533 3.63686 45
      vertex -6.41908 3.60081 45
    endloop
  endfacet
  facet normal 0 0 1
    outer loop
      vertex -6.18985 3.99005 45
      vertex -6.54189 3.66637 45
      vertex -6.47533 3.63686 45
    endloop
  endfacet
  facet normal 0 0 1
    outer loop
      vertex -6.61877 3.6893 45
      vertex -6.18985 3.99005 45
      vertex -6.57834 4.32504 45
    endloop
  endfacet
  facet normal 0 0 1
    outer loop
      vertex -6.18985 3.99005 45
      vertex -6.61877 3.6893 45
      vertex -6.54189 3.66637 45
    endloop
  endfacet
  facet normal 0 0 1
    outer loop
      vertex -6.57834 4.32504 45
      vertex -6.70598 3.7057 45
      vertex -6.61877 3.6893 45
    endloop
  endfacet
  facet normal -0 0 1
    outer loop
      vertex -6.81372 4.31013 45
      vertex -6.70598 3.7057 45
      vertex -6.57834 4.32504 45
    endloop
  endfacet
  facet normal 0 0 1
    outer loop
      vertex -6.70598 3.7057 45
      vertex -6.81372 4.31013 45
      vertex -6.80351 3.71553 45
    endloop
  endfacet
  facet normal 0 0 1
    outer loop
      vertex -6.81372 4.31013 45
      vertex -6.91136 3.71881 45
      vertex -6.80351 3.71553 45
    endloop
  endfacet
  facet normal -0 0 1
    outer loop
      vertex -7.8282 4.31013 45
      vertex -6.91136 3.71881 45
      vertex -6.81372 4.31013 45
    endloop
  endfacet
  facet normal 0 0 1
    outer loop
      vertex -6.91136 3.71881 45
      vertex -7.8282 4.31013 45
      vertex -7.8282 3.71881 45
    endloop
  endfacet
  facet normal 0 0 1
    outer loop
      vertex 6.54167 6 45
      vertex 4.22519 5.38156 45
      vertex 6.54167 5.38156 45
    endloop
  endfacet
  facet normal 0 0 1
    outer loop
      vertex 3.42499 6 45
      vertex 4.22519 4.37521 45
      vertex 4.22519 5.38156 45
    endloop
  endfacet
  facet normal 0 0 1
    outer loop
      vertex 3.42499 2.7 45
      vertex 4.22519 4.37521 45
      vertex 3.42499 6 45
    endloop
  endfacet
  facet normal 0 0 1
    outer loop
      vertex 4.22519 4.37521 45
      vertex 3.42499 2.7 45
      vertex 4.22519 3.75677 45
    endloop
  endfacet
  facet normal -0 0 1
    outer loop
      vertex 3.42499 6 45
      vertex 4.22519 5.38156 45
      vertex 6.54167 6 45
    endloop
  endfacet
  facet normal -0 0 1
    outer loop
      vertex 4.22519 4.37521 45
      vertex 6.26498 3.75677 45
      vertex 6.26498 4.37521 45
    endloop
  endfacet
  facet normal 0 0 1
    outer loop
      vertex 6.26498 3.75677 45
      vertex 4.22519 4.37521 45
      vertex 4.22519 3.75677 45
    endloop
  endfacet
  facet normal -0 0 1
    outer loop
      vertex 4.22519 2.79652 45
      vertex 6.43047 2.7 45
      vertex 6.43047 2.79652 45
    endloop
  endfacet
  facet normal 0 0 1
    outer loop
      vertex 4.22519 2.79652 45
      vertex 3.42499 2.7 45
      vertex 6.43047 2.7 45
    endloop
  endfacet
  facet normal 0 0 1
    outer loop
      vertex 4.22519 3.75677 45
      vertex 3.42499 2.7 45
      vertex 4.22519 2.79652 45
    endloop
  endfacet
  facet normal -0 0 1
    outer loop
      vertex 7.04366 6 45
      vertex 7.75435 3.74593 45
      vertex 7.75435 6 45
    endloop
  endfacet
  facet normal 0 0 1
    outer loop
      vertex 7.04366 2.7 45
      vertex 7.75435 3.74593 45
      vertex 7.04366 6 45
    endloop
  endfacet
  facet normal 0 0 1
    outer loop
      vertex 7.75435 3.74593 45
      vertex 7.04366 2.7 45
      vertex 7.75299 3.65445 45
    endloop
  endfacet
  facet normal 0 0 1
    outer loop
      vertex 7.75299 3.65445 45
      vertex 7.04366 2.7 45
      vertex 7.74892 3.55363 45
    endloop
  endfacet
  facet normal 0 0 1
    outer loop
      vertex 7.74892 3.55363 45
      vertex 7.04366 2.7 45
      vertex 7.74214 3.44348 45
    endloop
  endfacet
  facet normal 0 0 1
    outer loop
      vertex 7.74214 3.44348 45
      vertex 7.04366 2.7 45
      vertex 7.73265 3.32397 45
    endloop
  endfacet
  facet normal 0 0 1
    outer loop
      vertex 7.73265 3.32397 45
      vertex 7.04366 2.7 45
      vertex 7.72046 3.19513 45
    endloop
  endfacet
  facet normal 0 0 1
    outer loop
      vertex 9.63275 5.01106 45
      vertex 10.3095 6 45
      vertex 9.64766 5.14557 45
    endloop
  endfacet
  facet normal -0 0 1
    outer loop
      vertex 9.37099 6 45
      vertex 9.64766 5.14557 45
      vertex 10.3095 6 45
    endloop
  endfacet
  facet normal 0 0 1
    outer loop
      vertex 7.70554 3.05693 45
      vertex 9.64766 5.14557 45
      vertex 9.37099 6 45
    endloop
  endfacet
  facet normal 0 0 1
    outer loop
      vertex 9.64766 5.14557 45
      vertex 7.70554 3.05693 45
      vertex 8.25499 2.7 45
    endloop
  endfacet
  facet normal 0 0 1
    outer loop
      vertex 7.70554 3.05693 45
      vertex 7.04366 2.7 45
      vertex 8.25499 2.7 45
    endloop
  endfacet
  facet normal 0 0 1
    outer loop
      vertex 7.72046 3.19513 45
      vertex 7.04366 2.7 45
      vertex 7.70554 3.05693 45
    endloop
  endfacet
  facet normal 0 0 1
    outer loop
      vertex 9.62054 4.88065 45
      vertex 10.3095 6 45
      vertex 9.63275 5.01106 45
    endloop
  endfacet
  facet normal 0 0 1
    outer loop
      vertex 9.61107 4.75429 45
      vertex 10.3095 6 45
      vertex 9.62054 4.88065 45
    endloop
  endfacet
  facet normal 0 0 1
    outer loop
      vertex 9.60428 4.632 45
      vertex 10.3095 6 45
      vertex 9.61107 4.75429 45
    endloop
  endfacet
  facet normal 0 0 1
    outer loop
      vertex 9.60022 4.51379 45
      vertex 10.3095 6 45
      vertex 9.60428 4.632 45
    endloop
  endfacet
  facet normal 0 0 1
    outer loop
      vertex 9.59886 4.39964 45
      vertex 10.3095 6 45
      vertex 9.60022 4.51379 45
    endloop
  endfacet
  facet normal 0 0 1
    outer loop
      vertex 10.3095 6 45
      vertex 9.59886 4.39964 45
      vertex 10.3095 2.7 45
    endloop
  endfacet
  facet normal 0 0 1
    outer loop
      vertex 10.3095 2.7 45
      vertex 9.59886 4.39964 45
      vertex 9.59886 2.7 45
    endloop
  endfacet
  facet normal -0 0 1
    outer loop
      vertex 20.3077 6 45
      vertex 21.0184 3.74593 45
      vertex 21.0184 6 45
    endloop
  endfacet
  facet normal 0 0 1
    outer loop
      vertex 20.3077 2.7 45
      vertex 21.0184 3.74593 45
      vertex 20.3077 6 45
    endloop
  endfacet
  facet normal 0 0 1
    outer loop
      vertex 21.0184 3.74593 45
      vertex 20.3077 2.7 45
      vertex 21.017 3.65445 45
    endloop
  endfacet
  facet normal 0 0 1
    outer loop
      vertex 21.017 3.65445 45
      vertex 20.3077 2.7 45
      vertex 21.0129 3.55363 45
    endloop
  endfacet
  facet normal 0 0 1
    outer loop
      vertex 21.0129 3.55363 45
      vertex 20.3077 2.7 45
      vertex 21.0062 3.44348 45
    endloop
  endfacet
  facet normal 0 0 1
    outer loop
      vertex 21.0062 3.44348 45
      vertex 20.3077 2.7 45
      vertex 20.9967 3.32397 45
    endloop
  endfacet
  facet normal 0 0 1
    outer loop
      vertex 20.9967 3.32397 45
      vertex 20.3077 2.7 45
      vertex 20.9845 3.19513 45
    endloop
  endfacet
  facet normal 0 0 1
    outer loop
      vertex 22.8968 5.01106 45
      vertex 23.5736 6 45
      vertex 22.9117 5.14557 45
    endloop
  endfacet
  facet normal -0 0 1
    outer loop
      vertex 22.635 6 45
      vertex 22.9117 5.14557 45
      vertex 23.5736 6 45
    endloop
  endfacet
  facet normal 0 0 1
    outer loop
      vertex 20.9696 3.05693 45
      vertex 22.9117 5.14557 45
      vertex 22.635 6 45
    endloop
  endfacet
  facet normal 0 0 1
    outer loop
      vertex 22.9117 5.14557 45
      vertex 20.9696 3.05693 45
      vertex 21.4907 2.65034 45
    endloop
  endfacet
  facet normal 0 0 1
    outer loop
      vertex 21.4907 2.65034 45
      vertex 20.9696 3.05693 45
      vertex 21.4224 2.66676 45
    endloop
  endfacet
  facet normal 0 0 1
    outer loop
      vertex 21.4224 2.66676 45
      vertex 20.9696 3.05693 45
      vertex 21 2.7 45
    endloop
  endfacet
  facet normal 0 0 1
    outer loop
      vertex 20.9845 3.19513 45
      vertex 20.3077 2.7 45
      vertex 20.9696 3.05693 45
    endloop
  endfacet
  facet normal 0 0 1
    outer loop
      vertex 20.9696 3.05693 45
      vertex 20.3077 2.7 45
      vertex 21 2.7 45
    endloop
  endfacet
  facet normal 0 0 1
    outer loop
      vertex 22.8846 4.88065 45
      vertex 23.5736 6 45
      vertex 22.8968 5.01106 45
    endloop
  endfacet
  facet normal 0 0 1
    outer loop
      vertex 22.8751 4.75429 45
      vertex 23.5736 6 45
      vertex 22.8846 4.88065 45
    endloop
  endfacet
  facet normal 0 0 1
    outer loop
      vertex 22.8683 4.632 45
      vertex 23.5736 6 45
      vertex 22.8751 4.75429 45
    endloop
  endfacet
  facet normal 0 0 1
    outer loop
      vertex 22.8642 4.51379 45
      vertex 23.5736 6 45
      vertex 22.8683 4.632 45
    endloop
  endfacet
  facet normal 0 0 1
    outer loop
      vertex 22.8629 4.39964 45
      vertex 23.5736 6 45
      vertex 22.8642 4.51379 45
    endloop
  endfacet
  facet normal 0 0 1
    outer loop
      vertex 23.5736 6 45
      vertex 22.8629 4.39964 45
      vertex 23.5736 2.17809 45
    endloop
  endfacet
  facet normal 0 0 1
    outer loop
      vertex 23.5736 2.17809 45
      vertex 22.8629 4.39964 45
      vertex 22.8629 2.17809 45
    endloop
  endfacet
  facet normal -0.104341 -0.994542 0
    outer loop
      vertex 12.6977 6.04599 45
      vertex 12.9338 6.02122 45.8
      vertex 12.6977 6.04599 45.8
    endloop
  endfacet
  facet normal -0.104341 -0.994542 -0
    outer loop
      vertex 12.9338 6.02122 45.8
      vertex 12.6977 6.04599 45
      vertex 12.9338 6.02122 45
    endloop
  endfacet
  facet normal -0.188715 -0.982032 0
    outer loop
      vertex 12.9338 6.02122 45
      vertex 13.1483 5.98 45.8
      vertex 12.9338 6.02122 45.8
    endloop
  endfacet
  facet normal -0.188715 -0.982032 -0
    outer loop
      vertex 13.1483 5.98 45.8
      vertex 12.9338 6.02122 45
      vertex 13.1483 5.98 45
    endloop
  endfacet
  facet normal -0.286983 -0.957936 0
    outer loop
      vertex 13.1483 5.98 45
      vertex 13.3411 5.92224 45.8
      vertex 13.1483 5.98 45.8
    endloop
  endfacet
  facet normal -0.286983 -0.957936 -0
    outer loop
      vertex 13.3411 5.92224 45.8
      vertex 13.1483 5.98 45
      vertex 13.3411 5.92224 45
    endloop
  endfacet
  facet normal -0.397893 -0.917432 0
    outer loop
      vertex 13.3411 5.92224 45
      vertex 13.5123 5.84799 45.8
      vertex 13.3411 5.92224 45.8
    endloop
  endfacet
  facet normal -0.397893 -0.917432 -0
    outer loop
      vertex 13.5123 5.84799 45.8
      vertex 13.3411 5.92224 45
      vertex 13.5123 5.84799 45
    endloop
  endfacet
  facet normal -0.518355 -0.855166 0
    outer loop
      vertex 13.5123 5.84799 45
      vertex 13.662 5.75725 45.8
      vertex 13.5123 5.84799 45.8
    endloop
  endfacet
  facet normal -0.518355 -0.855166 -0
    outer loop
      vertex 13.662 5.75725 45.8
      vertex 13.5123 5.84799 45
      vertex 13.662 5.75725 45
    endloop
  endfacet
  facet normal -0.641465 -0.767152 0
    outer loop
      vertex 13.662 5.75725 45
      vertex 13.7892 5.65089 45.8
      vertex 13.662 5.75725 45.8
    endloop
  endfacet
  facet normal -0.641465 -0.767152 -0
    outer loop
      vertex 13.7892 5.65089 45.8
      vertex 13.662 5.75725 45
      vertex 13.7892 5.65089 45
    endloop
  endfacet
  facet normal -0.758168 -0.652059 0
    outer loop
      vertex 13.8933 5.52985 45
      vertex 13.7892 5.65089 45.8
      vertex 13.7892 5.65089 45
    endloop
  endfacet
  facet normal -0.758168 -0.652059 0
    outer loop
      vertex 13.7892 5.65089 45.8
      vertex 13.8933 5.52985 45
      vertex 13.8933 5.52985 45.8
    endloop
  endfacet
  facet normal -0.859025 -0.511934 0
    outer loop
      vertex 13.9742 5.3941 45
      vertex 13.8933 5.52985 45.8
      vertex 13.8933 5.52985 45
    endloop
  endfacet
  facet normal -0.859025 -0.511934 0
    outer loop
      vertex 13.8933 5.52985 45.8
      vertex 13.9742 5.3941 45
      vertex 13.9742 5.3941 45.8
    endloop
  endfacet
  facet normal -0.933258 -0.359208 0
    outer loop
      vertex 14.0321 5.24367 45
      vertex 13.9742 5.3941 45.8
      vertex 13.9742 5.3941 45
    endloop
  endfacet
  facet normal -0.933258 -0.359208 0
    outer loop
      vertex 13.9742 5.3941 45.8
      vertex 14.0321 5.24367 45
      vertex 14.0321 5.24367 45.8
    endloop
  endfacet
  facet normal -0.978626 -0.205646 0
    outer loop
      vertex 14.0668 5.07854 45
      vertex 14.0321 5.24367 45.8
      vertex 14.0321 5.24367 45
    endloop
  endfacet
  facet normal -0.978626 -0.205646 0
    outer loop
      vertex 14.0321 5.24367 45.8
      vertex 14.0668 5.07854 45
      vertex 14.0668 5.07854 45.8
    endloop
  endfacet
  facet normal -0.997926 -0.0643787 0
    outer loop
      vertex 14.0784 4.89873 45
      vertex 14.0668 5.07854 45.8
      vertex 14.0668 5.07854 45
    endloop
  endfacet
  facet normal -0.997926 -0.0643787 0
    outer loop
      vertex 14.0668 5.07854 45.8
      vertex 14.0784 4.89873 45
      vertex 14.0784 4.89873 45.8
    endloop
  endfacet
  facet normal -0.999638 0.0269064 0
    outer loop
      vertex 14.0763 4.82071 45
      vertex 14.0784 4.89873 45.8
      vertex 14.0784 4.89873 45
    endloop
  endfacet
  facet normal -0.999638 0.0269064 0
    outer loop
      vertex 14.0784 4.89873 45.8
      vertex 14.0763 4.82071 45
      vertex 14.0763 4.82071 45.8
    endloop
  endfacet
  facet normal -0.996702 0.0811516 0
    outer loop
      vertex 14.0702 4.74579 45
      vertex 14.0763 4.82071 45.8
      vertex 14.0763 4.82071 45
    endloop
  endfacet
  facet normal -0.996702 0.0811516 0
    outer loop
      vertex 14.0763 4.82071 45.8
      vertex 14.0702 4.74579 45
      vertex 14.0702 4.74579 45.8
    endloop
  endfacet
  facet normal -0.99007 0.140572 0
    outer loop
      vertex 14.06 4.67395 45
      vertex 14.0702 4.74579 45.8
      vertex 14.0702 4.74579 45
    endloop
  endfacet
  facet normal -0.99007 0.140572 0
    outer loop
      vertex 14.0702 4.74579 45.8
      vertex 14.06 4.67395 45
      vertex 14.06 4.67395 45.8
    endloop
  endfacet
  facet normal -0.979334 0.202248 0
    outer loop
      vertex 14.0458 4.60519 45
      vertex 14.06 4.67395 45.8
      vertex 14.06 4.67395 45
    endloop
  endfacet
  facet normal -0.979334 0.202248 0
    outer loop
      vertex 14.06 4.67395 45.8
      vertex 14.0458 4.60519 45
      vertex 14.0458 4.60519 45.8
    endloop
  endfacet
  facet normal -0.963276 0.268514 0
    outer loop
      vertex 14.0275 4.53954 45
      vertex 14.0458 4.60519 45.8
      vertex 14.0458 4.60519 45
    endloop
  endfacet
  facet normal -0.963276 0.268514 0
    outer loop
      vertex 14.0458 4.60519 45.8
      vertex 14.0275 4.53954 45
      vertex 14.0275 4.53954 45.8
    endloop
  endfacet
  facet normal -0.941486 0.337051 0
    outer loop
      vertex 14.0051 4.47697 45
      vertex 14.0275 4.53954 45.8
      vertex 14.0275 4.53954 45
    endloop
  endfacet
  facet normal -0.941486 0.337051 0
    outer loop
      vertex 14.0275 4.53954 45.8
      vertex 14.0051 4.47697 45
      vertex 14.0051 4.47697 45.8
    endloop
  endfacet
  facet normal -0.915476 0.402373 0
    outer loop
      vertex 13.9789 4.41736 45
      vertex 14.0051 4.47697 45.8
      vertex 14.0051 4.47697 45
    endloop
  endfacet
  facet normal -0.915476 0.402373 0
    outer loop
      vertex 14.0051 4.47697 45.8
      vertex 13.9789 4.41736 45
      vertex 13.9789 4.41736 45.8
    endloop
  endfacet
  facet normal -0.885358 0.46491 0
    outer loop
      vertex 13.9491 4.36061 45
      vertex 13.9789 4.41736 45.8
      vertex 13.9789 4.41736 45
    endloop
  endfacet
  facet normal -0.885358 0.46491 0
    outer loop
      vertex 13.9789 4.41736 45.8
      vertex 13.9491 4.36061 45
      vertex 13.9491 4.36061 45.8
    endloop
  endfacet
  facet normal -0.849236 0.528014 0
    outer loop
      vertex 13.9156 4.30673 45
      vertex 13.9491 4.36061 45.8
      vertex 13.9491 4.36061 45
    endloop
  endfacet
  facet normal -0.849236 0.528014 0
    outer loop
      vertex 13.9491 4.36061 45.8
      vertex 13.9156 4.30673 45
      vertex 13.9156 4.30673 45.8
    endloop
  endfacet
  facet normal -0.808722 0.588191 0
    outer loop
      vertex 13.8785 4.25572 45
      vertex 13.9156 4.30673 45.8
      vertex 13.9156 4.30673 45
    endloop
  endfacet
  facet normal -0.808722 0.588191 0
    outer loop
      vertex 13.9156 4.30673 45.8
      vertex 13.8785 4.25572 45
      vertex 13.8785 4.25572 45.8
    endloop
  endfacet
  facet normal -0.763651 0.645629 0
    outer loop
      vertex 13.8378 4.20758 45
      vertex 13.8785 4.25572 45.8
      vertex 13.8785 4.25572 45
    endloop
  endfacet
  facet normal -0.763651 0.645629 0
    outer loop
      vertex 13.8785 4.25572 45.8
      vertex 13.8378 4.20758 45
      vertex 13.8378 4.20758 45.8
    endloop
  endfacet
  facet normal -0.714877 0.69925 0
    outer loop
      vertex 13.7935 4.16229 45
      vertex 13.8378 4.20758 45.8
      vertex 13.8378 4.20758 45
    endloop
  endfacet
  facet normal -0.714877 0.69925 0
    outer loop
      vertex 13.8378 4.20758 45.8
      vertex 13.7935 4.16229 45
      vertex 13.7935 4.16229 45.8
    endloop
  endfacet
  facet normal -0.66068 0.750668 0
    outer loop
      vertex 13.7935 4.16229 45
      vertex 13.7447 4.11934 45.8
      vertex 13.7935 4.16229 45.8
    endloop
  endfacet
  facet normal -0.66068 0.750668 0
    outer loop
      vertex 13.7447 4.11934 45.8
      vertex 13.7935 4.16229 45
      vertex 13.7447 4.11934 45
    endloop
  endfacet
  facet normal -0.603186 0.797601 0
    outer loop
      vertex 13.7447 4.11934 45
      vertex 13.6903 4.0782 45.8
      vertex 13.7447 4.11934 45.8
    endloop
  endfacet
  facet normal -0.603186 0.797601 0
    outer loop
      vertex 13.6903 4.0782 45.8
      vertex 13.7447 4.11934 45
      vertex 13.6903 4.0782 45
    endloop
  endfacet
  facet normal -0.548955 0.835852 0
    outer loop
      vertex 13.6903 4.0782 45
      vertex 13.6304 4.03886 45.8
      vertex 13.6903 4.0782 45.8
    endloop
  endfacet
  facet normal -0.548955 0.835852 0
    outer loop
      vertex 13.6304 4.03886 45.8
      vertex 13.6903 4.0782 45
      vertex 13.6304 4.03886 45
    endloop
  endfacet
  facet normal -0.498197 0.867064 0
    outer loop
      vertex 13.6304 4.03886 45
      vertex 13.5651 4.00134 45.8
      vertex 13.6304 4.03886 45.8
    endloop
  endfacet
  facet normal -0.498197 0.867064 0
    outer loop
      vertex 13.5651 4.00134 45.8
      vertex 13.6304 4.03886 45
      vertex 13.5651 4.00134 45
    endloop
  endfacet
  facet normal -0.449731 0.893164 0
    outer loop
      vertex 13.5651 4.00134 45
      vertex 13.4942 3.96564 45.8
      vertex 13.5651 4.00134 45.8
    endloop
  endfacet
  facet normal -0.449731 0.893164 0
    outer loop
      vertex 13.4942 3.96564 45.8
      vertex 13.5651 4.00134 45
      vertex 13.4942 3.96564 45
    endloop
  endfacet
  facet normal -0.405683 0.914014 0
    outer loop
      vertex 13.4942 3.96564 45
      vertex 13.4178 3.93173 45.8
      vertex 13.4942 3.96564 45.8
    endloop
  endfacet
  facet normal -0.405683 0.914014 0
    outer loop
      vertex 13.4178 3.93173 45.8
      vertex 13.4942 3.96564 45
      vertex 13.4178 3.93173 45
    endloop
  endfacet
  facet normal -0.356389 0.934338 0
    outer loop
      vertex 13.4178 3.93173 45
      vertex 13.33 3.89824 45.8
      vertex 13.4178 3.93173 45.8
    endloop
  endfacet
  facet normal -0.356389 0.934338 0
    outer loop
      vertex 13.33 3.89824 45.8
      vertex 13.4178 3.93173 45
      vertex 13.33 3.89824 45
    endloop
  endfacet
  facet normal -0.311373 0.950288 0
    outer loop
      vertex 13.33 3.89824 45
      vertex 13.2248 3.86377 45.8
      vertex 13.33 3.89824 45.8
    endloop
  endfacet
  facet normal -0.311373 0.950288 0
    outer loop
      vertex 13.2248 3.86377 45.8
      vertex 13.33 3.89824 45
      vertex 13.2248 3.86377 45
    endloop
  endfacet
  facet normal -0.277773 0.960647 0
    outer loop
      vertex 13.2248 3.86377 45
      vertex 13.1022 3.82832 45.8
      vertex 13.2248 3.86377 45.8
    endloop
  endfacet
  facet normal -0.277773 0.960647 0
    outer loop
      vertex 13.1022 3.82832 45.8
      vertex 13.2248 3.86377 45
      vertex 13.1022 3.82832 45
    endloop
  endfacet
  facet normal -0.25166 0.967816 0
    outer loop
      vertex 13.1022 3.82832 45
      vertex 12.9621 3.79189 45.8
      vertex 13.1022 3.82832 45.8
    endloop
  endfacet
  facet normal -0.25166 0.967816 0
    outer loop
      vertex 12.9621 3.79189 45.8
      vertex 13.1022 3.82832 45
      vertex 12.9621 3.79189 45
    endloop
  endfacet
  facet normal -0.231292 0.972884 0
    outer loop
      vertex 12.9621 3.79189 45
      vertex 12.8047 3.75447 45.8
      vertex 12.9621 3.79189 45.8
    endloop
  endfacet
  facet normal -0.231292 0.972884 0
    outer loop
      vertex 12.8047 3.75447 45.8
      vertex 12.9621 3.79189 45
      vertex 12.8047 3.75447 45
    endloop
  endfacet
  facet normal -0.214457 0.976733 0
    outer loop
      vertex 12.8047 3.75447 45
      vertex 12.6299 3.71609 45.8
      vertex 12.8047 3.75447 45.8
    endloop
  endfacet
  facet normal -0.214457 0.976733 0
    outer loop
      vertex 12.6299 3.71609 45.8
      vertex 12.8047 3.75447 45
      vertex 12.6299 3.71609 45
    endloop
  endfacet
  facet normal -0.217348 0.976094 0
    outer loop
      vertex 12.6299 3.71609 45
      vertex 12.4839 3.68358 45.8
      vertex 12.6299 3.71609 45.8
    endloop
  endfacet
  facet normal -0.217348 0.976094 0
    outer loop
      vertex 12.4839 3.68358 45.8
      vertex 12.6299 3.71609 45
      vertex 12.4839 3.68358 45
    endloop
  endfacet
  facet normal -0.231699 0.972788 0
    outer loop
      vertex 12.4839 3.68358 45
      vertex 12.3553 3.65295 45.8
      vertex 12.4839 3.68358 45.8
    endloop
  endfacet
  facet normal -0.231699 0.972788 0
    outer loop
      vertex 12.3553 3.65295 45.8
      vertex 12.4839 3.68358 45
      vertex 12.3553 3.65295 45
    endloop
  endfacet
  facet normal -0.25002 0.968241 0
    outer loop
      vertex 12.3553 3.65295 45
      vertex 12.244 3.62421 45.8
      vertex 12.3553 3.65295 45.8
    endloop
  endfacet
  facet normal -0.25002 0.968241 0
    outer loop
      vertex 12.244 3.62421 45.8
      vertex 12.3553 3.65295 45
      vertex 12.244 3.62421 45
    endloop
  endfacet
  facet normal -0.275019 0.961439 0
    outer loop
      vertex 12.244 3.62421 45
      vertex 12.1501 3.59735 45.8
      vertex 12.244 3.62421 45.8
    endloop
  endfacet
  facet normal -0.275019 0.961439 0
    outer loop
      vertex 12.1501 3.59735 45.8
      vertex 12.244 3.62421 45
      vertex 12.1501 3.59735 45
    endloop
  endfacet
  facet normal -0.309675 0.950843 0
    outer loop
      vertex 12.1501 3.59735 45
      vertex 12.0734 3.57237 45.8
      vertex 12.1501 3.59735 45.8
    endloop
  endfacet
  facet normal -0.309675 0.950843 0
    outer loop
      vertex 12.0734 3.57237 45.8
      vertex 12.1501 3.59735 45
      vertex 12.0734 3.57237 45
    endloop
  endfacet
  facet normal -0.362704 0.931904 0
    outer loop
      vertex 12.0734 3.57237 45
      vertex 12.0141 3.54929 45.8
      vertex 12.0734 3.57237 45.8
    endloop
  endfacet
  facet normal -0.362704 0.931904 0
    outer loop
      vertex 12.0141 3.54929 45.8
      vertex 12.0734 3.57237 45
      vertex 12.0141 3.54929 45
    endloop
  endfacet
  facet normal -0.427726 0.903909 0
    outer loop
      vertex 12.0141 3.54929 45
      vertex 11.9656 3.52634 45.8
      vertex 12.0141 3.54929 45.8
    endloop
  endfacet
  facet normal -0.427726 0.903909 0
    outer loop
      vertex 11.9656 3.52634 45.8
      vertex 12.0141 3.54929 45
      vertex 11.9656 3.52634 45
    endloop
  endfacet
  facet normal -0.4829 0.875675 0
    outer loop
      vertex 11.9656 3.52634 45
      vertex 11.9211 3.5018 45.8
      vertex 11.9656 3.52634 45.8
    endloop
  endfacet
  facet normal -0.4829 0.875675 0
    outer loop
      vertex 11.9211 3.5018 45.8
      vertex 11.9656 3.52634 45
      vertex 11.9211 3.5018 45
    endloop
  endfacet
  facet normal -0.544695 0.838634 0
    outer loop
      vertex 11.9211 3.5018 45
      vertex 11.8809 3.47569 45.8
      vertex 11.9211 3.5018 45.8
    endloop
  endfacet
  facet normal -0.544695 0.838634 0
    outer loop
      vertex 11.8809 3.47569 45.8
      vertex 11.9211 3.5018 45
      vertex 11.8809 3.47569 45
    endloop
  endfacet
  facet normal -0.607418 0.794383 0
    outer loop
      vertex 11.8809 3.47569 45
      vertex 11.8447 3.44801 45.8
      vertex 11.8809 3.47569 45.8
    endloop
  endfacet
  facet normal -0.607418 0.794383 0
    outer loop
      vertex 11.8447 3.44801 45.8
      vertex 11.8809 3.47569 45
      vertex 11.8447 3.44801 45
    endloop
  endfacet
  facet normal -0.676206 0.736713 0
    outer loop
      vertex 11.8447 3.44801 45
      vertex 11.8128 3.41873 45.8
      vertex 11.8447 3.44801 45.8
    endloop
  endfacet
  facet normal -0.676206 0.736713 0
    outer loop
      vertex 11.8128 3.41873 45.8
      vertex 11.8447 3.44801 45
      vertex 11.8128 3.41873 45
    endloop
  endfacet
  facet normal -0.74157 0.670876 0
    outer loop
      vertex 11.7849 3.38789 45
      vertex 11.8128 3.41873 45.8
      vertex 11.8128 3.41873 45
    endloop
  endfacet
  facet normal -0.74157 0.670876 0
    outer loop
      vertex 11.8128 3.41873 45.8
      vertex 11.7849 3.38789 45
      vertex 11.7849 3.38789 45.8
    endloop
  endfacet
  facet normal -0.814811 0.579727 0
    outer loop
      vertex 11.7613 3.35472 45
      vertex 11.7849 3.38789 45.8
      vertex 11.7849 3.38789 45
    endloop
  endfacet
  facet normal -0.814811 0.579727 0
    outer loop
      vertex 11.7849 3.38789 45.8
      vertex 11.7613 3.35472 45
      vertex 11.7613 3.35472 45.8
    endloop
  endfacet
  facet normal -0.882204 0.470867 0
    outer loop
      vertex 11.742 3.31856 45
      vertex 11.7613 3.35472 45.8
      vertex 11.7613 3.35472 45
    endloop
  endfacet
  facet normal -0.882204 0.470867 0
    outer loop
      vertex 11.7613 3.35472 45.8
      vertex 11.742 3.31856 45
      vertex 11.742 3.31856 45.8
    endloop
  endfacet
  facet normal -0.933131 0.359537 0
    outer loop
      vertex 11.7269 3.27937 45
      vertex 11.742 3.31856 45.8
      vertex 11.742 3.31856 45
    endloop
  endfacet
  facet normal -0.933131 0.359537 0
    outer loop
      vertex 11.742 3.31856 45.8
      vertex 11.7269 3.27937 45
      vertex 11.7269 3.27937 45.8
    endloop
  endfacet
  facet normal -0.969326 0.245777 0
    outer loop
      vertex 11.7162 3.23717 45
      vertex 11.7269 3.27937 45.8
      vertex 11.7269 3.27937 45
    endloop
  endfacet
  facet normal -0.969326 0.245777 0
    outer loop
      vertex 11.7269 3.27937 45.8
      vertex 11.7162 3.23717 45
      vertex 11.7162 3.23717 45.8
    endloop
  endfacet
  facet normal -0.990128 0.140164 0
    outer loop
      vertex 11.7098 3.19196 45
      vertex 11.7162 3.23717 45.8
      vertex 11.7162 3.23717 45
    endloop
  endfacet
  facet normal -0.990128 0.140164 0
    outer loop
      vertex 11.7162 3.23717 45.8
      vertex 11.7098 3.19196 45
      vertex 11.7098 3.19196 45.8
    endloop
  endfacet
  facet normal -0.998962 0.045558 0
    outer loop
      vertex 11.7076 3.14372 45
      vertex 11.7098 3.19196 45.8
      vertex 11.7098 3.19196 45
    endloop
  endfacet
  facet normal -0.998962 0.045558 0
    outer loop
      vertex 11.7098 3.19196 45.8
      vertex 11.7076 3.14372 45
      vertex 11.7076 3.14372 45.8
    endloop
  endfacet
  facet normal -0.989639 -0.14358 0
    outer loop
      vertex 11.7278 3.00449 45
      vertex 11.7076 3.14372 45.8
      vertex 11.7076 3.14372 45
    endloop
  endfacet
  facet normal -0.989639 -0.14358 0
    outer loop
      vertex 11.7076 3.14372 45.8
      vertex 11.7278 3.00449 45
      vertex 11.7278 3.00449 45.8
    endloop
  endfacet
  facet normal -0.882842 -0.469671 0
    outer loop
      vertex 11.7884 2.89058 45
      vertex 11.7278 3.00449 45.8
      vertex 11.7278 3.00449 45
    endloop
  endfacet
  facet normal -0.882842 -0.469671 0
    outer loop
      vertex 11.7278 3.00449 45.8
      vertex 11.7884 2.89058 45
      vertex 11.7884 2.89058 45.8
    endloop
  endfacet
  facet normal -0.659495 -0.751709 0
    outer loop
      vertex 11.7884 2.89058 45
      vertex 11.8894 2.80197 45.8
      vertex 11.7884 2.89058 45.8
    endloop
  endfacet
  facet normal -0.659495 -0.751709 -0
    outer loop
      vertex 11.8894 2.80197 45.8
      vertex 11.7884 2.89058 45
      vertex 11.8894 2.80197 45
    endloop
  endfacet
  facet normal -0.40878 -0.912633 0
    outer loop
      vertex 11.8894 2.80197 45
      vertex 12.0307 2.73868 45.8
      vertex 11.8894 2.80197 45.8
    endloop
  endfacet
  facet normal -0.40878 -0.912633 -0
    outer loop
      vertex 12.0307 2.73868 45.8
      vertex 11.8894 2.80197 45
      vertex 12.0307 2.73868 45
    endloop
  endfacet
  facet normal -0.204496 -0.978867 0
    outer loop
      vertex 12.0307 2.73868 45
      vertex 12.2125 2.7007 45.8
      vertex 12.0307 2.73868 45.8
    endloop
  endfacet
  facet normal -0.204496 -0.978867 -0
    outer loop
      vertex 12.2125 2.7007 45.8
      vertex 12.0307 2.73868 45
      vertex 12.2125 2.7007 45
    endloop
  endfacet
  facet normal -0.0572828 -0.998358 0
    outer loop
      vertex 12.2125 2.7007 45
      vertex 12.2247 2.7 45.8
      vertex 12.2125 2.7007 45.8
    endloop
  endfacet
  facet normal -0.0572828 -0.998358 -0
    outer loop
      vertex 12.2247 2.7 45.8
      vertex 12.2125 2.7007 45
      vertex 12.2247 2.7 45
    endloop
  endfacet
  facet normal 0.10268 -0.994714 0
    outer loop
      vertex 12.6262 2.7 45
      vertex 12.6448 2.70192 45.8
      vertex 12.6262 2.7 45.8
    endloop
  endfacet
  facet normal 0.10268 -0.994714 0
    outer loop
      vertex 12.6448 2.70192 45.8
      vertex 12.6262 2.7 45
      vertex 12.6448 2.70192 45
    endloop
  endfacet
  facet normal 0.185309 -0.98268 0
    outer loop
      vertex 12.6448 2.70192 45
      vertex 12.7367 2.71925 45.8
      vertex 12.6448 2.70192 45.8
    endloop
  endfacet
  facet normal 0.185309 -0.98268 0
    outer loop
      vertex 12.7367 2.71925 45.8
      vertex 12.6448 2.70192 45
      vertex 12.7367 2.71925 45
    endloop
  endfacet
  facet normal 0.280657 -0.959808 0
    outer loop
      vertex 12.7367 2.71925 45
      vertex 12.8197 2.74352 45.8
      vertex 12.7367 2.71925 45.8
    endloop
  endfacet
  facet normal 0.280657 -0.959808 0
    outer loop
      vertex 12.8197 2.74352 45.8
      vertex 12.7367 2.71925 45
      vertex 12.8197 2.74352 45
    endloop
  endfacet
  facet normal 0.387169 -0.922009 0
    outer loop
      vertex 12.8197 2.74352 45
      vertex 12.894 2.77472 45.8
      vertex 12.8197 2.74352 45.8
    endloop
  endfacet
  facet normal 0.387169 -0.922009 0
    outer loop
      vertex 12.894 2.77472 45.8
      vertex 12.8197 2.74352 45
      vertex 12.894 2.77472 45
    endloop
  endfacet
  facet normal 0.503674 -0.863894 0
    outer loop
      vertex 12.894 2.77472 45
      vertex 12.9594 2.81285 45.8
      vertex 12.894 2.77472 45.8
    endloop
  endfacet
  facet normal 0.503674 -0.863894 0
    outer loop
      vertex 12.9594 2.81285 45.8
      vertex 12.894 2.77472 45
      vertex 12.9594 2.81285 45
    endloop
  endfacet
  facet normal 0.615389 -0.788223 0
    outer loop
      vertex 12.9594 2.81285 45
      vertex 13.017 2.85782 45.8
      vertex 12.9594 2.81285 45.8
    endloop
  endfacet
  facet normal 0.615389 -0.788223 0
    outer loop
      vertex 13.017 2.85782 45.8
      vertex 12.9594 2.81285 45
      vertex 13.017 2.85782 45
    endloop
  endfacet
  facet normal 0.713762 -0.700388 0
    outer loop
      vertex 13.017 2.85782 45.8
      vertex 13.0678 2.90959 45
      vertex 13.0678 2.90959 45.8
    endloop
  endfacet
  facet normal 0.713762 -0.700388 0
    outer loop
      vertex 13.0678 2.90959 45
      vertex 13.017 2.85782 45.8
      vertex 13.017 2.85782 45
    endloop
  endfacet
  facet normal 0.799984 -0.600022 0
    outer loop
      vertex 13.0678 2.90959 45.8
      vertex 13.1117 2.96812 45
      vertex 13.1117 2.96812 45.8
    endloop
  endfacet
  facet normal 0.799984 -0.600022 0
    outer loop
      vertex 13.1117 2.96812 45
      vertex 13.0678 2.90959 45.8
      vertex 13.0678 2.90959 45
    endloop
  endfacet
  facet normal 0.870138 -0.492808 0
    outer loop
      vertex 13.1117 2.96812 45.8
      vertex 13.1487 3.03345 45
      vertex 13.1487 3.03345 45.8
    endloop
  endfacet
  facet normal 0.870138 -0.492808 0
    outer loop
      vertex 13.1487 3.03345 45
      vertex 13.1117 2.96812 45.8
      vertex 13.1117 2.96812 45
    endloop
  endfacet
  facet normal 0.922375 -0.386295 0
    outer loop
      vertex 13.1487 3.03345 45.8
      vertex 13.1789 3.10556 45
      vertex 13.1789 3.10556 45.8
    endloop
  endfacet
  facet normal 0.922375 -0.386295 0
    outer loop
      vertex 13.1789 3.10556 45
      vertex 13.1487 3.03345 45.8
      vertex 13.1487 3.03345 45
    endloop
  endfacet
  facet normal 0.959045 -0.283252 0
    outer loop
      vertex 13.1789 3.10556 45.8
      vertex 13.2022 3.18445 45
      vertex 13.2022 3.18445 45.8
    endloop
  endfacet
  facet normal 0.959045 -0.283252 0
    outer loop
      vertex 13.2022 3.18445 45
      vertex 13.1789 3.10556 45.8
      vertex 13.1789 3.10556 45
    endloop
  endfacet
  facet normal -0.135137 -0.990827 0
    outer loop
      vertex 13.2022 3.18445 45
      vertex 13.978 3.07864 45.8
      vertex 13.2022 3.18445 45.8
    endloop
  endfacet
  facet normal -0.135137 -0.990827 -0
    outer loop
      vertex 13.978 3.07864 45.8
      vertex 13.2022 3.18445 45
      vertex 13.978 3.07864 45
    endloop
  endfacet
  facet normal -0.969161 0.246427 0
    outer loop
      vertex 13.9366 2.91582 45
      vertex 13.978 3.07864 45.8
      vertex 13.978 3.07864 45
    endloop
  endfacet
  facet normal -0.969161 0.246427 0
    outer loop
      vertex 13.978 3.07864 45.8
      vertex 13.9366 2.91582 45
      vertex 13.9366 2.91582 45.8
    endloop
  endfacet
  facet normal -0.935303 0.353847 0
    outer loop
      vertex 13.8811 2.76912 45
      vertex 13.9366 2.91582 45.8
      vertex 13.9366 2.91582 45
    endloop
  endfacet
  facet normal -0.935303 0.353847 0
    outer loop
      vertex 13.9366 2.91582 45.8
      vertex 13.8811 2.76912 45
      vertex 13.8811 2.76912 45.8
    endloop
  endfacet
  facet normal -0.882692 0.469952 0
    outer loop
      vertex 13.8443 2.7 45
      vertex 13.8811 2.76912 45.8
      vertex 13.8811 2.76912 45
    endloop
  endfacet
  facet normal -0.882692 0.469952 0
    outer loop
      vertex 13.8811 2.76912 45.8
      vertex 13.8443 2.7 45
      vertex 13.8443 2.7 45.8
    endloop
  endfacet
  facet normal 0.857143 0.515078 0
    outer loop
      vertex 11.046 2.7 45.8
      vertex 11.0265 2.73245 45
      vertex 11.0265 2.73245 45.8
    endloop
  endfacet
  facet normal 0.857143 0.515078 0
    outer loop
      vertex 11.0265 2.73245 45
      vertex 11.046 2.7 45.8
      vertex 11.046 2.7 45
    endloop
  endfacet
  facet normal 0.931886 0.36275 0
    outer loop
      vertex 11.0265 2.73245 45.8
      vertex 10.9724 2.87143 45
      vertex 10.9724 2.87143 45.8
    endloop
  endfacet
  facet normal 0.931886 0.36275 0
    outer loop
      vertex 10.9724 2.87143 45
      vertex 11.0265 2.73245 45.8
      vertex 11.0265 2.73245 45
    endloop
  endfacet
  facet normal 0.978159 0.20786 0
    outer loop
      vertex 10.9724 2.87143 45.8
      vertex 10.94 3.0239 45
      vertex 10.94 3.0239 45.8
    endloop
  endfacet
  facet normal 0.978159 0.20786 0
    outer loop
      vertex 10.94 3.0239 45
      vertex 10.9724 2.87143 45.8
      vertex 10.9724 2.87143 45
    endloop
  endfacet
  facet normal 0.997889 0.0649425 0
    outer loop
      vertex 10.94 3.0239 45.8
      vertex 10.9292 3.18985 45
      vertex 10.9292 3.18985 45.8
    endloop
  endfacet
  facet normal 0.997889 0.0649425 0
    outer loop
      vertex 10.9292 3.18985 45
      vertex 10.94 3.0239 45.8
      vertex 10.94 3.0239 45
    endloop
  endfacet
  facet normal 0.999779 -0.0210385 0
    outer loop
      vertex 10.9292 3.18985 45.8
      vertex 10.9306 3.25638 45
      vertex 10.9306 3.25638 45.8
    endloop
  endfacet
  facet normal 0.999779 -0.0210385 0
    outer loop
      vertex 10.9306 3.25638 45
      vertex 10.9292 3.18985 45.8
      vertex 10.9292 3.18985 45
    endloop
  endfacet
  facet normal 0.997642 -0.0686308 0
    outer loop
      vertex 10.9306 3.25638 45.8
      vertex 10.935 3.32034 45
      vertex 10.935 3.32034 45.8
    endloop
  endfacet
  facet normal 0.997642 -0.0686308 0
    outer loop
      vertex 10.935 3.32034 45
      vertex 10.9306 3.25638 45.8
      vertex 10.9306 3.25638 45
    endloop
  endfacet
  facet normal 0.99282 -0.119617 0
    outer loop
      vertex 10.935 3.32034 45.8
      vertex 10.9424 3.38176 45
      vertex 10.9424 3.38176 45.8
    endloop
  endfacet
  facet normal 0.99282 -0.119617 0
    outer loop
      vertex 10.9424 3.38176 45
      vertex 10.935 3.32034 45.8
      vertex 10.935 3.32034 45
    endloop
  endfacet
  facet normal 0.985022 -0.172429 0
    outer loop
      vertex 10.9424 3.38176 45.8
      vertex 10.9527 3.4406 45
      vertex 10.9527 3.4406 45.8
    endloop
  endfacet
  facet normal 0.985022 -0.172429 0
    outer loop
      vertex 10.9527 3.4406 45
      vertex 10.9424 3.38176 45.8
      vertex 10.9424 3.38176 45
    endloop
  endfacet
  facet normal 0.973589 -0.228307 0
    outer loop
      vertex 10.9527 3.4406 45.8
      vertex 10.9659 3.49689 45
      vertex 10.9659 3.49689 45.8
    endloop
  endfacet
  facet normal 0.973589 -0.228307 0
    outer loop
      vertex 10.9659 3.49689 45
      vertex 10.9527 3.4406 45.8
      vertex 10.9527 3.4406 45
    endloop
  endfacet
  facet normal 0.957905 -0.287086 0
    outer loop
      vertex 10.9659 3.49689 45.8
      vertex 10.982 3.55061 45
      vertex 10.982 3.55061 45.8
    endloop
  endfacet
  facet normal 0.957905 -0.287086 0
    outer loop
      vertex 10.982 3.55061 45
      vertex 10.9659 3.49689 45.8
      vertex 10.9659 3.49689 45
    endloop
  endfacet
  facet normal 0.938935 -0.344093 0
    outer loop
      vertex 10.982 3.55061 45.8
      vertex 11.0008 3.60191 45
      vertex 11.0008 3.60191 45.8
    endloop
  endfacet
  facet normal 0.938935 -0.344093 0
    outer loop
      vertex 11.0008 3.60191 45
      vertex 10.982 3.55061 45.8
      vertex 10.982 3.55061 45
    endloop
  endfacet
  facet normal 0.91796 -0.396673 0
    outer loop
      vertex 11.0008 3.60191 45.8
      vertex 11.022 3.65097 45
      vertex 11.022 3.65097 45.8
    endloop
  endfacet
  facet normal 0.91796 -0.396673 0
    outer loop
      vertex 11.022 3.65097 45
      vertex 11.0008 3.60191 45.8
      vertex 11.0008 3.60191 45
    endloop
  endfacet
  facet normal 0.894351 -0.447367 0
    outer loop
      vertex 11.022 3.65097 45.8
      vertex 11.0454 3.69775 45
      vertex 11.0454 3.69775 45.8
    endloop
  endfacet
  facet normal 0.894351 -0.447367 0
    outer loop
      vertex 11.0454 3.69775 45
      vertex 11.022 3.65097 45.8
      vertex 11.022 3.65097 45
    endloop
  endfacet
  facet normal 0.865311 -0.501235 0
    outer loop
      vertex 11.0454 3.69775 45.8
      vertex 11.0712 3.74229 45
      vertex 11.0712 3.74229 45.8
    endloop
  endfacet
  facet normal 0.865311 -0.501235 0
    outer loop
      vertex 11.0712 3.74229 45
      vertex 11.0454 3.69775 45.8
      vertex 11.0454 3.69775 45
    endloop
  endfacet
  facet normal 0.831869 -0.554973 0
    outer loop
      vertex 11.0712 3.74229 45.8
      vertex 11.0994 3.78456 45
      vertex 11.0994 3.78456 45.8
    endloop
  endfacet
  facet normal 0.831869 -0.554973 0
    outer loop
      vertex 11.0994 3.78456 45
      vertex 11.0712 3.74229 45.8
      vertex 11.0712 3.74229 45
    endloop
  endfacet
  facet normal 0.796235 -0.604987 0
    outer loop
      vertex 11.0994 3.78456 45.8
      vertex 11.1298 3.82457 45
      vertex 11.1298 3.82457 45.8
    endloop
  endfacet
  facet normal 0.796235 -0.604987 0
    outer loop
      vertex 11.1298 3.82457 45
      vertex 11.0994 3.78456 45.8
      vertex 11.0994 3.78456 45
    endloop
  endfacet
  facet normal 0.756406 -0.654103 0
    outer loop
      vertex 11.1298 3.82457 45.8
      vertex 11.1626 3.8625 45
      vertex 11.1626 3.8625 45.8
    endloop
  endfacet
  facet normal 0.756406 -0.654103 0
    outer loop
      vertex 11.1626 3.8625 45
      vertex 11.1298 3.82457 45.8
      vertex 11.1298 3.82457 45
    endloop
  endfacet
  facet normal 0.717575 -0.696481 0
    outer loop
      vertex 11.1626 3.8625 45.8
      vertex 11.1976 3.89856 45
      vertex 11.1976 3.89856 45.8
    endloop
  endfacet
  facet normal 0.717575 -0.696481 0
    outer loop
      vertex 11.1976 3.89856 45
      vertex 11.1626 3.8625 45.8
      vertex 11.1626 3.8625 45
    endloop
  endfacet
  facet normal 0.674616 -0.738169 0
    outer loop
      vertex 11.1976 3.89856 45
      vertex 11.235 3.93274 45.8
      vertex 11.1976 3.89856 45.8
    endloop
  endfacet
  facet normal 0.674616 -0.738169 0
    outer loop
      vertex 11.235 3.93274 45.8
      vertex 11.1976 3.89856 45
      vertex 11.235 3.93274 45
    endloop
  endfacet
  facet normal 0.632907 -0.774228 0
    outer loop
      vertex 11.235 3.93274 45
      vertex 11.2745 3.96503 45.8
      vertex 11.235 3.93274 45.8
    endloop
  endfacet
  facet normal 0.632907 -0.774228 0
    outer loop
      vertex 11.2745 3.96503 45.8
      vertex 11.235 3.93274 45
      vertex 11.2745 3.96503 45
    endloop
  endfacet
  facet normal 0.588298 -0.808644 0
    outer loop
      vertex 11.2745 3.96503 45
      vertex 11.3163 3.99544 45.8
      vertex 11.2745 3.96503 45.8
    endloop
  endfacet
  facet normal 0.588298 -0.808644 0
    outer loop
      vertex 11.3163 3.99544 45.8
      vertex 11.2745 3.96503 45
      vertex 11.3163 3.99544 45
    endloop
  endfacet
  facet normal 0.54318 -0.839616 0
    outer loop
      vertex 11.3163 3.99544 45
      vertex 11.3604 4.02397 45.8
      vertex 11.3163 3.99544 45.8
    endloop
  endfacet
  facet normal 0.54318 -0.839616 0
    outer loop
      vertex 11.3604 4.02397 45.8
      vertex 11.3163 3.99544 45
      vertex 11.3604 4.02397 45
    endloop
  endfacet
  facet normal 0.504825 -0.863221 0
    outer loop
      vertex 11.3604 4.02397 45
      vertex 11.4065 4.05093 45.8
      vertex 11.3604 4.02397 45.8
    endloop
  endfacet
  facet normal 0.504825 -0.863221 0
    outer loop
      vertex 11.4065 4.05093 45.8
      vertex 11.3604 4.02397 45
      vertex 11.4065 4.05093 45
    endloop
  endfacet
  facet normal 0.473924 -0.880566 0
    outer loop
      vertex 11.4065 4.05093 45
      vertex 11.4544 4.07671 45.8
      vertex 11.4065 4.05093 45.8
    endloop
  endfacet
  facet normal 0.473924 -0.880566 0
    outer loop
      vertex 11.4544 4.07671 45.8
      vertex 11.4065 4.05093 45
      vertex 11.4544 4.07671 45
    endloop
  endfacet
  facet normal 0.442308 -0.896863 0
    outer loop
      vertex 11.4544 4.07671 45
      vertex 11.5042 4.10127 45.8
      vertex 11.4544 4.07671 45.8
    endloop
  endfacet
  facet normal 0.442308 -0.896863 0
    outer loop
      vertex 11.5042 4.10127 45.8
      vertex 11.4544 4.07671 45
      vertex 11.5042 4.10127 45
    endloop
  endfacet
  facet normal 0.412937 -0.91076 0
    outer loop
      vertex 11.5042 4.10127 45
      vertex 11.5557 4.12462 45.8
      vertex 11.5042 4.10127 45.8
    endloop
  endfacet
  facet normal 0.412937 -0.91076 0
    outer loop
      vertex 11.5557 4.12462 45.8
      vertex 11.5042 4.10127 45
      vertex 11.5557 4.12462 45
    endloop
  endfacet
  facet normal 0.383754 -0.923435 0
    outer loop
      vertex 11.5557 4.12462 45
      vertex 11.609 4.14677 45.8
      vertex 11.5557 4.12462 45.8
    endloop
  endfacet
  facet normal 0.383754 -0.923435 0
    outer loop
      vertex 11.609 4.14677 45.8
      vertex 11.5557 4.12462 45
      vertex 11.609 4.14677 45
    endloop
  endfacet
  facet normal 0.354833 -0.93493 0
    outer loop
      vertex 11.609 4.14677 45
      vertex 11.6642 4.16772 45.8
      vertex 11.609 4.14677 45.8
    endloop
  endfacet
  facet normal 0.354833 -0.93493 0
    outer loop
      vertex 11.6642 4.16772 45.8
      vertex 11.609 4.14677 45
      vertex 11.6642 4.16772 45
    endloop
  endfacet
  facet normal 0.320668 -0.947191 0
    outer loop
      vertex 11.6642 4.16772 45
      vertex 11.7275 4.18915 45.8
      vertex 11.6642 4.16772 45.8
    endloop
  endfacet
  facet normal 0.320668 -0.947191 0
    outer loop
      vertex 11.7275 4.18915 45.8
      vertex 11.6642 4.16772 45
      vertex 11.7275 4.18915 45
    endloop
  endfacet
  facet normal 0.290506 -0.956873 0
    outer loop
      vertex 11.7275 4.18915 45
      vertex 11.8053 4.21277 45.8
      vertex 11.7275 4.18915 45.8
    endloop
  endfacet
  facet normal 0.290506 -0.956873 0
    outer loop
      vertex 11.8053 4.21277 45.8
      vertex 11.7275 4.18915 45
      vertex 11.8053 4.21277 45
    endloop
  endfacet
  facet normal 0.269475 -0.963007 0
    outer loop
      vertex 11.8053 4.21277 45
      vertex 11.8975 4.23857 45.8
      vertex 11.8053 4.21277 45.8
    endloop
  endfacet
  facet normal 0.269475 -0.963007 0
    outer loop
      vertex 11.8975 4.23857 45.8
      vertex 11.8053 4.21277 45
      vertex 11.8975 4.23857 45
    endloop
  endfacet
  facet normal 0.253739 -0.967273 0
    outer loop
      vertex 11.8975 4.23857 45
      vertex 12.0042 4.26656 45.8
      vertex 11.8975 4.23857 45.8
    endloop
  endfacet
  facet normal 0.253739 -0.967273 0
    outer loop
      vertex 12.0042 4.26656 45.8
      vertex 11.8975 4.23857 45
      vertex 12.0042 4.26656 45
    endloop
  endfacet
  facet normal 0.24148 -0.970406 0
    outer loop
      vertex 12.0042 4.26656 45
      vertex 12.1254 4.29672 45.8
      vertex 12.0042 4.26656 45.8
    endloop
  endfacet
  facet normal 0.24148 -0.970406 0
    outer loop
      vertex 12.1254 4.29672 45.8
      vertex 12.0042 4.26656 45
      vertex 12.1254 4.29672 45
    endloop
  endfacet
  facet normal 0.232193 -0.97267 0
    outer loop
      vertex 12.1254 4.29672 45
      vertex 12.261 4.32909 45.8
      vertex 12.1254 4.29672 45.8
    endloop
  endfacet
  facet normal 0.232193 -0.97267 0
    outer loop
      vertex 12.261 4.32909 45.8
      vertex 12.1254 4.29672 45
      vertex 12.261 4.32909 45
    endloop
  endfacet
  facet normal 0.204109 -0.978948 0
    outer loop
      vertex 12.261 4.32909 45
      vertex 12.4175 4.36172 45.8
      vertex 12.261 4.32909 45.8
    endloop
  endfacet
  facet normal 0.204109 -0.978948 0
    outer loop
      vertex 12.4175 4.36172 45.8
      vertex 12.261 4.32909 45
      vertex 12.4175 4.36172 45
    endloop
  endfacet
  facet normal 0.217988 -0.975951 0
    outer loop
      vertex 12.4175 4.36172 45
      vertex 12.5562 4.3927 45.8
      vertex 12.4175 4.36172 45.8
    endloop
  endfacet
  facet normal 0.217988 -0.975951 0
    outer loop
      vertex 12.5562 4.3927 45.8
      vertex 12.4175 4.36172 45
      vertex 12.5562 4.3927 45
    endloop
  endfacet
  facet normal 0.235791 -0.971804 0
    outer loop
      vertex 12.5562 4.3927 45
      vertex 12.677 4.42201 45.8
      vertex 12.5562 4.3927 45.8
    endloop
  endfacet
  facet normal 0.235791 -0.971804 0
    outer loop
      vertex 12.677 4.42201 45.8
      vertex 12.5562 4.3927 45
      vertex 12.677 4.42201 45
    endloop
  endfacet
  facet normal 0.259442 -0.965759 0
    outer loop
      vertex 12.677 4.42201 45
      vertex 12.78 4.44968 45.8
      vertex 12.677 4.42201 45.8
    endloop
  endfacet
  facet normal 0.259442 -0.965759 0
    outer loop
      vertex 12.78 4.44968 45.8
      vertex 12.677 4.42201 45
      vertex 12.78 4.44968 45
    endloop
  endfacet
  facet normal 0.29219 -0.95636 0
    outer loop
      vertex 12.78 4.44968 45
      vertex 12.8651 4.47568 45.8
      vertex 12.78 4.44968 45.8
    endloop
  endfacet
  facet normal 0.29219 -0.95636 0
    outer loop
      vertex 12.8651 4.47568 45.8
      vertex 12.78 4.44968 45
      vertex 12.8651 4.47568 45
    endloop
  endfacet
  facet normal 0.340305 -0.940315 0
    outer loop
      vertex 12.8651 4.47568 45
      vertex 12.9323 4.5 45.8
      vertex 12.8651 4.47568 45.8
    endloop
  endfacet
  facet normal 0.340305 -0.940315 0
    outer loop
      vertex 12.9323 4.5 45.8
      vertex 12.8651 4.47568 45
      vertex 12.9323 4.5 45
    endloop
  endfacet
  facet normal 0.400082 -0.916479 0
    outer loop
      vertex 12.9323 4.5 45
      vertex 12.9884 4.52449 45.8
      vertex 12.9323 4.5 45.8
    endloop
  endfacet
  facet normal 0.400082 -0.916479 0
    outer loop
      vertex 12.9884 4.52449 45.8
      vertex 12.9323 4.5 45
      vertex 12.9884 4.52449 45
    endloop
  endfacet
  facet normal 0.454626 -0.890682 0
    outer loop
      vertex 12.9884 4.52449 45
      vertex 13.0402 4.55093 45.8
      vertex 12.9884 4.52449 45.8
    endloop
  endfacet
  facet normal 0.454626 -0.890682 0
    outer loop
      vertex 13.0402 4.55093 45.8
      vertex 12.9884 4.52449 45
      vertex 13.0402 4.55093 45
    endloop
  endfacet
  facet normal 0.51423 -0.857653 0
    outer loop
      vertex 13.0402 4.55093 45
      vertex 13.0876 4.57935 45.8
      vertex 13.0402 4.55093 45.8
    endloop
  endfacet
  facet normal 0.51423 -0.857653 0
    outer loop
      vertex 13.0876 4.57935 45.8
      vertex 13.0402 4.55093 45
      vertex 13.0876 4.57935 45
    endloop
  endfacet
  facet normal 0.576773 -0.816905 0
    outer loop
      vertex 13.0876 4.57935 45
      vertex 13.1306 4.60971 45.8
      vertex 13.0876 4.57935 45.8
    endloop
  endfacet
  facet normal 0.576773 -0.816905 0
    outer loop
      vertex 13.1306 4.60971 45.8
      vertex 13.0876 4.57935 45
      vertex 13.1306 4.60971 45
    endloop
  endfacet
  facet normal 0.64112 -0.76744 0
    outer loop
      vertex 13.1306 4.60971 45
      vertex 13.1693 4.64204 45.8
      vertex 13.1306 4.60971 45.8
    endloop
  endfacet
  facet normal 0.64112 -0.76744 0
    outer loop
      vertex 13.1693 4.64204 45.8
      vertex 13.1306 4.60971 45
      vertex 13.1693 4.64204 45
    endloop
  endfacet
  facet normal 0.707004 -0.70721 0
    outer loop
      vertex 13.1693 4.64204 45.8
      vertex 13.2036 4.67633 45
      vertex 13.2036 4.67633 45.8
    endloop
  endfacet
  facet normal 0.707004 -0.70721 0
    outer loop
      vertex 13.2036 4.67633 45
      vertex 13.1693 4.64204 45.8
      vertex 13.1693 4.64204 45
    endloop
  endfacet
  facet normal 0.781613 -0.623763 0
    outer loop
      vertex 13.2036 4.67633 45.8
      vertex 13.233 4.71317 45
      vertex 13.233 4.71317 45.8
    endloop
  endfacet
  facet normal 0.781613 -0.623763 0
    outer loop
      vertex 13.233 4.71317 45
      vertex 13.2036 4.67633 45.8
      vertex 13.2036 4.67633 45
    endloop
  endfacet
  facet normal 0.856547 -0.516069 0
    outer loop
      vertex 13.233 4.71317 45.8
      vertex 13.2571 4.75317 45
      vertex 13.2571 4.75317 45.8
    endloop
  endfacet
  facet normal 0.856547 -0.516069 0
    outer loop
      vertex 13.2571 4.75317 45
      vertex 13.233 4.71317 45.8
      vertex 13.233 4.71317 45
    endloop
  endfacet
  facet normal 0.91761 -0.397482 0
    outer loop
      vertex 13.2571 4.75317 45.8
      vertex 13.2758 4.79634 45
      vertex 13.2758 4.79634 45.8
    endloop
  endfacet
  facet normal 0.91761 -0.397482 0
    outer loop
      vertex 13.2758 4.79634 45
      vertex 13.2571 4.75317 45.8
      vertex 13.2571 4.75317 45
    endloop
  endfacet
  facet normal 0.960643 -0.277786 0
    outer loop
      vertex 13.2758 4.79634 45.8
      vertex 13.2892 4.84268 45
      vertex 13.2892 4.84268 45.8
    endloop
  endfacet
  facet normal 0.960643 -0.277786 0
    outer loop
      vertex 13.2892 4.84268 45
      vertex 13.2758 4.79634 45.8
      vertex 13.2758 4.79634 45
    endloop
  endfacet
  facet normal 0.987191 -0.159546 0
    outer loop
      vertex 13.2892 4.84268 45.8
      vertex 13.2972 4.89218 45
      vertex 13.2972 4.89218 45.8
    endloop
  endfacet
  facet normal 0.987191 -0.159546 0
    outer loop
      vertex 13.2972 4.89218 45
      vertex 13.2892 4.84268 45.8
      vertex 13.2892 4.84268 45
    endloop
  endfacet
  facet normal 0.998689 -0.0511954 0
    outer loop
      vertex 13.2972 4.89218 45.8
      vertex 13.2999 4.94485 45
      vertex 13.2999 4.94485 45.8
    endloop
  endfacet
  facet normal 0.998689 -0.0511954 0
    outer loop
      vertex 13.2999 4.94485 45
      vertex 13.2972 4.89218 45.8
      vertex 13.2972 4.89218 45
    endloop
  endfacet
  facet normal 0.989003 0.147897 0
    outer loop
      vertex 13.2999 4.94485 45.8
      vertex 13.2766 5.10066 45
      vertex 13.2766 5.10066 45.8
    endloop
  endfacet
  facet normal 0.989003 0.147897 0
    outer loop
      vertex 13.2766 5.10066 45
      vertex 13.2999 4.94485 45.8
      vertex 13.2999 4.94485 45
    endloop
  endfacet
  facet normal 0.876869 0.48073 0
    outer loop
      vertex 13.2766 5.10066 45.8
      vertex 13.2067 5.22816 45
      vertex 13.2067 5.22816 45.8
    endloop
  endfacet
  facet normal 0.876869 0.48073 0
    outer loop
      vertex 13.2067 5.22816 45
      vertex 13.2766 5.10066 45.8
      vertex 13.2766 5.10066 45
    endloop
  endfacet
  facet normal 0.648483 0.761229 -0
    outer loop
      vertex 13.2067 5.22816 45
      vertex 13.0903 5.32732 45.8
      vertex 13.2067 5.22816 45.8
    endloop
  endfacet
  facet normal 0.648483 0.761229 0
    outer loop
      vertex 13.0903 5.32732 45.8
      vertex 13.2067 5.22816 45
      vertex 13.0903 5.32732 45
    endloop
  endfacet
  facet normal 0.398745 0.917062 -0
    outer loop
      vertex 13.0903 5.32732 45
      vertex 12.9274 5.39815 45.8
      vertex 13.0903 5.32732 45.8
    endloop
  endfacet
  facet normal 0.398745 0.917062 0
    outer loop
      vertex 12.9274 5.39815 45.8
      vertex 13.0903 5.32732 45
      vertex 12.9274 5.39815 45
    endloop
  endfacet
  facet normal 0.198678 0.980065 -0
    outer loop
      vertex 12.9274 5.39815 45
      vertex 12.7178 5.44064 45.8
      vertex 12.9274 5.39815 45.8
    endloop
  endfacet
  facet normal 0.198678 0.980065 0
    outer loop
      vertex 12.7178 5.44064 45.8
      vertex 12.9274 5.39815 45
      vertex 12.7178 5.44064 45
    endloop
  endfacet
  facet normal 0.0552066 0.998475 -0
    outer loop
      vertex 12.7178 5.44064 45
      vertex 12.4617 5.4548 45.8
      vertex 12.7178 5.44064 45.8
    endloop
  endfacet
  facet normal 0.0552066 0.998475 0
    outer loop
      vertex 12.4617 5.4548 45.8
      vertex 12.7178 5.44064 45
      vertex 12.4617 5.4548 45
    endloop
  endfacet
  facet normal -0.0292633 0.999572 0
    outer loop
      vertex 12.4617 5.4548 45
      vertex 12.3319 5.451 45.8
      vertex 12.4617 5.4548 45.8
    endloop
  endfacet
  facet normal -0.0292633 0.999572 0
    outer loop
      vertex 12.3319 5.451 45.8
      vertex 12.4617 5.4548 45
      vertex 12.3319 5.451 45
    endloop
  endfacet
  facet normal -0.0946564 0.99551 0
    outer loop
      vertex 12.3319 5.451 45
      vertex 12.2119 5.43959 45.8
      vertex 12.3319 5.451 45.8
    endloop
  endfacet
  facet normal -0.0946564 0.99551 0
    outer loop
      vertex 12.2119 5.43959 45.8
      vertex 12.3319 5.451 45
      vertex 12.2119 5.43959 45
    endloop
  endfacet
  facet normal -0.170018 0.985441 0
    outer loop
      vertex 12.2119 5.43959 45
      vertex 12.1016 5.42056 45.8
      vertex 12.2119 5.43959 45.8
    endloop
  endfacet
  facet normal -0.170018 0.985441 0
    outer loop
      vertex 12.1016 5.42056 45.8
      vertex 12.2119 5.43959 45
      vertex 12.1016 5.42056 45
    endloop
  endfacet
  facet normal -0.256284 0.966601 0
    outer loop
      vertex 12.1016 5.42056 45
      vertex 12.0012 5.39394 45.8
      vertex 12.1016 5.42056 45.8
    endloop
  endfacet
  facet normal -0.256284 0.966601 0
    outer loop
      vertex 12.0012 5.39394 45.8
      vertex 12.1016 5.42056 45
      vertex 12.0012 5.39394 45
    endloop
  endfacet
  facet normal -0.35318 0.935555 0
    outer loop
      vertex 12.0012 5.39394 45
      vertex 11.9105 5.3597 45.8
      vertex 12.0012 5.39394 45.8
    endloop
  endfacet
  facet normal -0.35318 0.935555 0
    outer loop
      vertex 11.9105 5.3597 45.8
      vertex 12.0012 5.39394 45
      vertex 11.9105 5.3597 45
    endloop
  endfacet
  facet normal -0.460003 0.887917 0
    outer loop
      vertex 11.9105 5.3597 45
      vertex 11.8297 5.31784 45.8
      vertex 11.9105 5.3597 45.8
    endloop
  endfacet
  facet normal -0.460003 0.887917 0
    outer loop
      vertex 11.8297 5.31784 45.8
      vertex 11.9105 5.3597 45
      vertex 11.8297 5.31784 45
    endloop
  endfacet
  facet normal -0.573692 0.819071 0
    outer loop
      vertex 11.8297 5.31784 45
      vertex 11.7579 5.26755 45.8
      vertex 11.8297 5.31784 45.8
    endloop
  endfacet
  facet normal -0.573692 0.819071 0
    outer loop
      vertex 11.7579 5.26755 45.8
      vertex 11.8297 5.31784 45
      vertex 11.7579 5.26755 45
    endloop
  endfacet
  facet normal -0.684178 0.729315 0
    outer loop
      vertex 11.7579 5.26755 45
      vertex 11.6944 5.20798 45.8
      vertex 11.7579 5.26755 45.8
    endloop
  endfacet
  facet normal -0.684178 0.729315 0
    outer loop
      vertex 11.6944 5.20798 45.8
      vertex 11.7579 5.26755 45
      vertex 11.6944 5.20798 45
    endloop
  endfacet
  facet normal -0.779608 0.626268 0
    outer loop
      vertex 11.6391 5.13914 45
      vertex 11.6944 5.20798 45.8
      vertex 11.6944 5.20798 45
    endloop
  endfacet
  facet normal -0.779608 0.626268 0
    outer loop
      vertex 11.6944 5.20798 45.8
      vertex 11.6391 5.13914 45
      vertex 11.6391 5.13914 45.8
    endloop
  endfacet
  facet normal -0.85727 0.514867 0
    outer loop
      vertex 11.5922 5.06105 45
      vertex 11.6391 5.13914 45.8
      vertex 11.6391 5.13914 45
    endloop
  endfacet
  facet normal -0.85727 0.514867 0
    outer loop
      vertex 11.6391 5.13914 45.8
      vertex 11.5922 5.06105 45
      vertex 11.5922 5.06105 45.8
    endloop
  endfacet
  facet normal -0.91432 0.404992 0
    outer loop
      vertex 11.5535 4.97368 45
      vertex 11.5922 5.06105 45.8
      vertex 11.5922 5.06105 45
    endloop
  endfacet
  facet normal -0.91432 0.404992 0
    outer loop
      vertex 11.5922 5.06105 45.8
      vertex 11.5535 4.97368 45
      vertex 11.5535 4.97368 45.8
    endloop
  endfacet
  facet normal -0.954198 0.299174 0
    outer loop
      vertex 11.5232 4.87704 45
      vertex 11.5535 4.97368 45.8
      vertex 11.5535 4.97368 45
    endloop
  endfacet
  facet normal -0.954198 0.299174 0
    outer loop
      vertex 11.5535 4.97368 45.8
      vertex 11.5232 4.87704 45
      vertex 11.5232 4.87704 45.8
    endloop
  endfacet
  facet normal 0.16271 0.986674 -0
    outer loop
      vertex 11.5232 4.87704 45
      vertex 10.7501 5.00453 45.8
      vertex 11.5232 4.87704 45.8
    endloop
  endfacet
  facet normal 0.16271 0.986674 0
    outer loop
      vertex 10.7501 5.00453 45.8
      vertex 11.5232 4.87704 45
      vertex 10.7501 5.00453 45
    endloop
  endfacet
  facet normal 0.961734 -0.273984 0
    outer loop
      vertex 10.7501 5.00453 45.8
      vertex 10.7982 5.17337 45
      vertex 10.7982 5.17337 45.8
    endloop
  endfacet
  facet normal 0.961734 -0.273984 0
    outer loop
      vertex 10.7982 5.17337 45
      vertex 10.7501 5.00453 45.8
      vertex 10.7501 5.00453 45
    endloop
  endfacet
  facet normal 0.92209 -0.386975 0
    outer loop
      vertex 10.7982 5.17337 45.8
      vertex 10.8628 5.3273 45
      vertex 10.8628 5.3273 45.8
    endloop
  endfacet
  facet normal 0.92209 -0.386975 0
    outer loop
      vertex 10.8628 5.3273 45
      vertex 10.7982 5.17337 45.8
      vertex 10.7982 5.17337 45
    endloop
  endfacet
  facet normal 0.863224 -0.50482 0
    outer loop
      vertex 10.8628 5.3273 45.8
      vertex 10.9441 5.46632 45
      vertex 10.9441 5.46632 45.8
    endloop
  endfacet
  facet normal 0.863224 -0.50482 0
    outer loop
      vertex 10.9441 5.46632 45
      vertex 10.8628 5.3273 45.8
      vertex 10.8628 5.3273 45
    endloop
  endfacet
  facet normal 0.785393 -0.618998 0
    outer loop
      vertex 10.9441 5.46632 45.8
      vertex 11.0419 5.59041 45
      vertex 11.0419 5.59041 45.8
    endloop
  endfacet
  facet normal 0.785393 -0.618998 0
    outer loop
      vertex 11.0419 5.59041 45
      vertex 10.9441 5.46632 45.8
      vertex 10.9441 5.46632 45
    endloop
  endfacet
  facet normal 0.690692 -0.723149 0
    outer loop
      vertex 11.0419 5.59041 45
      vertex 11.1562 5.69958 45.8
      vertex 11.0419 5.59041 45.8
    endloop
  endfacet
  facet normal 0.690692 -0.723149 0
    outer loop
      vertex 11.1562 5.69958 45.8
      vertex 11.0419 5.59041 45
      vertex 11.1562 5.69958 45
    endloop
  endfacet
  facet normal 0.584101 -0.811681 0
    outer loop
      vertex 11.1562 5.69958 45
      vertex 11.2872 5.79385 45.8
      vertex 11.1562 5.69958 45.8
    endloop
  endfacet
  facet normal 0.584101 -0.811681 0
    outer loop
      vertex 11.2872 5.79385 45.8
      vertex 11.1562 5.69958 45
      vertex 11.2872 5.79385 45
    endloop
  endfacet
  facet normal 0.473489 -0.8808 0
    outer loop
      vertex 11.2872 5.79385 45
      vertex 11.4352 5.87341 45.8
      vertex 11.2872 5.79385 45.8
    endloop
  endfacet
  facet normal 0.473489 -0.8808 0
    outer loop
      vertex 11.4352 5.87341 45.8
      vertex 11.2872 5.79385 45
      vertex 11.4352 5.87341 45
    endloop
  endfacet
  facet normal 0.36567 -0.930745 0
    outer loop
      vertex 11.4352 5.87341 45
      vertex 11.6009 5.93851 45.8
      vertex 11.4352 5.87341 45.8
    endloop
  endfacet
  facet normal 0.36567 -0.930745 0
    outer loop
      vertex 11.6009 5.93851 45.8
      vertex 11.4352 5.87341 45
      vertex 11.6009 5.93851 45
    endloop
  endfacet
  facet normal 0.266158 -0.963929 0
    outer loop
      vertex 11.6009 5.93851 45
      vertex 11.7843 5.98915 45.8
      vertex 11.6009 5.93851 45.8
    endloop
  endfacet
  facet normal 0.266158 -0.963929 0
    outer loop
      vertex 11.7843 5.98915 45.8
      vertex 11.6009 5.93851 45
      vertex 11.7843 5.98915 45
    endloop
  endfacet
  facet normal 0.177096 -0.984194 0
    outer loop
      vertex 11.7843 5.98915 45
      vertex 11.9852 6.0253 45.8
      vertex 11.7843 5.98915 45.8
    endloop
  endfacet
  facet normal 0.177096 -0.984194 0
    outer loop
      vertex 11.9852 6.0253 45.8
      vertex 11.7843 5.98915 45
      vertex 11.9852 6.0253 45
    endloop
  endfacet
  facet normal 0.0987826 -0.995109 0
    outer loop
      vertex 11.9852 6.0253 45
      vertex 12.2038 6.047 45.8
      vertex 11.9852 6.0253 45.8
    endloop
  endfacet
  facet normal 0.0987826 -0.995109 0
    outer loop
      vertex 12.2038 6.047 45.8
      vertex 11.9852 6.0253 45
      vertex 12.2038 6.047 45
    endloop
  endfacet
  facet normal 0.0305953 -0.999532 0
    outer loop
      vertex 12.2038 6.047 45
      vertex 12.44 6.05423 45.8
      vertex 12.2038 6.047 45.8
    endloop
  endfacet
  facet normal 0.0305953 -0.999532 0
    outer loop
      vertex 12.44 6.05423 45.8
      vertex 12.2038 6.047 45
      vertex 12.44 6.05423 45
    endloop
  endfacet
  facet normal -0.0319588 -0.999489 0
    outer loop
      vertex 12.44 6.05423 45
      vertex 12.6977 6.04599 45.8
      vertex 12.44 6.05423 45.8
    endloop
  endfacet
  facet normal -0.0319588 -0.999489 -0
    outer loop
      vertex 12.6977 6.04599 45.8
      vertex 12.44 6.05423 45
      vertex 12.6977 6.04599 45
    endloop
  endfacet
  facet normal -0.108584 -0.994087 0
    outer loop
      vertex 18.0583 6.04756 45
      vertex 18.2414 6.02756 45.8
      vertex 18.0583 6.04756 45.8
    endloop
  endfacet
  facet normal -0.108584 -0.994087 -0
    outer loop
      vertex 18.2414 6.02756 45.8
      vertex 18.0583 6.04756 45
      vertex 18.2414 6.02756 45
    endloop
  endfacet
  facet normal -0.187094 -0.982342 0
    outer loop
      vertex 18.2414 6.02756 45
      vertex 18.4164 5.99423 45.8
      vertex 18.2414 6.02756 45.8
    endloop
  endfacet
  facet normal -0.187094 -0.982342 -0
    outer loop
      vertex 18.4164 5.99423 45.8
      vertex 18.2414 6.02756 45
      vertex 18.4164 5.99423 45
    endloop
  endfacet
  facet normal -0.269394 -0.96303 0
    outer loop
      vertex 18.4164 5.99423 45
      vertex 18.5832 5.94757 45.8
      vertex 18.4164 5.99423 45.8
    endloop
  endfacet
  facet normal -0.269394 -0.96303 -0
    outer loop
      vertex 18.5832 5.94757 45.8
      vertex 18.4164 5.99423 45
      vertex 18.5832 5.94757 45
    endloop
  endfacet
  facet normal -0.353693 -0.935362 0
    outer loop
      vertex 18.5832 5.94757 45
      vertex 18.7419 5.88756 45.8
      vertex 18.5832 5.94757 45.8
    endloop
  endfacet
  facet normal -0.353693 -0.935362 -0
    outer loop
      vertex 18.7419 5.88756 45.8
      vertex 18.5832 5.94757 45
      vertex 18.7419 5.88756 45
    endloop
  endfacet
  facet normal -0.438112 -0.898921 0
    outer loop
      vertex 18.7419 5.88756 45
      vertex 18.8924 5.81421 45.8
      vertex 18.7419 5.88756 45.8
    endloop
  endfacet
  facet normal -0.438112 -0.898921 -0
    outer loop
      vertex 18.8924 5.81421 45.8
      vertex 18.7419 5.88756 45
      vertex 18.8924 5.81421 45
    endloop
  endfacet
  facet normal -0.520989 -0.853563 0
    outer loop
      vertex 18.8924 5.81421 45
      vertex 19.0332 5.72827 45.8
      vertex 18.8924 5.81421 45.8
    endloop
  endfacet
  facet normal -0.520989 -0.853563 -0
    outer loop
      vertex 19.0332 5.72827 45.8
      vertex 18.8924 5.81421 45
      vertex 19.0332 5.72827 45
    endloop
  endfacet
  facet normal -0.602205 -0.798341 0
    outer loop
      vertex 19.0332 5.72827 45
      vertex 19.1628 5.63051 45.8
      vertex 19.0332 5.72827 45.8
    endloop
  endfacet
  facet normal -0.602205 -0.798341 -0
    outer loop
      vertex 19.1628 5.63051 45.8
      vertex 19.0332 5.72827 45
      vertex 19.1628 5.63051 45
    endloop
  endfacet
  facet normal -0.679961 -0.733248 0
    outer loop
      vertex 19.1628 5.63051 45
      vertex 19.281 5.5209 45.8
      vertex 19.1628 5.63051 45.8
    endloop
  endfacet
  facet normal -0.679961 -0.733248 -0
    outer loop
      vertex 19.281 5.5209 45.8
      vertex 19.1628 5.63051 45
      vertex 19.281 5.5209 45
    endloop
  endfacet
  facet normal -0.750532 -0.660834 0
    outer loop
      vertex 19.3879 5.39949 45
      vertex 19.281 5.5209 45.8
      vertex 19.281 5.5209 45
    endloop
  endfacet
  facet normal -0.750532 -0.660834 0
    outer loop
      vertex 19.281 5.5209 45.8
      vertex 19.3879 5.39949 45
      vertex 19.3879 5.39949 45.8
    endloop
  endfacet
  facet normal -0.812516 -0.582939 0
    outer loop
      vertex 19.4835 5.26624 45
      vertex 19.3879 5.39949 45.8
      vertex 19.3879 5.39949 45
    endloop
  endfacet
  facet normal -0.812516 -0.582939 0
    outer loop
      vertex 19.3879 5.39949 45.8
      vertex 19.4835 5.26624 45
      vertex 19.4835 5.26624 45.8
    endloop
  endfacet
  facet normal -0.864619 -0.502429 0
    outer loop
      vertex 19.5678 5.12117 45
      vertex 19.4835 5.26624 45.8
      vertex 19.4835 5.26624 45
    endloop
  endfacet
  facet normal -0.864619 -0.502429 0
    outer loop
      vertex 19.4835 5.26624 45.8
      vertex 19.5678 5.12117 45
      vertex 19.5678 5.12117 45.8
    endloop
  endfacet
  facet normal -0.906706 -0.421764 0
    outer loop
      vertex 19.6399 4.96617 45
      vertex 19.5678 5.12117 45.8
      vertex 19.5678 5.12117 45
    endloop
  endfacet
  facet normal -0.906706 -0.421764 0
    outer loop
      vertex 19.5678 5.12117 45.8
      vertex 19.6399 4.96617 45
      vertex 19.6399 4.96617 45.8
    endloop
  endfacet
  facet normal -0.940284 -0.34039 0
    outer loop
      vertex 19.6989 4.80319 45
      vertex 19.6399 4.96617 45.8
      vertex 19.6399 4.96617 45
    endloop
  endfacet
  facet normal -0.940284 -0.34039 0
    outer loop
      vertex 19.6399 4.96617 45.8
      vertex 19.6989 4.80319 45
      vertex 19.6989 4.80319 45.8
    endloop
  endfacet
  facet normal -0.965797 -0.259301 0
    outer loop
      vertex 19.7448 4.63223 45
      vertex 19.6989 4.80319 45.8
      vertex 19.6989 4.80319 45
    endloop
  endfacet
  facet normal -0.965797 -0.259301 0
    outer loop
      vertex 19.6989 4.80319 45.8
      vertex 19.7448 4.63223 45
      vertex 19.7448 4.63223 45.8
    endloop
  endfacet
  facet normal -0.983614 -0.180288 0
    outer loop
      vertex 19.7776 4.45328 45
      vertex 19.7448 4.63223 45.8
      vertex 19.7448 4.63223 45
    endloop
  endfacet
  facet normal -0.983614 -0.180288 0
    outer loop
      vertex 19.7448 4.63223 45.8
      vertex 19.7776 4.45328 45
      vertex 19.7776 4.45328 45.8
    endloop
  endfacet
  facet normal -0.994494 -0.104796 0
    outer loop
      vertex 19.7973 4.26633 45
      vertex 19.7776 4.45328 45.8
      vertex 19.7776 4.45328 45
    endloop
  endfacet
  facet normal -0.994494 -0.104796 0
    outer loop
      vertex 19.7776 4.45328 45.8
      vertex 19.7973 4.26633 45
      vertex 19.7973 4.26633 45.8
    endloop
  endfacet
  facet normal -0.999444 -0.0333285 0
    outer loop
      vertex 19.8038 4.07141 45
      vertex 19.7973 4.26633 45.8
      vertex 19.7973 4.26633 45
    endloop
  endfacet
  facet normal -0.999444 -0.0333285 0
    outer loop
      vertex 19.7973 4.26633 45.8
      vertex 19.8038 4.07141 45
      vertex 19.8038 4.07141 45.8
    endloop
  endfacet
  facet normal -0.998821 0.0485512 0
    outer loop
      vertex 19.7896 3.77928 45
      vertex 19.8038 4.07141 45.8
      vertex 19.8038 4.07141 45
    endloop
  endfacet
  facet normal -0.998821 0.0485512 0
    outer loop
      vertex 19.8038 4.07141 45.8
      vertex 19.7896 3.77928 45
      vertex 19.7896 3.77928 45.8
    endloop
  endfacet
  facet normal -0.987831 0.155529 0
    outer loop
      vertex 19.747 3.50871 45
      vertex 19.7896 3.77928 45.8
      vertex 19.7896 3.77928 45
    endloop
  endfacet
  facet normal -0.987831 0.155529 0
    outer loop
      vertex 19.7896 3.77928 45.8
      vertex 19.747 3.50871 45
      vertex 19.747 3.50871 45.8
    endloop
  endfacet
  facet normal -0.961672 0.274201 0
    outer loop
      vertex 19.676 3.2597 45
      vertex 19.747 3.50871 45.8
      vertex 19.747 3.50871 45
    endloop
  endfacet
  facet normal -0.961672 0.274201 0
    outer loop
      vertex 19.747 3.50871 45.8
      vertex 19.676 3.2597 45
      vertex 19.676 3.2597 45.8
    endloop
  endfacet
  facet normal -0.916332 0.400419 0
    outer loop
      vertex 19.5766 3.03223 45
      vertex 19.676 3.2597 45.8
      vertex 19.676 3.2597 45
    endloop
  endfacet
  facet normal -0.916332 0.400419 0
    outer loop
      vertex 19.676 3.2597 45.8
      vertex 19.5766 3.03223 45
      vertex 19.5766 3.03223 45.8
    endloop
  endfacet
  facet normal -0.849478 0.527624 0
    outer loop
      vertex 19.4487 2.82631 45
      vertex 19.5766 3.03223 45.8
      vertex 19.5766 3.03223 45
    endloop
  endfacet
  facet normal -0.849478 0.527624 0
    outer loop
      vertex 19.5766 3.03223 45.8
      vertex 19.4487 2.82631 45
      vertex 19.4487 2.82631 45.8
    endloop
  endfacet
  facet normal -0.763022 0.646373 0
    outer loop
      vertex 19.3417 2.7 45
      vertex 19.4487 2.82631 45.8
      vertex 19.4487 2.82631 45
    endloop
  endfacet
  facet normal -0.763022 0.646373 0
    outer loop
      vertex 19.4487 2.82631 45.8
      vertex 19.3417 2.7 45
      vertex 19.3417 2.7 45.8
    endloop
  endfacet
  facet normal 0.761626 0.648016 0
    outer loop
      vertex 16.3998 2.7 45.8
      vertex 16.2981 2.81953 45
      vertex 16.2981 2.81953 45.8
    endloop
  endfacet
  facet normal 0.761626 0.648016 0
    outer loop
      vertex 16.2981 2.81953 45
      vertex 16.3998 2.7 45.8
      vertex 16.3998 2.7 45
    endloop
  endfacet
  facet normal 0.849713 0.527246 0
    outer loop
      vertex 16.2981 2.81953 45.8
      vertex 16.1706 3.02501 45
      vertex 16.1706 3.02501 45.8
    endloop
  endfacet
  facet normal 0.849713 0.527246 0
    outer loop
      vertex 16.1706 3.02501 45
      vertex 16.2981 2.81953 45.8
      vertex 16.2981 2.81953 45
    endloop
  endfacet
  facet normal 0.916916 0.399079 0
    outer loop
      vertex 16.1706 3.02501 45.8
      vertex 16.0714 3.25293 45
      vertex 16.0714 3.25293 45.8
    endloop
  endfacet
  facet normal 0.916916 0.399079 0
    outer loop
      vertex 16.0714 3.25293 45
      vertex 16.1706 3.02501 45.8
      vertex 16.1706 3.02501 45
    endloop
  endfacet
  facet normal 0.962266 0.272111 0
    outer loop
      vertex 16.0714 3.25293 45.8
      vertex 16.0006 3.5033 45
      vertex 16.0006 3.5033 45.8
    endloop
  endfacet
  facet normal 0.962266 0.272111 0
    outer loop
      vertex 16.0006 3.5033 45
      vertex 16.0714 3.25293 45.8
      vertex 16.0714 3.25293 45
    endloop
  endfacet
  facet normal 0.988083 0.153924 0
    outer loop
      vertex 16.0006 3.5033 45.8
      vertex 15.9581 3.77612 45
      vertex 15.9581 3.77612 45.8
    endloop
  endfacet
  facet normal 0.988083 0.153924 0
    outer loop
      vertex 15.9581 3.77612 45
      vertex 16.0006 3.5033 45.8
      vertex 16.0006 3.5033 45
    endloop
  endfacet
  facet normal 0.998846 0.0480328 0
    outer loop
      vertex 15.9581 3.77612 45.8
      vertex 15.9439 4.07141 45
      vertex 15.9439 4.07141 45.8
    endloop
  endfacet
  facet normal 0.998846 0.0480328 0
    outer loop
      vertex 15.9439 4.07141 45
      vertex 15.9581 3.77612 45.8
      vertex 15.9581 3.77612 45
    endloop
  endfacet
  facet normal 0.998855 -0.0478308 0
    outer loop
      vertex 15.9439 4.07141 45.8
      vertex 15.9581 4.36795 45
      vertex 15.9581 4.36795 45.8
    endloop
  endfacet
  facet normal 0.998855 -0.0478308 0
    outer loop
      vertex 15.9581 4.36795 45
      vertex 15.9439 4.07141 45.8
      vertex 15.9439 4.07141 45
    endloop
  endfacet
  facet normal 0.988192 -0.153219 0
    outer loop
      vertex 15.9581 4.36795 45.8
      vertex 16.0007 4.6427 45
      vertex 16.0007 4.6427 45.8
    endloop
  endfacet
  facet normal 0.988192 -0.153219 0
    outer loop
      vertex 16.0007 4.6427 45
      vertex 15.9581 4.36795 45.8
      vertex 15.9581 4.36795 45
    endloop
  endfacet
  facet normal 0.962704 -0.270557 0
    outer loop
      vertex 16.0007 4.6427 45.8
      vertex 16.0718 4.89569 45
      vertex 16.0718 4.89569 45.8
    endloop
  endfacet
  facet normal 0.962704 -0.270557 0
    outer loop
      vertex 16.0718 4.89569 45
      vertex 16.0007 4.6427 45.8
      vertex 16.0007 4.6427 45
    endloop
  endfacet
  facet normal 0.918692 -0.394974 0
    outer loop
      vertex 16.0718 4.89569 45.8
      vertex 16.1712 5.12689 45
      vertex 16.1712 5.12689 45.8
    endloop
  endfacet
  facet normal 0.918692 -0.394974 0
    outer loop
      vertex 16.1712 5.12689 45
      vertex 16.0718 4.89569 45.8
      vertex 16.0718 4.89569 45
    endloop
  endfacet
  facet normal 0.853617 -0.520901 0
    outer loop
      vertex 16.1712 5.12689 45.8
      vertex 16.299 5.33632 45
      vertex 16.299 5.33632 45.8
    endloop
  endfacet
  facet normal 0.853617 -0.520901 0
    outer loop
      vertex 16.299 5.33632 45
      vertex 16.1712 5.12689 45.8
      vertex 16.1712 5.12689 45
    endloop
  endfacet
  facet normal 0.768574 -0.639761 0
    outer loop
      vertex 16.299 5.33632 45.8
      vertex 16.4552 5.52397 45
      vertex 16.4552 5.52397 45.8
    endloop
  endfacet
  facet normal 0.768574 -0.639761 0
    outer loop
      vertex 16.4552 5.52397 45
      vertex 16.299 5.33632 45.8
      vertex 16.299 5.33632 45
    endloop
  endfacet
  facet normal 0.66637 -0.745621 0
    outer loop
      vertex 16.4552 5.52397 45
      vertex 16.6365 5.686 45.8
      vertex 16.4552 5.52397 45.8
    endloop
  endfacet
  facet normal 0.66637 -0.745621 0
    outer loop
      vertex 16.6365 5.686 45.8
      vertex 16.4552 5.52397 45
      vertex 16.6365 5.686 45
    endloop
  endfacet
  facet normal 0.546974 -0.83715 0
    outer loop
      vertex 16.6365 5.686 45
      vertex 16.8394 5.81857 45.8
      vertex 16.6365 5.686 45.8
    endloop
  endfacet
  facet normal 0.546974 -0.83715 0
    outer loop
      vertex 16.8394 5.81857 45.8
      vertex 16.6365 5.686 45
      vertex 16.8394 5.81857 45
    endloop
  endfacet
  facet normal 0.417371 -0.908736 0
    outer loop
      vertex 16.8394 5.81857 45
      vertex 17.0639 5.92168 45.8
      vertex 16.8394 5.81857 45.8
    endloop
  endfacet
  facet normal 0.417371 -0.908736 0
    outer loop
      vertex 17.0639 5.92168 45.8
      vertex 16.8394 5.81857 45
      vertex 17.0639 5.92168 45
    endloop
  endfacet
  facet normal 0.286705 -0.958019 0
    outer loop
      vertex 17.0639 5.92168 45
      vertex 17.31 5.99533 45.8
      vertex 17.0639 5.92168 45.8
    endloop
  endfacet
  facet normal 0.286705 -0.958019 0
    outer loop
      vertex 17.31 5.99533 45.8
      vertex 17.0639 5.92168 45
      vertex 17.31 5.99533 45
    endloop
  endfacet
  facet normal 0.162833 -0.986654 0
    outer loop
      vertex 17.31 5.99533 45
      vertex 17.5777 6.03951 45.8
      vertex 17.31 5.99533 45.8
    endloop
  endfacet
  facet normal 0.162833 -0.986654 0
    outer loop
      vertex 17.5777 6.03951 45.8
      vertex 17.31 5.99533 45
      vertex 17.5777 6.03951 45
    endloop
  endfacet
  facet normal 0.0507982 -0.998709 0
    outer loop
      vertex 17.5777 6.03951 45
      vertex 17.8671 6.05423 45.8
      vertex 17.5777 6.03951 45.8
    endloop
  endfacet
  facet normal 0.0507982 -0.998709 0
    outer loop
      vertex 17.8671 6.05423 45.8
      vertex 17.5777 6.03951 45
      vertex 17.8671 6.05423 45
    endloop
  endfacet
  facet normal -0.0348637 -0.999392 0
    outer loop
      vertex 17.8671 6.05423 45
      vertex 18.0583 6.04756 45.8
      vertex 17.8671 6.05423 45.8
    endloop
  endfacet
  facet normal -0.0348637 -0.999392 -0
    outer loop
      vertex 18.0583 6.04756 45.8
      vertex 17.8671 6.05423 45
      vertex 18.0583 6.04756 45
    endloop
  endfacet
  facet normal -0.191594 0.981474 0
    outer loop
      vertex 17.7005 5.4149 45
      vertex 17.546 5.38474 45.8
      vertex 17.7005 5.4149 45.8
    endloop
  endfacet
  facet normal -0.191594 0.981474 0
    outer loop
      vertex 17.546 5.38474 45.8
      vertex 17.7005 5.4149 45
      vertex 17.546 5.38474 45
    endloop
  endfacet
  facet normal -0.333063 0.942905 0
    outer loop
      vertex 17.546 5.38474 45
      vertex 17.4036 5.33444 45.8
      vertex 17.546 5.38474 45.8
    endloop
  endfacet
  facet normal -0.333063 0.942905 0
    outer loop
      vertex 17.4036 5.33444 45.8
      vertex 17.546 5.38474 45
      vertex 17.4036 5.33444 45
    endloop
  endfacet
  facet normal -0.475735 0.879589 0
    outer loop
      vertex 17.4036 5.33444 45
      vertex 17.2734 5.26402 45.8
      vertex 17.4036 5.33444 45.8
    endloop
  endfacet
  facet normal -0.475735 0.879589 0
    outer loop
      vertex 17.2734 5.26402 45.8
      vertex 17.4036 5.33444 45
      vertex 17.2734 5.26402 45
    endloop
  endfacet
  facet normal -0.608375 0.79365 0
    outer loop
      vertex 17.2734 5.26402 45
      vertex 17.1553 5.17349 45.8
      vertex 17.2734 5.26402 45.8
    endloop
  endfacet
  facet normal -0.608375 0.79365 0
    outer loop
      vertex 17.1553 5.17349 45.8
      vertex 17.2734 5.26402 45
      vertex 17.1553 5.17349 45
    endloop
  endfacet
  facet normal -0.722086 0.691803 0
    outer loop
      vertex 17.0493 5.06285 45
      vertex 17.1553 5.17349 45.8
      vertex 17.1553 5.17349 45
    endloop
  endfacet
  facet normal -0.722086 0.691803 0
    outer loop
      vertex 17.1553 5.17349 45.8
      vertex 17.0493 5.06285 45
      vertex 17.0493 5.06285 45.8
    endloop
  endfacet
  facet normal -0.813497 0.581568 0
    outer loop
      vertex 16.9577 4.93472 45
      vertex 17.0493 5.06285 45.8
      vertex 17.0493 5.06285 45
    endloop
  endfacet
  facet normal -0.813497 0.581568 0
    outer loop
      vertex 17.0493 5.06285 45.8
      vertex 16.9577 4.93472 45
      vertex 16.9577 4.93472 45.8
    endloop
  endfacet
  facet normal -0.885804 0.46406 0
    outer loop
      vertex 16.8828 4.79175 45
      vertex 16.9577 4.93472 45.8
      vertex 16.9577 4.93472 45
    endloop
  endfacet
  facet normal -0.885804 0.46406 0
    outer loop
      vertex 16.9577 4.93472 45.8
      vertex 16.8828 4.79175 45
      vertex 16.8828 4.79175 45.8
    endloop
  endfacet
  facet normal -0.938042 0.346521 0
    outer loop
      vertex 16.8245 4.63393 45
      vertex 16.8828 4.79175 45.8
      vertex 16.8828 4.79175 45
    endloop
  endfacet
  facet normal -0.938042 0.346521 0
    outer loop
      vertex 16.8828 4.79175 45.8
      vertex 16.8245 4.63393 45
      vertex 16.8245 4.63393 45.8
    endloop
  endfacet
  facet normal -0.972184 0.23422 0
    outer loop
      vertex 16.7829 4.46126 45
      vertex 16.8245 4.63393 45.8
      vertex 16.8245 4.63393 45
    endloop
  endfacet
  facet normal -0.972184 0.23422 0
    outer loop
      vertex 16.8245 4.63393 45.8
      vertex 16.7829 4.46126 45
      vertex 16.7829 4.46126 45.8
    endloop
  endfacet
  facet normal -0.991228 0.132164 0
    outer loop
      vertex 16.7579 4.27376 45
      vertex 16.7829 4.46126 45.8
      vertex 16.7829 4.46126 45
    endloop
  endfacet
  facet normal -0.991228 0.132164 0
    outer loop
      vertex 16.7829 4.46126 45.8
      vertex 16.7579 4.27376 45
      vertex 16.7579 4.27376 45.8
    endloop
  endfacet
  facet normal -0.99916 0.0409836 0
    outer loop
      vertex 16.7496 4.07141 45
      vertex 16.7579 4.27376 45.8
      vertex 16.7579 4.27376 45
    endloop
  endfacet
  facet normal -0.99916 0.0409836 0
    outer loop
      vertex 16.7579 4.27376 45.8
      vertex 16.7496 4.07141 45
      vertex 16.7496 4.07141 45.8
    endloop
  endfacet
  facet normal -0.999183 -0.0404023 0
    outer loop
      vertex 16.7577 3.87109 45
      vertex 16.7496 4.07141 45.8
      vertex 16.7496 4.07141 45
    endloop
  endfacet
  facet normal -0.999183 -0.0404023 0
    outer loop
      vertex 16.7496 4.07141 45.8
      vertex 16.7577 3.87109 45
      vertex 16.7577 3.87109 45.8
    endloop
  endfacet
  facet normal -0.991415 -0.130753 0
    outer loop
      vertex 16.7821 3.68608 45
      vertex 16.7577 3.87109 45.8
      vertex 16.7577 3.87109 45
    endloop
  endfacet
  facet normal -0.991415 -0.130753 0
    outer loop
      vertex 16.7577 3.87109 45.8
      vertex 16.7821 3.68608 45
      vertex 16.7821 3.68608 45.8
    endloop
  endfacet
  facet normal -0.972427 -0.233208 0
    outer loop
      vertex 16.8228 3.51637 45
      vertex 16.7821 3.68608 45.8
      vertex 16.7821 3.68608 45
    endloop
  endfacet
  facet normal -0.972427 -0.233208 0
    outer loop
      vertex 16.7821 3.68608 45.8
      vertex 16.8228 3.51637 45
      vertex 16.8228 3.51637 45.8
    endloop
  endfacet
  facet normal -0.938327 -0.34575 0
    outer loop
      vertex 16.8797 3.36195 45
      vertex 16.8228 3.51637 45.8
      vertex 16.8228 3.51637 45
    endloop
  endfacet
  facet normal -0.938327 -0.34575 0
    outer loop
      vertex 16.8228 3.51637 45.8
      vertex 16.8797 3.36195 45
      vertex 16.8797 3.36195 45.8
    endloop
  endfacet
  facet normal -0.884725 -0.466113 0
    outer loop
      vertex 16.953 3.22282 45
      vertex 16.8797 3.36195 45.8
      vertex 16.8797 3.36195 45
    endloop
  endfacet
  facet normal -0.884725 -0.466113 0
    outer loop
      vertex 16.8797 3.36195 45.8
      vertex 16.953 3.22282 45
      vertex 16.953 3.22282 45.8
    endloop
  endfacet
  facet normal -0.810425 -0.585842 0
    outer loop
      vertex 17.0425 3.09901 45
      vertex 16.953 3.22282 45.8
      vertex 16.953 3.22282 45
    endloop
  endfacet
  facet normal -0.810425 -0.585842 0
    outer loop
      vertex 16.953 3.22282 45.8
      vertex 17.0425 3.09901 45
      vertex 17.0425 3.09901 45.8
    endloop
  endfacet
  facet normal -0.714112 -0.700031 0
    outer loop
      vertex 17.1469 2.99251 45
      vertex 17.0425 3.09901 45.8
      vertex 17.0425 3.09901 45
    endloop
  endfacet
  facet normal -0.714112 -0.700031 0
    outer loop
      vertex 17.0425 3.09901 45.8
      vertex 17.1469 2.99251 45
      vertex 17.1469 2.99251 45.8
    endloop
  endfacet
  facet normal -0.594094 -0.804396 0
    outer loop
      vertex 17.1469 2.99251 45
      vertex 17.2649 2.90536 45.8
      vertex 17.1469 2.99251 45.8
    endloop
  endfacet
  facet normal -0.594094 -0.804396 -0
    outer loop
      vertex 17.2649 2.90536 45.8
      vertex 17.1469 2.99251 45
      vertex 17.2649 2.90536 45
    endloop
  endfacet
  facet normal -0.457829 -0.88904 0
    outer loop
      vertex 17.2649 2.90536 45
      vertex 17.3965 2.83759 45.8
      vertex 17.2649 2.90536 45.8
    endloop
  endfacet
  facet normal -0.457829 -0.88904 -0
    outer loop
      vertex 17.3965 2.83759 45.8
      vertex 17.2649 2.90536 45
      vertex 17.3965 2.83759 45
    endloop
  endfacet
  facet normal -0.316542 -0.948579 0
    outer loop
      vertex 17.3965 2.83759 45
      vertex 17.5416 2.78917 45.8
      vertex 17.3965 2.83759 45.8
    endloop
  endfacet
  facet normal -0.316542 -0.948579 -0
    outer loop
      vertex 17.5416 2.78917 45.8
      vertex 17.3965 2.83759 45
      vertex 17.5416 2.78917 45
    endloop
  endfacet
  facet normal -0.179998 -0.983667 0
    outer loop
      vertex 17.5416 2.78917 45
      vertex 17.7003 2.76013 45.8
      vertex 17.5416 2.78917 45.8
    endloop
  endfacet
  facet normal -0.179998 -0.983667 -0
    outer loop
      vertex 17.7003 2.76013 45.8
      vertex 17.5416 2.78917 45
      vertex 17.7003 2.76013 45
    endloop
  endfacet
  facet normal -0.0561829 -0.99842 0
    outer loop
      vertex 17.7003 2.76013 45
      vertex 17.8725 2.75044 45.8
      vertex 17.7003 2.76013 45.8
    endloop
  endfacet
  facet normal -0.0561829 -0.99842 -0
    outer loop
      vertex 17.8725 2.75044 45.8
      vertex 17.7003 2.76013 45
      vertex 17.8725 2.75044 45
    endloop
  endfacet
  facet normal 0.0574433 -0.998349 0
    outer loop
      vertex 17.8725 2.75044 45
      vertex 18.0423 2.76021 45.8
      vertex 17.8725 2.75044 45.8
    endloop
  endfacet
  facet normal 0.0574433 -0.998349 0
    outer loop
      vertex 18.0423 2.76021 45.8
      vertex 17.8725 2.75044 45
      vertex 18.0423 2.76021 45
    endloop
  endfacet
  facet normal 0.183667 -0.982989 0
    outer loop
      vertex 18.0423 2.76021 45
      vertex 18.1989 2.78947 45.8
      vertex 18.0423 2.76021 45.8
    endloop
  endfacet
  facet normal 0.183667 -0.982989 0
    outer loop
      vertex 18.1989 2.78947 45.8
      vertex 18.0423 2.76021 45
      vertex 18.1989 2.78947 45
    endloop
  endfacet
  facet normal 0.321761 -0.946821 0
    outer loop
      vertex 18.1989 2.78947 45
      vertex 18.3425 2.83827 45.8
      vertex 18.1989 2.78947 45.8
    endloop
  endfacet
  facet normal 0.321761 -0.946821 0
    outer loop
      vertex 18.3425 2.83827 45.8
      vertex 18.1989 2.78947 45
      vertex 18.3425 2.83827 45
    endloop
  endfacet
  facet normal 0.463982 -0.885845 0
    outer loop
      vertex 18.3425 2.83827 45
      vertex 18.4729 2.90657 45.8
      vertex 18.3425 2.83827 45.8
    endloop
  endfacet
  facet normal 0.463982 -0.885845 0
    outer loop
      vertex 18.4729 2.90657 45.8
      vertex 18.3425 2.83827 45
      vertex 18.4729 2.90657 45
    endloop
  endfacet
  facet normal 0.599279 -0.80054 0
    outer loop
      vertex 18.4729 2.90657 45
      vertex 18.5902 2.99438 45.8
      vertex 18.4729 2.90657 45.8
    endloop
  endfacet
  facet normal 0.599279 -0.80054 0
    outer loop
      vertex 18.5902 2.99438 45.8
      vertex 18.4729 2.90657 45
      vertex 18.5902 2.99438 45
    endloop
  endfacet
  facet normal 0.717556 -0.696501 0
    outer loop
      vertex 18.5902 2.99438 45.8
      vertex 18.6944 3.10173 45
      vertex 18.6944 3.10173 45.8
    endloop
  endfacet
  facet normal 0.717556 -0.696501 0
    outer loop
      vertex 18.6944 3.10173 45
      vertex 18.5902 2.99438 45.8
      vertex 18.5902 2.99438 45
    endloop
  endfacet
  facet normal 0.811967 -0.583703 0
    outer loop
      vertex 18.6944 3.10173 45.8
      vertex 18.7839 3.22623 45
      vertex 18.7839 3.22623 45.8
    endloop
  endfacet
  facet normal 0.811967 -0.583703 0
    outer loop
      vertex 18.7839 3.22623 45
      vertex 18.6944 3.10173 45.8
      vertex 18.6944 3.10173 45
    endloop
  endfacet
  facet normal 0.885015 -0.465563 0
    outer loop
      vertex 18.7839 3.22623 45.8
      vertex 18.8572 3.36557 45
      vertex 18.8572 3.36557 45.8
    endloop
  endfacet
  facet normal 0.885015 -0.465563 0
    outer loop
      vertex 18.8572 3.36557 45
      vertex 18.7839 3.22623 45.8
      vertex 18.7839 3.22623 45
    endloop
  endfacet
  facet normal 0.938159 -0.346204 0
    outer loop
      vertex 18.8572 3.36557 45.8
      vertex 18.9141 3.51976 45
      vertex 18.9141 3.51976 45.8
    endloop
  endfacet
  facet normal 0.938159 -0.346204 0
    outer loop
      vertex 18.9141 3.51976 45
      vertex 18.8572 3.36557 45.8
      vertex 18.8572 3.36557 45
    endloop
  endfacet
  facet normal 0.972217 -0.234082 0
    outer loop
      vertex 18.9141 3.51976 45.8
      vertex 18.9548 3.6888 45
      vertex 18.9548 3.6888 45.8
    endloop
  endfacet
  facet normal 0.972217 -0.234082 0
    outer loop
      vertex 18.9548 3.6888 45
      vertex 18.9141 3.51976 45.8
      vertex 18.9141 3.51976 45
    endloop
  endfacet
  facet normal 0.991311 -0.131542 0
    outer loop
      vertex 18.9548 3.6888 45.8
      vertex 18.9792 3.87268 45
      vertex 18.9792 3.87268 45.8
    endloop
  endfacet
  facet normal 0.991311 -0.131542 0
    outer loop
      vertex 18.9792 3.87268 45
      vertex 18.9548 3.6888 45.8
      vertex 18.9548 3.6888 45
    endloop
  endfacet
  facet normal 0.99915 -0.0412269 0
    outer loop
      vertex 18.9792 3.87268 45.8
      vertex 18.9874 4.07141 45
      vertex 18.9874 4.07141 45.8
    endloop
  endfacet
  facet normal 0.99915 -0.0412269 0
    outer loop
      vertex 18.9874 4.07141 45
      vertex 18.9792 3.87268 45.8
      vertex 18.9792 3.87268 45
    endloop
  endfacet
  facet normal 0.999242 0.0389371 0
    outer loop
      vertex 18.9874 4.07141 45.8
      vertex 18.9793 4.27928 45
      vertex 18.9793 4.27928 45.8
    endloop
  endfacet
  facet normal 0.999242 0.0389371 0
    outer loop
      vertex 18.9793 4.27928 45
      vertex 18.9874 4.07141 45.8
      vertex 18.9874 4.07141 45
    endloop
  endfacet
  facet normal 0.992043 0.125903 0
    outer loop
      vertex 18.9793 4.27928 45.8
      vertex 18.955 4.47075 45
      vertex 18.955 4.47075 45.8
    endloop
  endfacet
  facet normal 0.992043 0.125903 0
    outer loop
      vertex 18.955 4.47075 45
      vertex 18.9793 4.27928 45.8
      vertex 18.9793 4.27928 45
    endloop
  endfacet
  facet normal 0.974259 0.225433 0
    outer loop
      vertex 18.955 4.47075 45.8
      vertex 18.9145 4.64578 45
      vertex 18.9145 4.64578 45.8
    endloop
  endfacet
  facet normal 0.974259 0.225433 0
    outer loop
      vertex 18.9145 4.64578 45
      vertex 18.955 4.47075 45.8
      vertex 18.955 4.47075 45
    endloop
  endfacet
  facet normal 0.941634 0.336637 0
    outer loop
      vertex 18.9145 4.64578 45.8
      vertex 18.8578 4.80438 45
      vertex 18.8578 4.80438 45.8
    endloop
  endfacet
  facet normal 0.941634 0.336637 0
    outer loop
      vertex 18.8578 4.80438 45
      vertex 18.9145 4.64578 45.8
      vertex 18.9145 4.64578 45
    endloop
  endfacet
  facet normal 0.88985 0.456253 0
    outer loop
      vertex 18.8578 4.80438 45.8
      vertex 18.7849 4.94656 45
      vertex 18.7849 4.94656 45.8
    endloop
  endfacet
  facet normal 0.88985 0.456253 0
    outer loop
      vertex 18.7849 4.94656 45
      vertex 18.8578 4.80438 45.8
      vertex 18.8578 4.80438 45
    endloop
  endfacet
  facet normal 0.815985 0.578073 0
    outer loop
      vertex 18.7849 4.94656 45.8
      vertex 18.6958 5.07233 45
      vertex 18.6958 5.07233 45.8
    endloop
  endfacet
  facet normal 0.815985 0.578073 0
    outer loop
      vertex 18.6958 5.07233 45
      vertex 18.7849 4.94656 45.8
      vertex 18.7849 4.94656 45
    endloop
  endfacet
  facet normal 0.719517 0.694475 0
    outer loop
      vertex 18.6958 5.07233 45.8
      vertex 18.5918 5.18008 45
      vertex 18.5918 5.18008 45.8
    endloop
  endfacet
  facet normal 0.719517 0.694475 0
    outer loop
      vertex 18.5918 5.18008 45
      vertex 18.6958 5.07233 45.8
      vertex 18.6958 5.07233 45
    endloop
  endfacet
  facet normal 0.599456 0.800408 -0
    outer loop
      vertex 18.5918 5.18008 45
      vertex 18.4741 5.26823 45.8
      vertex 18.5918 5.18008 45.8
    endloop
  endfacet
  facet normal 0.599456 0.800408 0
    outer loop
      vertex 18.4741 5.26823 45.8
      vertex 18.5918 5.18008 45
      vertex 18.4741 5.26823 45
    endloop
  endfacet
  facet normal 0.462967 0.886375 -0
    outer loop
      vertex 18.4741 5.26823 45
      vertex 18.3428 5.33681 45.8
      vertex 18.4741 5.26823 45.8
    endloop
  endfacet
  facet normal 0.462967 0.886375 0
    outer loop
      vertex 18.3428 5.33681 45.8
      vertex 18.4741 5.26823 45
      vertex 18.3428 5.33681 45
    endloop
  endfacet
  facet normal 0.320226 0.947341 -0
    outer loop
      vertex 18.3428 5.33681 45
      vertex 18.1979 5.38579 45.8
      vertex 18.3428 5.33681 45.8
    endloop
  endfacet
  facet normal 0.320226 0.947341 0
    outer loop
      vertex 18.1979 5.38579 45.8
      vertex 18.3428 5.33681 45
      vertex 18.1979 5.38579 45
    endloop
  endfacet
  facet normal 0.182207 0.98326 -0
    outer loop
      vertex 18.1979 5.38579 45
      vertex 18.0393 5.41518 45.8
      vertex 18.1979 5.38579 45.8
    endloop
  endfacet
  facet normal 0.182207 0.98326 0
    outer loop
      vertex 18.0393 5.41518 45.8
      vertex 18.1979 5.38579 45
      vertex 18.0393 5.41518 45
    endloop
  endfacet
  facet normal 0.0567608 0.998388 -0
    outer loop
      vertex 18.0393 5.41518 45
      vertex 17.8671 5.42497 45.8
      vertex 18.0393 5.41518 45.8
    endloop
  endfacet
  facet normal 0.0567608 0.998388 0
    outer loop
      vertex 17.8671 5.42497 45.8
      vertex 18.0393 5.41518 45
      vertex 17.8671 5.42497 45
    endloop
  endfacet
  facet normal -0.0603341 0.998178 0
    outer loop
      vertex 17.8671 5.42497 45
      vertex 17.7005 5.4149 45.8
      vertex 17.8671 5.42497 45.8
    endloop
  endfacet
  facet normal -0.0603341 0.998178 0
    outer loop
      vertex 17.7005 5.4149 45.8
      vertex 17.8671 5.42497 45
      vertex 17.7005 5.4149 45
    endloop
  endfacet
  facet normal -0.114355 -0.99344 0
    outer loop
      vertex -6.49306 5.9921 45
      vertex -6.28691 5.96837 45.8
      vertex -6.49306 5.9921 45.8
    endloop
  endfacet
  facet normal -0.114355 -0.99344 -0
    outer loop
      vertex -6.28691 5.96837 45.8
      vertex -6.49306 5.9921 45
      vertex -6.28691 5.96837 45
    endloop
  endfacet
  facet normal -0.204642 -0.978837 0
    outer loop
      vertex -6.28691 5.96837 45
      vertex -6.09764 5.9288 45.8
      vertex -6.28691 5.96837 45.8
    endloop
  endfacet
  facet normal -0.204642 -0.978837 -0
    outer loop
      vertex -6.09764 5.9288 45.8
      vertex -6.28691 5.96837 45
      vertex -6.09764 5.9288 45
    endloop
  endfacet
  facet normal -0.305804 -0.952095 0
    outer loop
      vertex -6.09764 5.9288 45
      vertex -5.92525 5.87343 45.8
      vertex -6.09764 5.9288 45.8
    endloop
  endfacet
  facet normal -0.305804 -0.952095 -0
    outer loop
      vertex -5.92525 5.87343 45.8
      vertex -6.09764 5.9288 45
      vertex -5.92525 5.87343 45
    endloop
  endfacet
  facet normal -0.416268 -0.909242 0
    outer loop
      vertex -5.92525 5.87343 45
      vertex -5.76973 5.80223 45.8
      vertex -5.92525 5.87343 45.8
    endloop
  endfacet
  facet normal -0.416268 -0.909242 -0
    outer loop
      vertex -5.76973 5.80223 45.8
      vertex -5.92525 5.87343 45
      vertex -5.76973 5.80223 45
    endloop
  endfacet
  facet normal -0.531623 -0.846981 0
    outer loop
      vertex -5.76973 5.80223 45
      vertex -5.63109 5.71521 45.8
      vertex -5.76973 5.80223 45.8
    endloop
  endfacet
  facet normal -0.531623 -0.846981 -0
    outer loop
      vertex -5.63109 5.71521 45.8
      vertex -5.76973 5.80223 45
      vertex -5.63109 5.71521 45
    endloop
  endfacet
  facet normal -0.647811 -0.761801 0
    outer loop
      vertex -5.63109 5.71521 45
      vertex -5.51173 5.61371 45.8
      vertex -5.63109 5.71521 45.8
    endloop
  endfacet
  facet normal -0.647811 -0.761801 -0
    outer loop
      vertex -5.51173 5.61371 45.8
      vertex -5.63109 5.71521 45
      vertex -5.51173 5.61371 45
    endloop
  endfacet
  facet normal -0.761213 -0.648502 0
    outer loop
      vertex -5.41409 5.4991 45
      vertex -5.51173 5.61371 45.8
      vertex -5.51173 5.61371 45
    endloop
  endfacet
  facet normal -0.761213 -0.648502 0
    outer loop
      vertex -5.51173 5.61371 45.8
      vertex -5.41409 5.4991 45
      vertex -5.41409 5.4991 45.8
    endloop
  endfacet
  facet normal -0.859482 -0.511167 0
    outer loop
      vertex -5.33813 5.37138 45
      vertex -5.41409 5.4991 45.8
      vertex -5.41409 5.4991 45
    endloop
  endfacet
  facet normal -0.859482 -0.511167 0
    outer loop
      vertex -5.41409 5.4991 45.8
      vertex -5.33813 5.37138 45
      vertex -5.33813 5.37138 45.8
    endloop
  endfacet
  facet normal -0.93318 -0.35941 0
    outer loop
      vertex -5.28389 5.23055 45
      vertex -5.33813 5.37138 45.8
      vertex -5.33813 5.37138 45
    endloop
  endfacet
  facet normal -0.93318 -0.35941 0
    outer loop
      vertex -5.33813 5.37138 45.8
      vertex -5.28389 5.23055 45
      vertex -5.28389 5.23055 45.8
    endloop
  endfacet
  facet normal -0.978368 -0.206872 0
    outer loop
      vertex -5.25134 5.07661 45
      vertex -5.28389 5.23055 45.8
      vertex -5.28389 5.23055 45
    endloop
  endfacet
  facet normal -0.978368 -0.206872 0
    outer loop
      vertex -5.28389 5.23055 45.8
      vertex -5.25134 5.07661 45
      vertex -5.25134 5.07661 45.8
    endloop
  endfacet
  facet normal -0.997897 -0.064814 0
    outer loop
      vertex -5.24049 4.90956 45
      vertex -5.25134 5.07661 45.8
      vertex -5.25134 5.07661 45
    endloop
  endfacet
  facet normal -0.997897 -0.064814 0
    outer loop
      vertex -5.25134 5.07661 45.8
      vertex -5.24049 4.90956 45
      vertex -5.24049 4.90956 45.8
    endloop
  endfacet
  facet normal -0.998567 0.0535244 0
    outer loop
      vertex -5.24724 4.78363 45
      vertex -5.24049 4.90956 45.8
      vertex -5.24049 4.90956 45
    endloop
  endfacet
  facet normal -0.998567 0.0535244 0
    outer loop
      vertex -5.24049 4.90956 45.8
      vertex -5.24724 4.78363 45
      vertex -5.24724 4.78363 45.8
    endloop
  endfacet
  facet normal -0.985497 0.169691 0
    outer loop
      vertex -5.26746 4.6662 45
      vertex -5.24724 4.78363 45.8
      vertex -5.24724 4.78363 45
    endloop
  endfacet
  facet normal -0.985497 0.169691 0
    outer loop
      vertex -5.24724 4.78363 45.8
      vertex -5.26746 4.6662 45
      vertex -5.26746 4.6662 45.8
    endloop
  endfacet
  facet normal -0.955269 0.295737 0
    outer loop
      vertex -5.30118 4.55728 45
      vertex -5.26746 4.6662 45.8
      vertex -5.26746 4.6662 45
    endloop
  endfacet
  facet normal -0.955269 0.295737 0
    outer loop
      vertex -5.26746 4.6662 45.8
      vertex -5.30118 4.55728 45
      vertex -5.30118 4.55728 45.8
    endloop
  endfacet
  facet normal -0.905 0.425411 0
    outer loop
      vertex -5.34837 4.45689 45
      vertex -5.30118 4.55728 45.8
      vertex -5.30118 4.55728 45
    endloop
  endfacet
  facet normal -0.905 0.425411 0
    outer loop
      vertex -5.30118 4.55728 45.8
      vertex -5.34837 4.45689 45
      vertex -5.34837 4.45689 45.8
    endloop
  endfacet
  facet normal -0.834362 0.551217 0
    outer loop
      vertex -5.40907 4.36501 45
      vertex -5.34837 4.45689 45.8
      vertex -5.34837 4.45689 45
    endloop
  endfacet
  facet normal -0.834362 0.551217 0
    outer loop
      vertex -5.34837 4.45689 45.8
      vertex -5.40907 4.36501 45
      vertex -5.40907 4.36501 45.8
    endloop
  endfacet
  facet normal -0.747043 0.664775 0
    outer loop
      vertex -5.48325 4.28165 45
      vertex -5.40907 4.36501 45.8
      vertex -5.40907 4.36501 45
    endloop
  endfacet
  facet normal -0.747043 0.664775 0
    outer loop
      vertex -5.40907 4.36501 45.8
      vertex -5.48325 4.28165 45
      vertex -5.48325 4.28165 45.8
    endloop
  endfacet
  facet normal -0.647847 0.761771 0
    outer loop
      vertex -5.48325 4.28165 45
      vertex -5.57031 4.20761 45.8
      vertex -5.48325 4.28165 45.8
    endloop
  endfacet
  facet normal -0.647847 0.761771 0
    outer loop
      vertex -5.57031 4.20761 45.8
      vertex -5.48325 4.28165 45
      vertex -5.57031 4.20761 45
    endloop
  endfacet
  facet normal -0.540749 0.841184 0
    outer loop
      vertex -5.57031 4.20761 45
      vertex -5.66965 4.14375 45.8
      vertex -5.57031 4.20761 45.8
    endloop
  endfacet
  facet normal -0.540749 0.841184 0
    outer loop
      vertex -5.66965 4.14375 45.8
      vertex -5.57031 4.20761 45
      vertex -5.66965 4.14375 45
    endloop
  endfacet
  facet normal -0.433371 0.901215 0
    outer loop
      vertex -5.66965 4.14375 45
      vertex -5.78128 4.09007 45.8
      vertex -5.66965 4.14375 45.8
    endloop
  endfacet
  facet normal -0.433371 0.901215 0
    outer loop
      vertex -5.78128 4.09007 45.8
      vertex -5.66965 4.14375 45
      vertex -5.78128 4.09007 45
    endloop
  endfacet
  facet normal -0.331402 0.94349 0
    outer loop
      vertex -5.78128 4.09007 45
      vertex -5.90518 4.04655 45.8
      vertex -5.78128 4.09007 45.8
    endloop
  endfacet
  facet normal -0.331402 0.94349 0
    outer loop
      vertex -5.90518 4.04655 45.8
      vertex -5.78128 4.09007 45
      vertex -5.90518 4.04655 45
    endloop
  endfacet
  facet normal -0.237767 0.971322 0
    outer loop
      vertex -5.90518 4.04655 45
      vertex -6.04138 4.01321 45.8
      vertex -5.90518 4.04655 45.8
    endloop
  endfacet
  facet normal -0.237767 0.971322 0
    outer loop
      vertex -6.04138 4.01321 45.8
      vertex -5.90518 4.04655 45
      vertex -6.04138 4.01321 45
    endloop
  endfacet
  facet normal -0.154127 0.988051 0
    outer loop
      vertex -6.04138 4.01321 45
      vertex -6.18985 3.99005 45.8
      vertex -6.04138 4.01321 45.8
    endloop
  endfacet
  facet normal -0.154127 0.988051 0
    outer loop
      vertex -6.18985 3.99005 45.8
      vertex -6.04138 4.01321 45
      vertex -6.18985 3.99005 45
    endloop
  endfacet
  facet normal -0.248957 -0.968514 0
    outer loop
      vertex -6.18985 3.99005 45
      vertex -6.07213 3.95979 45.8
      vertex -6.18985 3.99005 45.8
    endloop
  endfacet
  facet normal -0.248957 -0.968514 -0
    outer loop
      vertex -6.07213 3.95979 45.8
      vertex -6.18985 3.99005 45
      vertex -6.07213 3.95979 45
    endloop
  endfacet
  facet normal -0.336359 -0.941734 0
    outer loop
      vertex -6.07213 3.95979 45
      vertex -5.96487 3.92148 45.8
      vertex -6.07213 3.95979 45.8
    endloop
  endfacet
  facet normal -0.336359 -0.941734 -0
    outer loop
      vertex -5.96487 3.92148 45.8
      vertex -6.07213 3.95979 45
      vertex -5.96487 3.92148 45
    endloop
  endfacet
  facet normal -0.43228 -0.90174 0
    outer loop
      vertex -5.96487 3.92148 45
      vertex -5.8681 3.87509 45.8
      vertex -5.96487 3.92148 45.8
    endloop
  endfacet
  facet normal -0.43228 -0.90174 -0
    outer loop
      vertex -5.8681 3.87509 45.8
      vertex -5.96487 3.92148 45
      vertex -5.8681 3.87509 45
    endloop
  endfacet
  facet normal -0.533466 -0.845822 0
    outer loop
      vertex -5.8681 3.87509 45
      vertex -5.7818 3.82066 45.8
      vertex -5.8681 3.87509 45.8
    endloop
  endfacet
  facet normal -0.533466 -0.845822 -0
    outer loop
      vertex -5.7818 3.82066 45.8
      vertex -5.8681 3.87509 45
      vertex -5.7818 3.82066 45
    endloop
  endfacet
  facet normal -0.635971 -0.771713 0
    outer loop
      vertex -5.7818 3.82066 45
      vertex -5.70596 3.75816 45.8
      vertex -5.7818 3.82066 45.8
    endloop
  endfacet
  facet normal -0.635971 -0.771713 -0
    outer loop
      vertex -5.70596 3.75816 45.8
      vertex -5.7818 3.82066 45
      vertex -5.70596 3.75816 45
    endloop
  endfacet
  facet normal -0.733626 -0.679553 0
    outer loop
      vertex -5.64061 3.68761 45
      vertex -5.70596 3.75816 45.8
      vertex -5.70596 3.75816 45
    endloop
  endfacet
  facet normal -0.733626 -0.679553 0
    outer loop
      vertex -5.70596 3.75816 45.8
      vertex -5.64061 3.68761 45
      vertex -5.64061 3.68761 45.8
    endloop
  endfacet
  facet normal -0.814614 -0.580003 0
    outer loop
      vertex -5.58548 3.61018 45
      vertex -5.64061 3.68761 45.8
      vertex -5.64061 3.68761 45
    endloop
  endfacet
  facet normal -0.814614 -0.580003 0
    outer loop
      vertex -5.64061 3.68761 45.8
      vertex -5.58548 3.61018 45
      vertex -5.58548 3.61018 45.8
    endloop
  endfacet
  facet normal -0.878876 -0.47705 0
    outer loop
      vertex -5.54039 3.52711 45
      vertex -5.58548 3.61018 45.8
      vertex -5.58548 3.61018 45
    endloop
  endfacet
  facet normal -0.878876 -0.47705 0
    outer loop
      vertex -5.58548 3.61018 45.8
      vertex -5.54039 3.52711 45
      vertex -5.54039 3.52711 45.8
    endloop
  endfacet
  facet normal -0.929944 -0.367701 0
    outer loop
      vertex -5.50531 3.43839 45
      vertex -5.54039 3.52711 45.8
      vertex -5.54039 3.52711 45
    endloop
  endfacet
  facet normal -0.929944 -0.367701 0
    outer loop
      vertex -5.54039 3.52711 45.8
      vertex -5.50531 3.43839 45
      vertex -5.50531 3.43839 45.8
    endloop
  endfacet
  facet normal -0.966535 -0.256534 0
    outer loop
      vertex -5.48026 3.34401 45
      vertex -5.50531 3.43839 45.8
      vertex -5.50531 3.43839 45
    endloop
  endfacet
  facet normal -0.966535 -0.256534 0
    outer loop
      vertex -5.50531 3.43839 45.8
      vertex -5.48026 3.34401 45
      vertex -5.48026 3.34401 45.8
    endloop
  endfacet
  facet normal -0.988895 -0.148616 0
    outer loop
      vertex -5.46523 3.244 45
      vertex -5.48026 3.34401 45.8
      vertex -5.48026 3.34401 45
    endloop
  endfacet
  facet normal -0.988895 -0.148616 0
    outer loop
      vertex -5.48026 3.34401 45.8
      vertex -5.46523 3.244 45
      vertex -5.46523 3.244 45.8
    endloop
  endfacet
  facet normal -0.998874 -0.0474484 0
    outer loop
      vertex -5.46021 3.13832 45
      vertex -5.46523 3.244 45.8
      vertex -5.46523 3.244 45
    endloop
  endfacet
  facet normal -0.998874 -0.0474484 0
    outer loop
      vertex -5.46523 3.244 45.8
      vertex -5.46021 3.13832 45
      vertex -5.46021 3.13832 45.8
    endloop
  endfacet
  facet normal -0.99785 0.0655459 0
    outer loop
      vertex -5.47018 2.98654 45
      vertex -5.46021 3.13832 45.8
      vertex -5.46021 3.13832 45
    endloop
  endfacet
  facet normal -0.99785 0.0655459 0
    outer loop
      vertex -5.46021 3.13832 45.8
      vertex -5.47018 2.98654 45
      vertex -5.47018 2.98654 45.8
    endloop
  endfacet
  facet normal -0.977519 0.210846 0
    outer loop
      vertex -5.50014 2.84764 45
      vertex -5.47018 2.98654 45.8
      vertex -5.47018 2.98654 45
    endloop
  endfacet
  facet normal -0.977519 0.210846 0
    outer loop
      vertex -5.47018 2.98654 45.8
      vertex -5.50014 2.84764 45
      vertex -5.50014 2.84764 45.8
    endloop
  endfacet
  facet normal -0.929703 0.36831 0
    outer loop
      vertex -5.55006 2.72163 45
      vertex -5.50014 2.84764 45.8
      vertex -5.50014 2.84764 45
    endloop
  endfacet
  facet normal -0.929703 0.36831 0
    outer loop
      vertex -5.50014 2.84764 45.8
      vertex -5.55006 2.72163 45
      vertex -5.55006 2.72163 45.8
    endloop
  endfacet
  facet normal -0.850793 0.525501 0
    outer loop
      vertex -5.56342 2.7 45
      vertex -5.55006 2.72163 45.8
      vertex -5.55006 2.72163 45
    endloop
  endfacet
  facet normal -0.850793 0.525501 0
    outer loop
      vertex -5.55006 2.72163 45.8
      vertex -5.56342 2.7 45
      vertex -5.56342 2.7 45.8
    endloop
  endfacet
  facet normal 0 1 -0
    outer loop
      vertex -8.59435 2.17809 45
      vertex -8.6284 2.17809 45.8
      vertex -8.59435 2.17809 45.8
    endloop
  endfacet
  facet normal 0 1 0
    outer loop
      vertex -8.6284 2.17809 45.8
      vertex -8.59435 2.17809 45
      vertex -8.6284 2.17809 45
    endloop
  endfacet
  facet normal 1 -0 0
    outer loop
      vertex -8.6284 2.17809 45.8
      vertex -8.6284 6 45
      vertex -8.6284 6 45.8
    endloop
  endfacet
  facet normal 1 0 0
    outer loop
      vertex -8.6284 6 45
      vertex -8.6284 2.17809 45.8
      vertex -8.6284 2.17809 45
    endloop
  endfacet
  facet normal 0 -1 0
    outer loop
      vertex -8.6284 6 45
      vertex -6.71609 6 45.8
      vertex -8.6284 6 45.8
    endloop
  endfacet
  facet normal 0 -1 -0
    outer loop
      vertex -6.71609 6 45.8
      vertex -8.6284 6 45
      vertex -6.71609 6 45
    endloop
  endfacet
  facet normal -0.035399 -0.999373 0
    outer loop
      vertex -6.71609 6 45
      vertex -6.49306 5.9921 45.8
      vertex -6.71609 6 45.8
    endloop
  endfacet
  facet normal -0.035399 -0.999373 -0
    outer loop
      vertex -6.49306 5.9921 45.8
      vertex -6.71609 6 45
      vertex -6.49306 5.9921 45
    endloop
  endfacet
  facet normal -1 0 0
    outer loop
      vertex -7.8282 2.77213 45
      vertex -7.8282 3.71881 45.8
      vertex -7.8282 3.71881 45
    endloop
  endfacet
  facet normal -1 -0 0
    outer loop
      vertex -7.8282 3.71881 45.8
      vertex -7.8282 2.77213 45
      vertex -7.8282 2.77213 45.8
    endloop
  endfacet
  facet normal 0 -1 0
    outer loop
      vertex -7.8282 2.77213 45
      vertex -6.91681 2.77213 45.8
      vertex -7.8282 2.77213 45.8
    endloop
  endfacet
  facet normal 0 -1 -0
    outer loop
      vertex -6.91681 2.77213 45.8
      vertex -7.8282 2.77213 45
      vertex -6.91681 2.77213 45
    endloop
  endfacet
  facet normal 0.029251 -0.999572 0
    outer loop
      vertex -6.91681 2.77213 45
      vertex -6.81361 2.77515 45.8
      vertex -6.91681 2.77213 45.8
    endloop
  endfacet
  facet normal 0.029251 -0.999572 0
    outer loop
      vertex -6.81361 2.77515 45.8
      vertex -6.91681 2.77213 45
      vertex -6.81361 2.77515 45
    endloop
  endfacet
  facet normal 0.0952521 -0.995453 0
    outer loop
      vertex -6.81361 2.77515 45
      vertex -6.71924 2.78418 45.8
      vertex -6.81361 2.77515 45.8
    endloop
  endfacet
  facet normal 0.0952521 -0.995453 0
    outer loop
      vertex -6.71924 2.78418 45.8
      vertex -6.81361 2.77515 45
      vertex -6.71924 2.78418 45
    endloop
  endfacet
  facet normal 0.173575 -0.984821 0
    outer loop
      vertex -6.71924 2.78418 45
      vertex -6.63368 2.79926 45.8
      vertex -6.71924 2.78418 45.8
    endloop
  endfacet
  facet normal 0.173575 -0.984821 0
    outer loop
      vertex -6.63368 2.79926 45.8
      vertex -6.71924 2.78418 45
      vertex -6.63368 2.79926 45
    endloop
  endfacet
  facet normal 0.265148 -0.964208 0
    outer loop
      vertex -6.63368 2.79926 45
      vertex -6.55695 2.82036 45.8
      vertex -6.63368 2.79926 45.8
    endloop
  endfacet
  facet normal 0.265148 -0.964208 0
    outer loop
      vertex -6.55695 2.82036 45.8
      vertex -6.63368 2.79926 45
      vertex -6.55695 2.82036 45
    endloop
  endfacet
  facet normal 0.370943 -0.928656 0
    outer loop
      vertex -6.55695 2.82036 45
      vertex -6.48903 2.84749 45.8
      vertex -6.55695 2.82036 45.8
    endloop
  endfacet
  facet normal 0.370943 -0.928656 0
    outer loop
      vertex -6.48903 2.84749 45.8
      vertex -6.55695 2.82036 45
      vertex -6.48903 2.84749 45
    endloop
  endfacet
  facet normal 0.489322 -0.872103 0
    outer loop
      vertex -6.48903 2.84749 45
      vertex -6.42993 2.88065 45.8
      vertex -6.48903 2.84749 45.8
    endloop
  endfacet
  facet normal 0.489322 -0.872103 0
    outer loop
      vertex -6.42993 2.88065 45.8
      vertex -6.48903 2.84749 45
      vertex -6.42993 2.88065 45
    endloop
  endfacet
  facet normal 0.626494 -0.779426 0
    outer loop
      vertex -6.42993 2.88065 45
      vertex -6.37978 2.92096 45.8
      vertex -6.42993 2.88065 45.8
    endloop
  endfacet
  facet normal 0.626494 -0.779426 0
    outer loop
      vertex -6.37978 2.92096 45.8
      vertex -6.42993 2.88065 45
      vertex -6.37978 2.92096 45
    endloop
  endfacet
  facet normal 0.763977 -0.645244 0
    outer loop
      vertex -6.37978 2.92096 45.8
      vertex -6.33875 2.96954 45
      vertex -6.33875 2.96954 45.8
    endloop
  endfacet
  facet normal 0.763977 -0.645244 0
    outer loop
      vertex -6.33875 2.96954 45
      vertex -6.37978 2.92096 45.8
      vertex -6.37978 2.92096 45
    endloop
  endfacet
  facet normal 0.872169 -0.489205 0
    outer loop
      vertex -6.33875 2.96954 45.8
      vertex -6.30684 3.02643 45
      vertex -6.30684 3.02643 45.8
    endloop
  endfacet
  facet normal 0.872169 -0.489205 0
    outer loop
      vertex -6.30684 3.02643 45
      vertex -6.33875 2.96954 45.8
      vertex -6.33875 2.96954 45
    endloop
  endfacet
  facet normal 0.943901 -0.330228 0
    outer loop
      vertex -6.30684 3.02643 45.8
      vertex -6.28404 3.0916 45
      vertex -6.28404 3.0916 45.8
    endloop
  endfacet
  facet normal 0.943901 -0.330228 0
    outer loop
      vertex -6.28404 3.0916 45
      vertex -6.30684 3.02643 45.8
      vertex -6.30684 3.02643 45
    endloop
  endfacet
  facet normal 0.983118 -0.182971 0
    outer loop
      vertex -6.28404 3.0916 45.8
      vertex -6.27037 3.16505 45
      vertex -6.27037 3.16505 45.8
    endloop
  endfacet
  facet normal 0.983118 -0.182971 0
    outer loop
      vertex -6.27037 3.16505 45
      vertex -6.28404 3.0916 45.8
      vertex -6.28404 3.0916 45
    endloop
  endfacet
  facet normal 0.998448 -0.0556865 0
    outer loop
      vertex -6.27037 3.16505 45.8
      vertex -6.26581 3.24681 45
      vertex -6.26581 3.24681 45.8
    endloop
  endfacet
  facet normal 0.998448 -0.0556865 0
    outer loop
      vertex -6.26581 3.24681 45
      vertex -6.27037 3.16505 45.8
      vertex -6.27037 3.16505 45
    endloop
  endfacet
  facet normal 0.998407 0.0564236 0
    outer loop
      vertex -6.26581 3.24681 45.8
      vertex -6.27007 3.32219 45
      vertex -6.27007 3.32219 45.8
    endloop
  endfacet
  facet normal 0.998407 0.0564236 0
    outer loop
      vertex -6.27007 3.32219 45
      vertex -6.26581 3.24681 45.8
      vertex -6.26581 3.24681 45
    endloop
  endfacet
  facet normal 0.983231 0.182365 0
    outer loop
      vertex -6.27007 3.32219 45.8
      vertex -6.28284 3.39104 45
      vertex -6.28284 3.39104 45.8
    endloop
  endfacet
  facet normal 0.983231 0.182365 0
    outer loop
      vertex -6.28284 3.39104 45
      vertex -6.27007 3.32219 45.8
      vertex -6.27007 3.32219 45
    endloop
  endfacet
  facet normal 0.94627 0.323376 0
    outer loop
      vertex -6.28284 3.39104 45.8
      vertex -6.30412 3.45331 45
      vertex -6.30412 3.45331 45.8
    endloop
  endfacet
  facet normal 0.94627 0.323376 0
    outer loop
      vertex -6.30412 3.45331 45
      vertex -6.28284 3.39104 45.8
      vertex -6.28284 3.39104 45
    endloop
  endfacet
  facet normal 0.881677 0.471853 0
    outer loop
      vertex -6.30412 3.45331 45.8
      vertex -6.33394 3.50903 45
      vertex -6.33394 3.50903 45.8
    endloop
  endfacet
  facet normal 0.881677 0.471853 0
    outer loop
      vertex -6.33394 3.50903 45
      vertex -6.30412 3.45331 45.8
      vertex -6.30412 3.45331 45
    endloop
  endfacet
  facet normal 0.788834 0.614607 0
    outer loop
      vertex -6.33394 3.50903 45.8
      vertex -6.37225 3.5582 45
      vertex -6.37225 3.5582 45.8
    endloop
  endfacet
  facet normal 0.788834 0.614607 0
    outer loop
      vertex -6.37225 3.5582 45
      vertex -6.33394 3.50903 45.8
      vertex -6.33394 3.50903 45
    endloop
  endfacet
  facet normal 0.672995 0.739647 -0
    outer loop
      vertex -6.37225 3.5582 45
      vertex -6.41908 3.60081 45.8
      vertex -6.37225 3.5582 45.8
    endloop
  endfacet
  facet normal 0.672995 0.739647 0
    outer loop
      vertex -6.41908 3.60081 45.8
      vertex -6.37225 3.5582 45
      vertex -6.41908 3.60081 45
    endloop
  endfacet
  facet normal 0.539585 0.841931 -0
    outer loop
      vertex -6.41908 3.60081 45
      vertex -6.47533 3.63686 45.8
      vertex -6.41908 3.60081 45.8
    endloop
  endfacet
  facet normal 0.539585 0.841931 0
    outer loop
      vertex -6.47533 3.63686 45.8
      vertex -6.41908 3.60081 45
      vertex -6.47533 3.63686 45
    endloop
  endfacet
  facet normal 0.40531 0.914179 -0
    outer loop
      vertex -6.47533 3.63686 45
      vertex -6.54189 3.66637 45.8
      vertex -6.47533 3.63686 45.8
    endloop
  endfacet
  facet normal 0.40531 0.914179 0
    outer loop
      vertex -6.54189 3.66637 45.8
      vertex -6.47533 3.63686 45
      vertex -6.54189 3.66637 45
    endloop
  endfacet
  facet normal 0.285815 0.958285 -0
    outer loop
      vertex -6.54189 3.66637 45
      vertex -6.61877 3.6893 45.8
      vertex -6.54189 3.66637 45.8
    endloop
  endfacet
  facet normal 0.285815 0.958285 0
    outer loop
      vertex -6.61877 3.6893 45.8
      vertex -6.54189 3.66637 45
      vertex -6.61877 3.6893 45
    endloop
  endfacet
  facet normal 0.184812 0.982774 -0
    outer loop
      vertex -6.61877 3.6893 45
      vertex -6.70598 3.7057 45.8
      vertex -6.61877 3.6893 45.8
    endloop
  endfacet
  facet normal 0.184812 0.982774 0
    outer loop
      vertex -6.70598 3.7057 45.8
      vertex -6.61877 3.6893 45
      vertex -6.70598 3.7057 45
    endloop
  endfacet
  facet normal 0.100281 0.994959 -0
    outer loop
      vertex -6.70598 3.7057 45
      vertex -6.80351 3.71553 45.8
      vertex -6.70598 3.7057 45.8
    endloop
  endfacet
  facet normal 0.100281 0.994959 0
    outer loop
      vertex -6.80351 3.71553 45.8
      vertex -6.70598 3.7057 45
      vertex -6.80351 3.71553 45
    endloop
  endfacet
  facet normal 0.0303986 0.999538 -0
    outer loop
      vertex -6.80351 3.71553 45
      vertex -6.91136 3.71881 45.8
      vertex -6.80351 3.71553 45.8
    endloop
  endfacet
  facet normal 0.0303986 0.999538 0
    outer loop
      vertex -6.91136 3.71881 45.8
      vertex -6.80351 3.71553 45
      vertex -6.91136 3.71881 45
    endloop
  endfacet
  facet normal 0 1 -0
    outer loop
      vertex -6.91136 3.71881 45
      vertex -7.8282 3.71881 45.8
      vertex -6.91136 3.71881 45.8
    endloop
  endfacet
  facet normal 0 1 0
    outer loop
      vertex -7.8282 3.71881 45.8
      vertex -6.91136 3.71881 45
      vertex -7.8282 3.71881 45
    endloop
  endfacet
  facet normal -1 0 0
    outer loop
      vertex -7.8282 4.31013 45
      vertex -7.8282 5.40596 45.8
      vertex -7.8282 5.40596 45
    endloop
  endfacet
  facet normal -1 -0 0
    outer loop
      vertex -7.8282 5.40596 45.8
      vertex -7.8282 4.31013 45
      vertex -7.8282 4.31013 45.8
    endloop
  endfacet
  facet normal 0 -1 0
    outer loop
      vertex -7.8282 4.31013 45
      vertex -6.81372 4.31013 45.8
      vertex -7.8282 4.31013 45.8
    endloop
  endfacet
  facet normal 0 -1 -0
    outer loop
      vertex -6.81372 4.31013 45.8
      vertex -7.8282 4.31013 45
      vertex -6.81372 4.31013 45
    endloop
  endfacet
  facet normal 0.0632177 -0.998 0
    outer loop
      vertex -6.81372 4.31013 45
      vertex -6.57834 4.32504 45.8
      vertex -6.81372 4.31013 45.8
    endloop
  endfacet
  facet normal 0.0632177 -0.998 0
    outer loop
      vertex -6.57834 4.32504 45.8
      vertex -6.81372 4.31013 45
      vertex -6.57834 4.32504 45
    endloop
  endfacet
  facet normal 0.226389 -0.974037 0
    outer loop
      vertex -6.57834 4.32504 45
      vertex -6.38576 4.3698 45.8
      vertex -6.57834 4.32504 45.8
    endloop
  endfacet
  facet normal 0.226389 -0.974037 0
    outer loop
      vertex -6.38576 4.3698 45.8
      vertex -6.57834 4.32504 45
      vertex -6.38576 4.3698 45
    endloop
  endfacet
  facet normal 0.445779 -0.895143 0
    outer loop
      vertex -6.38576 4.3698 45
      vertex -6.23596 4.4444 45.8
      vertex -6.38576 4.3698 45.8
    endloop
  endfacet
  facet normal 0.445779 -0.895143 0
    outer loop
      vertex -6.23596 4.4444 45.8
      vertex -6.38576 4.3698 45
      vertex -6.23596 4.4444 45
    endloop
  endfacet
  facet normal 0.698494 -0.715616 0
    outer loop
      vertex -6.23596 4.4444 45
      vertex -6.12897 4.54883 45.8
      vertex -6.23596 4.4444 45.8
    endloop
  endfacet
  facet normal 0.698494 -0.715616 0
    outer loop
      vertex -6.12897 4.54883 45.8
      vertex -6.23596 4.4444 45
      vertex -6.12897 4.54883 45
    endloop
  endfacet
  facet normal 0.902189 -0.431341 0
    outer loop
      vertex -6.12897 4.54883 45.8
      vertex -6.06477 4.68311 45
      vertex -6.06477 4.68311 45.8
    endloop
  endfacet
  facet normal 0.902189 -0.431341 0
    outer loop
      vertex -6.06477 4.68311 45
      vertex -6.12897 4.54883 45.8
      vertex -6.12897 4.54883 45
    endloop
  endfacet
  facet normal 0.991604 -0.129313 0
    outer loop
      vertex -6.06477 4.68311 45.8
      vertex -6.04337 4.84721 45
      vertex -6.04337 4.84721 45.8
    endloop
  endfacet
  facet normal 0.991604 -0.129313 0
    outer loop
      vertex -6.04337 4.84721 45
      vertex -6.06477 4.68311 45.8
      vertex -6.06477 4.68311 45
    endloop
  endfacet
  facet normal 0.998471 0.0552717 0
    outer loop
      vertex -6.04337 4.84721 45.8
      vertex -6.04831 4.93645 45
      vertex -6.04831 4.93645 45.8
    endloop
  endfacet
  facet normal 0.998471 0.0552717 0
    outer loop
      vertex -6.04831 4.93645 45
      vertex -6.04337 4.84721 45.8
      vertex -6.04337 4.84721 45
    endloop
  endfacet
  facet normal 0.983901 0.178715 0
    outer loop
      vertex -6.04831 4.93645 45.8
      vertex -6.06311 5.01793 45
      vertex -6.06311 5.01793 45.8
    endloop
  endfacet
  facet normal 0.983901 0.178715 0
    outer loop
      vertex -6.06311 5.01793 45
      vertex -6.04831 4.93645 45.8
      vertex -6.04831 4.93645 45
    endloop
  endfacet
  facet normal 0.948323 0.317308 0
    outer loop
      vertex -6.06311 5.01793 45.8
      vertex -6.08778 5.09166 45
      vertex -6.08778 5.09166 45.8
    endloop
  endfacet
  facet normal 0.948323 0.317308 0
    outer loop
      vertex -6.08778 5.09166 45
      vertex -6.06311 5.01793 45.8
      vertex -6.06311 5.01793 45
    endloop
  endfacet
  facet normal 0.885834 0.464002 0
    outer loop
      vertex -6.08778 5.09166 45.8
      vertex -6.12233 5.15762 45
      vertex -6.12233 5.15762 45.8
    endloop
  endfacet
  facet normal 0.885834 0.464002 0
    outer loop
      vertex -6.12233 5.15762 45
      vertex -6.08778 5.09166 45.8
      vertex -6.08778 5.09166 45
    endloop
  endfacet
  facet normal 0.794958 0.606664 0
    outer loop
      vertex -6.12233 5.15762 45.8
      vertex -6.16676 5.21584 45
      vertex -6.16676 5.21584 45.8
    endloop
  endfacet
  facet normal 0.794958 0.606664 0
    outer loop
      vertex -6.16676 5.21584 45
      vertex -6.12233 5.15762 45.8
      vertex -6.12233 5.15762 45
    endloop
  endfacet
  facet normal 0.680653 0.732606 -0
    outer loop
      vertex -6.16676 5.21584 45
      vertex -6.22105 5.26628 45.8
      vertex -6.16676 5.21584 45.8
    endloop
  endfacet
  facet normal 0.680653 0.732606 0
    outer loop
      vertex -6.22105 5.26628 45.8
      vertex -6.16676 5.21584 45
      vertex -6.22105 5.26628 45
    endloop
  endfacet
  facet normal 0.549109 0.835751 -0
    outer loop
      vertex -6.22105 5.26628 45
      vertex -6.28604 5.30898 45.8
      vertex -6.22105 5.26628 45.8
    endloop
  endfacet
  facet normal 0.549109 0.835751 0
    outer loop
      vertex -6.28604 5.30898 45.8
      vertex -6.22105 5.26628 45
      vertex -6.28604 5.30898 45
    endloop
  endfacet
  facet normal 0.415111 0.909771 -0
    outer loop
      vertex -6.28604 5.30898 45
      vertex -6.36255 5.34389 45.8
      vertex -6.28604 5.30898 45.8
    endloop
  endfacet
  facet normal 0.415111 0.909771 0
    outer loop
      vertex -6.36255 5.34389 45.8
      vertex -6.28604 5.30898 45
      vertex -6.36255 5.34389 45
    endloop
  endfacet
  facet normal 0.294787 0.955563 -0
    outer loop
      vertex -6.36255 5.34389 45
      vertex -6.45059 5.37105 45.8
      vertex -6.36255 5.34389 45.8
    endloop
  endfacet
  facet normal 0.294787 0.955563 0
    outer loop
      vertex -6.45059 5.37105 45.8
      vertex -6.36255 5.34389 45
      vertex -6.45059 5.37105 45
    endloop
  endfacet
  facet normal 0.191128 0.981565 -0
    outer loop
      vertex -6.45059 5.37105 45
      vertex -6.55017 5.39044 45.8
      vertex -6.45059 5.37105 45.8
    endloop
  endfacet
  facet normal 0.191128 0.981565 0
    outer loop
      vertex -6.55017 5.39044 45.8
      vertex -6.45059 5.37105 45
      vertex -6.55017 5.39044 45
    endloop
  endfacet
  facet normal 0.1042 0.994556 -0
    outer loop
      vertex -6.55017 5.39044 45
      vertex -6.66127 5.40208 45.8
      vertex -6.55017 5.39044 45.8
    endloop
  endfacet
  facet normal 0.1042 0.994556 0
    outer loop
      vertex -6.66127 5.40208 45.8
      vertex -6.55017 5.39044 45
      vertex -6.66127 5.40208 45
    endloop
  endfacet
  facet normal 0.0316266 0.9995 -0
    outer loop
      vertex -6.66127 5.40208 45
      vertex -6.78389 5.40596 45.8
      vertex -6.66127 5.40208 45.8
    endloop
  endfacet
  facet normal 0.0316266 0.9995 0
    outer loop
      vertex -6.78389 5.40596 45.8
      vertex -6.66127 5.40208 45
      vertex -6.78389 5.40596 45
    endloop
  endfacet
  facet normal 0 1 -0
    outer loop
      vertex -6.78389 5.40596 45
      vertex -7.8282 5.40596 45.8
      vertex -6.78389 5.40596 45.8
    endloop
  endfacet
  facet normal 0 1 0
    outer loop
      vertex -7.8282 5.40596 45.8
      vertex -6.78389 5.40596 45
      vertex -7.8282 5.40596 45
    endloop
  endfacet
  facet normal 0 -1 0
    outer loop
      vertex 1.83612 2.79652 45
      vertex 3.07304 2.79652 45.8
      vertex 1.83612 2.79652 45.8
    endloop
  endfacet
  facet normal 0 -1 -0
    outer loop
      vertex 3.07304 2.79652 45.8
      vertex 1.83612 2.79652 45
      vertex 3.07304 2.79652 45
    endloop
  endfacet
  facet normal -1 0 0
    outer loop
      vertex 3.07304 2.7 45
      vertex 3.07304 2.79652 45.8
      vertex 3.07304 2.79652 45
    endloop
  endfacet
  facet normal -1 -0 0
    outer loop
      vertex 3.07304 2.79652 45.8
      vertex 3.07304 2.7 45
      vertex 3.07304 2.7 45.8
    endloop
  endfacet
  facet normal 1 -0 0
    outer loop
      vertex -0.198227 2.7 45.8
      vertex -0.198227 2.79652 45
      vertex -0.198227 2.79652 45.8
    endloop
  endfacet
  facet normal 1 0 0
    outer loop
      vertex -0.198227 2.79652 45
      vertex -0.198227 2.7 45.8
      vertex -0.198227 2.7 45
    endloop
  endfacet
  facet normal 0 -1 0
    outer loop
      vertex -0.198227 2.79652 45
      vertex 1.03593 2.79652 45.8
      vertex -0.198227 2.79652 45.8
    endloop
  endfacet
  facet normal 0 -1 -0
    outer loop
      vertex 1.03593 2.79652 45.8
      vertex -0.198227 2.79652 45
      vertex 1.03593 2.79652 45
    endloop
  endfacet
  facet normal 1 -0 0
    outer loop
      vertex 1.03593 2.79652 45.8
      vertex 1.03593 6 45
      vertex 1.03593 6 45.8
    endloop
  endfacet
  facet normal 1 0 0
    outer loop
      vertex 1.03593 6 45
      vertex 1.03593 2.79652 45.8
      vertex 1.03593 2.79652 45
    endloop
  endfacet
  facet normal 0 -1 0
    outer loop
      vertex 1.03593 6 45
      vertex 1.83612 6 45.8
      vertex 1.03593 6 45.8
    endloop
  endfacet
  facet normal 0 -1 -0
    outer loop
      vertex 1.83612 6 45.8
      vertex 1.03593 6 45
      vertex 1.83612 6 45
    endloop
  endfacet
  facet normal -1 0 0
    outer loop
      vertex 1.83612 2.79652 45
      vertex 1.83612 6 45.8
      vertex 1.83612 6 45
    endloop
  endfacet
  facet normal -1 -0 0
    outer loop
      vertex 1.83612 6 45.8
      vertex 1.83612 2.79652 45
      vertex 1.83612 2.79652 45.8
    endloop
  endfacet
  facet normal 0 1 -0
    outer loop
      vertex 6.54167 5.38156 45
      vertex 4.22519 5.38156 45.8
      vertex 6.54167 5.38156 45.8
    endloop
  endfacet
  facet normal 0 1 0
    outer loop
      vertex 4.22519 5.38156 45.8
      vertex 6.54167 5.38156 45
      vertex 4.22519 5.38156 45
    endloop
  endfacet
  facet normal -1 0 0
    outer loop
      vertex 4.22519 4.37521 45
      vertex 4.22519 5.38156 45.8
      vertex 4.22519 5.38156 45
    endloop
  endfacet
  facet normal -1 -0 0
    outer loop
      vertex 4.22519 5.38156 45.8
      vertex 4.22519 4.37521 45
      vertex 4.22519 4.37521 45.8
    endloop
  endfacet
  facet normal 0 -1 0
    outer loop
      vertex 4.22519 4.37521 45
      vertex 6.26498 4.37521 45.8
      vertex 4.22519 4.37521 45.8
    endloop
  endfacet
  facet normal 0 -1 -0
    outer loop
      vertex 6.26498 4.37521 45.8
      vertex 4.22519 4.37521 45
      vertex 6.26498 4.37521 45
    endloop
  endfacet
  facet normal -1 0 0
    outer loop
      vertex 6.26498 3.75677 45
      vertex 6.26498 4.37521 45.8
      vertex 6.26498 4.37521 45
    endloop
  endfacet
  facet normal -1 -0 0
    outer loop
      vertex 6.26498 4.37521 45.8
      vertex 6.26498 3.75677 45
      vertex 6.26498 3.75677 45.8
    endloop
  endfacet
  facet normal 0 1 -0
    outer loop
      vertex 6.26498 3.75677 45
      vertex 4.22519 3.75677 45.8
      vertex 6.26498 3.75677 45.8
    endloop
  endfacet
  facet normal 0 1 0
    outer loop
      vertex 4.22519 3.75677 45.8
      vertex 6.26498 3.75677 45
      vertex 4.22519 3.75677 45
    endloop
  endfacet
  facet normal -1 0 0
    outer loop
      vertex 4.22519 2.79652 45
      vertex 4.22519 3.75677 45.8
      vertex 4.22519 3.75677 45
    endloop
  endfacet
  facet normal -1 -0 0
    outer loop
      vertex 4.22519 3.75677 45.8
      vertex 4.22519 2.79652 45
      vertex 4.22519 2.79652 45.8
    endloop
  endfacet
  facet normal 0 -1 0
    outer loop
      vertex 4.22519 2.79652 45
      vertex 6.43047 2.79652 45.8
      vertex 4.22519 2.79652 45.8
    endloop
  endfacet
  facet normal 0 -1 -0
    outer loop
      vertex 6.43047 2.79652 45.8
      vertex 4.22519 2.79652 45
      vertex 6.43047 2.79652 45
    endloop
  endfacet
  facet normal -1 0 0
    outer loop
      vertex 6.43047 2.7 45
      vertex 6.43047 2.79652 45.8
      vertex 6.43047 2.79652 45
    endloop
  endfacet
  facet normal -1 -0 0
    outer loop
      vertex 6.43047 2.79652 45.8
      vertex 6.43047 2.7 45
      vertex 6.43047 2.7 45.8
    endloop
  endfacet
  facet normal 1 -0 0
    outer loop
      vertex 3.42499 2.7 45.8
      vertex 3.42499 6 45
      vertex 3.42499 6 45.8
    endloop
  endfacet
  facet normal 1 0 0
    outer loop
      vertex 3.42499 6 45
      vertex 3.42499 2.7 45.8
      vertex 3.42499 2.7 45
    endloop
  endfacet
  facet normal 0 -1 0
    outer loop
      vertex 3.42499 6 45
      vertex 6.54167 6 45.8
      vertex 3.42499 6 45.8
    endloop
  endfacet
  facet normal 0 -1 -0
    outer loop
      vertex 6.54167 6 45.8
      vertex 3.42499 6 45
      vertex 6.54167 6 45
    endloop
  endfacet
  facet normal -1 0 0
    outer loop
      vertex 6.54167 5.38156 45
      vertex 6.54167 6 45.8
      vertex 6.54167 6 45
    endloop
  endfacet
  facet normal -1 -0 0
    outer loop
      vertex 6.54167 6 45.8
      vertex 6.54167 5.38156 45
      vertex 6.54167 5.38156 45.8
    endloop
  endfacet
  facet normal -0.99989 0.014865 0
    outer loop
      vertex 7.75299 3.65445 45
      vertex 7.75435 3.74593 45.8
      vertex 7.75435 3.74593 45
    endloop
  endfacet
  facet normal -0.99989 0.014865 0
    outer loop
      vertex 7.75435 3.74593 45.8
      vertex 7.75299 3.65445 45
      vertex 7.75299 3.65445 45.8
    endloop
  endfacet
  facet normal -0.999186 0.0403361 0
    outer loop
      vertex 7.74892 3.55363 45
      vertex 7.75299 3.65445 45.8
      vertex 7.75299 3.65445 45
    endloop
  endfacet
  facet normal -0.999186 0.0403361 0
    outer loop
      vertex 7.75299 3.65445 45.8
      vertex 7.74892 3.55363 45
      vertex 7.74892 3.55363 45.8
    endloop
  endfacet
  facet normal -0.998111 0.0614362 0
    outer loop
      vertex 7.74214 3.44348 45
      vertex 7.74892 3.55363 45.8
      vertex 7.74892 3.55363 45
    endloop
  endfacet
  facet normal -0.998111 0.0614362 0
    outer loop
      vertex 7.74892 3.55363 45.8
      vertex 7.74214 3.44348 45
      vertex 7.74214 3.44348 45.8
    endloop
  endfacet
  facet normal -0.996862 0.0791584 0
    outer loop
      vertex 7.73265 3.32397 45
      vertex 7.74214 3.44348 45.8
      vertex 7.74214 3.44348 45
    endloop
  endfacet
  facet normal -0.996862 0.0791584 0
    outer loop
      vertex 7.74214 3.44348 45.8
      vertex 7.73265 3.32397 45
      vertex 7.73265 3.32397 45.8
    endloop
  endfacet
  facet normal -0.995554 0.0941928 0
    outer loop
      vertex 7.72046 3.19513 45
      vertex 7.73265 3.32397 45.8
      vertex 7.73265 3.32397 45
    endloop
  endfacet
  facet normal -0.995554 0.0941928 0
    outer loop
      vertex 7.73265 3.32397 45.8
      vertex 7.72046 3.19513 45
      vertex 7.72046 3.19513 45.8
    endloop
  endfacet
  facet normal -0.994223 0.107336 0
    outer loop
      vertex 7.70554 3.05693 45
      vertex 7.72046 3.19513 45.8
      vertex 7.72046 3.19513 45
    endloop
  endfacet
  facet normal -0.994223 0.107336 0
    outer loop
      vertex 7.72046 3.19513 45.8
      vertex 7.70554 3.05693 45
      vertex 7.70554 3.05693 45.8
    endloop
  endfacet
  facet normal 0.870312 -0.4925 0
    outer loop
      vertex 7.70554 3.05693 45.8
      vertex 9.37099 6 45
      vertex 9.37099 6 45.8
    endloop
  endfacet
  facet normal 0.870312 -0.4925 0
    outer loop
      vertex 9.37099 6 45
      vertex 7.70554 3.05693 45.8
      vertex 7.70554 3.05693 45
    endloop
  endfacet
  facet normal 0 -1 0
    outer loop
      vertex 9.37099 6 45
      vertex 10.3095 6 45.8
      vertex 9.37099 6 45.8
    endloop
  endfacet
  facet normal 0 -1 -0
    outer loop
      vertex 10.3095 6 45.8
      vertex 9.37099 6 45
      vertex 10.3095 6 45
    endloop
  endfacet
  facet normal -1 0 0
    outer loop
      vertex 10.3095 2.7 45
      vertex 10.3095 6 45.8
      vertex 10.3095 6 45
    endloop
  endfacet
  facet normal -1 -0 0
    outer loop
      vertex 10.3095 6 45.8
      vertex 10.3095 2.7 45
      vertex 10.3095 2.7 45.8
    endloop
  endfacet
  facet normal 1 -0 0
    outer loop
      vertex 9.59886 2.7 45.8
      vertex 9.59886 4.39964 45
      vertex 9.59886 4.39964 45.8
    endloop
  endfacet
  facet normal 1 0 0
    outer loop
      vertex 9.59886 4.39964 45
      vertex 9.59886 2.7 45.8
      vertex 9.59886 2.7 45
    endloop
  endfacet
  facet normal 0.999929 -0.0119133 0
    outer loop
      vertex 9.59886 4.39964 45.8
      vertex 9.60022 4.51379 45
      vertex 9.60022 4.51379 45.8
    endloop
  endfacet
  facet normal 0.999929 -0.0119133 0
    outer loop
      vertex 9.60022 4.51379 45
      vertex 9.59886 4.39964 45.8
      vertex 9.59886 4.39964 45
    endloop
  endfacet
  facet normal 0.999411 -0.0343254 0
    outer loop
      vertex 9.60022 4.51379 45.8
      vertex 9.60428 4.632 45
      vertex 9.60428 4.632 45.8
    endloop
  endfacet
  facet normal 0.999411 -0.0343254 0
    outer loop
      vertex 9.60428 4.632 45
      vertex 9.60022 4.51379 45.8
      vertex 9.60022 4.51379 45
    endloop
  endfacet
  facet normal 0.998462 -0.0554384 0
    outer loop
      vertex 9.60428 4.632 45.8
      vertex 9.61107 4.75429 45
      vertex 9.61107 4.75429 45.8
    endloop
  endfacet
  facet normal 0.998462 -0.0554384 0
    outer loop
      vertex 9.61107 4.75429 45
      vertex 9.60428 4.632 45.8
      vertex 9.60428 4.632 45
    endloop
  endfacet
  facet normal 0.997203 -0.074735 0
    outer loop
      vertex 9.61107 4.75429 45.8
      vertex 9.62054 4.88065 45
      vertex 9.62054 4.88065 45.8
    endloop
  endfacet
  facet normal 0.997203 -0.074735 0
    outer loop
      vertex 9.62054 4.88065 45
      vertex 9.61107 4.75429 45.8
      vertex 9.61107 4.75429 45
    endloop
  endfacet
  facet normal 0.995646 -0.0932201 0
    outer loop
      vertex 9.62054 4.88065 45.8
      vertex 9.63275 5.01106 45
      vertex 9.63275 5.01106 45.8
    endloop
  endfacet
  facet normal 0.995646 -0.0932201 0
    outer loop
      vertex 9.63275 5.01106 45
      vertex 9.62054 4.88065 45.8
      vertex 9.62054 4.88065 45
    endloop
  endfacet
  facet normal 0.993913 -0.110172 0
    outer loop
      vertex 9.63275 5.01106 45.8
      vertex 9.64766 5.14557 45
      vertex 9.64766 5.14557 45.8
    endloop
  endfacet
  facet normal 0.993913 -0.110172 0
    outer loop
      vertex 9.64766 5.14557 45
      vertex 9.63275 5.01106 45.8
      vertex 9.63275 5.01106 45
    endloop
  endfacet
  facet normal -0.868977 0.494853 0
    outer loop
      vertex 8.25499 2.7 45
      vertex 9.64766 5.14557 45.8
      vertex 9.64766 5.14557 45
    endloop
  endfacet
  facet normal -0.868977 0.494853 0
    outer loop
      vertex 9.64766 5.14557 45.8
      vertex 8.25499 2.7 45
      vertex 8.25499 2.7 45.8
    endloop
  endfacet
  facet normal 1 -0 0
    outer loop
      vertex 7.04366 2.7 45.8
      vertex 7.04366 6 45
      vertex 7.04366 6 45.8
    endloop
  endfacet
  facet normal 1 0 0
    outer loop
      vertex 7.04366 6 45
      vertex 7.04366 2.7 45.8
      vertex 7.04366 2.7 45
    endloop
  endfacet
  facet normal 0 -1 0
    outer loop
      vertex 7.04366 6 45
      vertex 7.75435 6 45.8
      vertex 7.04366 6 45.8
    endloop
  endfacet
  facet normal 0 -1 -0
    outer loop
      vertex 7.75435 6 45.8
      vertex 7.04366 6 45
      vertex 7.75435 6 45
    endloop
  endfacet
  facet normal -1 0 0
    outer loop
      vertex 7.75435 3.74593 45
      vertex 7.75435 6 45.8
      vertex 7.75435 6 45
    endloop
  endfacet
  facet normal -1 -0 0
    outer loop
      vertex 7.75435 6 45.8
      vertex 7.75435 3.74593 45
      vertex 7.75435 3.74593 45.8
    endloop
  endfacet
  facet normal 1 -0 0
    outer loop
      vertex 14.5803 2.7 45.8
      vertex 14.5803 6 45
      vertex 14.5803 6 45.8
    endloop
  endfacet
  facet normal 1 0 0
    outer loop
      vertex 14.5803 6 45
      vertex 14.5803 2.7 45.8
      vertex 14.5803 2.7 45
    endloop
  endfacet
  facet normal 0 -1 0
    outer loop
      vertex 14.5803 6 45
      vertex 15.3805 6 45.8
      vertex 14.5803 6 45.8
    endloop
  endfacet
  facet normal 0 -1 -0
    outer loop
      vertex 15.3805 6 45.8
      vertex 14.5803 6 45
      vertex 15.3805 6 45
    endloop
  endfacet
  facet normal -1 0 0
    outer loop
      vertex 15.3805 2.7 45
      vertex 15.3805 6 45.8
      vertex 15.3805 6 45
    endloop
  endfacet
  facet normal -1 -0 0
    outer loop
      vertex 15.3805 6 45.8
      vertex 15.3805 2.7 45
      vertex 15.3805 2.7 45.8
    endloop
  endfacet
  facet normal -0.999883 0.0153021 0
    outer loop
      vertex 21.017 3.65445 45
      vertex 21.0184 3.74593 45.8
      vertex 21.0184 3.74593 45
    endloop
  endfacet
  facet normal -0.999883 0.0153021 0
    outer loop
      vertex 21.0184 3.74593 45.8
      vertex 21.017 3.65445 45
      vertex 21.017 3.65445 45.8
    endloop
  endfacet
  facet normal -0.999174 0.0406329 0
    outer loop
      vertex 21.0129 3.55363 45
      vertex 21.017 3.65445 45.8
      vertex 21.017 3.65445 45
    endloop
  endfacet
  facet normal -0.999174 0.0406329 0
    outer loop
      vertex 21.017 3.65445 45.8
      vertex 21.0129 3.55363 45
      vertex 21.0129 3.55363 45.8
    endloop
  endfacet
  facet normal -0.998155 0.0607139 0
    outer loop
      vertex 21.0062 3.44348 45
      vertex 21.0129 3.55363 45.8
      vertex 21.0129 3.55363 45
    endloop
  endfacet
  facet normal -0.998155 0.0607139 0
    outer loop
      vertex 21.0129 3.55363 45.8
      vertex 21.0062 3.44348 45
      vertex 21.0062 3.44348 45.8
    endloop
  endfacet
  facet normal -0.996855 0.0792413 0
    outer loop
      vertex 20.9967 3.32397 45
      vertex 21.0062 3.44348 45.8
      vertex 21.0062 3.44348 45
    endloop
  endfacet
  facet normal -0.996855 0.0792413 0
    outer loop
      vertex 21.0062 3.44348 45.8
      vertex 20.9967 3.32397 45
      vertex 20.9967 3.32397 45.8
    endloop
  endfacet
  facet normal -0.995547 0.0942694 0
    outer loop
      vertex 20.9845 3.19513 45
      vertex 20.9967 3.32397 45.8
      vertex 20.9967 3.32397 45
    endloop
  endfacet
  facet normal -0.995547 0.0942694 0
    outer loop
      vertex 20.9967 3.32397 45.8
      vertex 20.9845 3.19513 45
      vertex 20.9845 3.19513 45.8
    endloop
  endfacet
  facet normal -0.994238 0.107194 0
    outer loop
      vertex 20.9696 3.05693 45
      vertex 20.9845 3.19513 45.8
      vertex 20.9845 3.19513 45
    endloop
  endfacet
  facet normal -0.994238 0.107194 0
    outer loop
      vertex 20.9845 3.19513 45.8
      vertex 20.9696 3.05693 45
      vertex 20.9696 3.05693 45.8
    endloop
  endfacet
  facet normal 0.870319 -0.492489 0
    outer loop
      vertex 20.9696 3.05693 45.8
      vertex 22.635 6 45
      vertex 22.635 6 45.8
    endloop
  endfacet
  facet normal 0.870319 -0.492489 0
    outer loop
      vertex 22.635 6 45
      vertex 20.9696 3.05693 45.8
      vertex 20.9696 3.05693 45
    endloop
  endfacet
  facet normal 0 -1 0
    outer loop
      vertex 22.635 6 45
      vertex 23.5736 6 45.8
      vertex 22.635 6 45.8
    endloop
  endfacet
  facet normal 0 -1 -0
    outer loop
      vertex 23.5736 6 45.8
      vertex 22.635 6 45
      vertex 23.5736 6 45
    endloop
  endfacet
  facet normal -1 0 0
    outer loop
      vertex 23.5736 2.17809 45
      vertex 23.5736 6 45.8
      vertex 23.5736 6 45
    endloop
  endfacet
  facet normal -1 -0 0
    outer loop
      vertex 23.5736 6 45.8
      vertex 23.5736 2.17809 45
      vertex 23.5736 2.17809 45.8
    endloop
  endfacet
  facet normal 0 1 -0
    outer loop
      vertex 23.5736 2.17809 45
      vertex 22.8629 2.17809 45.8
      vertex 23.5736 2.17809 45.8
    endloop
  endfacet
  facet normal 0 1 0
    outer loop
      vertex 22.8629 2.17809 45.8
      vertex 23.5736 2.17809 45
      vertex 22.8629 2.17809 45
    endloop
  endfacet
  facet normal 1 -0 0
    outer loop
      vertex 22.8629 2.17809 45.8
      vertex 22.8629 4.39964 45
      vertex 22.8629 4.39964 45.8
    endloop
  endfacet
  facet normal 1 0 0
    outer loop
      vertex 22.8629 4.39964 45
      vertex 22.8629 2.17809 45.8
      vertex 22.8629 2.17809 45
    endloop
  endfacet
  facet normal 0.999935 -0.0113878 0
    outer loop
      vertex 22.8629 4.39964 45.8
      vertex 22.8642 4.51379 45
      vertex 22.8642 4.51379 45.8
    endloop
  endfacet
  facet normal 0.999935 -0.0113878 0
    outer loop
      vertex 22.8642 4.51379 45
      vertex 22.8629 4.39964 45.8
      vertex 22.8629 4.39964 45
    endloop
  endfacet
  facet normal 0.999399 -0.0346632 0
    outer loop
      vertex 22.8642 4.51379 45.8
      vertex 22.8683 4.632 45
      vertex 22.8683 4.632 45.8
    endloop
  endfacet
  facet normal 0.999399 -0.0346632 0
    outer loop
      vertex 22.8683 4.632 45
      vertex 22.8642 4.51379 45.8
      vertex 22.8642 4.51379 45
    endloop
  endfacet
  facet normal 0.998458 -0.0555198 0
    outer loop
      vertex 22.8683 4.632 45.8
      vertex 22.8751 4.75429 45
      vertex 22.8751 4.75429 45.8
    endloop
  endfacet
  facet normal 0.998458 -0.0555198 0
    outer loop
      vertex 22.8751 4.75429 45
      vertex 22.8683 4.632 45.8
      vertex 22.8683 4.632 45
    endloop
  endfacet
  facet normal 0.997186 -0.0749704 0
    outer loop
      vertex 22.8751 4.75429 45.8
      vertex 22.8846 4.88065 45
      vertex 22.8846 4.88065 45.8
    endloop
  endfacet
  facet normal 0.997186 -0.0749704 0
    outer loop
      vertex 22.8846 4.88065 45
      vertex 22.8751 4.75429 45.8
      vertex 22.8751 4.75429 45
    endloop
  endfacet
  facet normal 0.995653 -0.0931444 0
    outer loop
      vertex 22.8846 4.88065 45.8
      vertex 22.8968 5.01106 45
      vertex 22.8968 5.01106 45.8
    endloop
  endfacet
  facet normal 0.995653 -0.0931444 0
    outer loop
      vertex 22.8968 5.01106 45
      vertex 22.8846 4.88065 45.8
      vertex 22.8846 4.88065 45
    endloop
  endfacet
  facet normal 0.993921 -0.110099 0
    outer loop
      vertex 22.8968 5.01106 45.8
      vertex 22.9117 5.14557 45
      vertex 22.9117 5.14557 45.8
    endloop
  endfacet
  facet normal 0.993921 -0.110099 0
    outer loop
      vertex 22.9117 5.14557 45
      vertex 22.8968 5.01106 45.8
      vertex 22.8968 5.01106 45
    endloop
  endfacet
  facet normal -0.868969 0.494866 0
    outer loop
      vertex 21.4907 2.65034 45
      vertex 22.9117 5.14557 45.8
      vertex 22.9117 5.14557 45
    endloop
  endfacet
  facet normal -0.868969 0.494866 0
    outer loop
      vertex 22.9117 5.14557 45.8
      vertex 21.4907 2.65034 45
      vertex 21.4907 2.65034 45.8
    endloop
  endfacet
  facet normal 1 -0 0
    outer loop
      vertex 20.3077 2.7 45.8
      vertex 20.3077 6 45
      vertex 20.3077 6 45.8
    endloop
  endfacet
  facet normal 1 0 0
    outer loop
      vertex 20.3077 6 45
      vertex 20.3077 2.7 45.8
      vertex 20.3077 2.7 45
    endloop
  endfacet
  facet normal 0 -1 0
    outer loop
      vertex 20.3077 6 45
      vertex 21.0184 6 45.8
      vertex 20.3077 6 45.8
    endloop
  endfacet
  facet normal 0 -1 -0
    outer loop
      vertex 21.0184 6 45.8
      vertex 20.3077 6 45
      vertex 21.0184 6 45
    endloop
  endfacet
  facet normal -1 0 0
    outer loop
      vertex 21.0184 3.74593 45
      vertex 21.0184 6 45.8
      vertex 21.0184 6 45
    endloop
  endfacet
  facet normal -1 -0 0
    outer loop
      vertex 21.0184 6 45.8
      vertex 21.0184 3.74593 45
      vertex 21.0184 3.74593 45.8
    endloop
  endfacet
  facet normal 0 1 -0
    outer loop
      vertex -1.94714 4.22873 45
      vertex -3.35765 4.22873 45.8
      vertex -1.94714 4.22873 45.8
    endloop
  endfacet
  facet normal 0 1 0
    outer loop
      vertex -3.35765 4.22873 45.8
      vertex -1.94714 4.22873 45
      vertex -3.35765 4.22873 45
    endloop
  endfacet
  facet normal 1 -0 0
    outer loop
      vertex -3.35765 4.22873 45.8
      vertex -3.35765 4.89061 45
      vertex -3.35765 4.89061 45.8
    endloop
  endfacet
  facet normal 1 0 0
    outer loop
      vertex -3.35765 4.89061 45
      vertex -3.35765 4.22873 45.8
      vertex -3.35765 4.22873 45
    endloop
  endfacet
  facet normal 0 -1 0
    outer loop
      vertex -3.35765 4.89061 45
      vertex -1.94714 4.89061 45.8
      vertex -3.35765 4.89061 45.8
    endloop
  endfacet
  facet normal 0 -1 -0
    outer loop
      vertex -1.94714 4.89061 45.8
      vertex -3.35765 4.89061 45
      vertex -1.94714 4.89061 45
    endloop
  endfacet
  facet normal -1 0 0
    outer loop
      vertex -1.94714 4.22873 45
      vertex -1.94714 4.89061 45.8
      vertex -1.94714 4.89061 45
    endloop
  endfacet
  facet normal -1 -0 0
    outer loop
      vertex -1.94714 4.89061 45.8
      vertex -1.94714 4.22873 45
      vertex -1.94714 4.22873 45.8
    endloop
  endfacet
endsolid OpenSCAD_Model
