solid OpenSCAD_Model
  facet normal 1 -0 0
    outer loop
      vertex 47 -2.25 22.4
      vertex 47 2.25 8
      vertex 47 2.25 22.4
    endloop
  endfacet
  facet normal 1 0 0
    outer loop
      vertex 47 2.25 8
      vertex 47 -2.25 22.4
      vertex 47 -2.25 8
    endloop
  endfacet
  facet normal 0 0 1
    outer loop
      vertex 47 2.25 22.4
      vertex 14.7 0 22.4
      vertex 47 -2.25 22.4
    endloop
  endfacet
  facet normal 0 0 1
    outer loop
      vertex 47 2.25 22.4
      vertex 14.5841 1.8424 22.4
      vertex 14.7 0 22.4
    endloop
  endfacet
  facet normal 0 -0 1
    outer loop
      vertex 14.5841 1.8424 22.4
      vertex 47 2.25 22.4
      vertex 14.5063 2.25 22.4
    endloop
  endfacet
  facet normal -0 0 1
    outer loop
      vertex 14.5841 -1.8424 22.4
      vertex 47 -2.25 22.4
      vertex 14.7 0 22.4
    endloop
  endfacet
  facet normal 0 0 1
    outer loop
      vertex 47 -2.25 22.4
      vertex 14.5841 -1.8424 22.4
      vertex 14.5063 -2.25 22.4
    endloop
  endfacet
  facet normal 0 0 -1
    outer loop
      vertex 29.8831 -30.6745 0
      vertex -29.8831 -30.6745 0
      vertex 30.042 -30.4408 0
    endloop
  endfacet
  facet normal 0 0 -1
    outer loop
      vertex 30.2288 30.2288 0
      vertex -29.5975 31.4678 0
      vertex -29.5709 31.7491 0
    endloop
  endfacet
  facet normal 0 0 -1
    outer loop
      vertex -30.042 -30.4408 0
      vertex 30.042 -30.4408 0
      vertex -29.8831 -30.6745 0
    endloop
  endfacet
  facet normal 0 0 -1
    outer loop
      vertex 30.2288 30.2288 0
      vertex -29.6591 31.1921 0
      vertex -29.5975 31.4678 0
    endloop
  endfacet
  facet normal 0 0 -1
    outer loop
      vertex 30.042 -30.4408 0
      vertex -30.042 -30.4408 0
      vertex 30.2288 -30.2288 0
    endloop
  endfacet
  facet normal 0 0 -1
    outer loop
      vertex 30.2288 30.2288 0
      vertex -29.7549 30.9262 0
      vertex -29.6591 31.1921 0
    endloop
  endfacet
  facet normal 0 0 -1
    outer loop
      vertex -30.2288 -30.2288 0
      vertex 30.2288 -30.2288 0
      vertex -30.042 -30.4408 0
    endloop
  endfacet
  facet normal 0 0 -1
    outer loop
      vertex 30.2288 30.2288 0
      vertex -29.8831 30.6745 0
      vertex -29.7549 30.9262 0
    endloop
  endfacet
  facet normal 0 0 -1
    outer loop
      vertex 30.2288 -30.2288 0
      vertex -30.2288 -30.2288 0
      vertex 30.2288 30.2288 0
    endloop
  endfacet
  facet normal 0 0 -1
    outer loop
      vertex 30.2288 30.2288 0
      vertex -30.042 30.4408 0
      vertex -29.8831 30.6745 0
    endloop
  endfacet
  facet normal 0 0 -1
    outer loop
      vertex -30.2288 30.2288 0
      vertex 30.2288 30.2288 0
      vertex -30.2288 -30.2288 0
    endloop
  endfacet
  facet normal 0 0 -1
    outer loop
      vertex 30.2288 30.2288 0
      vertex -30.2288 30.2288 0
      vertex -30.042 30.4408 0
    endloop
  endfacet
  facet normal 0 0 -1
    outer loop
      vertex -30.4408 -30.042 0
      vertex -30.2288 30.2288 0
      vertex -30.2288 -30.2288 0
    endloop
  endfacet
  facet normal 0 0 -1
    outer loop
      vertex -30.4408 -30.042 0
      vertex -30.4408 30.042 0
      vertex -30.2288 30.2288 0
    endloop
  endfacet
  facet normal 0 0 -1
    outer loop
      vertex -30.6745 -29.8831 0
      vertex -30.4408 30.042 0
      vertex -30.4408 -30.042 0
    endloop
  endfacet
  facet normal 0 0 -1
    outer loop
      vertex -30.6745 -29.8831 0
      vertex -30.6745 29.8831 0
      vertex -30.4408 30.042 0
    endloop
  endfacet
  facet normal 0 0 -1
    outer loop
      vertex -30.9262 -29.7549 0
      vertex -30.6745 29.8831 0
      vertex -30.6745 -29.8831 0
    endloop
  endfacet
  facet normal 0 0 -1
    outer loop
      vertex -30.9262 -29.7549 0
      vertex -30.9262 29.7549 0
      vertex -30.6745 29.8831 0
    endloop
  endfacet
  facet normal 0 0 -1
    outer loop
      vertex -31.1921 -29.6591 0
      vertex -30.9262 29.7549 0
      vertex -30.9262 -29.7549 0
    endloop
  endfacet
  facet normal 0 0 -1
    outer loop
      vertex -31.1921 -29.6591 0
      vertex -31.1921 29.6591 0
      vertex -30.9262 29.7549 0
    endloop
  endfacet
  facet normal 0 0 -1
    outer loop
      vertex -31.4678 -29.5975 0
      vertex -31.1921 29.6591 0
      vertex -31.1921 -29.6591 0
    endloop
  endfacet
  facet normal 0 0 -1
    outer loop
      vertex -31.4678 -29.5975 0
      vertex -31.4678 29.5975 0
      vertex -31.1921 29.6591 0
    endloop
  endfacet
  facet normal 0 0 -1
    outer loop
      vertex -54.5663 -6.89333 0
      vertex -31.4678 -29.5975 0
      vertex -31.7491 -29.5709 0
    endloop
  endfacet
  facet normal 0 0 -1
    outer loop
      vertex -31.4678 -29.5975 0
      vertex -55 0 0
      vertex -31.4678 29.5975 0
    endloop
  endfacet
  facet normal 0 0 -1
    outer loop
      vertex -53.2721 -13.6779 0
      vertex -31.7491 -29.5709 0
      vertex -32.0315 -29.5798 0
    endloop
  endfacet
  facet normal 0 -0 -1
    outer loop
      vertex -54.5663 6.89333 0
      vertex -31.4678 29.5975 0
      vertex -55 0 0
    endloop
  endfacet
  facet normal 0 0 -1
    outer loop
      vertex -53.2721 -13.6779 0
      vertex -32.0315 -29.5798 0
      vertex -32.3106 -29.624 0
    endloop
  endfacet
  facet normal 0 0 -1
    outer loop
      vertex -31.4678 29.5975 0
      vertex -54.5663 6.89333 0
      vertex -31.7491 29.5709 0
    endloop
  endfacet
  facet normal 0 0 -1
    outer loop
      vertex -51.1377 -20.2468 0
      vertex -32.3106 -29.624 0
      vertex -32.582 -29.7028 0
    endloop
  endfacet
  facet normal 0 -0 -1
    outer loop
      vertex -53.2721 13.6779 0
      vertex -31.7491 29.5709 0
      vertex -54.5663 6.89333 0
    endloop
  endfacet
  facet normal 0 0 -1
    outer loop
      vertex -51.1377 -20.2468 0
      vertex -32.582 -29.7028 0
      vertex -32.8413 -29.815 0
    endloop
  endfacet
  facet normal -0 0 -1
    outer loop
      vertex -31.7491 29.5709 0
      vertex -53.2721 13.6779 0
      vertex -32.0315 29.5798 0
    endloop
  endfacet
  facet normal 0 0 -1
    outer loop
      vertex -48.1969 -26.4965 0
      vertex -32.8413 -29.815 0
      vertex -33.0845 -29.9589 0
    endloop
  endfacet
  facet normal -0 0 -1
    outer loop
      vertex -32.0315 29.5798 0
      vertex -53.2721 13.6779 0
      vertex -32.3106 29.624 0
    endloop
  endfacet
  facet normal 0 0 -1
    outer loop
      vertex -48.1969 -26.4965 0
      vertex -33.0845 -29.9589 0
      vertex -33.3078 -30.1321 0
    endloop
  endfacet
  facet normal 0 -0 -1
    outer loop
      vertex -51.1377 20.2468 0
      vertex -32.3106 29.624 0
      vertex -53.2721 13.6779 0
    endloop
  endfacet
  facet normal 0 0 -1
    outer loop
      vertex -48.1969 -26.4965 0
      vertex -33.3078 -30.1321 0
      vertex -33.5076 -30.3319 0
    endloop
  endfacet
  facet normal -0 0 -1
    outer loop
      vertex -32.3106 29.624 0
      vertex -51.1377 20.2468 0
      vertex -32.582 29.7028 0
    endloop
  endfacet
  facet normal 0 0 -1
    outer loop
      vertex -48.1969 -26.4965 0
      vertex -33.5076 -30.3319 0
      vertex -33.6807 -30.5551 0
    endloop
  endfacet
  facet normal -0 0 -1
    outer loop
      vertex -32.582 29.7028 0
      vertex -51.1377 20.2468 0
      vertex -32.8413 29.815 0
    endloop
  endfacet
  facet normal 0 0 -1
    outer loop
      vertex -44.4959 -32.3282 0
      vertex -33.6807 -30.5551 0
      vertex -33.8246 -30.7983 0
    endloop
  endfacet
  facet normal 0 -0 -1
    outer loop
      vertex -48.1969 26.4965 0
      vertex -32.8413 29.815 0
      vertex -51.1377 20.2468 0
    endloop
  endfacet
  facet normal 0 0 -1
    outer loop
      vertex -44.4959 -32.3282 0
      vertex -33.8246 -30.7983 0
      vertex -33.9368 -31.0576 0
    endloop
  endfacet
  facet normal -0 0 -1
    outer loop
      vertex -32.8413 29.815 0
      vertex -48.1969 26.4965 0
      vertex -33.0845 29.9589 0
    endloop
  endfacet
  facet normal 0 0 -1
    outer loop
      vertex -44.4959 -32.3282 0
      vertex -33.9368 -31.0576 0
      vertex -34.0156 -31.329 0
    endloop
  endfacet
  facet normal -0 0 -1
    outer loop
      vertex -33.0845 29.9589 0
      vertex -48.1969 26.4965 0
      vertex -33.3078 30.1321 0
    endloop
  endfacet
  facet normal 0 0 -1
    outer loop
      vertex -44.4959 -32.3282 0
      vertex -34.0156 -31.329 0
      vertex -34.0598 -31.6081 0
    endloop
  endfacet
  facet normal -0 0 -1
    outer loop
      vertex -33.3078 30.1321 0
      vertex -48.1969 26.4965 0
      vertex -33.5076 30.3319 0
    endloop
  endfacet
  facet normal 0 0 -1
    outer loop
      vertex -44.4959 -32.3282 0
      vertex -34.0598 -31.6081 0
      vertex -34.0687 -31.8905 0
    endloop
  endfacet
  facet normal -0 0 -1
    outer loop
      vertex -33.5076 30.3319 0
      vertex -48.1969 26.4965 0
      vertex -33.6807 30.5551 0
    endloop
  endfacet
  facet normal 0 0 -1
    outer loop
      vertex -29.624 32.3106 0
      vertex -16.9959 52.3081 0
      vertex -29.5798 32.0315 0
    endloop
  endfacet
  facet normal 0 0 -1
    outer loop
      vertex -16.9959 52.3081 0
      vertex -29.624 32.3106 0
      vertex -23.4179 49.7655 0
    endloop
  endfacet
  facet normal 0 0 -1
    outer loop
      vertex -29.7028 32.582 0
      vertex -23.4179 49.7655 0
      vertex -29.624 32.3106 0
    endloop
  endfacet
  facet normal 0 0 -1
    outer loop
      vertex -29.815 32.8413 0
      vertex -23.4179 49.7655 0
      vertex -29.7028 32.582 0
    endloop
  endfacet
  facet normal 0 0 -1
    outer loop
      vertex -29.9589 33.0845 0
      vertex -23.4179 49.7655 0
      vertex -29.815 32.8413 0
    endloop
  endfacet
  facet normal 0 0 -1
    outer loop
      vertex -23.4179 49.7655 0
      vertex -29.9589 33.0845 0
      vertex -29.4705 46.438 0
    endloop
  endfacet
  facet normal 0 0 -1
    outer loop
      vertex -30.1321 33.3078 0
      vertex -29.4705 46.438 0
      vertex -29.9589 33.0845 0
    endloop
  endfacet
  facet normal 0 0 -1
    outer loop
      vertex -30.3319 33.5076 0
      vertex -29.4705 46.438 0
      vertex -30.1321 33.3078 0
    endloop
  endfacet
  facet normal 0 0 -1
    outer loop
      vertex -30.5551 33.6807 0
      vertex -29.4705 46.438 0
      vertex -30.3319 33.5076 0
    endloop
  endfacet
  facet normal 0 0 -1
    outer loop
      vertex -30.7983 33.8246 0
      vertex -29.4705 46.438 0
      vertex -30.5551 33.6807 0
    endloop
  endfacet
  facet normal 0 0 -1
    outer loop
      vertex -31.0576 33.9368 0
      vertex -29.4705 46.438 0
      vertex -30.7983 33.8246 0
    endloop
  endfacet
  facet normal 0 0 -1
    outer loop
      vertex -35.0583 42.3782 0
      vertex -31.0576 33.9368 0
      vertex -31.329 34.0156 0
    endloop
  endfacet
  facet normal 0 0 -1
    outer loop
      vertex -35.0583 42.3782 0
      vertex -31.329 34.0156 0
      vertex -31.6081 34.0598 0
    endloop
  endfacet
  facet normal 0 0 -1
    outer loop
      vertex -35.0583 42.3782 0
      vertex -31.6081 34.0598 0
      vertex -31.8905 34.0687 0
    endloop
  endfacet
  facet normal 0 0 -1
    outer loop
      vertex -35.0583 42.3782 0
      vertex -31.8905 34.0687 0
      vertex -32.1718 34.0421 0
    endloop
  endfacet
  facet normal 0 0 -1
    outer loop
      vertex -35.0583 42.3782 0
      vertex -32.1718 34.0421 0
      vertex -32.4475 33.9805 0
    endloop
  endfacet
  facet normal 0 0 -1
    outer loop
      vertex -35.0583 42.3782 0
      vertex -32.4475 33.9805 0
      vertex -32.7134 33.8848 0
    endloop
  endfacet
  facet normal 0 0 -1
    outer loop
      vertex -35.0583 42.3782 0
      vertex -32.7134 33.8848 0
      vertex -32.9651 33.7565 0
    endloop
  endfacet
  facet normal 0 0 -1
    outer loop
      vertex -40.0933 37.6501 0
      vertex -32.9651 33.7565 0
      vertex -33.1988 33.5977 0
    endloop
  endfacet
  facet normal 0 0 -1
    outer loop
      vertex -40.0933 37.6501 0
      vertex -33.1988 33.5977 0
      vertex -33.4108 33.4108 0
    endloop
  endfacet
  facet normal 0 0 -1
    outer loop
      vertex -40.0933 37.6501 0
      vertex -33.4108 33.4108 0
      vertex -33.5977 33.1988 0
    endloop
  endfacet
  facet normal 0 0 -1
    outer loop
      vertex -40.0933 37.6501 0
      vertex -33.5977 33.1988 0
      vertex -33.7565 32.9651 0
    endloop
  endfacet
  facet normal 0 0 -1
    outer loop
      vertex -40.0933 37.6501 0
      vertex -33.7565 32.9651 0
      vertex -33.8848 32.7134 0
    endloop
  endfacet
  facet normal 0 0 -1
    outer loop
      vertex -40.0933 37.6501 0
      vertex -33.8848 32.7134 0
      vertex -33.9805 32.4475 0
    endloop
  endfacet
  facet normal 0 0 -1
    outer loop
      vertex -31.0576 33.9368 0
      vertex -35.0583 42.3782 0
      vertex -29.4705 46.438 0
    endloop
  endfacet
  facet normal 0 0 -1
    outer loop
      vertex -40.0933 37.6501 0
      vertex -33.9805 32.4475 0
      vertex -34.0421 32.1718 0
    endloop
  endfacet
  facet normal 0 0 -1
    outer loop
      vertex -40.0933 37.6501 0
      vertex -34.0421 32.1718 0
      vertex -34.0687 31.8905 0
    endloop
  endfacet
  facet normal 0 0 -1
    outer loop
      vertex -44.4959 -32.3282 0
      vertex -34.0687 -31.8905 0
      vertex -40.0933 -37.6501 0
    endloop
  endfacet
  facet normal -0 0 -1
    outer loop
      vertex -33.6807 -30.5551 0
      vertex -44.4959 -32.3282 0
      vertex -48.1969 -26.4965 0
    endloop
  endfacet
  facet normal 0 0 -1
    outer loop
      vertex -32.9651 33.7565 0
      vertex -40.0933 37.6501 0
      vertex -35.0583 42.3782 0
    endloop
  endfacet
  facet normal 0 0 -1
    outer loop
      vertex -32.8413 -29.815 0
      vertex -48.1969 -26.4965 0
      vertex -51.1377 -20.2468 0
    endloop
  endfacet
  facet normal 0 0 -1
    outer loop
      vertex -34.0687 31.8905 0
      vertex -44.4959 32.3282 0
      vertex -40.0933 37.6501 0
    endloop
  endfacet
  facet normal 0 0 -1
    outer loop
      vertex -32.3106 -29.624 0
      vertex -51.1377 -20.2468 0
      vertex -53.2721 -13.6779 0
    endloop
  endfacet
  facet normal 0 0 -1
    outer loop
      vertex -34.0598 31.6081 0
      vertex -44.4959 32.3282 0
      vertex -34.0687 31.8905 0
    endloop
  endfacet
  facet normal 0 0 -1
    outer loop
      vertex -31.7491 -29.5709 0
      vertex -53.2721 -13.6779 0
      vertex -54.5663 -6.89333 0
    endloop
  endfacet
  facet normal 0 0 -1
    outer loop
      vertex -34.0156 31.329 0
      vertex -44.4959 32.3282 0
      vertex -34.0598 31.6081 0
    endloop
  endfacet
  facet normal 0 0 -1
    outer loop
      vertex -31.4678 -29.5975 0
      vertex -54.5663 -6.89333 0
      vertex -55 0 0
    endloop
  endfacet
  facet normal 0 0 -1
    outer loop
      vertex -33.9368 31.0576 0
      vertex -44.4959 32.3282 0
      vertex -34.0156 31.329 0
    endloop
  endfacet
  facet normal 0 -0 -1
    outer loop
      vertex -44.4959 32.3282 0
      vertex -33.6807 30.5551 0
      vertex -48.1969 26.4965 0
    endloop
  endfacet
  facet normal 0 0 -1
    outer loop
      vertex -33.8246 30.7983 0
      vertex -44.4959 32.3282 0
      vertex -33.9368 31.0576 0
    endloop
  endfacet
  facet normal 0 0 -1
    outer loop
      vertex -33.6807 30.5551 0
      vertex -44.4959 32.3282 0
      vertex -33.8246 30.7983 0
    endloop
  endfacet
  facet normal 0 0 -1
    outer loop
      vertex 33.5076 -30.3319 0
      vertex 48.1969 -26.4965 0
      vertex 33.6807 -30.5551 0
    endloop
  endfacet
  facet normal 0 0 -1
    outer loop
      vertex 55 0 0
      vertex 34.0598 31.6081 0
      vertex 34.0687 31.8905 0
    endloop
  endfacet
  facet normal 0 0 -1
    outer loop
      vertex 33.3078 -30.1321 0
      vertex 48.1969 -26.4965 0
      vertex 33.5076 -30.3319 0
    endloop
  endfacet
  facet normal 0 0 -1
    outer loop
      vertex 55 0 0
      vertex 34.0156 31.329 0
      vertex 34.0598 31.6081 0
    endloop
  endfacet
  facet normal 0 0 -1
    outer loop
      vertex 33.0845 -29.9589 0
      vertex 48.1969 -26.4965 0
      vertex 33.3078 -30.1321 0
    endloop
  endfacet
  facet normal 0 0 -1
    outer loop
      vertex 55 0 0
      vertex 33.9368 31.0576 0
      vertex 34.0156 31.329 0
    endloop
  endfacet
  facet normal 0 0 -1
    outer loop
      vertex 32.8413 -29.815 0
      vertex 48.1969 -26.4965 0
      vertex 33.0845 -29.9589 0
    endloop
  endfacet
  facet normal 0 0 -1
    outer loop
      vertex 55 0 0
      vertex 33.8246 30.7983 0
      vertex 33.9368 31.0576 0
    endloop
  endfacet
  facet normal -0 0 -1
    outer loop
      vertex 48.1969 -26.4965 0
      vertex 32.8413 -29.815 0
      vertex 51.1377 -20.2468 0
    endloop
  endfacet
  facet normal 0 0 -1
    outer loop
      vertex 55 0 0
      vertex 33.6807 30.5551 0
      vertex 33.8246 30.7983 0
    endloop
  endfacet
  facet normal 0 0 -1
    outer loop
      vertex 32.582 -29.7028 0
      vertex 51.1377 -20.2468 0
      vertex 32.8413 -29.815 0
    endloop
  endfacet
  facet normal 0 0 -1
    outer loop
      vertex 55 0 0
      vertex 33.5076 30.3319 0
      vertex 33.6807 30.5551 0
    endloop
  endfacet
  facet normal 0 0 -1
    outer loop
      vertex 32.3106 -29.624 0
      vertex 51.1377 -20.2468 0
      vertex 32.582 -29.7028 0
    endloop
  endfacet
  facet normal 0 0 -1
    outer loop
      vertex 55 0 0
      vertex 33.3078 30.1321 0
      vertex 33.5076 30.3319 0
    endloop
  endfacet
  facet normal -0 0 -1
    outer loop
      vertex 51.1377 -20.2468 0
      vertex 32.3106 -29.624 0
      vertex 53.2721 -13.6779 0
    endloop
  endfacet
  facet normal 0 0 -1
    outer loop
      vertex 55 0 0
      vertex 33.0845 29.9589 0
      vertex 33.3078 30.1321 0
    endloop
  endfacet
  facet normal 0 0 -1
    outer loop
      vertex 32.0315 -29.5798 0
      vertex 53.2721 -13.6779 0
      vertex 32.3106 -29.624 0
    endloop
  endfacet
  facet normal 0 0 -1
    outer loop
      vertex 55 0 0
      vertex 32.8413 29.815 0
      vertex 33.0845 29.9589 0
    endloop
  endfacet
  facet normal 0 0 -1
    outer loop
      vertex 31.7491 -29.5709 0
      vertex 53.2721 -13.6779 0
      vertex 32.0315 -29.5798 0
    endloop
  endfacet
  facet normal 0 0 -1
    outer loop
      vertex 55 0 0
      vertex 32.582 29.7028 0
      vertex 32.8413 29.815 0
    endloop
  endfacet
  facet normal -0 0 -1
    outer loop
      vertex 53.2721 -13.6779 0
      vertex 31.7491 -29.5709 0
      vertex 54.5663 -6.89333 0
    endloop
  endfacet
  facet normal 0 0 -1
    outer loop
      vertex 55 0 0
      vertex 32.3106 29.624 0
      vertex 32.582 29.7028 0
    endloop
  endfacet
  facet normal 0 0 -1
    outer loop
      vertex 31.4678 -29.5975 0
      vertex 54.5663 -6.89333 0
      vertex 31.7491 -29.5709 0
    endloop
  endfacet
  facet normal 0 0 -1
    outer loop
      vertex 55 0 0
      vertex 32.0315 29.5798 0
      vertex 32.3106 29.624 0
    endloop
  endfacet
  facet normal -0 0 -1
    outer loop
      vertex 54.5663 -6.89333 0
      vertex 31.4678 -29.5975 0
      vertex 55 0 0
    endloop
  endfacet
  facet normal 0 0 -1
    outer loop
      vertex 55 0 0
      vertex 31.7491 29.5709 0
      vertex 32.0315 29.5798 0
    endloop
  endfacet
  facet normal 0 0 -1
    outer loop
      vertex 31.4678 29.5975 0
      vertex 55 0 0
      vertex 31.4678 -29.5975 0
    endloop
  endfacet
  facet normal 0 0 -1
    outer loop
      vertex 55 0 0
      vertex 31.4678 29.5975 0
      vertex 31.7491 29.5709 0
    endloop
  endfacet
  facet normal 0 0 -1
    outer loop
      vertex 31.1921 -29.6591 0
      vertex 31.4678 29.5975 0
      vertex 31.4678 -29.5975 0
    endloop
  endfacet
  facet normal 0 0 -1
    outer loop
      vertex 31.1921 -29.6591 0
      vertex 31.1921 29.6591 0
      vertex 31.4678 29.5975 0
    endloop
  endfacet
  facet normal 0 0 -1
    outer loop
      vertex 30.9262 -29.7549 0
      vertex 31.1921 29.6591 0
      vertex 31.1921 -29.6591 0
    endloop
  endfacet
  facet normal 0 0 -1
    outer loop
      vertex 30.9262 -29.7549 0
      vertex 30.9262 29.7549 0
      vertex 31.1921 29.6591 0
    endloop
  endfacet
  facet normal 0 0 -1
    outer loop
      vertex 30.6745 -29.8831 0
      vertex 30.9262 29.7549 0
      vertex 30.9262 -29.7549 0
    endloop
  endfacet
  facet normal 0 0 -1
    outer loop
      vertex 30.6745 -29.8831 0
      vertex 30.6745 29.8831 0
      vertex 30.9262 29.7549 0
    endloop
  endfacet
  facet normal 0 0 -1
    outer loop
      vertex 30.4408 -30.042 0
      vertex 30.6745 29.8831 0
      vertex 30.6745 -29.8831 0
    endloop
  endfacet
  facet normal 0 0 -1
    outer loop
      vertex 30.4408 -30.042 0
      vertex 30.4408 30.042 0
      vertex 30.6745 29.8831 0
    endloop
  endfacet
  facet normal 0 0 -1
    outer loop
      vertex 30.2288 -30.2288 0
      vertex 30.4408 30.042 0
      vertex 30.4408 -30.042 0
    endloop
  endfacet
  facet normal 0 0 -1
    outer loop
      vertex 30.2288 -30.2288 0
      vertex 30.2288 30.2288 0
      vertex 30.4408 30.042 0
    endloop
  endfacet
  facet normal 0 0 -1
    outer loop
      vertex -29.7549 -30.9262 0
      vertex 29.7549 -30.9262 0
      vertex -29.6591 -31.1921 0
    endloop
  endfacet
  facet normal 0 0 -1
    outer loop
      vertex 29.7549 -30.9262 0
      vertex -29.7549 -30.9262 0
      vertex 29.8831 -30.6745 0
    endloop
  endfacet
  facet normal 0 0 -1
    outer loop
      vertex 29.6591 -31.1921 0
      vertex -29.6591 -31.1921 0
      vertex 29.7549 -30.9262 0
    endloop
  endfacet
  facet normal 0 0 -1
    outer loop
      vertex -29.8831 -30.6745 0
      vertex 29.8831 -30.6745 0
      vertex -29.7549 -30.9262 0
    endloop
  endfacet
  facet normal 0 0 -1
    outer loop
      vertex -29.6591 -31.1921 0
      vertex 29.6591 -31.1921 0
      vertex -29.5975 -31.4678 0
    endloop
  endfacet
  facet normal 0 0 -1
    outer loop
      vertex 30.2288 30.2288 0
      vertex -29.5709 31.7491 0
      vertex 30.042 30.4408 0
    endloop
  endfacet
  facet normal 0 0 -1
    outer loop
      vertex 29.5975 -31.4678 0
      vertex -29.5975 -31.4678 0
      vertex 29.6591 -31.1921 0
    endloop
  endfacet
  facet normal 0 0 -1
    outer loop
      vertex 30.042 30.4408 0
      vertex -29.5709 31.7491 0
      vertex 29.8831 30.6745 0
    endloop
  endfacet
  facet normal 0 0 -1
    outer loop
      vertex 3.45348 -54.8915 0
      vertex -29.5975 -31.4678 0
      vertex 29.5975 -31.4678 0
    endloop
  endfacet
  facet normal 0 0 -1
    outer loop
      vertex -29.5709 31.7491 0
      vertex 29.7549 30.9262 0
      vertex 29.8831 30.6745 0
    endloop
  endfacet
  facet normal 0 0 -1
    outer loop
      vertex 10.306 -54.0258 0
      vertex 29.5975 -31.4678 0
      vertex 29.5709 -31.7491 0
    endloop
  endfacet
  facet normal 0 0 -1
    outer loop
      vertex -10.306 54.0258 0
      vertex -29.5798 32.0315 0
      vertex -16.9959 52.3081 0
    endloop
  endfacet
  facet normal 0 0 -1
    outer loop
      vertex 33.6807 -30.5551 0
      vertex 44.4959 -32.3282 0
      vertex 33.8246 -30.7983 0
    endloop
  endfacet
  facet normal 0 0 -1
    outer loop
      vertex 33.8246 -30.7983 0
      vertex 44.4959 -32.3282 0
      vertex 33.9368 -31.0576 0
    endloop
  endfacet
  facet normal 0 0 -1
    outer loop
      vertex 44.4959 -32.3282 0
      vertex 33.6807 -30.5551 0
      vertex 48.1969 -26.4965 0
    endloop
  endfacet
  facet normal 0 0 -1
    outer loop
      vertex 33.9368 -31.0576 0
      vertex 44.4959 -32.3282 0
      vertex 34.0156 -31.329 0
    endloop
  endfacet
  facet normal 0 0 -1
    outer loop
      vertex 55 0 0
      vertex 34.0687 31.8905 0
      vertex 54.5663 6.89333 0
    endloop
  endfacet
  facet normal 0 0 -1
    outer loop
      vertex 34.0156 -31.329 0
      vertex 44.4959 -32.3282 0
      vertex 34.0598 -31.6081 0
    endloop
  endfacet
  facet normal 0 0 -1
    outer loop
      vertex 54.5663 6.89333 0
      vertex 34.0687 31.8905 0
      vertex 53.2721 13.6779 0
    endloop
  endfacet
  facet normal 0 0 -1
    outer loop
      vertex 34.0598 -31.6081 0
      vertex 44.4959 -32.3282 0
      vertex 34.0687 -31.8905 0
    endloop
  endfacet
  facet normal 0 0 -1
    outer loop
      vertex 53.2721 13.6779 0
      vertex 34.0687 31.8905 0
      vertex 51.1377 20.2468 0
    endloop
  endfacet
  facet normal 0 0 -1
    outer loop
      vertex 34.0687 -31.8905 0
      vertex 44.4959 -32.3282 0
      vertex 40.0933 -37.6501 0
    endloop
  endfacet
  facet normal 0 0 -1
    outer loop
      vertex 51.1377 20.2468 0
      vertex 34.0687 31.8905 0
      vertex 48.1969 26.4965 0
    endloop
  endfacet
  facet normal 0 0 -1
    outer loop
      vertex 32.9651 -33.7565 0
      vertex 40.0933 -37.6501 0
      vertex 35.0583 -42.3782 0
    endloop
  endfacet
  facet normal 0 0 -1
    outer loop
      vertex 48.1969 26.4965 0
      vertex 34.0687 31.8905 0
      vertex 44.4959 32.3282 0
    endloop
  endfacet
  facet normal -0 0 -1
    outer loop
      vertex 44.4959 32.3282 0
      vertex 34.0687 31.8905 0
      vertex 40.0933 37.6501 0
    endloop
  endfacet
  facet normal 0 0 -1
    outer loop
      vertex 40.0933 -37.6501 0
      vertex 34.0421 -32.1718 0
      vertex 34.0687 -31.8905 0
    endloop
  endfacet
  facet normal 0 0 -1
    outer loop
      vertex 40.0933 -37.6501 0
      vertex 33.9805 -32.4475 0
      vertex 34.0421 -32.1718 0
    endloop
  endfacet
  facet normal 0 0 -1
    outer loop
      vertex 40.0933 -37.6501 0
      vertex 33.8848 -32.7134 0
      vertex 33.9805 -32.4475 0
    endloop
  endfacet
  facet normal 0 0 -1
    outer loop
      vertex 40.0933 -37.6501 0
      vertex 33.7565 -32.9651 0
      vertex 33.8848 -32.7134 0
    endloop
  endfacet
  facet normal 0 0 -1
    outer loop
      vertex 40.0933 -37.6501 0
      vertex 33.5977 -33.1988 0
      vertex 33.7565 -32.9651 0
    endloop
  endfacet
  facet normal 0 0 -1
    outer loop
      vertex 40.0933 -37.6501 0
      vertex 33.4108 -33.4108 0
      vertex 33.5977 -33.1988 0
    endloop
  endfacet
  facet normal 0 0 -1
    outer loop
      vertex 40.0933 -37.6501 0
      vertex 33.1988 -33.5977 0
      vertex 33.4108 -33.4108 0
    endloop
  endfacet
  facet normal 0 0 -1
    outer loop
      vertex 40.0933 -37.6501 0
      vertex 32.9651 -33.7565 0
      vertex 33.1988 -33.5977 0
    endloop
  endfacet
  facet normal 0 0 -1
    outer loop
      vertex 35.0583 -42.3782 0
      vertex 32.7134 -33.8848 0
      vertex 32.9651 -33.7565 0
    endloop
  endfacet
  facet normal 0 0 -1
    outer loop
      vertex 35.0583 -42.3782 0
      vertex 32.4475 -33.9805 0
      vertex 32.7134 -33.8848 0
    endloop
  endfacet
  facet normal 0 0 -1
    outer loop
      vertex 35.0583 -42.3782 0
      vertex 32.1718 -34.0421 0
      vertex 32.4475 -33.9805 0
    endloop
  endfacet
  facet normal 0 0 -1
    outer loop
      vertex 35.0583 -42.3782 0
      vertex 31.8905 -34.0687 0
      vertex 32.1718 -34.0421 0
    endloop
  endfacet
  facet normal 0 0 -1
    outer loop
      vertex 35.0583 -42.3782 0
      vertex 31.6081 -34.0598 0
      vertex 31.8905 -34.0687 0
    endloop
  endfacet
  facet normal 0 0 -1
    outer loop
      vertex 35.0583 -42.3782 0
      vertex 31.329 -34.0156 0
      vertex 31.6081 -34.0598 0
    endloop
  endfacet
  facet normal 0 0 -1
    outer loop
      vertex 35.0583 -42.3782 0
      vertex 31.0576 -33.9368 0
      vertex 31.329 -34.0156 0
    endloop
  endfacet
  facet normal 0 0 -1
    outer loop
      vertex 29.4705 -46.438 0
      vertex 31.0576 -33.9368 0
      vertex 35.0583 -42.3782 0
    endloop
  endfacet
  facet normal -0 0 -1
    outer loop
      vertex 31.0576 -33.9368 0
      vertex 29.4705 -46.438 0
      vertex 30.7983 -33.8246 0
    endloop
  endfacet
  facet normal -0 0 -1
    outer loop
      vertex 30.7983 -33.8246 0
      vertex 29.4705 -46.438 0
      vertex 30.5551 -33.6807 0
    endloop
  endfacet
  facet normal -0 0 -1
    outer loop
      vertex 30.5551 -33.6807 0
      vertex 29.4705 -46.438 0
      vertex 30.3319 -33.5076 0
    endloop
  endfacet
  facet normal -0 0 -1
    outer loop
      vertex 30.3319 -33.5076 0
      vertex 29.4705 -46.438 0
      vertex 30.1321 -33.3078 0
    endloop
  endfacet
  facet normal -0 0 -1
    outer loop
      vertex 30.1321 -33.3078 0
      vertex 29.4705 -46.438 0
      vertex 29.9589 -33.0845 0
    endloop
  endfacet
  facet normal -0 0 -1
    outer loop
      vertex 29.624 -32.3106 0
      vertex 16.9959 -52.3081 0
      vertex 29.5798 -32.0315 0
    endloop
  endfacet
  facet normal 0 0 -1
    outer loop
      vertex 16.9959 -52.3081 0
      vertex 29.624 -32.3106 0
      vertex 23.4179 -49.7655 0
    endloop
  endfacet
  facet normal -0 0 -1
    outer loop
      vertex 29.7028 -32.582 0
      vertex 23.4179 -49.7655 0
      vertex 29.624 -32.3106 0
    endloop
  endfacet
  facet normal -0 0 -1
    outer loop
      vertex 29.815 -32.8413 0
      vertex 23.4179 -49.7655 0
      vertex 29.7028 -32.582 0
    endloop
  endfacet
  facet normal -0 0 -1
    outer loop
      vertex 29.9589 -33.0845 0
      vertex 23.4179 -49.7655 0
      vertex 29.815 -32.8413 0
    endloop
  endfacet
  facet normal 0 0 -1
    outer loop
      vertex 23.4179 -49.7655 0
      vertex 29.9589 -33.0845 0
      vertex 29.4705 -46.438 0
    endloop
  endfacet
  facet normal 0 0 -1
    outer loop
      vertex 34.0421 32.1718 0
      vertex 40.0933 37.6501 0
      vertex 34.0687 31.8905 0
    endloop
  endfacet
  facet normal 0 0 -1
    outer loop
      vertex 33.9805 32.4475 0
      vertex 40.0933 37.6501 0
      vertex 34.0421 32.1718 0
    endloop
  endfacet
  facet normal 0 0 -1
    outer loop
      vertex 33.8848 32.7134 0
      vertex 40.0933 37.6501 0
      vertex 33.9805 32.4475 0
    endloop
  endfacet
  facet normal 0 0 -1
    outer loop
      vertex 33.7565 32.9651 0
      vertex 40.0933 37.6501 0
      vertex 33.8848 32.7134 0
    endloop
  endfacet
  facet normal 0 0 -1
    outer loop
      vertex 33.5977 33.1988 0
      vertex 40.0933 37.6501 0
      vertex 33.7565 32.9651 0
    endloop
  endfacet
  facet normal 0 0 -1
    outer loop
      vertex 33.4108 33.4108 0
      vertex 40.0933 37.6501 0
      vertex 33.5977 33.1988 0
    endloop
  endfacet
  facet normal 0 0 -1
    outer loop
      vertex 33.1988 33.5977 0
      vertex 40.0933 37.6501 0
      vertex 33.4108 33.4108 0
    endloop
  endfacet
  facet normal 0 0 -1
    outer loop
      vertex 32.9651 33.7565 0
      vertex 40.0933 37.6501 0
      vertex 33.1988 33.5977 0
    endloop
  endfacet
  facet normal -0 0 -1
    outer loop
      vertex 40.0933 37.6501 0
      vertex 32.9651 33.7565 0
      vertex 35.0583 42.3782 0
    endloop
  endfacet
  facet normal 0 0 -1
    outer loop
      vertex 32.7134 33.8848 0
      vertex 35.0583 42.3782 0
      vertex 32.9651 33.7565 0
    endloop
  endfacet
  facet normal 0 0 -1
    outer loop
      vertex 32.4475 33.9805 0
      vertex 35.0583 42.3782 0
      vertex 32.7134 33.8848 0
    endloop
  endfacet
  facet normal 0 0 -1
    outer loop
      vertex 32.1718 34.0421 0
      vertex 35.0583 42.3782 0
      vertex 32.4475 33.9805 0
    endloop
  endfacet
  facet normal 0 0 -1
    outer loop
      vertex 31.8905 34.0687 0
      vertex 35.0583 42.3782 0
      vertex 32.1718 34.0421 0
    endloop
  endfacet
  facet normal 0 0 -1
    outer loop
      vertex 31.6081 34.0598 0
      vertex 35.0583 42.3782 0
      vertex 31.8905 34.0687 0
    endloop
  endfacet
  facet normal 0 0 -1
    outer loop
      vertex 31.329 34.0156 0
      vertex 35.0583 42.3782 0
      vertex 31.6081 34.0598 0
    endloop
  endfacet
  facet normal 0 0 -1
    outer loop
      vertex 31.0576 33.9368 0
      vertex 35.0583 42.3782 0
      vertex 31.329 34.0156 0
    endloop
  endfacet
  facet normal 0 0 -1
    outer loop
      vertex 29.4705 46.438 0
      vertex 31.0576 33.9368 0
      vertex 30.7983 33.8246 0
    endloop
  endfacet
  facet normal 0 0 -1
    outer loop
      vertex 29.4705 46.438 0
      vertex 30.7983 33.8246 0
      vertex 30.5551 33.6807 0
    endloop
  endfacet
  facet normal 0 0 -1
    outer loop
      vertex 29.4705 46.438 0
      vertex 30.5551 33.6807 0
      vertex 30.3319 33.5076 0
    endloop
  endfacet
  facet normal 0 0 -1
    outer loop
      vertex 29.4705 46.438 0
      vertex 30.3319 33.5076 0
      vertex 30.1321 33.3078 0
    endloop
  endfacet
  facet normal 0 0 -1
    outer loop
      vertex 29.4705 46.438 0
      vertex 30.1321 33.3078 0
      vertex 29.9589 33.0845 0
    endloop
  endfacet
  facet normal 0 0 -1
    outer loop
      vertex 23.4179 49.7655 0
      vertex 29.9589 33.0845 0
      vertex 29.815 32.8413 0
    endloop
  endfacet
  facet normal 0 0 -1
    outer loop
      vertex 31.0576 33.9368 0
      vertex 29.4705 46.438 0
      vertex 35.0583 42.3782 0
    endloop
  endfacet
  facet normal 0 0 -1
    outer loop
      vertex 23.4179 49.7655 0
      vertex 29.815 32.8413 0
      vertex 29.7028 32.582 0
    endloop
  endfacet
  facet normal 0 0 -1
    outer loop
      vertex 23.4179 49.7655 0
      vertex 29.7028 32.582 0
      vertex 29.624 32.3106 0
    endloop
  endfacet
  facet normal 0 0 -1
    outer loop
      vertex 16.9959 52.3081 0
      vertex 29.624 32.3106 0
      vertex 29.5798 32.0315 0
    endloop
  endfacet
  facet normal 0 0 -1
    outer loop
      vertex 10.306 54.0258 0
      vertex 29.5798 32.0315 0
      vertex 29.5709 31.7491 0
    endloop
  endfacet
  facet normal 0 0 -1
    outer loop
      vertex -29.5798 32.0315 0
      vertex -10.306 54.0258 0
      vertex -29.5709 31.7491 0
    endloop
  endfacet
  facet normal 0 0 -1
    outer loop
      vertex 10.306 -54.0258 0
      vertex 29.5798 -32.0315 0
      vertex 16.9959 -52.3081 0
    endloop
  endfacet
  facet normal 0 0 -1
    outer loop
      vertex -3.45348 54.8915 0
      vertex -29.5709 31.7491 0
      vertex -10.306 54.0258 0
    endloop
  endfacet
  facet normal -0 0 -1
    outer loop
      vertex 29.5798 -32.0315 0
      vertex 10.306 -54.0258 0
      vertex 29.5709 -31.7491 0
    endloop
  endfacet
  facet normal 0 0 -1
    outer loop
      vertex 29.9589 33.0845 0
      vertex 23.4179 49.7655 0
      vertex 29.4705 46.438 0
    endloop
  endfacet
  facet normal 0 0 -1
    outer loop
      vertex 29.5975 -31.4678 0
      vertex 10.306 -54.0258 0
      vertex 3.45348 -54.8915 0
    endloop
  endfacet
  facet normal 0 0 -1
    outer loop
      vertex 29.624 32.3106 0
      vertex 16.9959 52.3081 0
      vertex 23.4179 49.7655 0
    endloop
  endfacet
  facet normal 0 0 -1
    outer loop
      vertex -3.45348 -54.8915 0
      vertex -29.5975 -31.4678 0
      vertex 3.45348 -54.8915 0
    endloop
  endfacet
  facet normal 0 0 -1
    outer loop
      vertex 29.5798 32.0315 0
      vertex 10.306 54.0258 0
      vertex 16.9959 52.3081 0
    endloop
  endfacet
  facet normal 0 0 -1
    outer loop
      vertex -10.306 -54.0258 0
      vertex -29.5975 -31.4678 0
      vertex -3.45348 -54.8915 0
    endloop
  endfacet
  facet normal 0 0 -1
    outer loop
      vertex 29.5975 31.4678 0
      vertex 10.306 54.0258 0
      vertex 29.5709 31.7491 0
    endloop
  endfacet
  facet normal 0 0 -1
    outer loop
      vertex -29.5975 -31.4678 0
      vertex -10.306 -54.0258 0
      vertex -29.5709 -31.7491 0
    endloop
  endfacet
  facet normal -0 -0 -1
    outer loop
      vertex 10.306 54.0258 0
      vertex 29.5975 31.4678 0
      vertex 3.45348 54.8915 0
    endloop
  endfacet
  facet normal 0 0 -1
    outer loop
      vertex -29.5798 -32.0315 0
      vertex -10.306 -54.0258 0
      vertex -16.9959 -52.3081 0
    endloop
  endfacet
  facet normal -0 -0 -1
    outer loop
      vertex 3.45348 54.8915 0
      vertex 29.5975 31.4678 0
      vertex -3.45348 54.8915 0
    endloop
  endfacet
  facet normal 0 0 -1
    outer loop
      vertex -29.624 -32.3106 0
      vertex -16.9959 -52.3081 0
      vertex -23.4179 -49.7655 0
    endloop
  endfacet
  facet normal 0 0 -1
    outer loop
      vertex 29.6591 31.1921 0
      vertex -3.45348 54.8915 0
      vertex 29.5975 31.4678 0
    endloop
  endfacet
  facet normal 0 0 -1
    outer loop
      vertex -29.9589 -33.0845 0
      vertex -23.4179 -49.7655 0
      vertex -29.4705 -46.438 0
    endloop
  endfacet
  facet normal 0 0 -1
    outer loop
      vertex -29.5709 31.7491 0
      vertex -3.45348 54.8915 0
      vertex 29.6591 31.1921 0
    endloop
  endfacet
  facet normal 0 0 -1
    outer loop
      vertex -29.5709 31.7491 0
      vertex 29.6591 31.1921 0
      vertex 29.7549 30.9262 0
    endloop
  endfacet
  facet normal 0 0 -1
    outer loop
      vertex -10.306 -54.0258 0
      vertex -29.5798 -32.0315 0
      vertex -29.5709 -31.7491 0
    endloop
  endfacet
  facet normal 0 0 -1
    outer loop
      vertex -16.9959 -52.3081 0
      vertex -29.624 -32.3106 0
      vertex -29.5798 -32.0315 0
    endloop
  endfacet
  facet normal 0 0 -1
    outer loop
      vertex -23.4179 -49.7655 0
      vertex -29.7028 -32.582 0
      vertex -29.624 -32.3106 0
    endloop
  endfacet
  facet normal 0 0 -1
    outer loop
      vertex -23.4179 -49.7655 0
      vertex -29.815 -32.8413 0
      vertex -29.7028 -32.582 0
    endloop
  endfacet
  facet normal 0 0 -1
    outer loop
      vertex -23.4179 -49.7655 0
      vertex -29.9589 -33.0845 0
      vertex -29.815 -32.8413 0
    endloop
  endfacet
  facet normal 0 0 -1
    outer loop
      vertex -29.4705 -46.438 0
      vertex -30.1321 -33.3078 0
      vertex -29.9589 -33.0845 0
    endloop
  endfacet
  facet normal 0 0 -1
    outer loop
      vertex -29.4705 -46.438 0
      vertex -30.3319 -33.5076 0
      vertex -30.1321 -33.3078 0
    endloop
  endfacet
  facet normal 0 0 -1
    outer loop
      vertex -29.4705 -46.438 0
      vertex -30.5551 -33.6807 0
      vertex -30.3319 -33.5076 0
    endloop
  endfacet
  facet normal 0 0 -1
    outer loop
      vertex -29.4705 -46.438 0
      vertex -30.7983 -33.8246 0
      vertex -30.5551 -33.6807 0
    endloop
  endfacet
  facet normal 0 0 -1
    outer loop
      vertex -29.4705 -46.438 0
      vertex -31.0576 -33.9368 0
      vertex -30.7983 -33.8246 0
    endloop
  endfacet
  facet normal 0 0 -1
    outer loop
      vertex -35.0583 -42.3782 0
      vertex -31.0576 -33.9368 0
      vertex -29.4705 -46.438 0
    endloop
  endfacet
  facet normal 0 0 -1
    outer loop
      vertex -31.0576 -33.9368 0
      vertex -35.0583 -42.3782 0
      vertex -31.329 -34.0156 0
    endloop
  endfacet
  facet normal 0 0 -1
    outer loop
      vertex -31.329 -34.0156 0
      vertex -35.0583 -42.3782 0
      vertex -31.6081 -34.0598 0
    endloop
  endfacet
  facet normal 0 0 -1
    outer loop
      vertex -31.6081 -34.0598 0
      vertex -35.0583 -42.3782 0
      vertex -31.8905 -34.0687 0
    endloop
  endfacet
  facet normal -0 0 -1
    outer loop
      vertex -31.8905 -34.0687 0
      vertex -35.0583 -42.3782 0
      vertex -32.1718 -34.0421 0
    endloop
  endfacet
  facet normal -0 0 -1
    outer loop
      vertex -32.1718 -34.0421 0
      vertex -35.0583 -42.3782 0
      vertex -32.4475 -33.9805 0
    endloop
  endfacet
  facet normal -0 0 -1
    outer loop
      vertex -32.4475 -33.9805 0
      vertex -35.0583 -42.3782 0
      vertex -32.7134 -33.8848 0
    endloop
  endfacet
  facet normal -0 0 -1
    outer loop
      vertex -32.7134 -33.8848 0
      vertex -35.0583 -42.3782 0
      vertex -32.9651 -33.7565 0
    endloop
  endfacet
  facet normal 0 0 -1
    outer loop
      vertex -40.0933 -37.6501 0
      vertex -32.9651 -33.7565 0
      vertex -35.0583 -42.3782 0
    endloop
  endfacet
  facet normal -0 0 -1
    outer loop
      vertex -32.9651 -33.7565 0
      vertex -40.0933 -37.6501 0
      vertex -33.1988 -33.5977 0
    endloop
  endfacet
  facet normal -0 0 -1
    outer loop
      vertex -33.1988 -33.5977 0
      vertex -40.0933 -37.6501 0
      vertex -33.4108 -33.4108 0
    endloop
  endfacet
  facet normal -0 0 -1
    outer loop
      vertex -33.4108 -33.4108 0
      vertex -40.0933 -37.6501 0
      vertex -33.5977 -33.1988 0
    endloop
  endfacet
  facet normal -0 0 -1
    outer loop
      vertex -33.5977 -33.1988 0
      vertex -40.0933 -37.6501 0
      vertex -33.7565 -32.9651 0
    endloop
  endfacet
  facet normal -0 0 -1
    outer loop
      vertex -34.0421 -32.1718 0
      vertex -40.0933 -37.6501 0
      vertex -34.0687 -31.8905 0
    endloop
  endfacet
  facet normal -0 0 -1
    outer loop
      vertex -33.9805 -32.4475 0
      vertex -40.0933 -37.6501 0
      vertex -34.0421 -32.1718 0
    endloop
  endfacet
  facet normal -0 0 -1
    outer loop
      vertex -33.8848 -32.7134 0
      vertex -40.0933 -37.6501 0
      vertex -33.9805 -32.4475 0
    endloop
  endfacet
  facet normal -0 0 -1
    outer loop
      vertex -33.7565 -32.9651 0
      vertex -40.0933 -37.6501 0
      vertex -33.8848 -32.7134 0
    endloop
  endfacet
  facet normal 0 1 -0
    outer loop
      vertex 47 2.25 8
      vertex 14.5063 2.25 22.4
      vertex 47 2.25 22.4
    endloop
  endfacet
  facet normal 0 1 0
    outer loop
      vertex 14.5063 2.25 22.4
      vertex 47 2.25 8
      vertex 14.5063 2.25 8
    endloop
  endfacet
  facet normal 0 -1 0
    outer loop
      vertex 14.5063 -2.25 8
      vertex 47 -2.25 22.4
      vertex 14.5063 -2.25 22.4
    endloop
  endfacet
  facet normal 0 -1 -0
    outer loop
      vertex 47 -2.25 22.4
      vertex 14.5063 -2.25 8
      vertex 47 -2.25 8
    endloop
  endfacet
  facet normal 0 0 1
    outer loop
      vertex 2.25 47 22.4
      vertex 0.92302 14.671 22.4
      vertex 2.25 14.5034 22.4
    endloop
  endfacet
  facet normal 0 0 1
    outer loop
      vertex 2.25 47 22.4
      vertex -0.92302 14.671 22.4
      vertex 0.92302 14.671 22.4
    endloop
  endfacet
  facet normal -0 0 1
    outer loop
      vertex -2.25 47 22.4
      vertex -0.92302 14.671 22.4
      vertex 2.25 47 22.4
    endloop
  endfacet
  facet normal 0 0 1
    outer loop
      vertex -0.92302 14.671 22.4
      vertex -2.25 47 22.4
      vertex -2.25 14.5034 22.4
    endloop
  endfacet
  facet normal -1 0 0
    outer loop
      vertex -2.25 14.5034 8
      vertex -2.25 47 22.4
      vertex -2.25 47 8
    endloop
  endfacet
  facet normal -1 -0 0
    outer loop
      vertex -2.25 47 22.4
      vertex -2.25 14.5034 8
      vertex -2.25 14.5034 22.4
    endloop
  endfacet
  facet normal 1 -0 0
    outer loop
      vertex 2.25 14.5034 22.4
      vertex 2.25 47 8
      vertex 2.25 47 22.4
    endloop
  endfacet
  facet normal 1 0 0
    outer loop
      vertex 2.25 47 8
      vertex 2.25 14.5034 22.4
      vertex 2.25 14.5034 8
    endloop
  endfacet
  facet normal 0 1 -0
    outer loop
      vertex 2.25 47 8
      vertex -2.25 47 22.4
      vertex 2.25 47 22.4
    endloop
  endfacet
  facet normal 0 1 0
    outer loop
      vertex -2.25 47 22.4
      vertex 2.25 47 8
      vertex -2.25 47 8
    endloop
  endfacet
  facet normal 0 0 1
    outer loop
      vertex -14.5841 1.8424 22.4
      vertex -47 2.25 22.4
      vertex -14.7 0 22.4
    endloop
  endfacet
  facet normal -0 0 1
    outer loop
      vertex -47 2.25 22.4
      vertex -14.5841 1.8424 22.4
      vertex -14.5063 2.25 22.4
    endloop
  endfacet
  facet normal 0 0 1
    outer loop
      vertex -47 -2.25 22.4
      vertex -14.7 0 22.4
      vertex -47 2.25 22.4
    endloop
  endfacet
  facet normal 0 0 1
    outer loop
      vertex -14.7 0 22.4
      vertex -47 -2.25 22.4
      vertex -14.5841 -1.8424 22.4
    endloop
  endfacet
  facet normal 0 0 1
    outer loop
      vertex -14.5841 -1.8424 22.4
      vertex -47 -2.25 22.4
      vertex -14.5063 -2.25 22.4
    endloop
  endfacet
  facet normal 0 -1 0
    outer loop
      vertex -47 -2.25 8
      vertex -14.5063 -2.25 22.4
      vertex -47 -2.25 22.4
    endloop
  endfacet
  facet normal 0 -1 -0
    outer loop
      vertex -14.5063 -2.25 22.4
      vertex -47 -2.25 8
      vertex -14.5063 -2.25 8
    endloop
  endfacet
  facet normal 0 1 -0
    outer loop
      vertex -14.5063 2.25 8
      vertex -47 2.25 22.4
      vertex -14.5063 2.25 22.4
    endloop
  endfacet
  facet normal 0 1 0
    outer loop
      vertex -47 2.25 22.4
      vertex -14.5063 2.25 8
      vertex -47 2.25 8
    endloop
  endfacet
  facet normal -1 0 0
    outer loop
      vertex -47 -2.25 8
      vertex -47 2.25 22.4
      vertex -47 2.25 8
    endloop
  endfacet
  facet normal -1 -0 0
    outer loop
      vertex -47 2.25 22.4
      vertex -47 -2.25 8
      vertex -47 -2.25 22.4
    endloop
  endfacet
  facet normal 0 -1 0
    outer loop
      vertex -2.25 -47 8
      vertex 2.25 -47 22.4
      vertex -2.25 -47 22.4
    endloop
  endfacet
  facet normal 0 -1 -0
    outer loop
      vertex 2.25 -47 22.4
      vertex -2.25 -47 8
      vertex 2.25 -47 8
    endloop
  endfacet
  facet normal -0 0 1
    outer loop
      vertex 0.92302 -14.671 22.4
      vertex 2.25 -47 22.4
      vertex 2.25 -14.5034 22.4
    endloop
  endfacet
  facet normal -0 0 1
    outer loop
      vertex -0.92302 -14.671 22.4
      vertex 2.25 -47 22.4
      vertex 0.92302 -14.671 22.4
    endloop
  endfacet
  facet normal 0 0 1
    outer loop
      vertex -2.25 -47 22.4
      vertex -0.92302 -14.671 22.4
      vertex -2.25 -14.5034 22.4
    endloop
  endfacet
  facet normal 0 0 1
    outer loop
      vertex -0.92302 -14.671 22.4
      vertex -2.25 -47 22.4
      vertex 2.25 -47 22.4
    endloop
  endfacet
  facet normal 1 -0 0
    outer loop
      vertex 2.25 -47 22.4
      vertex 2.25 -14.5034 8
      vertex 2.25 -14.5034 22.4
    endloop
  endfacet
  facet normal 1 0 0
    outer loop
      vertex 2.25 -14.5034 8
      vertex 2.25 -47 22.4
      vertex 2.25 -47 8
    endloop
  endfacet
  facet normal -1 0 0
    outer loop
      vertex -2.25 -47 8
      vertex -2.25 -14.5034 22.4
      vertex -2.25 -14.5034 8
    endloop
  endfacet
  facet normal -1 -0 0
    outer loop
      vertex -2.25 -14.5034 22.4
      vertex -2.25 -47 8
      vertex -2.25 -47 22.4
    endloop
  endfacet
  facet normal 0.934709 0.058808 0.350516
    outer loop
      vertex 54.5663 6.89333 0
      vertex 52 0 8
      vertex 55 0 0
    endloop
  endfacet
  facet normal 0.550498 0.757691 0.35051
    outer loop
      vertex 29.4705 46.438 0
      vertex 27.863 43.9051 8
      vertex 35.0583 42.3782 0
    endloop
  endfacet
  facet normal 0 0.936556 0.350518
    outer loop
      vertex 3.45348 54.8915 0
      vertex -3.26511 51.8974 8
      vertex 3.26511 51.8974 8
    endloop
  endfacet
  facet normal 0 0.936556 0.350518
    outer loop
      vertex -3.26511 51.8974 8
      vertex 3.45348 54.8915 0
      vertex -3.45348 54.8915 0
    endloop
  endfacet
  facet normal 0.890719 -0.289406 0.350519
    outer loop
      vertex 50.3663 -12.9319 8
      vertex 48.3484 -19.1425 8
      vertex 53.2721 -13.6779 0
    endloop
  endfacet
  facet normal 0.232915 -0.907131 0.35052
    outer loop
      vertex 16.9959 -52.3081 0
      vertex 9.74383 -51.0789 8
      vertex 10.306 -54.0258 0
    endloop
  endfacet
  facet normal 0.890719 0.289406 0.350519
    outer loop
      vertex 53.2721 13.6779 0
      vertex 48.3484 19.1425 8
      vertex 50.3663 12.9319 8
    endloop
  endfacet
  facet normal 0.721636 -0.596977 0.350515
    outer loop
      vertex 42.0689 -30.5648 8
      vertex 37.9064 -35.5965 8
      vertex 44.4959 -32.3282 0
    endloop
  endfacet
  facet normal -0.550498 -0.757691 0.35051
    outer loop
      vertex -27.863 -43.9051 8
      vertex -35.0583 -42.3782 0
      vertex -29.4705 -46.438 0
    endloop
  endfacet
  facet normal -0.847428 -0.398758 0.35051
    outer loop
      vertex -48.3484 -19.1425 8
      vertex -51.1377 -20.2468 0
      vertex -48.1969 -26.4965 0
    endloop
  endfacet
  facet normal 0.117388 -0.92917 0.350518
    outer loop
      vertex 9.74383 -51.0789 8
      vertex 3.26511 -51.8974 8
      vertex 3.45348 -54.8915 0
    endloop
  endfacet
  facet normal 0.232912 0.907133 0.350518
    outer loop
      vertex 16.9959 52.3081 0
      vertex 9.74383 51.0789 8
      vertex 16.0689 49.4549 8
    endloop
  endfacet
  facet normal 0.344767 0.870789 0.350517
    outer loop
      vertex 16.9959 52.3081 0
      vertex 16.0689 49.4549 8
      vertex 22.1405 47.051 8
    endloop
  endfacet
  facet normal 0.847415 0.398774 0.350525
    outer loop
      vertex 48.1969 26.4965 0
      vertex 45.5679 25.0512 8
      vertex 48.3484 19.1425 8
    endloop
  endfacet
  facet normal -0.232915 0.907131 0.35052
    outer loop
      vertex -10.306 54.0258 0
      vertex -16.9959 52.3081 0
      vertex -9.74383 51.0789 8
    endloop
  endfacet
  facet normal 0.117388 0.92917 0.350518
    outer loop
      vertex 3.45348 54.8915 0
      vertex 3.26511 51.8974 8
      vertex 9.74383 51.0789 8
    endloop
  endfacet
  facet normal -0.232915 -0.907131 0.35052
    outer loop
      vertex -9.74383 -51.0789 8
      vertex -16.9959 -52.3081 0
      vertex -10.306 -54.0258 0
    endloop
  endfacet
  facet normal 0.641112 0.682727 0.350512
    outer loop
      vertex 40.0933 37.6501 0
      vertex 35.0583 42.3782 0
      vertex 37.9064 35.5965 8
    endloop
  endfacet
  facet normal -0.934711 -0.0588019 0.350511
    outer loop
      vertex -52 0 8
      vertex -54.5663 -6.89333 0
      vertex -51.59 -6.51733 8
    endloop
  endfacet
  facet normal -0.344763 -0.870789 0.35052
    outer loop
      vertex -22.1405 -47.051 8
      vertex -23.4179 -49.7655 0
      vertex -16.9959 -52.3081 0
    endloop
  endfacet
  facet normal 0.344763 0.870789 0.35052
    outer loop
      vertex 23.4179 49.7655 0
      vertex 16.9959 52.3081 0
      vertex 22.1405 47.051 8
    endloop
  endfacet
  facet normal -0.721636 0.596977 0.350515
    outer loop
      vertex -37.9064 35.5965 8
      vertex -44.4959 32.3282 0
      vertex -42.0689 30.5648 8
    endloop
  endfacet
  facet normal -0.890719 0.289417 0.350511
    outer loop
      vertex -51.1377 20.2468 0
      vertex -53.2721 13.6779 0
      vertex -48.3484 19.1425 8
    endloop
  endfacet
  facet normal -0.641109 0.682729 0.350515
    outer loop
      vertex -35.0583 42.3782 0
      vertex -37.9064 35.5965 8
      vertex -33.146 40.0667 8
    endloop
  endfacet
  facet normal -0.451181 -0.820714 0.350521
    outer loop
      vertex -22.1405 -47.051 8
      vertex -27.863 -43.9051 8
      vertex -23.4179 -49.7655 0
    endloop
  endfacet
  facet normal 0.934711 0.0588019 0.350511
    outer loop
      vertex 54.5663 6.89333 0
      vertex 51.59 6.51733 8
      vertex 52 0 8
    endloop
  endfacet
  facet normal -0.117385 -0.92917 0.35052
    outer loop
      vertex -9.74383 -51.0789 8
      vertex -10.306 -54.0258 0
      vertex -3.45348 -54.8915 0
    endloop
  endfacet
  facet normal -0.790756 -0.501841 0.350514
    outer loop
      vertex -42.0689 -30.5648 8
      vertex -48.1969 -26.4965 0
      vertex -44.4959 -32.3282 0
    endloop
  endfacet
  facet normal 0 -0.936556 0.350518
    outer loop
      vertex -3.45348 -54.8915 0
      vertex 3.26511 -51.8974 8
      vertex -3.26511 -51.8974 8
    endloop
  endfacet
  facet normal 0 -0.936556 0.350518
    outer loop
      vertex 3.26511 -51.8974 8
      vertex -3.45348 -54.8915 0
      vertex 3.45348 -54.8915 0
    endloop
  endfacet
  facet normal -0.847415 0.398774 0.350525
    outer loop
      vertex -48.1969 26.4965 0
      vertex -48.3484 19.1425 8
      vertex -45.5679 25.0512 8
    endloop
  endfacet
  facet normal -0.550498 0.757691 0.35051
    outer loop
      vertex -29.4705 46.438 0
      vertex -35.0583 42.3782 0
      vertex -27.863 43.9051 8
    endloop
  endfacet
  facet normal -0.550502 0.757686 0.350514
    outer loop
      vertex -27.863 43.9051 8
      vertex -35.0583 42.3782 0
      vertex -33.146 40.0667 8
    endloop
  endfacet
  facet normal -0.721634 0.59698 0.350512
    outer loop
      vertex -40.0933 37.6501 0
      vertex -44.4959 32.3282 0
      vertex -37.9064 35.5965 8
    endloop
  endfacet
  facet normal 0.890719 -0.289417 0.350511
    outer loop
      vertex 53.2721 -13.6779 0
      vertex 48.3484 -19.1425 8
      vertex 51.1377 -20.2468 0
    endloop
  endfacet
  facet normal 0.790761 -0.501827 0.350525
    outer loop
      vertex 45.5679 -25.0512 8
      vertex 42.0689 -30.5648 8
      vertex 48.1969 -26.4965 0
    endloop
  endfacet
  facet normal -0.550502 -0.757686 0.350514
    outer loop
      vertex -33.146 -40.0667 8
      vertex -35.0583 -42.3782 0
      vertex -27.863 -43.9051 8
    endloop
  endfacet
  facet normal -0.232912 -0.907133 0.350518
    outer loop
      vertex -16.0689 -49.4549 8
      vertex -16.9959 -52.3081 0
      vertex -9.74383 -51.0789 8
    endloop
  endfacet
  facet normal 0.790761 0.501827 0.350525
    outer loop
      vertex 48.1969 26.4965 0
      vertex 42.0689 30.5648 8
      vertex 45.5679 25.0512 8
    endloop
  endfacet
  facet normal -0.641112 -0.682727 0.350512
    outer loop
      vertex -37.9064 -35.5965 8
      vertex -40.0933 -37.6501 0
      vertex -35.0583 -42.3782 0
    endloop
  endfacet
  facet normal -0.790756 0.501841 0.350514
    outer loop
      vertex -44.4959 32.3282 0
      vertex -48.1969 26.4965 0
      vertex -42.0689 30.5648 8
    endloop
  endfacet
  facet normal 0.451197 0.82071 0.350509
    outer loop
      vertex 29.4705 46.438 0
      vertex 23.4179 49.7655 0
      vertex 27.863 43.9051 8
    endloop
  endfacet
  facet normal 0.550498 -0.757691 0.35051
    outer loop
      vertex 35.0583 -42.3782 0
      vertex 27.863 -43.9051 8
      vertex 29.4705 -46.438 0
    endloop
  endfacet
  facet normal 0.641109 0.682729 0.350515
    outer loop
      vertex 35.0583 42.3782 0
      vertex 33.146 40.0667 8
      vertex 37.9064 35.5965 8
    endloop
  endfacet
  facet normal 0.721634 -0.59698 0.350512
    outer loop
      vertex 44.4959 -32.3282 0
      vertex 37.9064 -35.5965 8
      vertex 40.0933 -37.6501 0
    endloop
  endfacet
  facet normal 0.451181 0.820714 0.350521
    outer loop
      vertex 23.4179 49.7655 0
      vertex 22.1405 47.051 8
      vertex 27.863 43.9051 8
    endloop
  endfacet
  facet normal 0.550502 0.757686 0.350514
    outer loop
      vertex 35.0583 42.3782 0
      vertex 27.863 43.9051 8
      vertex 33.146 40.0667 8
    endloop
  endfacet
  facet normal 0.919965 0.175501 0.35052
    outer loop
      vertex 53.2721 13.6779 0
      vertex 50.3663 12.9319 8
      vertex 51.59 6.51733 8
    endloop
  endfacet
  facet normal 0.934709 -0.058808 0.350516
    outer loop
      vertex 55 0 0
      vertex 52 0 8
      vertex 54.5663 -6.89333 0
    endloop
  endfacet
  facet normal -0.890719 0.289406 0.350519
    outer loop
      vertex -48.3484 19.1425 8
      vertex -53.2721 13.6779 0
      vertex -50.3663 12.9319 8
    endloop
  endfacet
  facet normal 0.91997 0.17549 0.350511
    outer loop
      vertex 53.2721 13.6779 0
      vertex 51.59 6.51733 8
      vertex 54.5663 6.89333 0
    endloop
  endfacet
  facet normal -0.847428 0.398758 0.35051
    outer loop
      vertex -48.1969 26.4965 0
      vertex -51.1377 20.2468 0
      vertex -48.3484 19.1425 8
    endloop
  endfacet
  facet normal 0.847415 -0.398774 0.350525
    outer loop
      vertex 48.3484 -19.1425 8
      vertex 45.5679 -25.0512 8
      vertex 48.1969 -26.4965 0
    endloop
  endfacet
  facet normal -0.451197 0.82071 0.350509
    outer loop
      vertex -23.4179 49.7655 0
      vertex -29.4705 46.438 0
      vertex -27.863 43.9051 8
    endloop
  endfacet
  facet normal 0.232915 0.907131 0.35052
    outer loop
      vertex 10.306 54.0258 0
      vertex 9.74383 51.0789 8
      vertex 16.9959 52.3081 0
    endloop
  endfacet
  facet normal -0.934709 0.058808 0.350516
    outer loop
      vertex -54.5663 6.89333 0
      vertex -55 0 0
      vertex -52 0 8
    endloop
  endfacet
  facet normal -0.890719 -0.289406 0.350519
    outer loop
      vertex -50.3663 -12.9319 8
      vertex -53.2721 -13.6779 0
      vertex -48.3484 -19.1425 8
    endloop
  endfacet
  facet normal 0.451181 -0.820714 0.350521
    outer loop
      vertex 27.863 -43.9051 8
      vertex 22.1405 -47.051 8
      vertex 23.4179 -49.7655 0
    endloop
  endfacet
  facet normal -0.344763 0.870789 0.35052
    outer loop
      vertex -16.9959 52.3081 0
      vertex -23.4179 49.7655 0
      vertex -22.1405 47.051 8
    endloop
  endfacet
  facet normal -0.344767 0.870789 0.350517
    outer loop
      vertex -16.9959 52.3081 0
      vertex -22.1405 47.051 8
      vertex -16.0689 49.4549 8
    endloop
  endfacet
  facet normal 0.847428 0.398758 0.35051
    outer loop
      vertex 51.1377 20.2468 0
      vertex 48.1969 26.4965 0
      vertex 48.3484 19.1425 8
    endloop
  endfacet
  facet normal -0.934709 -0.058808 0.350516
    outer loop
      vertex -52 0 8
      vertex -55 0 0
      vertex -54.5663 -6.89333 0
    endloop
  endfacet
  facet normal -0.641109 -0.682729 0.350515
    outer loop
      vertex -33.146 -40.0667 8
      vertex -37.9064 -35.5965 8
      vertex -35.0583 -42.3782 0
    endloop
  endfacet
  facet normal -0.641112 0.682727 0.350512
    outer loop
      vertex -35.0583 42.3782 0
      vertex -40.0933 37.6501 0
      vertex -37.9064 35.5965 8
    endloop
  endfacet
  facet normal -0.344767 -0.870789 0.350517
    outer loop
      vertex -16.0689 -49.4549 8
      vertex -22.1405 -47.051 8
      vertex -16.9959 -52.3081 0
    endloop
  endfacet
  facet normal -0.117388 0.92917 0.350518
    outer loop
      vertex -3.45348 54.8915 0
      vertex -9.74383 51.0789 8
      vertex -3.26511 51.8974 8
    endloop
  endfacet
  facet normal 0.641112 -0.682727 0.350512
    outer loop
      vertex 37.9064 -35.5965 8
      vertex 35.0583 -42.3782 0
      vertex 40.0933 -37.6501 0
    endloop
  endfacet
  facet normal 0.847428 -0.398758 0.35051
    outer loop
      vertex 48.3484 -19.1425 8
      vertex 48.1969 -26.4965 0
      vertex 51.1377 -20.2468 0
    endloop
  endfacet
  facet normal 0.117385 0.92917 0.35052
    outer loop
      vertex 10.306 54.0258 0
      vertex 3.45348 54.8915 0
      vertex 9.74383 51.0789 8
    endloop
  endfacet
  facet normal 0.890719 0.289417 0.350511
    outer loop
      vertex 51.1377 20.2468 0
      vertex 48.3484 19.1425 8
      vertex 53.2721 13.6779 0
    endloop
  endfacet
  facet normal 0.91997 -0.17549 0.350511
    outer loop
      vertex 54.5663 -6.89333 0
      vertex 51.59 -6.51733 8
      vertex 53.2721 -13.6779 0
    endloop
  endfacet
  facet normal 0.934711 -0.0588019 0.350511
    outer loop
      vertex 52 0 8
      vertex 51.59 -6.51733 8
      vertex 54.5663 -6.89333 0
    endloop
  endfacet
  facet normal 0.790756 -0.501841 0.350514
    outer loop
      vertex 48.1969 -26.4965 0
      vertex 42.0689 -30.5648 8
      vertex 44.4959 -32.3282 0
    endloop
  endfacet
  facet normal 0 0 1
    outer loop
      vertex -2.25 -14.5034 8
      vertex -2.75451 -14.4396 8
      vertex -2.25 -47 8
    endloop
  endfacet
  facet normal 0 0 1
    outer loop
      vertex 2.75451 14.4396 8
      vertex 2.25 47 8
      vertex 2.25 14.5034 8
    endloop
  endfacet
  facet normal 0 0 1
    outer loop
      vertex -16.0689 49.4549 8
      vertex -29.5798 32.0315 8
      vertex -29.5709 31.7491 8
    endloop
  endfacet
  facet normal 0 0 1
    outer loop
      vertex -22.1405 47.051 8
      vertex -29.624 32.3106 8
      vertex -29.5798 32.0315 8
    endloop
  endfacet
  facet normal 0 0 1
    outer loop
      vertex -22.1405 47.051 8
      vertex -29.7028 32.582 8
      vertex -29.624 32.3106 8
    endloop
  endfacet
  facet normal 0 0 1
    outer loop
      vertex -27.863 43.9051 8
      vertex -29.815 32.8413 8
      vertex -29.7028 32.582 8
    endloop
  endfacet
  facet normal 0 0 1
    outer loop
      vertex -27.863 43.9051 8
      vertex -29.9589 33.0845 8
      vertex -29.815 32.8413 8
    endloop
  endfacet
  facet normal 0 0 1
    outer loop
      vertex -27.863 43.9051 8
      vertex -30.1321 33.3078 8
      vertex -29.9589 33.0845 8
    endloop
  endfacet
  facet normal 0 0 1
    outer loop
      vertex -27.863 43.9051 8
      vertex -30.3319 33.5076 8
      vertex -30.1321 33.3078 8
    endloop
  endfacet
  facet normal 0 0 1
    outer loop
      vertex -27.863 43.9051 8
      vertex -30.5551 33.6807 8
      vertex -30.3319 33.5076 8
    endloop
  endfacet
  facet normal 0 0 1
    outer loop
      vertex -27.863 43.9051 8
      vertex -30.7983 33.8246 8
      vertex -30.5551 33.6807 8
    endloop
  endfacet
  facet normal -0 0 1
    outer loop
      vertex -33.146 40.0667 8
      vertex -30.7983 33.8246 8
      vertex -27.863 43.9051 8
    endloop
  endfacet
  facet normal 0 0 1
    outer loop
      vertex -30.7983 33.8246 8
      vertex -33.146 40.0667 8
      vertex -31.0576 33.9368 8
    endloop
  endfacet
  facet normal 0 0 1
    outer loop
      vertex -31.0576 33.9368 8
      vertex -33.146 40.0667 8
      vertex -31.329 34.0156 8
    endloop
  endfacet
  facet normal 0 0 1
    outer loop
      vertex -31.329 34.0156 8
      vertex -33.146 40.0667 8
      vertex -31.6081 34.0598 8
    endloop
  endfacet
  facet normal 0 0 1
    outer loop
      vertex -31.6081 34.0598 8
      vertex -33.146 40.0667 8
      vertex -31.8905 34.0687 8
    endloop
  endfacet
  facet normal 0 0 1
    outer loop
      vertex -31.8905 34.0687 8
      vertex -33.146 40.0667 8
      vertex -32.1718 34.0421 8
    endloop
  endfacet
  facet normal 0 0 1
    outer loop
      vertex -32.1718 34.0421 8
      vertex -33.146 40.0667 8
      vertex -32.4475 33.9805 8
    endloop
  endfacet
  facet normal 0 0 1
    outer loop
      vertex -32.4475 33.9805 8
      vertex -33.146 40.0667 8
      vertex -32.7134 33.8848 8
    endloop
  endfacet
  facet normal 0 0 1
    outer loop
      vertex -32.7134 33.8848 8
      vertex -33.146 40.0667 8
      vertex -32.9651 33.7565 8
    endloop
  endfacet
  facet normal -0 0 1
    outer loop
      vertex -37.9064 35.5965 8
      vertex -32.9651 33.7565 8
      vertex -33.146 40.0667 8
    endloop
  endfacet
  facet normal 0 0 1
    outer loop
      vertex -32.9651 33.7565 8
      vertex -37.9064 35.5965 8
      vertex -33.1988 33.5977 8
    endloop
  endfacet
  facet normal 0 0 1
    outer loop
      vertex -33.1988 33.5977 8
      vertex -37.9064 35.5965 8
      vertex -33.4108 33.4108 8
    endloop
  endfacet
  facet normal 0 0 1
    outer loop
      vertex -33.4108 33.4108 8
      vertex -37.9064 35.5965 8
      vertex -33.5977 33.1988 8
    endloop
  endfacet
  facet normal 0 0 1
    outer loop
      vertex -33.5977 33.1988 8
      vertex -37.9064 35.5965 8
      vertex -33.7565 32.9651 8
    endloop
  endfacet
  facet normal 0 0 1
    outer loop
      vertex -33.7565 32.9651 8
      vertex -37.9064 35.5965 8
      vertex -33.8848 32.7134 8
    endloop
  endfacet
  facet normal 0 0 1
    outer loop
      vertex -33.8848 32.7134 8
      vertex -37.9064 35.5965 8
      vertex -33.9805 32.4475 8
    endloop
  endfacet
  facet normal 0 0 1
    outer loop
      vertex -34.0421 32.1718 8
      vertex -37.9064 35.5965 8
      vertex -34.0687 31.8905 8
    endloop
  endfacet
  facet normal 0 0 1
    outer loop
      vertex -33.9805 32.4475 8
      vertex -37.9064 35.5965 8
      vertex -34.0421 32.1718 8
    endloop
  endfacet
  facet normal -0 0 1
    outer loop
      vertex -29.624 -32.3106 8
      vertex -22.1405 -47.051 8
      vertex -29.5798 -32.0315 8
    endloop
  endfacet
  facet normal -0 0 1
    outer loop
      vertex -29.7028 -32.582 8
      vertex -22.1405 -47.051 8
      vertex -29.624 -32.3106 8
    endloop
  endfacet
  facet normal 0 0 1
    outer loop
      vertex -22.1405 -47.051 8
      vertex -29.7028 -32.582 8
      vertex -27.863 -43.9051 8
    endloop
  endfacet
  facet normal -0 0 1
    outer loop
      vertex -29.815 -32.8413 8
      vertex -27.863 -43.9051 8
      vertex -29.7028 -32.582 8
    endloop
  endfacet
  facet normal -0 0 1
    outer loop
      vertex -29.9589 -33.0845 8
      vertex -27.863 -43.9051 8
      vertex -29.815 -32.8413 8
    endloop
  endfacet
  facet normal -0 0 1
    outer loop
      vertex -30.1321 -33.3078 8
      vertex -27.863 -43.9051 8
      vertex -29.9589 -33.0845 8
    endloop
  endfacet
  facet normal -0 0 1
    outer loop
      vertex -30.3319 -33.5076 8
      vertex -27.863 -43.9051 8
      vertex -30.1321 -33.3078 8
    endloop
  endfacet
  facet normal -0 0 1
    outer loop
      vertex -30.5551 -33.6807 8
      vertex -27.863 -43.9051 8
      vertex -30.3319 -33.5076 8
    endloop
  endfacet
  facet normal -0 0 1
    outer loop
      vertex -30.7983 -33.8246 8
      vertex -27.863 -43.9051 8
      vertex -30.5551 -33.6807 8
    endloop
  endfacet
  facet normal 0 0 1
    outer loop
      vertex -33.146 -40.0667 8
      vertex -30.7983 -33.8246 8
      vertex -31.0576 -33.9368 8
    endloop
  endfacet
  facet normal 0 0 1
    outer loop
      vertex -33.146 -40.0667 8
      vertex -31.0576 -33.9368 8
      vertex -31.329 -34.0156 8
    endloop
  endfacet
  facet normal 0 0 1
    outer loop
      vertex -33.146 -40.0667 8
      vertex -31.329 -34.0156 8
      vertex -31.6081 -34.0598 8
    endloop
  endfacet
  facet normal 0 0 1
    outer loop
      vertex -33.146 -40.0667 8
      vertex -31.6081 -34.0598 8
      vertex -31.8905 -34.0687 8
    endloop
  endfacet
  facet normal 0 0 1
    outer loop
      vertex -33.146 -40.0667 8
      vertex -31.8905 -34.0687 8
      vertex -32.1718 -34.0421 8
    endloop
  endfacet
  facet normal 0 0 1
    outer loop
      vertex -33.146 -40.0667 8
      vertex -32.1718 -34.0421 8
      vertex -32.4475 -33.9805 8
    endloop
  endfacet
  facet normal 0 0 1
    outer loop
      vertex -33.146 -40.0667 8
      vertex -32.4475 -33.9805 8
      vertex -32.7134 -33.8848 8
    endloop
  endfacet
  facet normal 0 0 1
    outer loop
      vertex -33.146 -40.0667 8
      vertex -32.7134 -33.8848 8
      vertex -32.9651 -33.7565 8
    endloop
  endfacet
  facet normal 0 0 1
    outer loop
      vertex -30.7983 -33.8246 8
      vertex -33.146 -40.0667 8
      vertex -27.863 -43.9051 8
    endloop
  endfacet
  facet normal 0 0 1
    outer loop
      vertex -37.9064 -35.5965 8
      vertex -32.9651 -33.7565 8
      vertex -33.1988 -33.5977 8
    endloop
  endfacet
  facet normal 0 0 1
    outer loop
      vertex -37.9064 -35.5965 8
      vertex -33.1988 -33.5977 8
      vertex -33.4108 -33.4108 8
    endloop
  endfacet
  facet normal 0 0 1
    outer loop
      vertex -37.9064 -35.5965 8
      vertex -33.4108 -33.4108 8
      vertex -33.5977 -33.1988 8
    endloop
  endfacet
  facet normal 0 0 1
    outer loop
      vertex -37.9064 -35.5965 8
      vertex -33.5977 -33.1988 8
      vertex -33.7565 -32.9651 8
    endloop
  endfacet
  facet normal 0 0 1
    outer loop
      vertex -37.9064 -35.5965 8
      vertex -33.7565 -32.9651 8
      vertex -33.8848 -32.7134 8
    endloop
  endfacet
  facet normal 0 0 1
    outer loop
      vertex -37.9064 -35.5965 8
      vertex -33.8848 -32.7134 8
      vertex -33.9805 -32.4475 8
    endloop
  endfacet
  facet normal 0 0 1
    outer loop
      vertex -37.9064 -35.5965 8
      vertex -33.9805 -32.4475 8
      vertex -34.0421 -32.1718 8
    endloop
  endfacet
  facet normal 0 0 1
    outer loop
      vertex -32.9651 -33.7565 8
      vertex -37.9064 -35.5965 8
      vertex -33.146 -40.0667 8
    endloop
  endfacet
  facet normal 0 0 1
    outer loop
      vertex -37.9064 -35.5965 8
      vertex -34.0421 -32.1718 8
      vertex -34.0687 -31.8905 8
    endloop
  endfacet
  facet normal 0 0 1
    outer loop
      vertex 37.9064 35.5965 8
      vertex 34.0421 32.1718 8
      vertex 34.0687 31.8905 8
    endloop
  endfacet
  facet normal 0 0 1
    outer loop
      vertex 37.9064 35.5965 8
      vertex 33.9805 32.4475 8
      vertex 34.0421 32.1718 8
    endloop
  endfacet
  facet normal 0 0 1
    outer loop
      vertex 37.9064 35.5965 8
      vertex 33.8848 32.7134 8
      vertex 33.9805 32.4475 8
    endloop
  endfacet
  facet normal 0 0 1
    outer loop
      vertex 37.9064 35.5965 8
      vertex 33.7565 32.9651 8
      vertex 33.8848 32.7134 8
    endloop
  endfacet
  facet normal 0 0 1
    outer loop
      vertex 37.9064 35.5965 8
      vertex 33.5977 33.1988 8
      vertex 33.7565 32.9651 8
    endloop
  endfacet
  facet normal 0 0 1
    outer loop
      vertex 37.9064 35.5965 8
      vertex 33.4108 33.4108 8
      vertex 33.5977 33.1988 8
    endloop
  endfacet
  facet normal 0 0 1
    outer loop
      vertex 37.9064 35.5965 8
      vertex 33.1988 33.5977 8
      vertex 33.4108 33.4108 8
    endloop
  endfacet
  facet normal 0 0 1
    outer loop
      vertex 32.9651 33.7565 8
      vertex 37.9064 35.5965 8
      vertex 33.146 40.0667 8
    endloop
  endfacet
  facet normal 0 0 1
    outer loop
      vertex 37.9064 35.5965 8
      vertex 32.9651 33.7565 8
      vertex 33.1988 33.5977 8
    endloop
  endfacet
  facet normal 0 0 1
    outer loop
      vertex 33.146 40.0667 8
      vertex 32.7134 33.8848 8
      vertex 32.9651 33.7565 8
    endloop
  endfacet
  facet normal 0 0 1
    outer loop
      vertex 33.146 40.0667 8
      vertex 32.4475 33.9805 8
      vertex 32.7134 33.8848 8
    endloop
  endfacet
  facet normal 0 0 1
    outer loop
      vertex 33.146 40.0667 8
      vertex 32.1718 34.0421 8
      vertex 32.4475 33.9805 8
    endloop
  endfacet
  facet normal 0 0 1
    outer loop
      vertex 33.146 40.0667 8
      vertex 31.8905 34.0687 8
      vertex 32.1718 34.0421 8
    endloop
  endfacet
  facet normal 0 0 1
    outer loop
      vertex 33.146 40.0667 8
      vertex 31.6081 34.0598 8
      vertex 31.8905 34.0687 8
    endloop
  endfacet
  facet normal 0 0 1
    outer loop
      vertex 33.146 40.0667 8
      vertex 31.329 34.0156 8
      vertex 31.6081 34.0598 8
    endloop
  endfacet
  facet normal 0 0 1
    outer loop
      vertex 33.146 40.0667 8
      vertex 31.0576 33.9368 8
      vertex 31.329 34.0156 8
    endloop
  endfacet
  facet normal 0 0 1
    outer loop
      vertex 33.146 40.0667 8
      vertex 30.7983 33.8246 8
      vertex 31.0576 33.9368 8
    endloop
  endfacet
  facet normal 0 0 1
    outer loop
      vertex 33.146 40.0667 8
      vertex 30.5551 33.6807 8
      vertex 30.7983 33.8246 8
    endloop
  endfacet
  facet normal 0 0 1
    outer loop
      vertex 27.863 43.9051 8
      vertex 30.5551 33.6807 8
      vertex 33.146 40.0667 8
    endloop
  endfacet
  facet normal 0 0 1
    outer loop
      vertex 30.5551 33.6807 8
      vertex 27.863 43.9051 8
      vertex 30.3319 33.5076 8
    endloop
  endfacet
  facet normal 0 0 1
    outer loop
      vertex 30.3319 33.5076 8
      vertex 27.863 43.9051 8
      vertex 30.1321 33.3078 8
    endloop
  endfacet
  facet normal 0 0 1
    outer loop
      vertex 30.1321 33.3078 8
      vertex 27.863 43.9051 8
      vertex 29.9589 33.0845 8
    endloop
  endfacet
  facet normal 0 0 1
    outer loop
      vertex 29.624 32.3106 8
      vertex 22.1405 47.051 8
      vertex 29.5798 32.0315 8
    endloop
  endfacet
  facet normal 0 0 1
    outer loop
      vertex 29.7028 32.582 8
      vertex 22.1405 47.051 8
      vertex 29.624 32.3106 8
    endloop
  endfacet
  facet normal 0 0 1
    outer loop
      vertex 22.1405 47.051 8
      vertex 29.7028 32.582 8
      vertex 27.863 43.9051 8
    endloop
  endfacet
  facet normal 0 0 1
    outer loop
      vertex 29.815 32.8413 8
      vertex 27.863 43.9051 8
      vertex 29.7028 32.582 8
    endloop
  endfacet
  facet normal 0 0 1
    outer loop
      vertex 29.9589 33.0845 8
      vertex 27.863 43.9051 8
      vertex 29.815 32.8413 8
    endloop
  endfacet
  facet normal -0 0 1
    outer loop
      vertex 47 2.25 8
      vertex 52 0 8
      vertex 51.59 6.51733 8
    endloop
  endfacet
  facet normal 0 0 1
    outer loop
      vertex 47 2.25 8
      vertex 51.59 6.51733 8
      vertex 50.3663 12.9319 8
    endloop
  endfacet
  facet normal 0 0 1
    outer loop
      vertex 47 -2.25 8
      vertex 52 0 8
      vertex 47 2.25 8
    endloop
  endfacet
  facet normal 0 0 1
    outer loop
      vertex 47 2.25 8
      vertex 50.3663 12.9319 8
      vertex 48.3484 19.1425 8
    endloop
  endfacet
  facet normal 0 0 1
    outer loop
      vertex 52 0 8
      vertex 47 -2.25 8
      vertex 51.59 -6.51733 8
    endloop
  endfacet
  facet normal 0 0 1
    outer loop
      vertex 51.59 -6.51733 8
      vertex 47 -2.25 8
      vertex 50.3663 -12.9319 8
    endloop
  endfacet
  facet normal 0 0 1
    outer loop
      vertex 32.3106 29.624 8
      vertex 48.3484 19.1425 8
      vertex 45.5679 25.0512 8
    endloop
  endfacet
  facet normal -0 0 1
    outer loop
      vertex 33.3078 30.1321 8
      vertex 45.5679 25.0512 8
      vertex 42.0689 30.5648 8
    endloop
  endfacet
  facet normal -0 0 1
    outer loop
      vertex 34.0598 31.6081 8
      vertex 42.0689 30.5648 8
      vertex 37.9064 35.5965 8
    endloop
  endfacet
  facet normal 0 0 1
    outer loop
      vertex 34.0598 31.6081 8
      vertex 37.9064 35.5965 8
      vertex 34.0687 31.8905 8
    endloop
  endfacet
  facet normal 0 0 1
    outer loop
      vertex 42.0689 30.5648 8
      vertex 34.0598 31.6081 8
      vertex 34.0156 31.329 8
    endloop
  endfacet
  facet normal 0 0 1
    outer loop
      vertex 42.0689 30.5648 8
      vertex 34.0156 31.329 8
      vertex 33.9368 31.0576 8
    endloop
  endfacet
  facet normal 0 0 1
    outer loop
      vertex 42.0689 30.5648 8
      vertex 33.9368 31.0576 8
      vertex 33.8246 30.7983 8
    endloop
  endfacet
  facet normal 0 0 1
    outer loop
      vertex 33.6807 30.5551 8
      vertex 42.0689 30.5648 8
      vertex 33.8246 30.7983 8
    endloop
  endfacet
  facet normal 0 0 1
    outer loop
      vertex 33.5076 30.3319 8
      vertex 42.0689 30.5648 8
      vertex 33.6807 30.5551 8
    endloop
  endfacet
  facet normal 0 0 1
    outer loop
      vertex 33.3078 30.1321 8
      vertex 42.0689 30.5648 8
      vertex 33.5076 30.3319 8
    endloop
  endfacet
  facet normal 0 0 1
    outer loop
      vertex 45.5679 25.0512 8
      vertex 33.3078 30.1321 8
      vertex 33.0845 29.9589 8
    endloop
  endfacet
  facet normal 0 0 1
    outer loop
      vertex 45.5679 25.0512 8
      vertex 33.0845 29.9589 8
      vertex 32.8413 29.815 8
    endloop
  endfacet
  facet normal 0 0 1
    outer loop
      vertex 45.5679 25.0512 8
      vertex 32.8413 29.815 8
      vertex 32.582 29.7028 8
    endloop
  endfacet
  facet normal -0 0 1
    outer loop
      vertex 32.3106 29.624 8
      vertex 45.5679 25.0512 8
      vertex 32.582 29.7028 8
    endloop
  endfacet
  facet normal 0 0 1
    outer loop
      vertex 48.3484 19.1425 8
      vertex 32.3106 29.624 8
      vertex 32.0315 29.5798 8
    endloop
  endfacet
  facet normal -0 0 1
    outer loop
      vertex 31.7491 29.5709 8
      vertex 48.3484 19.1425 8
      vertex 32.0315 29.5798 8
    endloop
  endfacet
  facet normal 0 0 1
    outer loop
      vertex 48.3484 19.1425 8
      vertex 31.7491 29.5709 8
      vertex 47 2.25 8
    endloop
  endfacet
  facet normal 0 0 1
    outer loop
      vertex 13.6677 5.41143 8
      vertex 31.7491 29.5709 8
      vertex 31.4678 29.5975 8
    endloop
  endfacet
  facet normal 0 0 1
    outer loop
      vertex 12.8817 7.08178 8
      vertex 31.4678 29.5975 8
      vertex 31.1921 29.6591 8
    endloop
  endfacet
  facet normal 0 0 1
    outer loop
      vertex 12.8817 7.08178 8
      vertex 31.1921 29.6591 8
      vertex 30.9262 29.7549 8
    endloop
  endfacet
  facet normal 0 0 1
    outer loop
      vertex 11.8925 8.64044 8
      vertex 30.9262 29.7549 8
      vertex 30.6745 29.8831 8
    endloop
  endfacet
  facet normal 0 0 1
    outer loop
      vertex 11.8925 8.64044 8
      vertex 30.6745 29.8831 8
      vertex 30.4408 30.042 8
    endloop
  endfacet
  facet normal 0 0 1
    outer loop
      vertex 10.7158 10.0628 8
      vertex 30.4408 30.042 8
      vertex 30.2288 30.2288 8
    endloop
  endfacet
  facet normal 0 0 1
    outer loop
      vertex 10.7158 10.0628 8
      vertex 30.2288 30.2288 8
      vertex 30.042 30.4408 8
    endloop
  endfacet
  facet normal 0 0 1
    outer loop
      vertex 9.37013 11.3265 8
      vertex 30.042 30.4408 8
      vertex 29.8831 30.6745 8
    endloop
  endfacet
  facet normal 0 0 1
    outer loop
      vertex 16.0689 49.4549 8
      vertex 29.5798 32.0315 8
      vertex 22.1405 47.051 8
    endloop
  endfacet
  facet normal 0 0 1
    outer loop
      vertex 29.5798 32.0315 8
      vertex 16.0689 49.4549 8
      vertex 29.5709 31.7491 8
    endloop
  endfacet
  facet normal -0 0 1
    outer loop
      vertex 2.25 47 8
      vertex 29.5709 31.7491 8
      vertex 16.0689 49.4549 8
    endloop
  endfacet
  facet normal 0 -0 1
    outer loop
      vertex 4.54255 13.9805 8
      vertex 29.5709 31.7491 8
      vertex 2.25 47 8
    endloop
  endfacet
  facet normal 0 0 1
    outer loop
      vertex 29.5709 31.7491 8
      vertex 4.54255 13.9805 8
      vertex 29.5975 31.4678 8
    endloop
  endfacet
  facet normal 0 -0 1
    outer loop
      vertex 6.25896 13.301 8
      vertex 29.5975 31.4678 8
      vertex 4.54255 13.9805 8
    endloop
  endfacet
  facet normal 0 0 1
    outer loop
      vertex 29.5975 31.4678 8
      vertex 6.25896 13.301 8
      vertex 29.6591 31.1921 8
    endloop
  endfacet
  facet normal 0 0 1
    outer loop
      vertex 30.9262 29.7549 8
      vertex 11.8925 8.64044 8
      vertex 12.8817 7.08178 8
    endloop
  endfacet
  facet normal 0 0 1
    outer loop
      vertex 47 2.25 8
      vertex 14.2382 3.65574 8
      vertex 14.5063 2.25 8
    endloop
  endfacet
  facet normal 0 0 1
    outer loop
      vertex 47 2.25 8
      vertex 13.6677 5.41143 8
      vertex 14.2382 3.65574 8
    endloop
  endfacet
  facet normal 0 0 1
    outer loop
      vertex 31.7491 29.5709 8
      vertex 13.6677 5.41143 8
      vertex 47 2.25 8
    endloop
  endfacet
  facet normal 0 0 1
    outer loop
      vertex 31.4678 29.5975 8
      vertex 12.8817 7.08178 8
      vertex 13.6677 5.41143 8
    endloop
  endfacet
  facet normal 0 0 1
    outer loop
      vertex 30.4408 30.042 8
      vertex 10.7158 10.0628 8
      vertex 11.8925 8.64044 8
    endloop
  endfacet
  facet normal 0 0 1
    outer loop
      vertex 2.25 47 8
      vertex 16.0689 49.4549 8
      vertex 9.74383 51.0789 8
    endloop
  endfacet
  facet normal 0 0 1
    outer loop
      vertex 30.042 30.4408 8
      vertex 9.37013 11.3265 8
      vertex 10.7158 10.0628 8
    endloop
  endfacet
  facet normal 0 0 1
    outer loop
      vertex 29.8831 30.6745 8
      vertex 7.87665 12.4116 8
      vertex 9.37013 11.3265 8
    endloop
  endfacet
  facet normal 0 0 1
    outer loop
      vertex 29.7549 30.9262 8
      vertex 7.87665 12.4116 8
      vertex 29.8831 30.6745 8
    endloop
  endfacet
  facet normal 0 -0 1
    outer loop
      vertex 7.87665 12.4116 8
      vertex 29.6591 31.1921 8
      vertex 6.25896 13.301 8
    endloop
  endfacet
  facet normal 0 0 1
    outer loop
      vertex 2.25 47 8
      vertex 9.74383 51.0789 8
      vertex 3.26511 51.8974 8
    endloop
  endfacet
  facet normal 0 0 1
    outer loop
      vertex 29.6591 31.1921 8
      vertex 7.87665 12.4116 8
      vertex 29.7549 30.9262 8
    endloop
  endfacet
  facet normal 0 0 1
    outer loop
      vertex 4.54255 13.9805 8
      vertex 2.25 47 8
      vertex 2.75451 14.4396 8
    endloop
  endfacet
  facet normal 0 0 1
    outer loop
      vertex 3.26511 51.8974 8
      vertex -2.25 47 8
      vertex 2.25 47 8
    endloop
  endfacet
  facet normal 0 0 1
    outer loop
      vertex -2.25 47 8
      vertex -2.75451 14.4396 8
      vertex -2.25 14.5034 8
    endloop
  endfacet
  facet normal -0 0 1
    outer loop
      vertex -3.26511 51.8974 8
      vertex -2.25 47 8
      vertex 3.26511 51.8974 8
    endloop
  endfacet
  facet normal -0 0 1
    outer loop
      vertex -9.74383 51.0789 8
      vertex -2.25 47 8
      vertex -3.26511 51.8974 8
    endloop
  endfacet
  facet normal -0 0 1
    outer loop
      vertex -16.0689 49.4549 8
      vertex -2.25 47 8
      vertex -9.74383 51.0789 8
    endloop
  endfacet
  facet normal 0 0 1
    outer loop
      vertex -2.25 47 8
      vertex -4.54255 13.9805 8
      vertex -2.75451 14.4396 8
    endloop
  endfacet
  facet normal 0 0 1
    outer loop
      vertex -29.5709 31.7491 8
      vertex -2.25 47 8
      vertex -16.0689 49.4549 8
    endloop
  endfacet
  facet normal 0 0 1
    outer loop
      vertex -2.25 47 8
      vertex -29.5709 31.7491 8
      vertex -4.54255 13.9805 8
    endloop
  endfacet
  facet normal 0 0 1
    outer loop
      vertex -4.54255 13.9805 8
      vertex -29.5709 31.7491 8
      vertex -6.25896 13.301 8
    endloop
  endfacet
  facet normal -0 0 1
    outer loop
      vertex -29.5975 31.4678 8
      vertex -6.25896 13.301 8
      vertex -29.5709 31.7491 8
    endloop
  endfacet
  facet normal -0 0 1
    outer loop
      vertex -29.6591 31.1921 8
      vertex -6.25896 13.301 8
      vertex -29.5975 31.4678 8
    endloop
  endfacet
  facet normal 0 0 1
    outer loop
      vertex -6.25896 13.301 8
      vertex -29.6591 31.1921 8
      vertex -7.87665 12.4116 8
    endloop
  endfacet
  facet normal 0 0 1
    outer loop
      vertex -7.87665 12.4116 8
      vertex -29.8831 30.6745 8
      vertex -9.37013 11.3265 8
    endloop
  endfacet
  facet normal -0 0 1
    outer loop
      vertex -30.042 30.4408 8
      vertex -9.37013 11.3265 8
      vertex -29.8831 30.6745 8
    endloop
  endfacet
  facet normal 0 0 1
    outer loop
      vertex -9.37013 11.3265 8
      vertex -30.042 30.4408 8
      vertex -10.7158 10.0628 8
    endloop
  endfacet
  facet normal -0 0 1
    outer loop
      vertex -29.8831 30.6745 8
      vertex -7.87665 12.4116 8
      vertex -29.7549 30.9262 8
    endloop
  endfacet
  facet normal 0 0 1
    outer loop
      vertex -29.5798 32.0315 8
      vertex -16.0689 49.4549 8
      vertex -22.1405 47.051 8
    endloop
  endfacet
  facet normal 0 0 1
    outer loop
      vertex -29.7028 32.582 8
      vertex -22.1405 47.051 8
      vertex -27.863 43.9051 8
    endloop
  endfacet
  facet normal -0 0 1
    outer loop
      vertex -29.7549 30.9262 8
      vertex -7.87665 12.4116 8
      vertex -29.6591 31.1921 8
    endloop
  endfacet
  facet normal -0 0 1
    outer loop
      vertex -30.2288 30.2288 8
      vertex -10.7158 10.0628 8
      vertex -30.042 30.4408 8
    endloop
  endfacet
  facet normal -0 0 1
    outer loop
      vertex -30.4408 30.042 8
      vertex -10.7158 10.0628 8
      vertex -30.2288 30.2288 8
    endloop
  endfacet
  facet normal 0 0 1
    outer loop
      vertex -10.7158 10.0628 8
      vertex -30.4408 30.042 8
      vertex -11.8925 8.64044 8
    endloop
  endfacet
  facet normal -0 0 1
    outer loop
      vertex -30.6745 29.8831 8
      vertex -11.8925 8.64044 8
      vertex -30.4408 30.042 8
    endloop
  endfacet
  facet normal -0 0 1
    outer loop
      vertex -30.9262 29.7549 8
      vertex -11.8925 8.64044 8
      vertex -30.6745 29.8831 8
    endloop
  endfacet
  facet normal 0 0 1
    outer loop
      vertex -11.8925 8.64044 8
      vertex -30.9262 29.7549 8
      vertex -12.8817 7.08178 8
    endloop
  endfacet
  facet normal -0 0 1
    outer loop
      vertex -31.1921 29.6591 8
      vertex -12.8817 7.08178 8
      vertex -30.9262 29.7549 8
    endloop
  endfacet
  facet normal -0 0 1
    outer loop
      vertex -31.4678 29.5975 8
      vertex -12.8817 7.08178 8
      vertex -31.1921 29.6591 8
    endloop
  endfacet
  facet normal 0 0 1
    outer loop
      vertex -12.8817 7.08178 8
      vertex -31.4678 29.5975 8
      vertex -13.6677 5.41143 8
    endloop
  endfacet
  facet normal -0 0 1
    outer loop
      vertex -31.7491 29.5709 8
      vertex -13.6677 5.41143 8
      vertex -31.4678 29.5975 8
    endloop
  endfacet
  facet normal 0 0 1
    outer loop
      vertex -47 2.25 8
      vertex -13.6677 5.41143 8
      vertex -31.7491 29.5709 8
    endloop
  endfacet
  facet normal 0 0 1
    outer loop
      vertex -13.6677 5.41143 8
      vertex -47 2.25 8
      vertex -14.2382 3.65574 8
    endloop
  endfacet
  facet normal 0 0 1
    outer loop
      vertex -48.3484 19.1425 8
      vertex -31.7491 29.5709 8
      vertex -32.0315 29.5798 8
    endloop
  endfacet
  facet normal 0 0 1
    outer loop
      vertex -48.3484 19.1425 8
      vertex -32.0315 29.5798 8
      vertex -32.3106 29.624 8
    endloop
  endfacet
  facet normal 0 0 1
    outer loop
      vertex -45.5679 25.0512 8
      vertex -32.3106 29.624 8
      vertex -32.582 29.7028 8
    endloop
  endfacet
  facet normal 0 0 1
    outer loop
      vertex -45.5679 25.0512 8
      vertex -32.582 29.7028 8
      vertex -32.8413 29.815 8
    endloop
  endfacet
  facet normal 0 0 1
    outer loop
      vertex -45.5679 25.0512 8
      vertex -32.8413 29.815 8
      vertex -33.0845 29.9589 8
    endloop
  endfacet
  facet normal 0 0 1
    outer loop
      vertex -45.5679 25.0512 8
      vertex -33.0845 29.9589 8
      vertex -33.3078 30.1321 8
    endloop
  endfacet
  facet normal 0 0 1
    outer loop
      vertex -42.0689 30.5648 8
      vertex -33.3078 30.1321 8
      vertex -33.5076 30.3319 8
    endloop
  endfacet
  facet normal 0 0 1
    outer loop
      vertex -42.0689 30.5648 8
      vertex -33.5076 30.3319 8
      vertex -33.6807 30.5551 8
    endloop
  endfacet
  facet normal 0 0 1
    outer loop
      vertex -37.9064 35.5965 8
      vertex -34.0598 31.6081 8
      vertex -34.0687 31.8905 8
    endloop
  endfacet
  facet normal 0 0 1
    outer loop
      vertex -42.0689 30.5648 8
      vertex -34.0598 31.6081 8
      vertex -37.9064 35.5965 8
    endloop
  endfacet
  facet normal 0 0 1
    outer loop
      vertex -34.0598 31.6081 8
      vertex -42.0689 30.5648 8
      vertex -34.0156 31.329 8
    endloop
  endfacet
  facet normal 0 0 1
    outer loop
      vertex -34.0156 31.329 8
      vertex -42.0689 30.5648 8
      vertex -33.9368 31.0576 8
    endloop
  endfacet
  facet normal 0 0 1
    outer loop
      vertex -33.9368 31.0576 8
      vertex -42.0689 30.5648 8
      vertex -33.8246 30.7983 8
    endloop
  endfacet
  facet normal 0 0 1
    outer loop
      vertex -33.8246 30.7983 8
      vertex -42.0689 30.5648 8
      vertex -33.6807 30.5551 8
    endloop
  endfacet
  facet normal 0 0 1
    outer loop
      vertex -33.3078 30.1321 8
      vertex -42.0689 30.5648 8
      vertex -45.5679 25.0512 8
    endloop
  endfacet
  facet normal 0 0 1
    outer loop
      vertex -32.3106 29.624 8
      vertex -45.5679 25.0512 8
      vertex -48.3484 19.1425 8
    endloop
  endfacet
  facet normal 0 0 1
    outer loop
      vertex -31.7491 29.5709 8
      vertex -48.3484 19.1425 8
      vertex -47 2.25 8
    endloop
  endfacet
  facet normal -0 0 1
    outer loop
      vertex -50.3663 12.9319 8
      vertex -47 2.25 8
      vertex -48.3484 19.1425 8
    endloop
  endfacet
  facet normal 0 0 1
    outer loop
      vertex -14.2382 3.65574 8
      vertex -47 2.25 8
      vertex -14.5063 2.25 8
    endloop
  endfacet
  facet normal 0 0 1
    outer loop
      vertex 50.3663 -12.9319 8
      vertex 47 -2.25 8
      vertex 48.3484 -19.1425 8
    endloop
  endfacet
  facet normal 0 0 1
    outer loop
      vertex 31.7491 -29.5709 8
      vertex 48.3484 -19.1425 8
      vertex 47 -2.25 8
    endloop
  endfacet
  facet normal 0 -0 1
    outer loop
      vertex 32.3106 -29.624 8
      vertex 48.3484 -19.1425 8
      vertex 32.0315 -29.5798 8
    endloop
  endfacet
  facet normal 0 -0 1
    outer loop
      vertex 32.8413 -29.815 8
      vertex 45.5679 -25.0512 8
      vertex 32.582 -29.7028 8
    endloop
  endfacet
  facet normal 0 -0 1
    outer loop
      vertex 33.9368 -31.0576 8
      vertex 42.0689 -30.5648 8
      vertex 33.8246 -30.7983 8
    endloop
  endfacet
  facet normal 0 0 1
    outer loop
      vertex 37.9064 -35.5965 8
      vertex 34.0598 -31.6081 8
      vertex 34.0687 -31.8905 8
    endloop
  endfacet
  facet normal 0 0 1
    outer loop
      vertex 42.0689 -30.5648 8
      vertex 34.0598 -31.6081 8
      vertex 37.9064 -35.5965 8
    endloop
  endfacet
  facet normal 0 -0 1
    outer loop
      vertex 34.0598 -31.6081 8
      vertex 42.0689 -30.5648 8
      vertex 34.0156 -31.329 8
    endloop
  endfacet
  facet normal 0 -0 1
    outer loop
      vertex 34.0156 -31.329 8
      vertex 42.0689 -30.5648 8
      vertex 33.9368 -31.0576 8
    endloop
  endfacet
  facet normal 0 0 1
    outer loop
      vertex 42.0689 -30.5648 8
      vertex 33.6807 -30.5551 8
      vertex 33.8246 -30.7983 8
    endloop
  endfacet
  facet normal 0 0 1
    outer loop
      vertex 42.0689 -30.5648 8
      vertex 33.5076 -30.3319 8
      vertex 33.6807 -30.5551 8
    endloop
  endfacet
  facet normal 0 0 1
    outer loop
      vertex 42.0689 -30.5648 8
      vertex 33.3078 -30.1321 8
      vertex 33.5076 -30.3319 8
    endloop
  endfacet
  facet normal 0 0 1
    outer loop
      vertex 45.5679 -25.0512 8
      vertex 33.3078 -30.1321 8
      vertex 42.0689 -30.5648 8
    endloop
  endfacet
  facet normal 0 -0 1
    outer loop
      vertex 33.3078 -30.1321 8
      vertex 45.5679 -25.0512 8
      vertex 33.0845 -29.9589 8
    endloop
  endfacet
  facet normal 0 -0 1
    outer loop
      vertex 33.0845 -29.9589 8
      vertex 45.5679 -25.0512 8
      vertex 32.8413 -29.815 8
    endloop
  endfacet
  facet normal 0 0 1
    outer loop
      vertex 45.5679 -25.0512 8
      vertex 32.3106 -29.624 8
      vertex 32.582 -29.7028 8
    endloop
  endfacet
  facet normal 0 0 1
    outer loop
      vertex 48.3484 -19.1425 8
      vertex 32.3106 -29.624 8
      vertex 45.5679 -25.0512 8
    endloop
  endfacet
  facet normal 0 0 1
    outer loop
      vertex 48.3484 -19.1425 8
      vertex 31.7491 -29.5709 8
      vertex 32.0315 -29.5798 8
    endloop
  endfacet
  facet normal -0 0 1
    outer loop
      vertex 13.6677 -5.41143 8
      vertex 31.7491 -29.5709 8
      vertex 47 -2.25 8
    endloop
  endfacet
  facet normal 0 0 1
    outer loop
      vertex 31.7491 -29.5709 8
      vertex 13.6677 -5.41143 8
      vertex 31.4678 -29.5975 8
    endloop
  endfacet
  facet normal -0 0 1
    outer loop
      vertex 12.8817 -7.08178 8
      vertex 31.4678 -29.5975 8
      vertex 13.6677 -5.41143 8
    endloop
  endfacet
  facet normal 0 0 1
    outer loop
      vertex 31.4678 -29.5975 8
      vertex 12.8817 -7.08178 8
      vertex 31.1921 -29.6591 8
    endloop
  endfacet
  facet normal 0 0 1
    outer loop
      vertex 31.1921 -29.6591 8
      vertex 12.8817 -7.08178 8
      vertex 30.9262 -29.7549 8
    endloop
  endfacet
  facet normal -0 0 1
    outer loop
      vertex 11.8925 -8.64044 8
      vertex 30.9262 -29.7549 8
      vertex 12.8817 -7.08178 8
    endloop
  endfacet
  facet normal 0 0 1
    outer loop
      vertex 30.9262 -29.7549 8
      vertex 11.8925 -8.64044 8
      vertex 30.6745 -29.8831 8
    endloop
  endfacet
  facet normal 0 0 1
    outer loop
      vertex 30.6745 -29.8831 8
      vertex 11.8925 -8.64044 8
      vertex 30.4408 -30.042 8
    endloop
  endfacet
  facet normal 0 0 1
    outer loop
      vertex 4.54255 -13.9805 8
      vertex 29.5709 -31.7491 8
      vertex 29.5975 -31.4678 8
    endloop
  endfacet
  facet normal 0 0 1
    outer loop
      vertex 29.5709 -31.7491 8
      vertex 22.1405 -47.051 8
      vertex 27.863 -43.9051 8
    endloop
  endfacet
  facet normal 0 0 1
    outer loop
      vertex 6.25896 -13.301 8
      vertex 29.5975 -31.4678 8
      vertex 29.6591 -31.1921 8
    endloop
  endfacet
  facet normal 0 0 1
    outer loop
      vertex 7.87665 -12.4116 8
      vertex 29.6591 -31.1921 8
      vertex 29.7549 -30.9262 8
    endloop
  endfacet
  facet normal 0 0 1
    outer loop
      vertex 29.5709 -31.7491 8
      vertex 16.0689 -49.4549 8
      vertex 22.1405 -47.051 8
    endloop
  endfacet
  facet normal 0 0 1
    outer loop
      vertex 7.87665 -12.4116 8
      vertex 29.7549 -30.9262 8
      vertex 29.8831 -30.6745 8
    endloop
  endfacet
  facet normal -0 0 1
    outer loop
      vertex 10.7158 -10.0628 8
      vertex 30.4408 -30.042 8
      vertex 11.8925 -8.64044 8
    endloop
  endfacet
  facet normal 0 0 1
    outer loop
      vertex 14.2382 -3.65574 8
      vertex 47 -2.25 8
      vertex 14.5063 -2.25 8
    endloop
  endfacet
  facet normal 0 0 1
    outer loop
      vertex 13.6677 -5.41143 8
      vertex 47 -2.25 8
      vertex 14.2382 -3.65574 8
    endloop
  endfacet
  facet normal 0 0 1
    outer loop
      vertex 30.4408 -30.042 8
      vertex 10.7158 -10.0628 8
      vertex 30.2288 -30.2288 8
    endloop
  endfacet
  facet normal 0 0 1
    outer loop
      vertex 30.2288 -30.2288 8
      vertex 10.7158 -10.0628 8
      vertex 30.042 -30.4408 8
    endloop
  endfacet
  facet normal -0 0 1
    outer loop
      vertex 9.37013 -11.3265 8
      vertex 30.042 -30.4408 8
      vertex 10.7158 -10.0628 8
    endloop
  endfacet
  facet normal 0 0 1
    outer loop
      vertex 30.042 -30.4408 8
      vertex 9.37013 -11.3265 8
      vertex 29.8831 -30.6745 8
    endloop
  endfacet
  facet normal -0 0 1
    outer loop
      vertex 7.87665 -12.4116 8
      vertex 29.8831 -30.6745 8
      vertex 9.37013 -11.3265 8
    endloop
  endfacet
  facet normal 0 0 1
    outer loop
      vertex 29.6591 -31.1921 8
      vertex 7.87665 -12.4116 8
      vertex 6.25896 -13.301 8
    endloop
  endfacet
  facet normal 0 0 1
    outer loop
      vertex 29.5975 -31.4678 8
      vertex 6.25896 -13.301 8
      vertex 4.54255 -13.9805 8
    endloop
  endfacet
  facet normal 0 0 1
    outer loop
      vertex 29.5709 -31.7491 8
      vertex 2.25 -47 8
      vertex 16.0689 -49.4549 8
    endloop
  endfacet
  facet normal 0 0 1
    outer loop
      vertex 29.5709 -31.7491 8
      vertex 4.54255 -13.9805 8
      vertex 2.25 -47 8
    endloop
  endfacet
  facet normal 0 0 1
    outer loop
      vertex 16.0689 -49.4549 8
      vertex 2.25 -47 8
      vertex 9.74383 -51.0789 8
    endloop
  endfacet
  facet normal 0 0 1
    outer loop
      vertex 2.25 -47 8
      vertex 4.54255 -13.9805 8
      vertex 2.75451 -14.4396 8
    endloop
  endfacet
  facet normal 0 0 1
    outer loop
      vertex 2.25 -47 8
      vertex 2.75451 -14.4396 8
      vertex 2.25 -14.5034 8
    endloop
  endfacet
  facet normal 0 0 1
    outer loop
      vertex 9.74383 -51.0789 8
      vertex 2.25 -47 8
      vertex 3.26511 -51.8974 8
    endloop
  endfacet
  facet normal -0 0 1
    outer loop
      vertex -2.25 -47 8
      vertex 3.26511 -51.8974 8
      vertex 2.25 -47 8
    endloop
  endfacet
  facet normal 0 0 1
    outer loop
      vertex -2.25 -47 8
      vertex -3.26511 -51.8974 8
      vertex 3.26511 -51.8974 8
    endloop
  endfacet
  facet normal 0 0 1
    outer loop
      vertex -4.54255 -13.9805 8
      vertex -2.25 -47 8
      vertex -2.75451 -14.4396 8
    endloop
  endfacet
  facet normal -0 0 1
    outer loop
      vertex -29.5709 -31.7491 8
      vertex -2.25 -47 8
      vertex -4.54255 -13.9805 8
    endloop
  endfacet
  facet normal 0 0 1
    outer loop
      vertex -29.5709 -31.7491 8
      vertex -4.54255 -13.9805 8
      vertex -6.25896 -13.301 8
    endloop
  endfacet
  facet normal 0 0 1
    outer loop
      vertex -29.6591 -31.1921 8
      vertex -6.25896 -13.301 8
      vertex -7.87665 -12.4116 8
    endloop
  endfacet
  facet normal 0 0 1
    outer loop
      vertex -29.8831 -30.6745 8
      vertex -7.87665 -12.4116 8
      vertex -9.37013 -11.3265 8
    endloop
  endfacet
  facet normal 0 0 1
    outer loop
      vertex -2.25 -47 8
      vertex -9.74383 -51.0789 8
      vertex -3.26511 -51.8974 8
    endloop
  endfacet
  facet normal 0 0 1
    outer loop
      vertex -30.042 -30.4408 8
      vertex -9.37013 -11.3265 8
      vertex -10.7158 -10.0628 8
    endloop
  endfacet
  facet normal 0 0 1
    outer loop
      vertex -30.4408 -30.042 8
      vertex -10.7158 -10.0628 8
      vertex -11.8925 -8.64044 8
    endloop
  endfacet
  facet normal 0 0 1
    outer loop
      vertex -30.9262 -29.7549 8
      vertex -11.8925 -8.64044 8
      vertex -12.8817 -7.08178 8
    endloop
  endfacet
  facet normal 0 0 1
    outer loop
      vertex -31.4678 -29.5975 8
      vertex -12.8817 -7.08178 8
      vertex -13.6677 -5.41143 8
    endloop
  endfacet
  facet normal 0 0 1
    outer loop
      vertex -47 -2.25 8
      vertex -13.6677 -5.41143 8
      vertex -14.2382 -3.65574 8
    endloop
  endfacet
  facet normal -0 0 1
    outer loop
      vertex -47 -2.25 8
      vertex -14.2382 -3.65574 8
      vertex -14.5063 -2.25 8
    endloop
  endfacet
  facet normal 0 0 1
    outer loop
      vertex -6.25896 -13.301 8
      vertex -29.5975 -31.4678 8
      vertex -29.5709 -31.7491 8
    endloop
  endfacet
  facet normal 0 0 1
    outer loop
      vertex -2.25 -47 8
      vertex -16.0689 -49.4549 8
      vertex -9.74383 -51.0789 8
    endloop
  endfacet
  facet normal 0 0 1
    outer loop
      vertex -2.25 -47 8
      vertex -29.5709 -31.7491 8
      vertex -16.0689 -49.4549 8
    endloop
  endfacet
  facet normal 0 0 1
    outer loop
      vertex -16.0689 -49.4549 8
      vertex -29.5798 -32.0315 8
      vertex -22.1405 -47.051 8
    endloop
  endfacet
  facet normal -0 0 1
    outer loop
      vertex -29.5798 -32.0315 8
      vertex -16.0689 -49.4549 8
      vertex -29.5709 -31.7491 8
    endloop
  endfacet
  facet normal 0 0 1
    outer loop
      vertex -6.25896 -13.301 8
      vertex -29.6591 -31.1921 8
      vertex -29.5975 -31.4678 8
    endloop
  endfacet
  facet normal 0 0 1
    outer loop
      vertex -7.87665 -12.4116 8
      vertex -29.7549 -30.9262 8
      vertex -29.6591 -31.1921 8
    endloop
  endfacet
  facet normal 0 0 1
    outer loop
      vertex -7.87665 -12.4116 8
      vertex -29.8831 -30.6745 8
      vertex -29.7549 -30.9262 8
    endloop
  endfacet
  facet normal 0 0 1
    outer loop
      vertex -9.37013 -11.3265 8
      vertex -30.042 -30.4408 8
      vertex -29.8831 -30.6745 8
    endloop
  endfacet
  facet normal 0 0 1
    outer loop
      vertex -10.7158 -10.0628 8
      vertex -30.2288 -30.2288 8
      vertex -30.042 -30.4408 8
    endloop
  endfacet
  facet normal 0 0 1
    outer loop
      vertex -10.7158 -10.0628 8
      vertex -30.4408 -30.042 8
      vertex -30.2288 -30.2288 8
    endloop
  endfacet
  facet normal 0 0 1
    outer loop
      vertex -11.8925 -8.64044 8
      vertex -30.6745 -29.8831 8
      vertex -30.4408 -30.042 8
    endloop
  endfacet
  facet normal 0 0 1
    outer loop
      vertex -11.8925 -8.64044 8
      vertex -30.9262 -29.7549 8
      vertex -30.6745 -29.8831 8
    endloop
  endfacet
  facet normal 0 0 1
    outer loop
      vertex -12.8817 -7.08178 8
      vertex -31.1921 -29.6591 8
      vertex -30.9262 -29.7549 8
    endloop
  endfacet
  facet normal 0 0 1
    outer loop
      vertex -12.8817 -7.08178 8
      vertex -31.4678 -29.5975 8
      vertex -31.1921 -29.6591 8
    endloop
  endfacet
  facet normal 0 0 1
    outer loop
      vertex -13.6677 -5.41143 8
      vertex -31.7491 -29.5709 8
      vertex -31.4678 -29.5975 8
    endloop
  endfacet
  facet normal 0 0 1
    outer loop
      vertex -13.6677 -5.41143 8
      vertex -47 -2.25 8
      vertex -31.7491 -29.5709 8
    endloop
  endfacet
  facet normal -0 0 1
    outer loop
      vertex -48.3484 -19.1425 8
      vertex -31.7491 -29.5709 8
      vertex -47 -2.25 8
    endloop
  endfacet
  facet normal 0 0 1
    outer loop
      vertex -31.7491 -29.5709 8
      vertex -48.3484 -19.1425 8
      vertex -32.0315 -29.5798 8
    endloop
  endfacet
  facet normal 0 0 1
    outer loop
      vertex -32.0315 -29.5798 8
      vertex -48.3484 -19.1425 8
      vertex -32.3106 -29.624 8
    endloop
  endfacet
  facet normal -0 -0 1
    outer loop
      vertex -45.5679 -25.0512 8
      vertex -32.3106 -29.624 8
      vertex -48.3484 -19.1425 8
    endloop
  endfacet
  facet normal 0 0 1
    outer loop
      vertex -32.3106 -29.624 8
      vertex -45.5679 -25.0512 8
      vertex -32.582 -29.7028 8
    endloop
  endfacet
  facet normal 0 0 1
    outer loop
      vertex -32.582 -29.7028 8
      vertex -45.5679 -25.0512 8
      vertex -32.8413 -29.815 8
    endloop
  endfacet
  facet normal 0 0 1
    outer loop
      vertex -32.8413 -29.815 8
      vertex -45.5679 -25.0512 8
      vertex -33.0845 -29.9589 8
    endloop
  endfacet
  facet normal 0 0 1
    outer loop
      vertex -34.0598 -31.6081 8
      vertex -37.9064 -35.5965 8
      vertex -34.0687 -31.8905 8
    endloop
  endfacet
  facet normal 0 0 1
    outer loop
      vertex -42.0689 -30.5648 8
      vertex -34.0598 -31.6081 8
      vertex -34.0156 -31.329 8
    endloop
  endfacet
  facet normal 0 0 1
    outer loop
      vertex -42.0689 -30.5648 8
      vertex -34.0156 -31.329 8
      vertex -33.9368 -31.0576 8
    endloop
  endfacet
  facet normal 0 0 1
    outer loop
      vertex -42.0689 -30.5648 8
      vertex -33.9368 -31.0576 8
      vertex -33.8246 -30.7983 8
    endloop
  endfacet
  facet normal -0 0 1
    outer loop
      vertex -42.0689 -30.5648 8
      vertex -33.8246 -30.7983 8
      vertex -33.6807 -30.5551 8
    endloop
  endfacet
  facet normal 0 0 1
    outer loop
      vertex -33.0845 -29.9589 8
      vertex -45.5679 -25.0512 8
      vertex -33.3078 -30.1321 8
    endloop
  endfacet
  facet normal 0 0 1
    outer loop
      vertex -34.0598 -31.6081 8
      vertex -42.0689 -30.5648 8
      vertex -37.9064 -35.5965 8
    endloop
  endfacet
  facet normal 0 0 1
    outer loop
      vertex -33.5076 -30.3319 8
      vertex -42.0689 -30.5648 8
      vertex -33.6807 -30.5551 8
    endloop
  endfacet
  facet normal 0 -0 1
    outer loop
      vertex -42.0689 -30.5648 8
      vertex -33.3078 -30.1321 8
      vertex -45.5679 -25.0512 8
    endloop
  endfacet
  facet normal -0 0 1
    outer loop
      vertex -51.59 6.51733 8
      vertex -47 2.25 8
      vertex -50.3663 12.9319 8
    endloop
  endfacet
  facet normal 0 0 1
    outer loop
      vertex -33.3078 -30.1321 8
      vertex -42.0689 -30.5648 8
      vertex -33.5076 -30.3319 8
    endloop
  endfacet
  facet normal 0 0 1
    outer loop
      vertex -52 0 8
      vertex -47 2.25 8
      vertex -51.59 6.51733 8
    endloop
  endfacet
  facet normal 0 0 1
    outer loop
      vertex -47 -2.25 8
      vertex -50.3663 -12.9319 8
      vertex -48.3484 -19.1425 8
    endloop
  endfacet
  facet normal 0 0 1
    outer loop
      vertex -47 2.25 8
      vertex -52 0 8
      vertex -47 -2.25 8
    endloop
  endfacet
  facet normal 0 0 1
    outer loop
      vertex -47 -2.25 8
      vertex -51.59 -6.51733 8
      vertex -50.3663 -12.9319 8
    endloop
  endfacet
  facet normal 0 0 1
    outer loop
      vertex -47 -2.25 8
      vertex -52 0 8
      vertex -51.59 -6.51733 8
    endloop
  endfacet
  facet normal -0 0 1
    outer loop
      vertex 34.0421 -32.1718 8
      vertex 37.9064 -35.5965 8
      vertex 34.0687 -31.8905 8
    endloop
  endfacet
  facet normal -0 0 1
    outer loop
      vertex 33.9805 -32.4475 8
      vertex 37.9064 -35.5965 8
      vertex 34.0421 -32.1718 8
    endloop
  endfacet
  facet normal -0 0 1
    outer loop
      vertex 33.8848 -32.7134 8
      vertex 37.9064 -35.5965 8
      vertex 33.9805 -32.4475 8
    endloop
  endfacet
  facet normal -0 0 1
    outer loop
      vertex 33.7565 -32.9651 8
      vertex 37.9064 -35.5965 8
      vertex 33.8848 -32.7134 8
    endloop
  endfacet
  facet normal -0 0 1
    outer loop
      vertex 33.5977 -33.1988 8
      vertex 37.9064 -35.5965 8
      vertex 33.7565 -32.9651 8
    endloop
  endfacet
  facet normal -0 0 1
    outer loop
      vertex 33.4108 -33.4108 8
      vertex 37.9064 -35.5965 8
      vertex 33.5977 -33.1988 8
    endloop
  endfacet
  facet normal -0 0 1
    outer loop
      vertex 33.1988 -33.5977 8
      vertex 37.9064 -35.5965 8
      vertex 33.4108 -33.4108 8
    endloop
  endfacet
  facet normal -0 0 1
    outer loop
      vertex 32.9651 -33.7565 8
      vertex 37.9064 -35.5965 8
      vertex 33.1988 -33.5977 8
    endloop
  endfacet
  facet normal 0 0 1
    outer loop
      vertex 37.9064 -35.5965 8
      vertex 32.9651 -33.7565 8
      vertex 33.146 -40.0667 8
    endloop
  endfacet
  facet normal -0 0 1
    outer loop
      vertex 32.7134 -33.8848 8
      vertex 33.146 -40.0667 8
      vertex 32.9651 -33.7565 8
    endloop
  endfacet
  facet normal -0 0 1
    outer loop
      vertex 32.4475 -33.9805 8
      vertex 33.146 -40.0667 8
      vertex 32.7134 -33.8848 8
    endloop
  endfacet
  facet normal -0 0 1
    outer loop
      vertex 32.1718 -34.0421 8
      vertex 33.146 -40.0667 8
      vertex 32.4475 -33.9805 8
    endloop
  endfacet
  facet normal -0 0 1
    outer loop
      vertex 31.8905 -34.0687 8
      vertex 33.146 -40.0667 8
      vertex 32.1718 -34.0421 8
    endloop
  endfacet
  facet normal 0 0 1
    outer loop
      vertex 31.6081 -34.0598 8
      vertex 33.146 -40.0667 8
      vertex 31.8905 -34.0687 8
    endloop
  endfacet
  facet normal 0 0 1
    outer loop
      vertex 31.329 -34.0156 8
      vertex 33.146 -40.0667 8
      vertex 31.6081 -34.0598 8
    endloop
  endfacet
  facet normal 0 0 1
    outer loop
      vertex 31.0576 -33.9368 8
      vertex 33.146 -40.0667 8
      vertex 31.329 -34.0156 8
    endloop
  endfacet
  facet normal 0 0 1
    outer loop
      vertex 30.7983 -33.8246 8
      vertex 33.146 -40.0667 8
      vertex 31.0576 -33.9368 8
    endloop
  endfacet
  facet normal 0 0 1
    outer loop
      vertex 30.5551 -33.6807 8
      vertex 33.146 -40.0667 8
      vertex 30.7983 -33.8246 8
    endloop
  endfacet
  facet normal 0 0 1
    outer loop
      vertex 27.863 -43.9051 8
      vertex 30.5551 -33.6807 8
      vertex 30.3319 -33.5076 8
    endloop
  endfacet
  facet normal 0 0 1
    outer loop
      vertex 27.863 -43.9051 8
      vertex 30.3319 -33.5076 8
      vertex 30.1321 -33.3078 8
    endloop
  endfacet
  facet normal 0 0 1
    outer loop
      vertex 27.863 -43.9051 8
      vertex 30.1321 -33.3078 8
      vertex 29.9589 -33.0845 8
    endloop
  endfacet
  facet normal 0 0 1
    outer loop
      vertex 27.863 -43.9051 8
      vertex 29.9589 -33.0845 8
      vertex 29.815 -32.8413 8
    endloop
  endfacet
  facet normal 0 0 1
    outer loop
      vertex 30.5551 -33.6807 8
      vertex 27.863 -43.9051 8
      vertex 33.146 -40.0667 8
    endloop
  endfacet
  facet normal 0 0 1
    outer loop
      vertex 29.7028 -32.582 8
      vertex 27.863 -43.9051 8
      vertex 29.815 -32.8413 8
    endloop
  endfacet
  facet normal 0 0 1
    outer loop
      vertex 29.624 -32.3106 8
      vertex 27.863 -43.9051 8
      vertex 29.7028 -32.582 8
    endloop
  endfacet
  facet normal 0 0 1
    outer loop
      vertex 29.5798 -32.0315 8
      vertex 27.863 -43.9051 8
      vertex 29.624 -32.3106 8
    endloop
  endfacet
  facet normal 0 0 1
    outer loop
      vertex 27.863 -43.9051 8
      vertex 29.5798 -32.0315 8
      vertex 29.5709 -31.7491 8
    endloop
  endfacet
  facet normal -0.721636 -0.596977 0.350515
    outer loop
      vertex -42.0689 -30.5648 8
      vertex -44.4959 -32.3282 0
      vertex -37.9064 -35.5965 8
    endloop
  endfacet
  facet normal -0.721634 -0.59698 0.350512
    outer loop
      vertex -37.9064 -35.5965 8
      vertex -44.4959 -32.3282 0
      vertex -40.0933 -37.6501 0
    endloop
  endfacet
  facet normal -0.117388 -0.92917 0.350518
    outer loop
      vertex -3.26511 -51.8974 8
      vertex -9.74383 -51.0789 8
      vertex -3.45348 -54.8915 0
    endloop
  endfacet
  facet normal 0.721634 0.59698 0.350512
    outer loop
      vertex 40.0933 37.6501 0
      vertex 37.9064 35.5965 8
      vertex 44.4959 32.3282 0
    endloop
  endfacet
  facet normal -0.91997 0.17549 0.350511
    outer loop
      vertex -53.2721 13.6779 0
      vertex -54.5663 6.89333 0
      vertex -51.59 6.51733 8
    endloop
  endfacet
  facet normal 0.790756 0.501841 0.350514
    outer loop
      vertex 44.4959 32.3282 0
      vertex 42.0689 30.5648 8
      vertex 48.1969 26.4965 0
    endloop
  endfacet
  facet normal -0.451197 -0.82071 0.350509
    outer loop
      vertex -27.863 -43.9051 8
      vertex -29.4705 -46.438 0
      vertex -23.4179 -49.7655 0
    endloop
  endfacet
  facet normal -0.847415 -0.398774 0.350525
    outer loop
      vertex -45.5679 -25.0512 8
      vertex -48.3484 -19.1425 8
      vertex -48.1969 -26.4965 0
    endloop
  endfacet
  facet normal -0.117385 0.92917 0.35052
    outer loop
      vertex -3.45348 54.8915 0
      vertex -10.306 54.0258 0
      vertex -9.74383 51.0789 8
    endloop
  endfacet
  facet normal -0.919965 0.175501 0.35052
    outer loop
      vertex -50.3663 12.9319 8
      vertex -53.2721 13.6779 0
      vertex -51.59 6.51733 8
    endloop
  endfacet
  facet normal -0.790761 0.501827 0.350525
    outer loop
      vertex -42.0689 30.5648 8
      vertex -48.1969 26.4965 0
      vertex -45.5679 25.0512 8
    endloop
  endfacet
  facet normal -0.232912 0.907133 0.350518
    outer loop
      vertex -9.74383 51.0789 8
      vertex -16.9959 52.3081 0
      vertex -16.0689 49.4549 8
    endloop
  endfacet
  facet normal -0.934711 0.0588019 0.350511
    outer loop
      vertex -51.59 6.51733 8
      vertex -54.5663 6.89333 0
      vertex -52 0 8
    endloop
  endfacet
  facet normal -0.790761 -0.501827 0.350525
    outer loop
      vertex -45.5679 -25.0512 8
      vertex -48.1969 -26.4965 0
      vertex -42.0689 -30.5648 8
    endloop
  endfacet
  facet normal 0.721636 0.596977 0.350515
    outer loop
      vertex 44.4959 32.3282 0
      vertex 37.9064 35.5965 8
      vertex 42.0689 30.5648 8
    endloop
  endfacet
  facet normal 0.451197 -0.82071 0.350509
    outer loop
      vertex 27.863 -43.9051 8
      vertex 23.4179 -49.7655 0
      vertex 29.4705 -46.438 0
    endloop
  endfacet
  facet normal -0.451181 0.820714 0.350521
    outer loop
      vertex -23.4179 49.7655 0
      vertex -27.863 43.9051 8
      vertex -22.1405 47.051 8
    endloop
  endfacet
  facet normal 0.641109 -0.682729 0.350515
    outer loop
      vertex 37.9064 -35.5965 8
      vertex 33.146 -40.0667 8
      vertex 35.0583 -42.3782 0
    endloop
  endfacet
  facet normal 0.550502 -0.757686 0.350514
    outer loop
      vertex 33.146 -40.0667 8
      vertex 27.863 -43.9051 8
      vertex 35.0583 -42.3782 0
    endloop
  endfacet
  facet normal 0.919965 -0.175501 0.35052
    outer loop
      vertex 51.59 -6.51733 8
      vertex 50.3663 -12.9319 8
      vertex 53.2721 -13.6779 0
    endloop
  endfacet
  facet normal 0.344767 -0.870789 0.350517
    outer loop
      vertex 22.1405 -47.051 8
      vertex 16.0689 -49.4549 8
      vertex 16.9959 -52.3081 0
    endloop
  endfacet
  facet normal 0.344763 -0.870789 0.35052
    outer loop
      vertex 22.1405 -47.051 8
      vertex 16.9959 -52.3081 0
      vertex 23.4179 -49.7655 0
    endloop
  endfacet
  facet normal -0.91997 -0.17549 0.350511
    outer loop
      vertex -51.59 -6.51733 8
      vertex -54.5663 -6.89333 0
      vertex -53.2721 -13.6779 0
    endloop
  endfacet
  facet normal -0.890719 -0.289417 0.350511
    outer loop
      vertex -48.3484 -19.1425 8
      vertex -53.2721 -13.6779 0
      vertex -51.1377 -20.2468 0
    endloop
  endfacet
  facet normal 0.117385 -0.92917 0.35052
    outer loop
      vertex 9.74383 -51.0789 8
      vertex 3.45348 -54.8915 0
      vertex 10.306 -54.0258 0
    endloop
  endfacet
  facet normal -0.919965 -0.175501 0.35052
    outer loop
      vertex -51.59 -6.51733 8
      vertex -53.2721 -13.6779 0
      vertex -50.3663 -12.9319 8
    endloop
  endfacet
  facet normal 0.232912 -0.907133 0.350518
    outer loop
      vertex 16.0689 -49.4549 8
      vertex 9.74383 -51.0789 8
      vertex 16.9959 -52.3081 0
    endloop
  endfacet
  facet normal 0.587794 0.809011 -0
    outer loop
      vertex 9.37013 11.3265 8
      vertex 7.87665 12.4116 32
      vertex 9.37013 11.3265 32
    endloop
  endfacet
  facet normal 0.587794 0.809011 0
    outer loop
      vertex 7.87665 12.4116 32
      vertex 9.37013 11.3265 8
      vertex 7.87665 12.4116 8
    endloop
  endfacet
  facet normal 0.904829 0.425776 0
    outer loop
      vertex 13.6677 5.41143 32
      vertex 12.8817 7.08178 8
      vertex 12.8817 7.08178 32
    endloop
  endfacet
  facet normal 0.904829 0.425776 0
    outer loop
      vertex 12.8817 7.08178 8
      vertex 13.6677 5.41143 32
      vertex 13.6677 5.41143 8
    endloop
  endfacet
  facet normal 0.770508 -0.637431 0
    outer loop
      vertex 10.7158 -10.0628 32
      vertex 11.8925 -8.64044 8
      vertex 11.8925 -8.64044 32
    endloop
  endfacet
  facet normal 0.770508 -0.637431 0
    outer loop
      vertex 11.8925 -8.64044 8
      vertex 10.7158 -10.0628 32
      vertex 10.7158 -10.0628 8
    endloop
  endfacet
  facet normal 0.684556 -0.72896 0
    outer loop
      vertex 9.37013 -11.3265 8
      vertex 10.7158 -10.0628 32
      vertex 9.37013 -11.3265 32
    endloop
  endfacet
  facet normal 0.684556 -0.72896 0
    outer loop
      vertex 10.7158 -10.0628 32
      vertex 9.37013 -11.3265 8
      vertex 10.7158 -10.0628 8
    endloop
  endfacet
  facet normal 0.982295 0.187341 0
    outer loop
      vertex 14.2382 3.65574 32
      vertex 14.5063 2.25 22.4
      vertex 14.2382 3.65574 8
    endloop
  endfacet
  facet normal 0.982289 0.187374 -5.0227e-06
    outer loop
      vertex 14.5841 1.8424 32
      vertex 14.5063 2.25 22.4
      vertex 14.2382 3.65574 32
    endloop
  endfacet
  facet normal 0.982267 0.187489 0
    outer loop
      vertex 14.5063 2.25 22.4
      vertex 14.5841 1.8424 32
      vertex 14.5841 1.8424 22.4
    endloop
  endfacet
  facet normal 0.982295 0.187341 0
    outer loop
      vertex 14.2382 3.65574 8
      vertex 14.5063 2.25 22.4
      vertex 14.5063 2.25 8
    endloop
  endfacet
  facet normal 0.844317 -0.535844 0
    outer loop
      vertex 11.8925 -8.64044 32
      vertex 12.8817 -7.08178 8
      vertex 12.8817 -7.08178 32
    endloop
  endfacet
  facet normal 0.844317 -0.535844 0
    outer loop
      vertex 12.8817 -7.08178 8
      vertex 11.8925 -8.64044 32
      vertex 11.8925 -8.64044 8
    endloop
  endfacet
  facet normal 0.125306 -0.992118 0
    outer loop
      vertex 2.25 -14.5034 22.4
      vertex 0.92302 -14.671 32
      vertex 0.92302 -14.671 22.4
    endloop
  endfacet
  facet normal 0.125349 -0.992113 5.95009e-06
    outer loop
      vertex 0.92302 -14.671 32
      vertex 2.25 -14.5034 22.4
      vertex 2.75451 -14.4396 32
    endloop
  endfacet
  facet normal 0.12546 -0.992099 0
    outer loop
      vertex 2.75451 -14.4396 8
      vertex 2.25 -14.5034 22.4
      vertex 2.25 -14.5034 8
    endloop
  endfacet
  facet normal 0.12546 -0.992099 0
    outer loop
      vertex 2.25 -14.5034 22.4
      vertex 2.75451 -14.4396 8
      vertex 2.75451 -14.4396 32
    endloop
  endfacet
  facet normal 0.248695 -0.968582 0
    outer loop
      vertex 2.75451 -14.4396 8
      vertex 4.54255 -13.9805 32
      vertex 2.75451 -14.4396 32
    endloop
  endfacet
  facet normal 0.248695 -0.968582 0
    outer loop
      vertex 4.54255 -13.9805 32
      vertex 2.75451 -14.4396 8
      vertex 4.54255 -13.9805 8
    endloop
  endfacet
  facet normal 0 -1 0
    outer loop
      vertex -0.92302 -14.671 22.4
      vertex 0.92302 -14.671 32
      vertex -0.92302 -14.671 32
    endloop
  endfacet
  facet normal 0 -1 -0
    outer loop
      vertex 0.92302 -14.671 32
      vertex -0.92302 -14.671 22.4
      vertex 0.92302 -14.671 22.4
    endloop
  endfacet
  facet normal 0.982267 -0.187489 0
    outer loop
      vertex 14.5841 -1.8424 32
      vertex 14.5063 -2.25 22.4
      vertex 14.5841 -1.8424 22.4
    endloop
  endfacet
  facet normal 0.982289 -0.187374 -5.0227e-06
    outer loop
      vertex 14.2382 -3.65574 32
      vertex 14.5063 -2.25 22.4
      vertex 14.5841 -1.8424 32
    endloop
  endfacet
  facet normal 0.982295 -0.187341 0
    outer loop
      vertex 14.2382 -3.65574 8
      vertex 14.5063 -2.25 22.4
      vertex 14.2382 -3.65574 32
    endloop
  endfacet
  facet normal 0.982295 -0.187341 0
    outer loop
      vertex 14.5063 -2.25 22.4
      vertex 14.2382 -3.65574 8
      vertex 14.5063 -2.25 8
    endloop
  endfacet
  facet normal 0.770508 0.637431 0
    outer loop
      vertex 11.8925 8.64044 32
      vertex 10.7158 10.0628 8
      vertex 10.7158 10.0628 32
    endloop
  endfacet
  facet normal 0.770508 0.637431 0
    outer loop
      vertex 10.7158 10.0628 8
      vertex 11.8925 8.64044 32
      vertex 11.8925 8.64044 8
    endloop
  endfacet
  facet normal -0.125306 0.992118 0
    outer loop
      vertex -2.25 14.5034 22.4
      vertex -0.92302 14.671 32
      vertex -0.92302 14.671 22.4
    endloop
  endfacet
  facet normal -0.125349 0.992113 5.95009e-06
    outer loop
      vertex -0.92302 14.671 32
      vertex -2.25 14.5034 22.4
      vertex -2.75451 14.4396 32
    endloop
  endfacet
  facet normal -0.12546 0.992099 0
    outer loop
      vertex -2.75451 14.4396 8
      vertex -2.25 14.5034 22.4
      vertex -2.25 14.5034 8
    endloop
  endfacet
  facet normal -0.12546 0.992099 0
    outer loop
      vertex -2.25 14.5034 22.4
      vertex -2.75451 14.4396 8
      vertex -2.75451 14.4396 32
    endloop
  endfacet
  facet normal -0.481782 0.876291 0
    outer loop
      vertex -6.25896 13.301 8
      vertex -7.87665 12.4116 32
      vertex -6.25896 13.301 32
    endloop
  endfacet
  facet normal -0.481782 0.876291 0
    outer loop
      vertex -7.87665 12.4116 32
      vertex -6.25896 13.301 8
      vertex -7.87665 12.4116 8
    endloop
  endfacet
  facet normal -0.684556 -0.72896 0
    outer loop
      vertex -10.7158 -10.0628 8
      vertex -9.37013 -11.3265 32
      vertex -10.7158 -10.0628 32
    endloop
  endfacet
  facet normal -0.684556 -0.72896 -0
    outer loop
      vertex -9.37013 -11.3265 32
      vertex -10.7158 -10.0628 8
      vertex -9.37013 -11.3265 8
    endloop
  endfacet
  facet normal 0.36809 -0.92979 0
    outer loop
      vertex 4.54255 -13.9805 8
      vertex 6.25896 -13.301 32
      vertex 4.54255 -13.9805 32
    endloop
  endfacet
  facet normal 0.36809 -0.92979 0
    outer loop
      vertex 6.25896 -13.301 32
      vertex 4.54255 -13.9805 8
      vertex 6.25896 -13.301 8
    endloop
  endfacet
  facet normal 0.998027 0.062783 0
    outer loop
      vertex 14.7 0 32
      vertex 14.5841 1.8424 22.4
      vertex 14.5841 1.8424 32
    endloop
  endfacet
  facet normal 0.998027 0.062783 0
    outer loop
      vertex 14.5841 1.8424 22.4
      vertex 14.7 0 32
      vertex 14.7 0 22.4
    endloop
  endfacet
  facet normal 0.684556 0.72896 -0
    outer loop
      vertex 10.7158 10.0628 8
      vertex 9.37013 11.3265 32
      vertex 10.7158 10.0628 32
    endloop
  endfacet
  facet normal 0.684556 0.72896 0
    outer loop
      vertex 9.37013 11.3265 32
      vertex 10.7158 10.0628 8
      vertex 9.37013 11.3265 8
    endloop
  endfacet
  facet normal 0.998027 -0.062783 0
    outer loop
      vertex 14.5841 -1.8424 32
      vertex 14.7 0 22.4
      vertex 14.7 0 32
    endloop
  endfacet
  facet normal 0.998027 -0.062783 0
    outer loop
      vertex 14.7 0 22.4
      vertex 14.5841 -1.8424 32
      vertex 14.5841 -1.8424 22.4
    endloop
  endfacet
  facet normal 0.481782 -0.876291 0
    outer loop
      vertex 6.25896 -13.301 8
      vertex 7.87665 -12.4116 32
      vertex 6.25896 -13.301 32
    endloop
  endfacet
  facet normal 0.481782 -0.876291 0
    outer loop
      vertex 7.87665 -12.4116 32
      vertex 6.25896 -13.301 8
      vertex 7.87665 -12.4116 8
    endloop
  endfacet
  facet normal 0.95105 0.309037 0
    outer loop
      vertex 14.2382 3.65574 32
      vertex 13.6677 5.41143 8
      vertex 13.6677 5.41143 32
    endloop
  endfacet
  facet normal 0.95105 0.309037 0
    outer loop
      vertex 13.6677 5.41143 8
      vertex 14.2382 3.65574 32
      vertex 14.2382 3.65574 8
    endloop
  endfacet
  facet normal 0.36809 0.92979 -0
    outer loop
      vertex 6.25896 13.301 8
      vertex 4.54255 13.9805 32
      vertex 6.25896 13.301 32
    endloop
  endfacet
  facet normal 0.36809 0.92979 0
    outer loop
      vertex 4.54255 13.9805 32
      vertex 6.25896 13.301 8
      vertex 4.54255 13.9805 8
    endloop
  endfacet
  facet normal -0.904829 -0.425776 0
    outer loop
      vertex -12.8817 -7.08178 8
      vertex -13.6677 -5.41143 32
      vertex -13.6677 -5.41143 8
    endloop
  endfacet
  facet normal -0.904829 -0.425776 0
    outer loop
      vertex -13.6677 -5.41143 32
      vertex -12.8817 -7.08178 8
      vertex -12.8817 -7.08178 32
    endloop
  endfacet
  facet normal -0.248695 0.968582 0
    outer loop
      vertex -2.75451 14.4396 8
      vertex -4.54255 13.9805 32
      vertex -2.75451 14.4396 32
    endloop
  endfacet
  facet normal -0.248695 0.968582 0
    outer loop
      vertex -4.54255 13.9805 32
      vertex -2.75451 14.4396 8
      vertex -4.54255 13.9805 8
    endloop
  endfacet
  facet normal 0.481782 0.876291 -0
    outer loop
      vertex 7.87665 12.4116 8
      vertex 6.25896 13.301 32
      vertex 7.87665 12.4116 32
    endloop
  endfacet
  facet normal 0.481782 0.876291 0
    outer loop
      vertex 6.25896 13.301 32
      vertex 7.87665 12.4116 8
      vertex 6.25896 13.301 8
    endloop
  endfacet
  facet normal -0.95105 0.309037 0
    outer loop
      vertex -14.2382 3.65574 8
      vertex -13.6677 5.41143 32
      vertex -13.6677 5.41143 8
    endloop
  endfacet
  facet normal -0.95105 0.309037 0
    outer loop
      vertex -13.6677 5.41143 32
      vertex -14.2382 3.65574 8
      vertex -14.2382 3.65574 32
    endloop
  endfacet
  facet normal 0.587794 -0.809011 0
    outer loop
      vertex 7.87665 -12.4116 8
      vertex 9.37013 -11.3265 32
      vertex 7.87665 -12.4116 32
    endloop
  endfacet
  facet normal 0.587794 -0.809011 0
    outer loop
      vertex 9.37013 -11.3265 32
      vertex 7.87665 -12.4116 8
      vertex 9.37013 -11.3265 8
    endloop
  endfacet
  facet normal -0.125349 -0.992113 5.95009e-06
    outer loop
      vertex -2.75451 -14.4396 32
      vertex -2.25 -14.5034 22.4
      vertex -0.92302 -14.671 32
    endloop
  endfacet
  facet normal -0.12546 -0.992099 0
    outer loop
      vertex -2.75451 -14.4396 8
      vertex -2.25 -14.5034 22.4
      vertex -2.75451 -14.4396 32
    endloop
  endfacet
  facet normal -0.12546 -0.992099 -0
    outer loop
      vertex -2.25 -14.5034 22.4
      vertex -2.75451 -14.4396 8
      vertex -2.25 -14.5034 8
    endloop
  endfacet
  facet normal -0.125306 -0.992118 -0
    outer loop
      vertex -0.92302 -14.671 32
      vertex -2.25 -14.5034 22.4
      vertex -0.92302 -14.671 22.4
    endloop
  endfacet
  facet normal -0.982295 0.187341 0
    outer loop
      vertex -14.5063 2.25 22.4
      vertex -14.2382 3.65574 8
      vertex -14.5063 2.25 8
    endloop
  endfacet
  facet normal -0.982295 0.187341 0
    outer loop
      vertex -14.2382 3.65574 8
      vertex -14.5063 2.25 22.4
      vertex -14.2382 3.65574 32
    endloop
  endfacet
  facet normal -0.982267 0.187489 0
    outer loop
      vertex -14.5841 1.8424 32
      vertex -14.5063 2.25 22.4
      vertex -14.5841 1.8424 22.4
    endloop
  endfacet
  facet normal -0.982289 0.187374 -5.0227e-06
    outer loop
      vertex -14.5063 2.25 22.4
      vertex -14.5841 1.8424 32
      vertex -14.2382 3.65574 32
    endloop
  endfacet
  facet normal 0 1 -0
    outer loop
      vertex 0.92302 14.671 22.4
      vertex -0.92302 14.671 32
      vertex 0.92302 14.671 32
    endloop
  endfacet
  facet normal 0 1 0
    outer loop
      vertex -0.92302 14.671 32
      vertex 0.92302 14.671 22.4
      vertex -0.92302 14.671 22.4
    endloop
  endfacet
  facet normal -0.95105 -0.309037 0
    outer loop
      vertex -13.6677 -5.41143 8
      vertex -14.2382 -3.65574 32
      vertex -14.2382 -3.65574 8
    endloop
  endfacet
  facet normal -0.95105 -0.309037 0
    outer loop
      vertex -14.2382 -3.65574 32
      vertex -13.6677 -5.41143 8
      vertex -13.6677 -5.41143 32
    endloop
  endfacet
  facet normal -0.998027 0.062783 0
    outer loop
      vertex -14.7 0 22.4
      vertex -14.5841 1.8424 32
      vertex -14.5841 1.8424 22.4
    endloop
  endfacet
  facet normal -0.998027 0.062783 0
    outer loop
      vertex -14.5841 1.8424 32
      vertex -14.7 0 22.4
      vertex -14.7 0 32
    endloop
  endfacet
  facet normal -0.36809 0.92979 0
    outer loop
      vertex -4.54255 13.9805 8
      vertex -6.25896 13.301 32
      vertex -4.54255 13.9805 32
    endloop
  endfacet
  facet normal -0.36809 0.92979 0
    outer loop
      vertex -6.25896 13.301 32
      vertex -4.54255 13.9805 8
      vertex -6.25896 13.301 8
    endloop
  endfacet
  facet normal 0.125349 0.992113 5.95009e-06
    outer loop
      vertex 2.75451 14.4396 32
      vertex 2.25 14.5034 22.4
      vertex 0.92302 14.671 32
    endloop
  endfacet
  facet normal 0.12546 0.992099 -0
    outer loop
      vertex 2.75451 14.4396 8
      vertex 2.25 14.5034 22.4
      vertex 2.75451 14.4396 32
    endloop
  endfacet
  facet normal 0.12546 0.992099 0
    outer loop
      vertex 2.25 14.5034 22.4
      vertex 2.75451 14.4396 8
      vertex 2.25 14.5034 8
    endloop
  endfacet
  facet normal 0.125306 0.992118 0
    outer loop
      vertex 0.92302 14.671 32
      vertex 2.25 14.5034 22.4
      vertex 0.92302 14.671 22.4
    endloop
  endfacet
  facet normal 0.904829 -0.425776 0
    outer loop
      vertex 12.8817 -7.08178 32
      vertex 13.6677 -5.41143 8
      vertex 13.6677 -5.41143 32
    endloop
  endfacet
  facet normal 0.904829 -0.425776 0
    outer loop
      vertex 13.6677 -5.41143 8
      vertex 12.8817 -7.08178 32
      vertex 12.8817 -7.08178 8
    endloop
  endfacet
  facet normal -0.998027 -0.062783 0
    outer loop
      vertex -14.5841 -1.8424 22.4
      vertex -14.7 0 32
      vertex -14.7 0 22.4
    endloop
  endfacet
  facet normal -0.998027 -0.062783 0
    outer loop
      vertex -14.7 0 32
      vertex -14.5841 -1.8424 22.4
      vertex -14.5841 -1.8424 32
    endloop
  endfacet
  facet normal -0.36809 -0.92979 0
    outer loop
      vertex -6.25896 -13.301 8
      vertex -4.54255 -13.9805 32
      vertex -6.25896 -13.301 32
    endloop
  endfacet
  facet normal -0.36809 -0.92979 -0
    outer loop
      vertex -4.54255 -13.9805 32
      vertex -6.25896 -13.301 8
      vertex -4.54255 -13.9805 8
    endloop
  endfacet
  facet normal -0.770508 0.637431 0
    outer loop
      vertex -11.8925 8.64044 8
      vertex -10.7158 10.0628 32
      vertex -10.7158 10.0628 8
    endloop
  endfacet
  facet normal -0.770508 0.637431 0
    outer loop
      vertex -10.7158 10.0628 32
      vertex -11.8925 8.64044 8
      vertex -11.8925 8.64044 32
    endloop
  endfacet
  facet normal -0.904829 0.425776 0
    outer loop
      vertex -13.6677 5.41143 8
      vertex -12.8817 7.08178 32
      vertex -12.8817 7.08178 8
    endloop
  endfacet
  facet normal -0.904829 0.425776 0
    outer loop
      vertex -12.8817 7.08178 32
      vertex -13.6677 5.41143 8
      vertex -13.6677 5.41143 32
    endloop
  endfacet
  facet normal 0.844317 0.535844 0
    outer loop
      vertex 12.8817 7.08178 32
      vertex 11.8925 8.64044 8
      vertex 11.8925 8.64044 32
    endloop
  endfacet
  facet normal 0.844317 0.535844 0
    outer loop
      vertex 11.8925 8.64044 8
      vertex 12.8817 7.08178 32
      vertex 12.8817 7.08178 8
    endloop
  endfacet
  facet normal -0.684556 0.72896 0
    outer loop
      vertex -9.37013 11.3265 8
      vertex -10.7158 10.0628 32
      vertex -9.37013 11.3265 32
    endloop
  endfacet
  facet normal -0.684556 0.72896 0
    outer loop
      vertex -10.7158 10.0628 32
      vertex -9.37013 11.3265 8
      vertex -10.7158 10.0628 8
    endloop
  endfacet
  facet normal -0.770508 -0.637431 0
    outer loop
      vertex -10.7158 -10.0628 8
      vertex -11.8925 -8.64044 32
      vertex -11.8925 -8.64044 8
    endloop
  endfacet
  facet normal -0.770508 -0.637431 0
    outer loop
      vertex -11.8925 -8.64044 32
      vertex -10.7158 -10.0628 8
      vertex -10.7158 -10.0628 32
    endloop
  endfacet
  facet normal -0.844317 -0.535844 0
    outer loop
      vertex -11.8925 -8.64044 8
      vertex -12.8817 -7.08178 32
      vertex -12.8817 -7.08178 8
    endloop
  endfacet
  facet normal -0.844317 -0.535844 0
    outer loop
      vertex -12.8817 -7.08178 32
      vertex -11.8925 -8.64044 8
      vertex -11.8925 -8.64044 32
    endloop
  endfacet
  facet normal -0.587794 0.809011 0
    outer loop
      vertex -7.87665 12.4116 8
      vertex -9.37013 11.3265 32
      vertex -7.87665 12.4116 32
    endloop
  endfacet
  facet normal -0.587794 0.809011 0
    outer loop
      vertex -9.37013 11.3265 32
      vertex -7.87665 12.4116 8
      vertex -9.37013 11.3265 8
    endloop
  endfacet
  facet normal 0.95105 -0.309037 0
    outer loop
      vertex 13.6677 -5.41143 32
      vertex 14.2382 -3.65574 8
      vertex 14.2382 -3.65574 32
    endloop
  endfacet
  facet normal 0.95105 -0.309037 0
    outer loop
      vertex 14.2382 -3.65574 8
      vertex 13.6677 -5.41143 32
      vertex 13.6677 -5.41143 8
    endloop
  endfacet
  facet normal -0.982295 -0.187341 0
    outer loop
      vertex -14.5063 -2.25 8
      vertex -14.2382 -3.65574 8
      vertex -14.5063 -2.25 22.4
    endloop
  endfacet
  facet normal -0.982267 -0.187489 0
    outer loop
      vertex -14.5063 -2.25 22.4
      vertex -14.5841 -1.8424 32
      vertex -14.5841 -1.8424 22.4
    endloop
  endfacet
  facet normal -0.982295 -0.187341 -0
    outer loop
      vertex -14.2382 -3.65574 32
      vertex -14.5063 -2.25 22.4
      vertex -14.2382 -3.65574 8
    endloop
  endfacet
  facet normal -0.982289 -0.187374 -5.0227e-06
    outer loop
      vertex -14.5063 -2.25 22.4
      vertex -14.2382 -3.65574 32
      vertex -14.5841 -1.8424 32
    endloop
  endfacet
  facet normal 0.248695 0.968582 -0
    outer loop
      vertex 4.54255 13.9805 8
      vertex 2.75451 14.4396 32
      vertex 4.54255 13.9805 32
    endloop
  endfacet
  facet normal 0.248695 0.968582 0
    outer loop
      vertex 2.75451 14.4396 32
      vertex 4.54255 13.9805 8
      vertex 2.75451 14.4396 8
    endloop
  endfacet
  facet normal -0.844317 0.535844 0
    outer loop
      vertex -12.8817 7.08178 8
      vertex -11.8925 8.64044 32
      vertex -11.8925 8.64044 8
    endloop
  endfacet
  facet normal -0.844317 0.535844 0
    outer loop
      vertex -11.8925 8.64044 32
      vertex -12.8817 7.08178 8
      vertex -12.8817 7.08178 32
    endloop
  endfacet
  facet normal -0.248695 -0.968582 0
    outer loop
      vertex -4.54255 -13.9805 8
      vertex -2.75451 -14.4396 32
      vertex -4.54255 -13.9805 32
    endloop
  endfacet
  facet normal -0.248695 -0.968582 -0
    outer loop
      vertex -2.75451 -14.4396 32
      vertex -4.54255 -13.9805 8
      vertex -2.75451 -14.4396 8
    endloop
  endfacet
  facet normal -0.481782 -0.876291 0
    outer loop
      vertex -7.87665 -12.4116 8
      vertex -6.25896 -13.301 32
      vertex -7.87665 -12.4116 32
    endloop
  endfacet
  facet normal -0.481782 -0.876291 -0
    outer loop
      vertex -6.25896 -13.301 32
      vertex -7.87665 -12.4116 8
      vertex -6.25896 -13.301 8
    endloop
  endfacet
  facet normal -0 0 1
    outer loop
      vertex 11.1732 0.426133 32
      vertex 14.7 0 32
      vertex 14.5841 1.8424 32
    endloop
  endfacet
  facet normal 0 0 1
    outer loop
      vertex 11.0317 1.82314 32
      vertex 14.5841 1.8424 32
      vertex 14.2382 3.65574 32
    endloop
  endfacet
  facet normal 0 0 1
    outer loop
      vertex 14.7 0 32
      vertex 11.1732 0.426133 32
      vertex 11.2 0 32
    endloop
  endfacet
  facet normal -0 0 1
    outer loop
      vertex 10.5454 3.71692 32
      vertex 14.2382 3.65574 32
      vertex 13.6677 5.41143 32
    endloop
  endfacet
  facet normal 0 0 1
    outer loop
      vertex 11.1732 -0.426133 32
      vertex 14.7 0 32
      vertex 11.2 0 32
    endloop
  endfacet
  facet normal 0 0 1
    outer loop
      vertex 9.99643 5.0093 32
      vertex 13.6677 5.41143 32
      vertex 12.8817 7.08178 32
    endloop
  endfacet
  facet normal 0 0 1
    outer loop
      vertex 14.7 0 32
      vertex 11.1732 -0.426133 32
      vertex 14.5841 -1.8424 32
    endloop
  endfacet
  facet normal 0 0 1
    outer loop
      vertex 9.58585 5.75615 32
      vertex 12.8817 7.08178 32
      vertex 11.8925 8.64044 32
    endloop
  endfacet
  facet normal -0 0 1
    outer loop
      vertex 11.1117 -1.40373 32
      vertex 14.5841 -1.8424 32
      vertex 11.1732 -0.426133 32
    endloop
  endfacet
  facet normal 0 0 1
    outer loop
      vertex 14.5841 -1.8424 32
      vertex 11.0317 -1.82314 32
      vertex 14.2382 -3.65574 32
    endloop
  endfacet
  facet normal -0 0 1
    outer loop
      vertex 11.0317 -1.82314 32
      vertex 14.5841 -1.8424 32
      vertex 11.1117 -1.40373 32
    endloop
  endfacet
  facet normal 0 0 1
    outer loop
      vertex 14.5841 1.8424 32
      vertex 11.1117 1.40373 32
      vertex 11.1732 0.426133 32
    endloop
  endfacet
  facet normal 0 0 1
    outer loop
      vertex 14.5841 1.8424 32
      vertex 11.0317 1.82314 32
      vertex 11.1117 1.40373 32
    endloop
  endfacet
  facet normal 0 0 1
    outer loop
      vertex 14.2382 3.65574 32
      vertex 10.8481 2.78533 32
      vertex 11.0317 1.82314 32
    endloop
  endfacet
  facet normal 0 0 1
    outer loop
      vertex 8.43661 7.33794 32
      vertex 11.8925 8.64044 32
      vertex 10.7158 10.0628 32
    endloop
  endfacet
  facet normal 0 0 1
    outer loop
      vertex 14.2382 3.65574 32
      vertex 10.5454 3.71692 32
      vertex 10.8481 2.78533 32
    endloop
  endfacet
  facet normal 0 0 1
    outer loop
      vertex 13.6677 5.41143 32
      vertex 10.4135 4.12299 32
      vertex 10.5454 3.71692 32
    endloop
  endfacet
  facet normal 0 0 1
    outer loop
      vertex 13.6677 5.41143 32
      vertex 9.99643 5.0093 32
      vertex 10.4135 4.12299 32
    endloop
  endfacet
  facet normal 0 0 1
    outer loop
      vertex 12.8817 7.08178 32
      vertex 9.81463 5.39564 32
      vertex 9.99643 5.0093 32
    endloop
  endfacet
  facet normal 0 0 1
    outer loop
      vertex 12.8817 7.08178 32
      vertex 9.58585 5.75615 32
      vertex 9.81463 5.39564 32
    endloop
  endfacet
  facet normal 0 0 1
    outer loop
      vertex 7.8532 7.95921 32
      vertex 10.7158 10.0628 32
      vertex 9.37013 11.3265 32
    endloop
  endfacet
  facet normal 0 0 1
    outer loop
      vertex 11.8925 8.64044 32
      vertex 9.06099 6.58319 32
      vertex 9.58585 5.75615 32
    endloop
  endfacet
  facet normal 0 0 1
    outer loop
      vertex 11.8925 8.64044 32
      vertex 8.43661 7.33794 32
      vertex 9.06099 6.58319 32
    endloop
  endfacet
  facet normal 0 0 1
    outer loop
      vertex 10.7158 10.0628 32
      vertex 8.16445 7.66693 32
      vertex 8.43661 7.33794 32
    endloop
  endfacet
  facet normal 0 0 1
    outer loop
      vertex 6.34669 9.2055 32
      vertex 9.37013 11.3265 32
      vertex 7.87665 12.4116 32
    endloop
  endfacet
  facet normal 0 0 1
    outer loop
      vertex 10.7158 10.0628 32
      vertex 7.8532 7.95921 32
      vertex 8.16445 7.66693 32
    endloop
  endfacet
  facet normal 0 0 1
    outer loop
      vertex 9.37013 11.3265 32
      vertex 7.13915 8.62975 32
      vertex 7.8532 7.95921 32
    endloop
  endfacet
  facet normal 0 0 1
    outer loop
      vertex 9.37013 11.3265 32
      vertex 6.34669 9.2055 32
      vertex 7.13915 8.62975 32
    endloop
  endfacet
  facet normal 0 0 1
    outer loop
      vertex 5.14289 9.92837 32
      vertex 7.87665 12.4116 32
      vertex 6.25896 13.301 32
    endloop
  endfacet
  facet normal 0 0 1
    outer loop
      vertex 7.87665 12.4116 32
      vertex 6.00126 9.45647 32
      vertex 6.34669 9.2055 32
    endloop
  endfacet
  facet normal 0 0 1
    outer loop
      vertex 7.87665 12.4116 32
      vertex 5.14289 9.92837 32
      vertex 6.00126 9.45647 32
    endloop
  endfacet
  facet normal 0 0 1
    outer loop
      vertex 6.25896 13.301 32
      vertex 4.76873 10.1341 32
      vertex 5.14289 9.92837 32
    endloop
  endfacet
  facet normal 0 0 1
    outer loop
      vertex 4.37174 10.2912 32
      vertex 6.25896 13.301 32
      vertex 4.54255 13.9805 32
    endloop
  endfacet
  facet normal 0 0 1
    outer loop
      vertex 6.25896 13.301 32
      vertex 4.37174 10.2912 32
      vertex 4.76873 10.1341 32
    endloop
  endfacet
  facet normal 0 0 1
    outer loop
      vertex 4.54255 13.9805 32
      vertex 3.46099 10.6518 32
      vertex 4.37174 10.2912 32
    endloop
  endfacet
  facet normal 0 0 1
    outer loop
      vertex 2.51223 10.8954 32
      vertex 4.54255 13.9805 32
      vertex 2.75451 14.4396 32
    endloop
  endfacet
  facet normal 0 0 1
    outer loop
      vertex 4.54255 13.9805 32
      vertex 2.51223 10.8954 32
      vertex 3.46099 10.6518 32
    endloop
  endfacet
  facet normal 0 0 1
    outer loop
      vertex 2.75451 14.4396 32
      vertex 2.09867 11.0016 32
      vertex 2.51223 10.8954 32
    endloop
  endfacet
  facet normal 0 0 1
    outer loop
      vertex 2.75451 14.4396 32
      vertex 1.67506 11.0551 32
      vertex 2.09867 11.0016 32
    endloop
  endfacet
  facet normal 0 0 1
    outer loop
      vertex 0.92302 14.671 32
      vertex 1.67506 11.0551 32
      vertex 2.75451 14.4396 32
    endloop
  endfacet
  facet normal 0 0 1
    outer loop
      vertex 0.92302 14.671 32
      vertex 0.703253 11.1779 32
      vertex 1.67506 11.0551 32
    endloop
  endfacet
  facet normal 0 0 1
    outer loop
      vertex 0.92302 14.671 32
      vertex -0.703253 11.1779 32
      vertex 0.703253 11.1779 32
    endloop
  endfacet
  facet normal -0 0 1
    outer loop
      vertex -0.92302 14.671 32
      vertex -0.703253 11.1779 32
      vertex 0.92302 14.671 32
    endloop
  endfacet
  facet normal 0 0 1
    outer loop
      vertex -0.92302 14.671 32
      vertex -1.67506 11.0551 32
      vertex -0.703253 11.1779 32
    endloop
  endfacet
  facet normal -0 0 1
    outer loop
      vertex -2.75451 14.4396 32
      vertex -1.67506 11.0551 32
      vertex -0.92302 14.671 32
    endloop
  endfacet
  facet normal 0 0 1
    outer loop
      vertex -1.67506 11.0551 32
      vertex -2.75451 14.4396 32
      vertex -2.09867 11.0016 32
    endloop
  endfacet
  facet normal 0 0 1
    outer loop
      vertex -2.09867 11.0016 32
      vertex -2.75451 14.4396 32
      vertex -2.51223 10.8954 32
    endloop
  endfacet
  facet normal -0 0 1
    outer loop
      vertex -4.54255 13.9805 32
      vertex -2.51223 10.8954 32
      vertex -2.75451 14.4396 32
    endloop
  endfacet
  facet normal 0 0 1
    outer loop
      vertex -2.51223 10.8954 32
      vertex -4.54255 13.9805 32
      vertex -3.46099 10.6518 32
    endloop
  endfacet
  facet normal 0 0 1
    outer loop
      vertex -3.46099 10.6518 32
      vertex -4.54255 13.9805 32
      vertex -4.37174 10.2912 32
    endloop
  endfacet
  facet normal -0 0 1
    outer loop
      vertex -6.25896 13.301 32
      vertex -4.37174 10.2912 32
      vertex -4.54255 13.9805 32
    endloop
  endfacet
  facet normal 0 0 1
    outer loop
      vertex -4.37174 10.2912 32
      vertex -6.25896 13.301 32
      vertex -4.76873 10.1341 32
    endloop
  endfacet
  facet normal 0 0 1
    outer loop
      vertex -4.76873 10.1341 32
      vertex -6.25896 13.301 32
      vertex -5.14289 9.92837 32
    endloop
  endfacet
  facet normal -0 0 1
    outer loop
      vertex -7.87665 12.4116 32
      vertex -5.14289 9.92837 32
      vertex -6.25896 13.301 32
    endloop
  endfacet
  facet normal 0 0 1
    outer loop
      vertex -5.14289 9.92837 32
      vertex -7.87665 12.4116 32
      vertex -6.00126 9.45647 32
    endloop
  endfacet
  facet normal 0 0 1
    outer loop
      vertex -6.00126 9.45647 32
      vertex -7.87665 12.4116 32
      vertex -6.34669 9.2055 32
    endloop
  endfacet
  facet normal -0 0 1
    outer loop
      vertex -9.37013 11.3265 32
      vertex -6.34669 9.2055 32
      vertex -7.87665 12.4116 32
    endloop
  endfacet
  facet normal 0 0 1
    outer loop
      vertex -6.34669 9.2055 32
      vertex -9.37013 11.3265 32
      vertex -7.13915 8.62975 32
    endloop
  endfacet
  facet normal 0 0 1
    outer loop
      vertex -7.13915 8.62975 32
      vertex -9.37013 11.3265 32
      vertex -7.8532 7.95921 32
    endloop
  endfacet
  facet normal -0 0 1
    outer loop
      vertex -10.7158 10.0628 32
      vertex -7.8532 7.95921 32
      vertex -9.37013 11.3265 32
    endloop
  endfacet
  facet normal 0 0 1
    outer loop
      vertex -7.8532 7.95921 32
      vertex -10.7158 10.0628 32
      vertex -8.16445 7.66693 32
    endloop
  endfacet
  facet normal 0 0 1
    outer loop
      vertex -8.16445 7.66693 32
      vertex -10.7158 10.0628 32
      vertex -8.43661 7.33794 32
    endloop
  endfacet
  facet normal -0 0 1
    outer loop
      vertex -11.8925 8.64044 32
      vertex -8.43661 7.33794 32
      vertex -10.7158 10.0628 32
    endloop
  endfacet
  facet normal 0 0 1
    outer loop
      vertex -8.43661 7.33794 32
      vertex -11.8925 8.64044 32
      vertex -9.06099 6.58319 32
    endloop
  endfacet
  facet normal 0 0 1
    outer loop
      vertex -9.06099 6.58319 32
      vertex -11.8925 8.64044 32
      vertex -9.58585 5.75615 32
    endloop
  endfacet
  facet normal -0 0 1
    outer loop
      vertex -12.8817 7.08178 32
      vertex -9.58585 5.75615 32
      vertex -11.8925 8.64044 32
    endloop
  endfacet
  facet normal 0 0 1
    outer loop
      vertex -9.58585 5.75615 32
      vertex -12.8817 7.08178 32
      vertex -9.81463 5.39564 32
    endloop
  endfacet
  facet normal 0 0 1
    outer loop
      vertex -9.81463 5.39564 32
      vertex -12.8817 7.08178 32
      vertex -9.99643 5.0093 32
    endloop
  endfacet
  facet normal -0 0 1
    outer loop
      vertex -13.6677 5.41143 32
      vertex -9.99643 5.0093 32
      vertex -12.8817 7.08178 32
    endloop
  endfacet
  facet normal 0 0 1
    outer loop
      vertex -9.99643 5.0093 32
      vertex -13.6677 5.41143 32
      vertex -10.4135 4.12299 32
    endloop
  endfacet
  facet normal 0 0 1
    outer loop
      vertex -10.4135 4.12299 32
      vertex -13.6677 5.41143 32
      vertex -10.5454 3.71692 32
    endloop
  endfacet
  facet normal 0 0 1
    outer loop
      vertex -14.2382 3.65574 32
      vertex -10.5454 3.71692 32
      vertex -13.6677 5.41143 32
    endloop
  endfacet
  facet normal 0 0 1
    outer loop
      vertex -10.5454 3.71692 32
      vertex -14.2382 3.65574 32
      vertex -10.8481 2.78533 32
    endloop
  endfacet
  facet normal 0 0 1
    outer loop
      vertex -10.8481 2.78533 32
      vertex -14.2382 3.65574 32
      vertex -11.0317 1.82314 32
    endloop
  endfacet
  facet normal -0 0 1
    outer loop
      vertex 10.8481 -2.78533 32
      vertex 14.2382 -3.65574 32
      vertex 11.0317 -1.82314 32
    endloop
  endfacet
  facet normal 0 0 1
    outer loop
      vertex 10.5454 -3.71692 32
      vertex 14.2382 -3.65574 32
      vertex 10.8481 -2.78533 32
    endloop
  endfacet
  facet normal 0 0 1
    outer loop
      vertex 14.2382 -3.65574 32
      vertex 10.5454 -3.71692 32
      vertex 13.6677 -5.41143 32
    endloop
  endfacet
  facet normal -0 0 1
    outer loop
      vertex 10.4135 -4.12299 32
      vertex 13.6677 -5.41143 32
      vertex 10.5454 -3.71692 32
    endloop
  endfacet
  facet normal -0 0 1
    outer loop
      vertex 9.99643 -5.0093 32
      vertex 13.6677 -5.41143 32
      vertex 10.4135 -4.12299 32
    endloop
  endfacet
  facet normal 0 0 1
    outer loop
      vertex 13.6677 -5.41143 32
      vertex 9.99643 -5.0093 32
      vertex 12.8817 -7.08178 32
    endloop
  endfacet
  facet normal -0 0 1
    outer loop
      vertex 9.81463 -5.39564 32
      vertex 12.8817 -7.08178 32
      vertex 9.99643 -5.0093 32
    endloop
  endfacet
  facet normal -0 0 1
    outer loop
      vertex 9.58585 -5.75615 32
      vertex 12.8817 -7.08178 32
      vertex 9.81463 -5.39564 32
    endloop
  endfacet
  facet normal 0 0 1
    outer loop
      vertex 12.8817 -7.08178 32
      vertex 9.58585 -5.75615 32
      vertex 11.8925 -8.64044 32
    endloop
  endfacet
  facet normal -0 0 1
    outer loop
      vertex 9.06099 -6.58319 32
      vertex 11.8925 -8.64044 32
      vertex 9.58585 -5.75615 32
    endloop
  endfacet
  facet normal -0 0 1
    outer loop
      vertex 8.43661 -7.33794 32
      vertex 11.8925 -8.64044 32
      vertex 9.06099 -6.58319 32
    endloop
  endfacet
  facet normal 0 0 1
    outer loop
      vertex 11.8925 -8.64044 32
      vertex 8.43661 -7.33794 32
      vertex 10.7158 -10.0628 32
    endloop
  endfacet
  facet normal -0 0 1
    outer loop
      vertex 8.16445 -7.66693 32
      vertex 10.7158 -10.0628 32
      vertex 8.43661 -7.33794 32
    endloop
  endfacet
  facet normal -0 0 1
    outer loop
      vertex 7.8532 -7.95921 32
      vertex 10.7158 -10.0628 32
      vertex 8.16445 -7.66693 32
    endloop
  endfacet
  facet normal 0 0 1
    outer loop
      vertex 10.7158 -10.0628 32
      vertex 7.8532 -7.95921 32
      vertex 9.37013 -11.3265 32
    endloop
  endfacet
  facet normal -0 0 1
    outer loop
      vertex 7.13915 -8.62975 32
      vertex 9.37013 -11.3265 32
      vertex 7.8532 -7.95921 32
    endloop
  endfacet
  facet normal -0 0 1
    outer loop
      vertex 6.34669 -9.2055 32
      vertex 9.37013 -11.3265 32
      vertex 7.13915 -8.62975 32
    endloop
  endfacet
  facet normal 0 0 1
    outer loop
      vertex 9.37013 -11.3265 32
      vertex 6.34669 -9.2055 32
      vertex 7.87665 -12.4116 32
    endloop
  endfacet
  facet normal -0 0 1
    outer loop
      vertex 6.00126 -9.45647 32
      vertex 7.87665 -12.4116 32
      vertex 6.34669 -9.2055 32
    endloop
  endfacet
  facet normal -0 0 1
    outer loop
      vertex 5.14289 -9.92837 32
      vertex 7.87665 -12.4116 32
      vertex 6.00126 -9.45647 32
    endloop
  endfacet
  facet normal 0 0 1
    outer loop
      vertex 7.87665 -12.4116 32
      vertex 5.14289 -9.92837 32
      vertex 6.25896 -13.301 32
    endloop
  endfacet
  facet normal -0 0 1
    outer loop
      vertex 4.76873 -10.1341 32
      vertex 6.25896 -13.301 32
      vertex 5.14289 -9.92837 32
    endloop
  endfacet
  facet normal -0 0 1
    outer loop
      vertex 4.37174 -10.2912 32
      vertex 6.25896 -13.301 32
      vertex 4.76873 -10.1341 32
    endloop
  endfacet
  facet normal 0 0 1
    outer loop
      vertex 6.25896 -13.301 32
      vertex 4.37174 -10.2912 32
      vertex 4.54255 -13.9805 32
    endloop
  endfacet
  facet normal -0 0 1
    outer loop
      vertex 3.46099 -10.6518 32
      vertex 4.54255 -13.9805 32
      vertex 4.37174 -10.2912 32
    endloop
  endfacet
  facet normal -0 0 1
    outer loop
      vertex 2.51223 -10.8954 32
      vertex 4.54255 -13.9805 32
      vertex 3.46099 -10.6518 32
    endloop
  endfacet
  facet normal 0 0 1
    outer loop
      vertex 4.54255 -13.9805 32
      vertex 2.51223 -10.8954 32
      vertex 2.75451 -14.4396 32
    endloop
  endfacet
  facet normal -0 0 1
    outer loop
      vertex 2.09867 -11.0016 32
      vertex 2.75451 -14.4396 32
      vertex 2.51223 -10.8954 32
    endloop
  endfacet
  facet normal -0 0 1
    outer loop
      vertex 1.67506 -11.0551 32
      vertex 2.75451 -14.4396 32
      vertex 2.09867 -11.0016 32
    endloop
  endfacet
  facet normal 0 0 1
    outer loop
      vertex 1.67506 -11.0551 32
      vertex 0.92302 -14.671 32
      vertex 2.75451 -14.4396 32
    endloop
  endfacet
  facet normal -0 0 1
    outer loop
      vertex 0.703253 -11.1779 32
      vertex 0.92302 -14.671 32
      vertex 1.67506 -11.0551 32
    endloop
  endfacet
  facet normal -0 0 1
    outer loop
      vertex -0.703253 -11.1779 32
      vertex 0.92302 -14.671 32
      vertex 0.703253 -11.1779 32
    endloop
  endfacet
  facet normal 0 0 1
    outer loop
      vertex -0.703253 -11.1779 32
      vertex -0.92302 -14.671 32
      vertex 0.92302 -14.671 32
    endloop
  endfacet
  facet normal 0 0 1
    outer loop
      vertex -1.67506 -11.0551 32
      vertex -0.92302 -14.671 32
      vertex -0.703253 -11.1779 32
    endloop
  endfacet
  facet normal 0 0 1
    outer loop
      vertex -2.75451 -14.4396 32
      vertex -1.67506 -11.0551 32
      vertex -2.09867 -11.0016 32
    endloop
  endfacet
  facet normal 0 0 1
    outer loop
      vertex -2.75451 -14.4396 32
      vertex -2.09867 -11.0016 32
      vertex -2.51223 -10.8954 32
    endloop
  endfacet
  facet normal 0 0 1
    outer loop
      vertex -1.67506 -11.0551 32
      vertex -2.75451 -14.4396 32
      vertex -0.92302 -14.671 32
    endloop
  endfacet
  facet normal 0 0 1
    outer loop
      vertex -4.54255 -13.9805 32
      vertex -2.51223 -10.8954 32
      vertex -3.46099 -10.6518 32
    endloop
  endfacet
  facet normal 0 0 1
    outer loop
      vertex -4.54255 -13.9805 32
      vertex -3.46099 -10.6518 32
      vertex -4.37174 -10.2912 32
    endloop
  endfacet
  facet normal 0 0 1
    outer loop
      vertex -2.51223 -10.8954 32
      vertex -4.54255 -13.9805 32
      vertex -2.75451 -14.4396 32
    endloop
  endfacet
  facet normal 0 0 1
    outer loop
      vertex -6.25896 -13.301 32
      vertex -4.37174 -10.2912 32
      vertex -4.76873 -10.1341 32
    endloop
  endfacet
  facet normal 0 0 1
    outer loop
      vertex -6.25896 -13.301 32
      vertex -4.76873 -10.1341 32
      vertex -5.14289 -9.92837 32
    endloop
  endfacet
  facet normal 0 0 1
    outer loop
      vertex -7.87665 -12.4116 32
      vertex -5.14289 -9.92837 32
      vertex -6.00126 -9.45647 32
    endloop
  endfacet
  facet normal 0 0 1
    outer loop
      vertex -4.37174 -10.2912 32
      vertex -6.25896 -13.301 32
      vertex -4.54255 -13.9805 32
    endloop
  endfacet
  facet normal 0 0 1
    outer loop
      vertex -7.87665 -12.4116 32
      vertex -6.00126 -9.45647 32
      vertex -6.34669 -9.2055 32
    endloop
  endfacet
  facet normal 0 0 1
    outer loop
      vertex -9.37013 -11.3265 32
      vertex -6.34669 -9.2055 32
      vertex -7.13915 -8.62975 32
    endloop
  endfacet
  facet normal 0 0 1
    outer loop
      vertex -9.37013 -11.3265 32
      vertex -7.13915 -8.62975 32
      vertex -7.8532 -7.95921 32
    endloop
  endfacet
  facet normal 0 0 1
    outer loop
      vertex -5.14289 -9.92837 32
      vertex -7.87665 -12.4116 32
      vertex -6.25896 -13.301 32
    endloop
  endfacet
  facet normal 0 0 1
    outer loop
      vertex -10.7158 -10.0628 32
      vertex -7.8532 -7.95921 32
      vertex -8.16445 -7.66693 32
    endloop
  endfacet
  facet normal 0 0 1
    outer loop
      vertex -10.7158 -10.0628 32
      vertex -8.16445 -7.66693 32
      vertex -8.43661 -7.33794 32
    endloop
  endfacet
  facet normal 0 0 1
    outer loop
      vertex -11.8925 -8.64044 32
      vertex -8.43661 -7.33794 32
      vertex -9.06099 -6.58319 32
    endloop
  endfacet
  facet normal 0 0 1
    outer loop
      vertex -6.34669 -9.2055 32
      vertex -9.37013 -11.3265 32
      vertex -7.87665 -12.4116 32
    endloop
  endfacet
  facet normal 0 0 1
    outer loop
      vertex -11.8925 -8.64044 32
      vertex -9.06099 -6.58319 32
      vertex -9.58585 -5.75615 32
    endloop
  endfacet
  facet normal 0 0 1
    outer loop
      vertex -12.8817 -7.08178 32
      vertex -9.58585 -5.75615 32
      vertex -9.81463 -5.39564 32
    endloop
  endfacet
  facet normal 0 0 1
    outer loop
      vertex -12.8817 -7.08178 32
      vertex -9.81463 -5.39564 32
      vertex -9.99643 -5.0093 32
    endloop
  endfacet
  facet normal 0 0 1
    outer loop
      vertex -13.6677 -5.41143 32
      vertex -9.99643 -5.0093 32
      vertex -10.4135 -4.12299 32
    endloop
  endfacet
  facet normal 0 0 1
    outer loop
      vertex -13.6677 -5.41143 32
      vertex -10.4135 -4.12299 32
      vertex -10.5454 -3.71692 32
    endloop
  endfacet
  facet normal 0 0 1
    outer loop
      vertex -7.8532 -7.95921 32
      vertex -10.7158 -10.0628 32
      vertex -9.37013 -11.3265 32
    endloop
  endfacet
  facet normal -0 0 1
    outer loop
      vertex -14.2382 -3.65574 32
      vertex -10.5454 -3.71692 32
      vertex -10.8481 -2.78533 32
    endloop
  endfacet
  facet normal 0 0 1
    outer loop
      vertex -14.2382 -3.65574 32
      vertex -10.8481 -2.78533 32
      vertex -11.0317 -1.82314 32
    endloop
  endfacet
  facet normal 0 0 1
    outer loop
      vertex -14.5841 -1.8424 32
      vertex -11.0317 -1.82314 32
      vertex -11.1117 -1.40373 32
    endloop
  endfacet
  facet normal 0 0 1
    outer loop
      vertex -14.5841 -1.8424 32
      vertex -11.1117 -1.40373 32
      vertex -11.1732 -0.426133 32
    endloop
  endfacet
  facet normal -0 0 1
    outer loop
      vertex -14.7 0 32
      vertex -11.1732 -0.426133 32
      vertex -11.2 0 32
    endloop
  endfacet
  facet normal -0 0 1
    outer loop
      vertex -14.5841 1.8424 32
      vertex -11.0317 1.82314 32
      vertex -14.2382 3.65574 32
    endloop
  endfacet
  facet normal 0 0 1
    outer loop
      vertex -8.43661 -7.33794 32
      vertex -11.8925 -8.64044 32
      vertex -10.7158 -10.0628 32
    endloop
  endfacet
  facet normal 0 0 1
    outer loop
      vertex -11.0317 1.82314 32
      vertex -14.5841 1.8424 32
      vertex -11.1117 1.40373 32
    endloop
  endfacet
  facet normal 0 0 1
    outer loop
      vertex -9.58585 -5.75615 32
      vertex -12.8817 -7.08178 32
      vertex -11.8925 -8.64044 32
    endloop
  endfacet
  facet normal 0 0 1
    outer loop
      vertex -11.1117 1.40373 32
      vertex -14.5841 1.8424 32
      vertex -11.1732 0.426133 32
    endloop
  endfacet
  facet normal 0 0 1
    outer loop
      vertex -9.99643 -5.0093 32
      vertex -13.6677 -5.41143 32
      vertex -12.8817 -7.08178 32
    endloop
  endfacet
  facet normal 0 0 1
    outer loop
      vertex -14.7 0 32
      vertex -11.1732 0.426133 32
      vertex -14.5841 1.8424 32
    endloop
  endfacet
  facet normal 0 0 1
    outer loop
      vertex -10.5454 -3.71692 32
      vertex -14.2382 -3.65574 32
      vertex -13.6677 -5.41143 32
    endloop
  endfacet
  facet normal 0 0 1
    outer loop
      vertex -11.1732 0.426133 32
      vertex -14.7 0 32
      vertex -11.2 0 32
    endloop
  endfacet
  facet normal 0 0 1
    outer loop
      vertex -11.0317 -1.82314 32
      vertex -14.5841 -1.8424 32
      vertex -14.2382 -3.65574 32
    endloop
  endfacet
  facet normal 0 0 1
    outer loop
      vertex -11.1732 -0.426133 32
      vertex -14.7 0 32
      vertex -14.5841 -1.8424 32
    endloop
  endfacet
  facet normal -0.587794 -0.809011 0
    outer loop
      vertex -9.37013 -11.3265 8
      vertex -7.87665 -12.4116 32
      vertex -9.37013 -11.3265 32
    endloop
  endfacet
  facet normal -0.587794 -0.809011 -0
    outer loop
      vertex -7.87665 -12.4116 32
      vertex -9.37013 -11.3265 8
      vertex -7.87665 -12.4116 8
    endloop
  endfacet
  facet normal 0.156417 -0.987691 0
    outer loop
      vertex 31.329 34.0156 0
      vertex 31.6081 34.0598 8
      vertex 31.329 34.0156 8
    endloop
  endfacet
  facet normal 0.156417 -0.987691 0
    outer loop
      vertex 31.6081 34.0598 8
      vertex 31.329 34.0156 0
      vertex 31.6081 34.0598 0
    endloop
  endfacet
  facet normal 0.338958 0.940802 -0
    outer loop
      vertex 31.1921 29.6591 0
      vertex 30.9262 29.7549 8
      vertex 31.1921 29.6591 8
    endloop
  endfacet
  facet normal 0.338958 0.940802 0
    outer loop
      vertex 30.9262 29.7549 8
      vertex 31.1921 29.6591 0
      vertex 30.9262 29.7549 0
    endloop
  endfacet
  facet normal 0.397121 -0.917766 0
    outer loop
      vertex 30.7983 33.8246 0
      vertex 31.0576 33.9368 8
      vertex 30.7983 33.8246 8
    endloop
  endfacet
  facet normal 0.397121 -0.917766 0
    outer loop
      vertex 31.0576 33.9368 8
      vertex 30.7983 33.8246 0
      vertex 31.0576 33.9368 0
    endloop
  endfacet
  facet normal -0.86063 0.50923 0
    outer loop
      vertex 33.6807 30.5551 0
      vertex 33.8246 30.7983 8
      vertex 33.8246 30.7983 0
    endloop
  endfacet
  facet normal -0.86063 0.50923 0
    outer loop
      vertex 33.8246 30.7983 8
      vertex 33.6807 30.5551 0
      vertex 33.6807 30.5551 8
    endloop
  endfacet
  facet normal -0.218055 -0.975937 0
    outer loop
      vertex 32.1718 34.0421 0
      vertex 32.4475 33.9805 8
      vertex 32.1718 34.0421 8
    endloop
  endfacet
  facet normal -0.218055 -0.975937 -0
    outer loop
      vertex 32.4475 33.9805 8
      vertex 32.1718 34.0421 0
      vertex 32.4475 33.9805 0
    endloop
  endfacet
  facet normal 0.96034 -0.278831 0
    outer loop
      vertex 29.624 32.3106 8
      vertex 29.7028 32.582 0
      vertex 29.7028 32.582 8
    endloop
  endfacet
  facet normal 0.96034 -0.278831 0
    outer loop
      vertex 29.7028 32.582 0
      vertex 29.624 32.3106 8
      vertex 29.624 32.3106 0
    endloop
  endfacet
  facet normal 0.940802 0.338958 0
    outer loop
      vertex 29.7549 30.9262 8
      vertex 29.6591 31.1921 0
      vertex 29.6591 31.1921 8
    endloop
  endfacet
  facet normal 0.940802 0.338958 0
    outer loop
      vertex 29.6591 31.1921 0
      vertex 29.7549 30.9262 8
      vertex 29.7549 30.9262 0
    endloop
  endfacet
  facet normal 0.790171 -0.612887 0
    outer loop
      vertex 29.9589 33.0845 8
      vertex 30.1321 33.3078 0
      vertex 30.1321 33.3078 8
    endloop
  endfacet
  facet normal 0.790171 -0.612887 0
    outer loop
      vertex 30.1321 33.3078 0
      vertex 29.9589 33.0845 8
      vertex 29.9589 33.0845 0
    endloop
  endfacet
  facet normal -0.661306 -0.750117 0
    outer loop
      vertex 33.1988 33.5977 0
      vertex 33.4108 33.4108 8
      vertex 33.1988 33.5977 8
    endloop
  endfacet
  facet normal -0.661306 -0.750117 -0
    outer loop
      vertex 33.4108 33.4108 8
      vertex 33.1988 33.5977 0
      vertex 33.4108 33.4108 0
    endloop
  endfacet
  facet normal -0.827117 -0.562029 0
    outer loop
      vertex 33.7565 32.9651 0
      vertex 33.5977 33.1988 8
      vertex 33.5977 33.1988 0
    endloop
  endfacet
  facet normal -0.827117 -0.562029 0
    outer loop
      vertex 33.5977 33.1988 8
      vertex 33.7565 32.9651 0
      vertex 33.7565 32.9651 8
    endloop
  endfacet
  facet normal -0.917766 0.397121 0
    outer loop
      vertex 33.8246 30.7983 0
      vertex 33.9368 31.0576 8
      vertex 33.9368 31.0576 0
    endloop
  endfacet
  facet normal -0.917766 0.397121 0
    outer loop
      vertex 33.9368 31.0576 8
      vertex 33.8246 30.7983 0
      vertex 33.8246 30.7983 8
    endloop
  endfacet
  facet normal -0.338644 -0.940914 0
    outer loop
      vertex 32.4475 33.9805 0
      vertex 32.7134 33.8848 8
      vertex 32.4475 33.9805 8
    endloop
  endfacet
  facet normal -0.338644 -0.940914 -0
    outer loop
      vertex 32.7134 33.8848 8
      vertex 32.4475 33.9805 0
      vertex 32.7134 33.8848 0
    endloop
  endfacet
  facet normal -0.940914 -0.338644 0
    outer loop
      vertex 33.9805 32.4475 0
      vertex 33.8848 32.7134 8
      vertex 33.8848 32.7134 0
    endloop
  endfacet
  facet normal -0.940914 -0.338644 0
    outer loop
      vertex 33.8848 32.7134 8
      vertex 33.9805 32.4475 0
      vertex 33.9805 32.4475 8
    endloop
  endfacet
  facet normal -0.562029 -0.827117 0
    outer loop
      vertex 32.9651 33.7565 0
      vertex 33.1988 33.5977 8
      vertex 32.9651 33.7565 8
    endloop
  endfacet
  facet normal -0.562029 -0.827117 -0
    outer loop
      vertex 33.1988 33.5977 8
      vertex 32.9651 33.7565 0
      vertex 33.1988 33.5977 0
    endloop
  endfacet
  facet normal 0.826953 0.562271 0
    outer loop
      vertex 30.042 30.4408 8
      vertex 29.8831 30.6745 0
      vertex 29.8831 30.6745 8
    endloop
  endfacet
  facet normal 0.826953 0.562271 0
    outer loop
      vertex 29.8831 30.6745 0
      vertex 30.042 30.4408 8
      vertex 30.042 30.4408 0
    endloop
  endfacet
  facet normal -0.890931 -0.454138 0
    outer loop
      vertex 33.8848 32.7134 0
      vertex 33.7565 32.9651 8
      vertex 33.7565 32.9651 0
    endloop
  endfacet
  facet normal -0.890931 -0.454138 0
    outer loop
      vertex 33.7565 32.9651 8
      vertex 33.8848 32.7134 0
      vertex 33.8848 32.7134 8
    endloop
  endfacet
  facet normal -0.278831 0.96034 0
    outer loop
      vertex 32.582 29.7028 0
      vertex 32.3106 29.624 8
      vertex 32.582 29.7028 8
    endloop
  endfacet
  facet normal -0.278831 0.96034 0
    outer loop
      vertex 32.3106 29.624 8
      vertex 32.582 29.7028 0
      vertex 32.3106 29.624 0
    endloop
  endfacet
  facet normal 0.218055 0.975937 -0
    outer loop
      vertex 31.4678 29.5975 0
      vertex 31.1921 29.6591 8
      vertex 31.4678 29.5975 8
    endloop
  endfacet
  facet normal 0.218055 0.975937 0
    outer loop
      vertex 31.1921 29.6591 8
      vertex 31.4678 29.5975 0
      vertex 31.1921 29.6591 0
    endloop
  endfacet
  facet normal 0.86063 -0.50923 0
    outer loop
      vertex 29.815 32.8413 8
      vertex 29.9589 33.0845 0
      vertex 29.9589 33.0845 8
    endloop
  endfacet
  facet normal 0.86063 -0.50923 0
    outer loop
      vertex 29.9589 33.0845 0
      vertex 29.815 32.8413 8
      vertex 29.815 32.8413 0
    endloop
  endfacet
  facet normal -0.094141 -0.995559 0
    outer loop
      vertex 31.8905 34.0687 0
      vertex 32.1718 34.0421 8
      vertex 31.8905 34.0687 8
    endloop
  endfacet
  facet normal -0.094141 -0.995559 -0
    outer loop
      vertex 32.1718 34.0421 8
      vertex 31.8905 34.0687 0
      vertex 32.1718 34.0421 0
    endloop
  endfacet
  facet normal 0.995559 0.094141 0
    outer loop
      vertex 29.5975 31.4678 8
      vertex 29.5709 31.7491 0
      vertex 29.5709 31.7491 8
    endloop
  endfacet
  facet normal 0.995559 0.094141 0
    outer loop
      vertex 29.5709 31.7491 0
      vertex 29.5975 31.4678 8
      vertex 29.5975 31.4678 0
    endloop
  endfacet
  facet normal -0.987691 0.156417 0
    outer loop
      vertex 34.0156 31.329 0
      vertex 34.0598 31.6081 8
      vertex 34.0598 31.6081 0
    endloop
  endfacet
  facet normal -0.987691 0.156417 0
    outer loop
      vertex 34.0598 31.6081 8
      vertex 34.0156 31.329 0
      vertex 34.0156 31.329 8
    endloop
  endfacet
  facet normal -0.707107 0.707107 0
    outer loop
      vertex 33.3078 30.1321 0
      vertex 33.5076 30.3319 8
      vertex 33.5076 30.3319 0
    endloop
  endfacet
  facet normal -0.707107 0.707107 0
    outer loop
      vertex 33.5076 30.3319 8
      vertex 33.3078 30.1321 0
      vertex 33.3078 30.1321 8
    endloop
  endfacet
  facet normal -0.790209 0.612837 0
    outer loop
      vertex 33.5076 30.3319 0
      vertex 33.6807 30.5551 8
      vertex 33.6807 30.5551 0
    endloop
  endfacet
  facet normal -0.790209 0.612837 0
    outer loop
      vertex 33.6807 30.5551 8
      vertex 33.5076 30.3319 0
      vertex 33.5076 30.3319 8
    endloop
  endfacet
  facet normal 0.453857 0.891075 -0
    outer loop
      vertex 30.9262 29.7549 0
      vertex 30.6745 29.8831 8
      vertex 30.9262 29.7549 8
    endloop
  endfacet
  facet normal 0.453857 0.891075 0
    outer loop
      vertex 30.6745 29.8831 8
      vertex 30.9262 29.7549 0
      vertex 30.6745 29.8831 0
    endloop
  endfacet
  facet normal -0.0314999 0.999504 0
    outer loop
      vertex 32.0315 29.5798 0
      vertex 31.7491 29.5709 8
      vertex 32.0315 29.5798 8
    endloop
  endfacet
  facet normal -0.0314999 0.999504 0
    outer loop
      vertex 31.7491 29.5709 8
      vertex 32.0315 29.5798 0
      vertex 31.7491 29.5709 0
    endloop
  endfacet
  facet normal -0.750117 -0.661306 0
    outer loop
      vertex 33.5977 33.1988 0
      vertex 33.4108 33.4108 8
      vertex 33.4108 33.4108 0
    endloop
  endfacet
  facet normal -0.750117 -0.661306 0
    outer loop
      vertex 33.4108 33.4108 8
      vertex 33.5977 33.1988 0
      vertex 33.5977 33.1988 8
    endloop
  endfacet
  facet normal 0.999504 -0.0314999 0
    outer loop
      vertex 29.5709 31.7491 8
      vertex 29.5798 32.0315 0
      vertex 29.5798 32.0315 8
    endloop
  endfacet
  facet normal 0.999504 -0.0314999 0
    outer loop
      vertex 29.5798 32.0315 0
      vertex 29.5709 31.7491 8
      vertex 29.5709 31.7491 0
    endloop
  endfacet
  facet normal -0.156417 0.987691 0
    outer loop
      vertex 32.3106 29.624 0
      vertex 32.0315 29.5798 8
      vertex 32.3106 29.624 8
    endloop
  endfacet
  facet normal -0.156417 0.987691 0
    outer loop
      vertex 32.0315 29.5798 8
      vertex 32.3106 29.624 0
      vertex 32.0315 29.5798 0
    endloop
  endfacet
  facet normal 0.917766 -0.397121 0
    outer loop
      vertex 29.7028 32.582 8
      vertex 29.815 32.8413 0
      vertex 29.815 32.8413 8
    endloop
  endfacet
  facet normal 0.917766 -0.397121 0
    outer loop
      vertex 29.815 32.8413 0
      vertex 29.7028 32.582 8
      vertex 29.7028 32.582 0
    endloop
  endfacet
  facet normal 0.707107 -0.707107 0
    outer loop
      vertex 30.1321 33.3078 8
      vertex 30.3319 33.5076 0
      vertex 30.3319 33.5076 8
    endloop
  endfacet
  facet normal 0.707107 -0.707107 0
    outer loop
      vertex 30.3319 33.5076 0
      vertex 30.1321 33.3078 8
      vertex 30.1321 33.3078 0
    endloop
  endfacet
  facet normal -0.612887 0.790171 0
    outer loop
      vertex 33.3078 30.1321 0
      vertex 33.0845 29.9589 8
      vertex 33.3078 30.1321 8
    endloop
  endfacet
  facet normal -0.612887 0.790171 0
    outer loop
      vertex 33.0845 29.9589 8
      vertex 33.3078 30.1321 0
      vertex 33.0845 29.9589 0
    endloop
  endfacet
  facet normal 0.987691 -0.156417 0
    outer loop
      vertex 29.5798 32.0315 8
      vertex 29.624 32.3106 0
      vertex 29.624 32.3106 8
    endloop
  endfacet
  facet normal 0.987691 -0.156417 0
    outer loop
      vertex 29.624 32.3106 0
      vertex 29.5798 32.0315 8
      vertex 29.5798 32.0315 0
    endloop
  endfacet
  facet normal 0.50923 -0.86063 0
    outer loop
      vertex 30.5551 33.6807 0
      vertex 30.7983 33.8246 8
      vertex 30.5551 33.6807 8
    endloop
  endfacet
  facet normal 0.50923 -0.86063 0
    outer loop
      vertex 30.7983 33.8246 8
      vertex 30.5551 33.6807 0
      vertex 30.7983 33.8246 0
    endloop
  endfacet
  facet normal 0.975937 0.218055 0
    outer loop
      vertex 29.6591 31.1921 8
      vertex 29.5975 31.4678 0
      vertex 29.5975 31.4678 8
    endloop
  endfacet
  facet normal 0.975937 0.218055 0
    outer loop
      vertex 29.5975 31.4678 0
      vertex 29.6591 31.1921 8
      vertex 29.6591 31.1921 0
    endloop
  endfacet
  facet normal -0.975937 -0.218055 0
    outer loop
      vertex 34.0421 32.1718 0
      vertex 33.9805 32.4475 8
      vertex 33.9805 32.4475 0
    endloop
  endfacet
  facet normal -0.975937 -0.218055 0
    outer loop
      vertex 33.9805 32.4475 8
      vertex 34.0421 32.1718 0
      vertex 34.0421 32.1718 8
    endloop
  endfacet
  facet normal -0.454138 -0.890931 0
    outer loop
      vertex 32.7134 33.8848 0
      vertex 32.9651 33.7565 8
      vertex 32.7134 33.8848 8
    endloop
  endfacet
  facet normal -0.454138 -0.890931 -0
    outer loop
      vertex 32.9651 33.7565 8
      vertex 32.7134 33.8848 0
      vertex 32.9651 33.7565 0
    endloop
  endfacet
  facet normal 0.562271 0.826953 -0
    outer loop
      vertex 30.6745 29.8831 0
      vertex 30.4408 30.042 8
      vertex 30.6745 29.8831 8
    endloop
  endfacet
  facet normal 0.562271 0.826953 0
    outer loop
      vertex 30.4408 30.042 8
      vertex 30.6745 29.8831 0
      vertex 30.4408 30.042 0
    endloop
  endfacet
  facet normal 0.278831 -0.96034 0
    outer loop
      vertex 31.0576 33.9368 0
      vertex 31.329 34.0156 8
      vertex 31.0576 33.9368 8
    endloop
  endfacet
  facet normal 0.278831 -0.96034 0
    outer loop
      vertex 31.329 34.0156 8
      vertex 31.0576 33.9368 0
      vertex 31.329 34.0156 0
    endloop
  endfacet
  facet normal -0.999504 0.0314999 0
    outer loop
      vertex 34.0598 31.6081 0
      vertex 34.0687 31.8905 8
      vertex 34.0687 31.8905 0
    endloop
  endfacet
  facet normal -0.999504 0.0314999 0
    outer loop
      vertex 34.0687 31.8905 8
      vertex 34.0598 31.6081 0
      vertex 34.0598 31.6081 8
    endloop
  endfacet
  facet normal 0.612837 -0.790209 0
    outer loop
      vertex 30.3319 33.5076 0
      vertex 30.5551 33.6807 8
      vertex 30.3319 33.5076 8
    endloop
  endfacet
  facet normal 0.612837 -0.790209 0
    outer loop
      vertex 30.5551 33.6807 8
      vertex 30.3319 33.5076 0
      vertex 30.5551 33.6807 0
    endloop
  endfacet
  facet normal 0.891075 0.453857 0
    outer loop
      vertex 29.8831 30.6745 8
      vertex 29.7549 30.9262 0
      vertex 29.7549 30.9262 8
    endloop
  endfacet
  facet normal 0.891075 0.453857 0
    outer loop
      vertex 29.7549 30.9262 0
      vertex 29.8831 30.6745 8
      vertex 29.8831 30.6745 0
    endloop
  endfacet
  facet normal 0.094141 0.995559 -0
    outer loop
      vertex 31.7491 29.5709 0
      vertex 31.4678 29.5975 8
      vertex 31.7491 29.5709 8
    endloop
  endfacet
  facet normal 0.094141 0.995559 0
    outer loop
      vertex 31.4678 29.5975 8
      vertex 31.7491 29.5709 0
      vertex 31.4678 29.5975 0
    endloop
  endfacet
  facet normal 0.0314999 -0.999504 0
    outer loop
      vertex 31.6081 34.0598 0
      vertex 31.8905 34.0687 8
      vertex 31.6081 34.0598 8
    endloop
  endfacet
  facet normal 0.0314999 -0.999504 0
    outer loop
      vertex 31.8905 34.0687 8
      vertex 31.6081 34.0598 0
      vertex 31.8905 34.0687 0
    endloop
  endfacet
  facet normal -0.397121 0.917766 0
    outer loop
      vertex 32.8413 29.815 0
      vertex 32.582 29.7028 8
      vertex 32.8413 29.815 8
    endloop
  endfacet
  facet normal -0.397121 0.917766 0
    outer loop
      vertex 32.582 29.7028 8
      vertex 32.8413 29.815 0
      vertex 32.582 29.7028 0
    endloop
  endfacet
  facet normal 0.661106 0.750292 -0
    outer loop
      vertex 30.4408 30.042 0
      vertex 30.2288 30.2288 8
      vertex 30.4408 30.042 8
    endloop
  endfacet
  facet normal 0.661106 0.750292 0
    outer loop
      vertex 30.2288 30.2288 8
      vertex 30.4408 30.042 0
      vertex 30.2288 30.2288 0
    endloop
  endfacet
  facet normal -0.995559 -0.094141 0
    outer loop
      vertex 34.0687 31.8905 0
      vertex 34.0421 32.1718 8
      vertex 34.0421 32.1718 0
    endloop
  endfacet
  facet normal -0.995559 -0.094141 0
    outer loop
      vertex 34.0421 32.1718 8
      vertex 34.0687 31.8905 0
      vertex 34.0687 31.8905 8
    endloop
  endfacet
  facet normal 0.750292 0.661106 0
    outer loop
      vertex 30.2288 30.2288 8
      vertex 30.042 30.4408 0
      vertex 30.042 30.4408 8
    endloop
  endfacet
  facet normal 0.750292 0.661106 0
    outer loop
      vertex 30.042 30.4408 0
      vertex 30.2288 30.2288 8
      vertex 30.2288 30.2288 0
    endloop
  endfacet
  facet normal -0.50923 0.86063 0
    outer loop
      vertex 33.0845 29.9589 0
      vertex 32.8413 29.815 8
      vertex 33.0845 29.9589 8
    endloop
  endfacet
  facet normal -0.50923 0.86063 0
    outer loop
      vertex 32.8413 29.815 8
      vertex 33.0845 29.9589 0
      vertex 32.8413 29.815 0
    endloop
  endfacet
  facet normal -0.96034 0.278831 0
    outer loop
      vertex 33.9368 31.0576 0
      vertex 34.0156 31.329 8
      vertex 34.0156 31.329 0
    endloop
  endfacet
  facet normal -0.96034 0.278831 0
    outer loop
      vertex 34.0156 31.329 8
      vertex 33.9368 31.0576 0
      vertex 33.9368 31.0576 8
    endloop
  endfacet
  facet normal 0.987691 0.156417 0
    outer loop
      vertex -34.0156 31.329 8
      vertex -34.0598 31.6081 0
      vertex -34.0598 31.6081 8
    endloop
  endfacet
  facet normal 0.987691 0.156417 0
    outer loop
      vertex -34.0598 31.6081 0
      vertex -34.0156 31.329 8
      vertex -34.0156 31.329 0
    endloop
  endfacet
  facet normal -0.940802 0.338958 0
    outer loop
      vertex -29.7549 30.9262 0
      vertex -29.6591 31.1921 8
      vertex -29.6591 31.1921 0
    endloop
  endfacet
  facet normal -0.940802 0.338958 0
    outer loop
      vertex -29.6591 31.1921 8
      vertex -29.7549 30.9262 0
      vertex -29.7549 30.9262 8
    endloop
  endfacet
  facet normal 0.917766 0.397121 0
    outer loop
      vertex -33.8246 30.7983 8
      vertex -33.9368 31.0576 0
      vertex -33.9368 31.0576 8
    endloop
  endfacet
  facet normal 0.917766 0.397121 0
    outer loop
      vertex -33.9368 31.0576 0
      vertex -33.8246 30.7983 8
      vertex -33.8246 30.7983 0
    endloop
  endfacet
  facet normal 0.975937 -0.218055 0
    outer loop
      vertex -34.0421 32.1718 8
      vertex -33.9805 32.4475 0
      vertex -33.9805 32.4475 8
    endloop
  endfacet
  facet normal 0.975937 -0.218055 0
    outer loop
      vertex -33.9805 32.4475 0
      vertex -34.0421 32.1718 8
      vertex -34.0421 32.1718 0
    endloop
  endfacet
  facet normal -0.338958 0.940802 0
    outer loop
      vertex -30.9262 29.7549 0
      vertex -31.1921 29.6591 8
      vertex -30.9262 29.7549 8
    endloop
  endfacet
  facet normal -0.338958 0.940802 0
    outer loop
      vertex -31.1921 29.6591 8
      vertex -30.9262 29.7549 0
      vertex -31.1921 29.6591 0
    endloop
  endfacet
  facet normal 0.612887 0.790171 -0
    outer loop
      vertex -33.0845 29.9589 0
      vertex -33.3078 30.1321 8
      vertex -33.0845 29.9589 8
    endloop
  endfacet
  facet normal 0.612887 0.790171 0
    outer loop
      vertex -33.3078 30.1321 8
      vertex -33.0845 29.9589 0
      vertex -33.3078 30.1321 0
    endloop
  endfacet
  facet normal -0.917766 -0.397121 0
    outer loop
      vertex -29.7028 32.582 0
      vertex -29.815 32.8413 8
      vertex -29.815 32.8413 0
    endloop
  endfacet
  facet normal -0.917766 -0.397121 0
    outer loop
      vertex -29.815 32.8413 8
      vertex -29.7028 32.582 0
      vertex -29.7028 32.582 8
    endloop
  endfacet
  facet normal 0.750117 -0.661306 0
    outer loop
      vertex -33.5977 33.1988 8
      vertex -33.4108 33.4108 0
      vertex -33.4108 33.4108 8
    endloop
  endfacet
  facet normal 0.750117 -0.661306 0
    outer loop
      vertex -33.4108 33.4108 0
      vertex -33.5977 33.1988 8
      vertex -33.5977 33.1988 0
    endloop
  endfacet
  facet normal 0.562029 -0.827117 0
    outer loop
      vertex -33.1988 33.5977 0
      vertex -32.9651 33.7565 8
      vertex -33.1988 33.5977 8
    endloop
  endfacet
  facet normal 0.562029 -0.827117 0
    outer loop
      vertex -32.9651 33.7565 8
      vertex -33.1988 33.5977 0
      vertex -32.9651 33.7565 0
    endloop
  endfacet
  facet normal -0.397121 -0.917766 0
    outer loop
      vertex -31.0576 33.9368 0
      vertex -30.7983 33.8246 8
      vertex -31.0576 33.9368 8
    endloop
  endfacet
  facet normal -0.397121 -0.917766 -0
    outer loop
      vertex -30.7983 33.8246 8
      vertex -31.0576 33.9368 0
      vertex -30.7983 33.8246 0
    endloop
  endfacet
  facet normal 0.940914 -0.338644 0
    outer loop
      vertex -33.9805 32.4475 8
      vertex -33.8848 32.7134 0
      vertex -33.8848 32.7134 8
    endloop
  endfacet
  facet normal 0.940914 -0.338644 0
    outer loop
      vertex -33.8848 32.7134 0
      vertex -33.9805 32.4475 8
      vertex -33.9805 32.4475 0
    endloop
  endfacet
  facet normal 0.338644 -0.940914 0
    outer loop
      vertex -32.7134 33.8848 0
      vertex -32.4475 33.9805 8
      vertex -32.7134 33.8848 8
    endloop
  endfacet
  facet normal 0.338644 -0.940914 0
    outer loop
      vertex -32.4475 33.9805 8
      vertex -32.7134 33.8848 0
      vertex -32.4475 33.9805 0
    endloop
  endfacet
  facet normal 0.827117 -0.562029 0
    outer loop
      vertex -33.7565 32.9651 8
      vertex -33.5977 33.1988 0
      vertex -33.5977 33.1988 8
    endloop
  endfacet
  facet normal 0.827117 -0.562029 0
    outer loop
      vertex -33.5977 33.1988 0
      vertex -33.7565 32.9651 8
      vertex -33.7565 32.9651 0
    endloop
  endfacet
  facet normal -0.562271 0.826953 0
    outer loop
      vertex -30.4408 30.042 0
      vertex -30.6745 29.8831 8
      vertex -30.4408 30.042 8
    endloop
  endfacet
  facet normal -0.562271 0.826953 0
    outer loop
      vertex -30.6745 29.8831 8
      vertex -30.4408 30.042 0
      vertex -30.6745 29.8831 0
    endloop
  endfacet
  facet normal 0.454138 -0.890931 0
    outer loop
      vertex -32.9651 33.7565 0
      vertex -32.7134 33.8848 8
      vertex -32.9651 33.7565 8
    endloop
  endfacet
  facet normal 0.454138 -0.890931 0
    outer loop
      vertex -32.7134 33.8848 8
      vertex -32.9651 33.7565 0
      vertex -32.7134 33.8848 0
    endloop
  endfacet
  facet normal 0.790209 0.612837 0
    outer loop
      vertex -33.5076 30.3319 8
      vertex -33.6807 30.5551 0
      vertex -33.6807 30.5551 8
    endloop
  endfacet
  facet normal 0.790209 0.612837 0
    outer loop
      vertex -33.6807 30.5551 0
      vertex -33.5076 30.3319 8
      vertex -33.5076 30.3319 0
    endloop
  endfacet
  facet normal 0.278831 0.96034 -0
    outer loop
      vertex -32.3106 29.624 0
      vertex -32.582 29.7028 8
      vertex -32.3106 29.624 8
    endloop
  endfacet
  facet normal 0.278831 0.96034 0
    outer loop
      vertex -32.582 29.7028 8
      vertex -32.3106 29.624 0
      vertex -32.582 29.7028 0
    endloop
  endfacet
  facet normal -0.50923 -0.86063 0
    outer loop
      vertex -30.7983 33.8246 0
      vertex -30.5551 33.6807 8
      vertex -30.7983 33.8246 8
    endloop
  endfacet
  facet normal -0.50923 -0.86063 -0
    outer loop
      vertex -30.5551 33.6807 8
      vertex -30.7983 33.8246 0
      vertex -30.5551 33.6807 0
    endloop
  endfacet
  facet normal -0.96034 -0.278831 0
    outer loop
      vertex -29.624 32.3106 0
      vertex -29.7028 32.582 8
      vertex -29.7028 32.582 0
    endloop
  endfacet
  facet normal -0.96034 -0.278831 0
    outer loop
      vertex -29.7028 32.582 8
      vertex -29.624 32.3106 0
      vertex -29.624 32.3106 8
    endloop
  endfacet
  facet normal -0.975937 0.218055 0
    outer loop
      vertex -29.6591 31.1921 0
      vertex -29.5975 31.4678 8
      vertex -29.5975 31.4678 0
    endloop
  endfacet
  facet normal -0.975937 0.218055 0
    outer loop
      vertex -29.5975 31.4678 8
      vertex -29.6591 31.1921 0
      vertex -29.6591 31.1921 8
    endloop
  endfacet
  facet normal 0.995559 -0.094141 0
    outer loop
      vertex -34.0687 31.8905 8
      vertex -34.0421 32.1718 0
      vertex -34.0421 32.1718 8
    endloop
  endfacet
  facet normal 0.995559 -0.094141 0
    outer loop
      vertex -34.0421 32.1718 0
      vertex -34.0687 31.8905 8
      vertex -34.0687 31.8905 0
    endloop
  endfacet
  facet normal -0.094141 0.995559 0
    outer loop
      vertex -31.4678 29.5975 0
      vertex -31.7491 29.5709 8
      vertex -31.4678 29.5975 8
    endloop
  endfacet
  facet normal -0.094141 0.995559 0
    outer loop
      vertex -31.7491 29.5709 8
      vertex -31.4678 29.5975 0
      vertex -31.7491 29.5709 0
    endloop
  endfacet
  facet normal -0.987691 -0.156417 0
    outer loop
      vertex -29.5798 32.0315 0
      vertex -29.624 32.3106 8
      vertex -29.624 32.3106 0
    endloop
  endfacet
  facet normal -0.987691 -0.156417 0
    outer loop
      vertex -29.624 32.3106 8
      vertex -29.5798 32.0315 0
      vertex -29.5798 32.0315 8
    endloop
  endfacet
  facet normal -0.707107 -0.707107 0
    outer loop
      vertex -30.1321 33.3078 0
      vertex -30.3319 33.5076 8
      vertex -30.3319 33.5076 0
    endloop
  endfacet
  facet normal -0.707107 -0.707107 0
    outer loop
      vertex -30.3319 33.5076 8
      vertex -30.1321 33.3078 0
      vertex -30.1321 33.3078 8
    endloop
  endfacet
  facet normal 0.50923 0.86063 -0
    outer loop
      vertex -32.8413 29.815 0
      vertex -33.0845 29.9589 8
      vertex -32.8413 29.815 8
    endloop
  endfacet
  facet normal 0.50923 0.86063 0
    outer loop
      vertex -33.0845 29.9589 8
      vertex -32.8413 29.815 0
      vertex -33.0845 29.9589 0
    endloop
  endfacet
  facet normal 0.661306 -0.750117 0
    outer loop
      vertex -33.4108 33.4108 0
      vertex -33.1988 33.5977 8
      vertex -33.4108 33.4108 8
    endloop
  endfacet
  facet normal 0.661306 -0.750117 0
    outer loop
      vertex -33.1988 33.5977 8
      vertex -33.4108 33.4108 0
      vertex -33.1988 33.5977 0
    endloop
  endfacet
  facet normal 0.0314999 0.999504 -0
    outer loop
      vertex -31.7491 29.5709 0
      vertex -32.0315 29.5798 8
      vertex -31.7491 29.5709 8
    endloop
  endfacet
  facet normal 0.0314999 0.999504 0
    outer loop
      vertex -32.0315 29.5798 8
      vertex -31.7491 29.5709 0
      vertex -32.0315 29.5798 0
    endloop
  endfacet
  facet normal 0.397121 0.917766 -0
    outer loop
      vertex -32.582 29.7028 0
      vertex -32.8413 29.815 8
      vertex -32.582 29.7028 8
    endloop
  endfacet
  facet normal 0.397121 0.917766 0
    outer loop
      vertex -32.8413 29.815 8
      vertex -32.582 29.7028 0
      vertex -32.8413 29.815 0
    endloop
  endfacet
  facet normal 0.707107 0.707107 0
    outer loop
      vertex -33.3078 30.1321 8
      vertex -33.5076 30.3319 0
      vertex -33.5076 30.3319 8
    endloop
  endfacet
  facet normal 0.707107 0.707107 0
    outer loop
      vertex -33.5076 30.3319 0
      vertex -33.3078 30.1321 8
      vertex -33.3078 30.1321 0
    endloop
  endfacet
  facet normal 0.156417 0.987691 -0
    outer loop
      vertex -32.0315 29.5798 0
      vertex -32.3106 29.624 8
      vertex -32.0315 29.5798 8
    endloop
  endfacet
  facet normal 0.156417 0.987691 0
    outer loop
      vertex -32.3106 29.624 8
      vertex -32.0315 29.5798 0
      vertex -32.3106 29.624 0
    endloop
  endfacet
  facet normal 0.86063 0.50923 0
    outer loop
      vertex -33.6807 30.5551 8
      vertex -33.8246 30.7983 0
      vertex -33.8246 30.7983 8
    endloop
  endfacet
  facet normal 0.86063 0.50923 0
    outer loop
      vertex -33.8246 30.7983 0
      vertex -33.6807 30.5551 8
      vertex -33.6807 30.5551 0
    endloop
  endfacet
  facet normal -0.218055 0.975937 0
    outer loop
      vertex -31.1921 29.6591 0
      vertex -31.4678 29.5975 8
      vertex -31.1921 29.6591 8
    endloop
  endfacet
  facet normal -0.218055 0.975937 0
    outer loop
      vertex -31.4678 29.5975 8
      vertex -31.1921 29.6591 0
      vertex -31.4678 29.5975 0
    endloop
  endfacet
  facet normal 0.218055 -0.975937 0
    outer loop
      vertex -32.4475 33.9805 0
      vertex -32.1718 34.0421 8
      vertex -32.4475 33.9805 8
    endloop
  endfacet
  facet normal 0.218055 -0.975937 0
    outer loop
      vertex -32.1718 34.0421 8
      vertex -32.4475 33.9805 0
      vertex -32.1718 34.0421 0
    endloop
  endfacet
  facet normal 0.890931 -0.454138 0
    outer loop
      vertex -33.8848 32.7134 8
      vertex -33.7565 32.9651 0
      vertex -33.7565 32.9651 8
    endloop
  endfacet
  facet normal 0.890931 -0.454138 0
    outer loop
      vertex -33.7565 32.9651 0
      vertex -33.8848 32.7134 8
      vertex -33.8848 32.7134 0
    endloop
  endfacet
  facet normal -0.826953 0.562271 0
    outer loop
      vertex -30.042 30.4408 0
      vertex -29.8831 30.6745 8
      vertex -29.8831 30.6745 0
    endloop
  endfacet
  facet normal -0.826953 0.562271 0
    outer loop
      vertex -29.8831 30.6745 8
      vertex -30.042 30.4408 0
      vertex -30.042 30.4408 8
    endloop
  endfacet
  facet normal 0.96034 0.278831 0
    outer loop
      vertex -33.9368 31.0576 8
      vertex -34.0156 31.329 0
      vertex -34.0156 31.329 8
    endloop
  endfacet
  facet normal 0.96034 0.278831 0
    outer loop
      vertex -34.0156 31.329 0
      vertex -33.9368 31.0576 8
      vertex -33.9368 31.0576 0
    endloop
  endfacet
  facet normal -0.0314999 -0.999504 0
    outer loop
      vertex -31.8905 34.0687 0
      vertex -31.6081 34.0598 8
      vertex -31.8905 34.0687 8
    endloop
  endfacet
  facet normal -0.0314999 -0.999504 -0
    outer loop
      vertex -31.6081 34.0598 8
      vertex -31.8905 34.0687 0
      vertex -31.6081 34.0598 0
    endloop
  endfacet
  facet normal -0.612837 -0.790209 0
    outer loop
      vertex -30.5551 33.6807 0
      vertex -30.3319 33.5076 8
      vertex -30.5551 33.6807 8
    endloop
  endfacet
  facet normal -0.612837 -0.790209 -0
    outer loop
      vertex -30.3319 33.5076 8
      vertex -30.5551 33.6807 0
      vertex -30.3319 33.5076 0
    endloop
  endfacet
  facet normal -0.156417 -0.987691 0
    outer loop
      vertex -31.6081 34.0598 0
      vertex -31.329 34.0156 8
      vertex -31.6081 34.0598 8
    endloop
  endfacet
  facet normal -0.156417 -0.987691 -0
    outer loop
      vertex -31.329 34.0156 8
      vertex -31.6081 34.0598 0
      vertex -31.329 34.0156 0
    endloop
  endfacet
  facet normal -0.453857 0.891075 0
    outer loop
      vertex -30.6745 29.8831 0
      vertex -30.9262 29.7549 8
      vertex -30.6745 29.8831 8
    endloop
  endfacet
  facet normal -0.453857 0.891075 0
    outer loop
      vertex -30.9262 29.7549 8
      vertex -30.6745 29.8831 0
      vertex -30.9262 29.7549 0
    endloop
  endfacet
  facet normal -0.995559 0.094141 0
    outer loop
      vertex -29.5975 31.4678 0
      vertex -29.5709 31.7491 8
      vertex -29.5709 31.7491 0
    endloop
  endfacet
  facet normal -0.995559 0.094141 0
    outer loop
      vertex -29.5709 31.7491 8
      vertex -29.5975 31.4678 0
      vertex -29.5975 31.4678 8
    endloop
  endfacet
  facet normal 0.999504 0.0314999 0
    outer loop
      vertex -34.0598 31.6081 8
      vertex -34.0687 31.8905 0
      vertex -34.0687 31.8905 8
    endloop
  endfacet
  facet normal 0.999504 0.0314999 0
    outer loop
      vertex -34.0687 31.8905 0
      vertex -34.0598 31.6081 8
      vertex -34.0598 31.6081 0
    endloop
  endfacet
  facet normal -0.999504 -0.0314999 0
    outer loop
      vertex -29.5709 31.7491 0
      vertex -29.5798 32.0315 8
      vertex -29.5798 32.0315 0
    endloop
  endfacet
  facet normal -0.999504 -0.0314999 0
    outer loop
      vertex -29.5798 32.0315 8
      vertex -29.5709 31.7491 0
      vertex -29.5709 31.7491 8
    endloop
  endfacet
  facet normal -0.750292 0.661106 0
    outer loop
      vertex -30.2288 30.2288 0
      vertex -30.042 30.4408 8
      vertex -30.042 30.4408 0
    endloop
  endfacet
  facet normal -0.750292 0.661106 0
    outer loop
      vertex -30.042 30.4408 8
      vertex -30.2288 30.2288 0
      vertex -30.2288 30.2288 8
    endloop
  endfacet
  facet normal -0.891075 0.453857 0
    outer loop
      vertex -29.8831 30.6745 0
      vertex -29.7549 30.9262 8
      vertex -29.7549 30.9262 0
    endloop
  endfacet
  facet normal -0.891075 0.453857 0
    outer loop
      vertex -29.7549 30.9262 8
      vertex -29.8831 30.6745 0
      vertex -29.8831 30.6745 8
    endloop
  endfacet
  facet normal 0.094141 -0.995559 0
    outer loop
      vertex -32.1718 34.0421 0
      vertex -31.8905 34.0687 8
      vertex -32.1718 34.0421 8
    endloop
  endfacet
  facet normal 0.094141 -0.995559 0
    outer loop
      vertex -31.8905 34.0687 8
      vertex -32.1718 34.0421 0
      vertex -31.8905 34.0687 0
    endloop
  endfacet
  facet normal -0.661106 0.750292 0
    outer loop
      vertex -30.2288 30.2288 0
      vertex -30.4408 30.042 8
      vertex -30.2288 30.2288 8
    endloop
  endfacet
  facet normal -0.661106 0.750292 0
    outer loop
      vertex -30.4408 30.042 8
      vertex -30.2288 30.2288 0
      vertex -30.4408 30.042 0
    endloop
  endfacet
  facet normal -0.86063 -0.50923 0
    outer loop
      vertex -29.815 32.8413 0
      vertex -29.9589 33.0845 8
      vertex -29.9589 33.0845 0
    endloop
  endfacet
  facet normal -0.86063 -0.50923 0
    outer loop
      vertex -29.9589 33.0845 8
      vertex -29.815 32.8413 0
      vertex -29.815 32.8413 8
    endloop
  endfacet
  facet normal -0.790171 -0.612887 0
    outer loop
      vertex -29.9589 33.0845 0
      vertex -30.1321 33.3078 8
      vertex -30.1321 33.3078 0
    endloop
  endfacet
  facet normal -0.790171 -0.612887 0
    outer loop
      vertex -30.1321 33.3078 8
      vertex -29.9589 33.0845 0
      vertex -29.9589 33.0845 8
    endloop
  endfacet
  facet normal -0.278831 -0.96034 0
    outer loop
      vertex -31.329 34.0156 0
      vertex -31.0576 33.9368 8
      vertex -31.329 34.0156 8
    endloop
  endfacet
  facet normal -0.278831 -0.96034 -0
    outer loop
      vertex -31.0576 33.9368 8
      vertex -31.329 34.0156 0
      vertex -31.0576 33.9368 0
    endloop
  endfacet
  facet normal -0.156417 0.987691 0
    outer loop
      vertex -31.329 -34.0156 0
      vertex -31.6081 -34.0598 8
      vertex -31.329 -34.0156 8
    endloop
  endfacet
  facet normal -0.156417 0.987691 0
    outer loop
      vertex -31.6081 -34.0598 8
      vertex -31.329 -34.0156 0
      vertex -31.6081 -34.0598 0
    endloop
  endfacet
  facet normal -0.397121 0.917766 0
    outer loop
      vertex -30.7983 -33.8246 0
      vertex -31.0576 -33.9368 8
      vertex -30.7983 -33.8246 8
    endloop
  endfacet
  facet normal -0.397121 0.917766 0
    outer loop
      vertex -31.0576 -33.9368 8
      vertex -30.7983 -33.8246 0
      vertex -31.0576 -33.9368 0
    endloop
  endfacet
  facet normal 0.562029 0.827117 -0
    outer loop
      vertex -32.9651 -33.7565 0
      vertex -33.1988 -33.5977 8
      vertex -32.9651 -33.7565 8
    endloop
  endfacet
  facet normal 0.562029 0.827117 0
    outer loop
      vertex -33.1988 -33.5977 8
      vertex -32.9651 -33.7565 0
      vertex -33.1988 -33.5977 0
    endloop
  endfacet
  facet normal 0.218055 0.975937 -0
    outer loop
      vertex -32.1718 -34.0421 0
      vertex -32.4475 -33.9805 8
      vertex -32.1718 -34.0421 8
    endloop
  endfacet
  facet normal 0.218055 0.975937 0
    outer loop
      vertex -32.4475 -33.9805 8
      vertex -32.1718 -34.0421 0
      vertex -32.4475 -33.9805 0
    endloop
  endfacet
  facet normal -0.940802 -0.338958 0
    outer loop
      vertex -29.6591 -31.1921 0
      vertex -29.7549 -30.9262 8
      vertex -29.7549 -30.9262 0
    endloop
  endfacet
  facet normal -0.940802 -0.338958 0
    outer loop
      vertex -29.7549 -30.9262 8
      vertex -29.6591 -31.1921 0
      vertex -29.6591 -31.1921 8
    endloop
  endfacet
  facet normal 0.827117 0.562029 0
    outer loop
      vertex -33.5977 -33.1988 8
      vertex -33.7565 -32.9651 0
      vertex -33.7565 -32.9651 8
    endloop
  endfacet
  facet normal 0.827117 0.562029 0
    outer loop
      vertex -33.7565 -32.9651 0
      vertex -33.5977 -33.1988 8
      vertex -33.5977 -33.1988 0
    endloop
  endfacet
  facet normal -0.790171 0.612887 0
    outer loop
      vertex -30.1321 -33.3078 0
      vertex -29.9589 -33.0845 8
      vertex -29.9589 -33.0845 0
    endloop
  endfacet
  facet normal -0.790171 0.612887 0
    outer loop
      vertex -29.9589 -33.0845 8
      vertex -30.1321 -33.3078 0
      vertex -30.1321 -33.3078 8
    endloop
  endfacet
  facet normal 0.397121 -0.917766 0
    outer loop
      vertex -32.8413 -29.815 0
      vertex -32.582 -29.7028 8
      vertex -32.8413 -29.815 8
    endloop
  endfacet
  facet normal 0.397121 -0.917766 0
    outer loop
      vertex -32.582 -29.7028 8
      vertex -32.8413 -29.815 0
      vertex -32.582 -29.7028 0
    endloop
  endfacet
  facet normal 0.917766 -0.397121 0
    outer loop
      vertex -33.9368 -31.0576 8
      vertex -33.8246 -30.7983 0
      vertex -33.8246 -30.7983 8
    endloop
  endfacet
  facet normal 0.917766 -0.397121 0
    outer loop
      vertex -33.8246 -30.7983 0
      vertex -33.9368 -31.0576 8
      vertex -33.9368 -31.0576 0
    endloop
  endfacet
  facet normal 0.940914 0.338644 0
    outer loop
      vertex -33.8848 -32.7134 8
      vertex -33.9805 -32.4475 0
      vertex -33.9805 -32.4475 8
    endloop
  endfacet
  facet normal 0.940914 0.338644 0
    outer loop
      vertex -33.9805 -32.4475 0
      vertex -33.8848 -32.7134 8
      vertex -33.8848 -32.7134 0
    endloop
  endfacet
  facet normal -0.218055 -0.975937 0
    outer loop
      vertex -31.4678 -29.5975 0
      vertex -31.1921 -29.6591 8
      vertex -31.4678 -29.5975 8
    endloop
  endfacet
  facet normal -0.218055 -0.975937 -0
    outer loop
      vertex -31.1921 -29.6591 8
      vertex -31.4678 -29.5975 0
      vertex -31.1921 -29.6591 0
    endloop
  endfacet
  facet normal 0.890931 0.454138 0
    outer loop
      vertex -33.7565 -32.9651 8
      vertex -33.8848 -32.7134 0
      vertex -33.8848 -32.7134 8
    endloop
  endfacet
  facet normal 0.890931 0.454138 0
    outer loop
      vertex -33.8848 -32.7134 0
      vertex -33.7565 -32.9651 8
      vertex -33.7565 -32.9651 0
    endloop
  endfacet
  facet normal 0.661306 0.750117 -0
    outer loop
      vertex -33.1988 -33.5977 0
      vertex -33.4108 -33.4108 8
      vertex -33.1988 -33.5977 8
    endloop
  endfacet
  facet normal 0.661306 0.750117 0
    outer loop
      vertex -33.4108 -33.4108 8
      vertex -33.1988 -33.5977 0
      vertex -33.4108 -33.4108 0
    endloop
  endfacet
  facet normal -0.612837 0.790209 0
    outer loop
      vertex -30.3319 -33.5076 0
      vertex -30.5551 -33.6807 8
      vertex -30.3319 -33.5076 8
    endloop
  endfacet
  facet normal -0.612837 0.790209 0
    outer loop
      vertex -30.5551 -33.6807 8
      vertex -30.3319 -33.5076 0
      vertex -30.5551 -33.6807 0
    endloop
  endfacet
  facet normal -0.96034 0.278831 0
    outer loop
      vertex -29.7028 -32.582 0
      vertex -29.624 -32.3106 8
      vertex -29.624 -32.3106 0
    endloop
  endfacet
  facet normal -0.96034 0.278831 0
    outer loop
      vertex -29.624 -32.3106 8
      vertex -29.7028 -32.582 0
      vertex -29.7028 -32.582 8
    endloop
  endfacet
  facet normal 0.338644 0.940914 -0
    outer loop
      vertex -32.4475 -33.9805 0
      vertex -32.7134 -33.8848 8
      vertex -32.4475 -33.9805 8
    endloop
  endfacet
  facet normal 0.338644 0.940914 0
    outer loop
      vertex -32.7134 -33.8848 8
      vertex -32.4475 -33.9805 0
      vertex -32.7134 -33.8848 0
    endloop
  endfacet
  facet normal 0.86063 -0.50923 0
    outer loop
      vertex -33.8246 -30.7983 8
      vertex -33.6807 -30.5551 0
      vertex -33.6807 -30.5551 8
    endloop
  endfacet
  facet normal 0.86063 -0.50923 0
    outer loop
      vertex -33.6807 -30.5551 0
      vertex -33.8246 -30.7983 8
      vertex -33.8246 -30.7983 0
    endloop
  endfacet
  facet normal 0.278831 -0.96034 0
    outer loop
      vertex -32.582 -29.7028 0
      vertex -32.3106 -29.624 8
      vertex -32.582 -29.7028 8
    endloop
  endfacet
  facet normal 0.278831 -0.96034 0
    outer loop
      vertex -32.3106 -29.624 8
      vertex -32.582 -29.7028 0
      vertex -32.3106 -29.624 0
    endloop
  endfacet
  facet normal -0.995559 -0.094141 0
    outer loop
      vertex -29.5709 -31.7491 0
      vertex -29.5975 -31.4678 8
      vertex -29.5975 -31.4678 0
    endloop
  endfacet
  facet normal -0.995559 -0.094141 0
    outer loop
      vertex -29.5975 -31.4678 8
      vertex -29.5709 -31.7491 0
      vertex -29.5709 -31.7491 8
    endloop
  endfacet
  facet normal 0.790209 -0.612837 0
    outer loop
      vertex -33.6807 -30.5551 8
      vertex -33.5076 -30.3319 0
      vertex -33.5076 -30.3319 8
    endloop
  endfacet
  facet normal 0.790209 -0.612837 0
    outer loop
      vertex -33.5076 -30.3319 0
      vertex -33.6807 -30.5551 8
      vertex -33.6807 -30.5551 0
    endloop
  endfacet
  facet normal -0.453857 -0.891075 0
    outer loop
      vertex -30.9262 -29.7549 0
      vertex -30.6745 -29.8831 8
      vertex -30.9262 -29.7549 8
    endloop
  endfacet
  facet normal -0.453857 -0.891075 -0
    outer loop
      vertex -30.6745 -29.8831 8
      vertex -30.9262 -29.7549 0
      vertex -30.6745 -29.8831 0
    endloop
  endfacet
  facet normal 0.156417 -0.987691 0
    outer loop
      vertex -32.3106 -29.624 0
      vertex -32.0315 -29.5798 8
      vertex -32.3106 -29.624 8
    endloop
  endfacet
  facet normal 0.156417 -0.987691 0
    outer loop
      vertex -32.0315 -29.5798 8
      vertex -32.3106 -29.624 0
      vertex -32.0315 -29.5798 0
    endloop
  endfacet
  facet normal -0.826953 -0.562271 0
    outer loop
      vertex -29.8831 -30.6745 0
      vertex -30.042 -30.4408 8
      vertex -30.042 -30.4408 0
    endloop
  endfacet
  facet normal -0.826953 -0.562271 0
    outer loop
      vertex -30.042 -30.4408 8
      vertex -29.8831 -30.6745 0
      vertex -29.8831 -30.6745 8
    endloop
  endfacet
  facet normal 0.707107 -0.707107 0
    outer loop
      vertex -33.5076 -30.3319 8
      vertex -33.3078 -30.1321 0
      vertex -33.3078 -30.1321 8
    endloop
  endfacet
  facet normal 0.707107 -0.707107 0
    outer loop
      vertex -33.3078 -30.1321 0
      vertex -33.5076 -30.3319 8
      vertex -33.5076 -30.3319 0
    endloop
  endfacet
  facet normal -0.86063 0.50923 0
    outer loop
      vertex -29.9589 -33.0845 0
      vertex -29.815 -32.8413 8
      vertex -29.815 -32.8413 0
    endloop
  endfacet
  facet normal -0.86063 0.50923 0
    outer loop
      vertex -29.815 -32.8413 8
      vertex -29.9589 -33.0845 0
      vertex -29.9589 -33.0845 8
    endloop
  endfacet
  facet normal 0.750117 0.661306 0
    outer loop
      vertex -33.4108 -33.4108 8
      vertex -33.5977 -33.1988 0
      vertex -33.5977 -33.1988 8
    endloop
  endfacet
  facet normal 0.750117 0.661306 0
    outer loop
      vertex -33.5977 -33.1988 0
      vertex -33.4108 -33.4108 8
      vertex -33.4108 -33.4108 0
    endloop
  endfacet
  facet normal -0.999504 0.0314999 0
    outer loop
      vertex -29.5798 -32.0315 0
      vertex -29.5709 -31.7491 8
      vertex -29.5709 -31.7491 0
    endloop
  endfacet
  facet normal -0.999504 0.0314999 0
    outer loop
      vertex -29.5709 -31.7491 8
      vertex -29.5798 -32.0315 0
      vertex -29.5798 -32.0315 8
    endloop
  endfacet
  facet normal -0.917766 0.397121 0
    outer loop
      vertex -29.815 -32.8413 0
      vertex -29.7028 -32.582 8
      vertex -29.7028 -32.582 0
    endloop
  endfacet
  facet normal -0.917766 0.397121 0
    outer loop
      vertex -29.7028 -32.582 8
      vertex -29.815 -32.8413 0
      vertex -29.815 -32.8413 8
    endloop
  endfacet
  facet normal -0.707107 0.707107 0
    outer loop
      vertex -30.3319 -33.5076 0
      vertex -30.1321 -33.3078 8
      vertex -30.1321 -33.3078 0
    endloop
  endfacet
  facet normal -0.707107 0.707107 0
    outer loop
      vertex -30.1321 -33.3078 8
      vertex -30.3319 -33.5076 0
      vertex -30.3319 -33.5076 8
    endloop
  endfacet
  facet normal 0.094141 0.995559 -0
    outer loop
      vertex -31.8905 -34.0687 0
      vertex -32.1718 -34.0421 8
      vertex -31.8905 -34.0687 8
    endloop
  endfacet
  facet normal 0.094141 0.995559 0
    outer loop
      vertex -32.1718 -34.0421 8
      vertex -31.8905 -34.0687 0
      vertex -32.1718 -34.0421 0
    endloop
  endfacet
  facet normal -0.975937 -0.218055 0
    outer loop
      vertex -29.5975 -31.4678 0
      vertex -29.6591 -31.1921 8
      vertex -29.6591 -31.1921 0
    endloop
  endfacet
  facet normal -0.975937 -0.218055 0
    outer loop
      vertex -29.6591 -31.1921 8
      vertex -29.5975 -31.4678 0
      vertex -29.5975 -31.4678 8
    endloop
  endfacet
  facet normal -0.338958 -0.940802 0
    outer loop
      vertex -31.1921 -29.6591 0
      vertex -30.9262 -29.7549 8
      vertex -31.1921 -29.6591 8
    endloop
  endfacet
  facet normal -0.338958 -0.940802 -0
    outer loop
      vertex -30.9262 -29.7549 8
      vertex -31.1921 -29.6591 0
      vertex -30.9262 -29.7549 0
    endloop
  endfacet
  facet normal -0.987691 0.156417 0
    outer loop
      vertex -29.624 -32.3106 0
      vertex -29.5798 -32.0315 8
      vertex -29.5798 -32.0315 0
    endloop
  endfacet
  facet normal -0.987691 0.156417 0
    outer loop
      vertex -29.5798 -32.0315 8
      vertex -29.624 -32.3106 0
      vertex -29.624 -32.3106 8
    endloop
  endfacet
  facet normal -0.50923 0.86063 0
    outer loop
      vertex -30.5551 -33.6807 0
      vertex -30.7983 -33.8246 8
      vertex -30.5551 -33.6807 8
    endloop
  endfacet
  facet normal -0.50923 0.86063 0
    outer loop
      vertex -30.7983 -33.8246 8
      vertex -30.5551 -33.6807 0
      vertex -30.7983 -33.8246 0
    endloop
  endfacet
  facet normal 0.975937 0.218055 0
    outer loop
      vertex -33.9805 -32.4475 8
      vertex -34.0421 -32.1718 0
      vertex -34.0421 -32.1718 8
    endloop
  endfacet
  facet normal 0.975937 0.218055 0
    outer loop
      vertex -34.0421 -32.1718 0
      vertex -33.9805 -32.4475 8
      vertex -33.9805 -32.4475 0
    endloop
  endfacet
  facet normal 0.454138 0.890931 -0
    outer loop
      vertex -32.7134 -33.8848 0
      vertex -32.9651 -33.7565 8
      vertex -32.7134 -33.8848 8
    endloop
  endfacet
  facet normal 0.454138 0.890931 0
    outer loop
      vertex -32.9651 -33.7565 8
      vertex -32.7134 -33.8848 0
      vertex -32.9651 -33.7565 0
    endloop
  endfacet
  facet normal -0.562271 -0.826953 0
    outer loop
      vertex -30.6745 -29.8831 0
      vertex -30.4408 -30.042 8
      vertex -30.6745 -29.8831 8
    endloop
  endfacet
  facet normal -0.562271 -0.826953 -0
    outer loop
      vertex -30.4408 -30.042 8
      vertex -30.6745 -29.8831 0
      vertex -30.4408 -30.042 0
    endloop
  endfacet
  facet normal 0.995559 0.094141 0
    outer loop
      vertex -34.0421 -32.1718 8
      vertex -34.0687 -31.8905 0
      vertex -34.0687 -31.8905 8
    endloop
  endfacet
  facet normal 0.995559 0.094141 0
    outer loop
      vertex -34.0687 -31.8905 0
      vertex -34.0421 -32.1718 8
      vertex -34.0421 -32.1718 0
    endloop
  endfacet
  facet normal -0.278831 0.96034 0
    outer loop
      vertex -31.0576 -33.9368 0
      vertex -31.329 -34.0156 8
      vertex -31.0576 -33.9368 8
    endloop
  endfacet
  facet normal -0.278831 0.96034 0
    outer loop
      vertex -31.329 -34.0156 8
      vertex -31.0576 -33.9368 0
      vertex -31.329 -34.0156 0
    endloop
  endfacet
  facet normal 0.999504 -0.0314999 0
    outer loop
      vertex -34.0687 -31.8905 8
      vertex -34.0598 -31.6081 0
      vertex -34.0598 -31.6081 8
    endloop
  endfacet
  facet normal 0.999504 -0.0314999 0
    outer loop
      vertex -34.0598 -31.6081 0
      vertex -34.0687 -31.8905 8
      vertex -34.0687 -31.8905 0
    endloop
  endfacet
  facet normal 0.987691 -0.156417 0
    outer loop
      vertex -34.0598 -31.6081 8
      vertex -34.0156 -31.329 0
      vertex -34.0156 -31.329 8
    endloop
  endfacet
  facet normal 0.987691 -0.156417 0
    outer loop
      vertex -34.0156 -31.329 0
      vertex -34.0598 -31.6081 8
      vertex -34.0598 -31.6081 0
    endloop
  endfacet
  facet normal -0.891075 -0.453857 0
    outer loop
      vertex -29.7549 -30.9262 0
      vertex -29.8831 -30.6745 8
      vertex -29.8831 -30.6745 0
    endloop
  endfacet
  facet normal -0.891075 -0.453857 0
    outer loop
      vertex -29.8831 -30.6745 8
      vertex -29.7549 -30.9262 0
      vertex -29.7549 -30.9262 8
    endloop
  endfacet
  facet normal -0.094141 -0.995559 0
    outer loop
      vertex -31.7491 -29.5709 0
      vertex -31.4678 -29.5975 8
      vertex -31.7491 -29.5709 8
    endloop
  endfacet
  facet normal -0.094141 -0.995559 -0
    outer loop
      vertex -31.4678 -29.5975 8
      vertex -31.7491 -29.5709 0
      vertex -31.4678 -29.5975 0
    endloop
  endfacet
  facet normal -0.0314999 0.999504 0
    outer loop
      vertex -31.6081 -34.0598 0
      vertex -31.8905 -34.0687 8
      vertex -31.6081 -34.0598 8
    endloop
  endfacet
  facet normal -0.0314999 0.999504 0
    outer loop
      vertex -31.8905 -34.0687 8
      vertex -31.6081 -34.0598 0
      vertex -31.8905 -34.0687 0
    endloop
  endfacet
  facet normal 0.0314999 -0.999504 0
    outer loop
      vertex -32.0315 -29.5798 0
      vertex -31.7491 -29.5709 8
      vertex -32.0315 -29.5798 8
    endloop
  endfacet
  facet normal 0.0314999 -0.999504 0
    outer loop
      vertex -31.7491 -29.5709 8
      vertex -32.0315 -29.5798 0
      vertex -31.7491 -29.5709 0
    endloop
  endfacet
  facet normal -0.661106 -0.750292 0
    outer loop
      vertex -30.4408 -30.042 0
      vertex -30.2288 -30.2288 8
      vertex -30.4408 -30.042 8
    endloop
  endfacet
  facet normal -0.661106 -0.750292 -0
    outer loop
      vertex -30.2288 -30.2288 8
      vertex -30.4408 -30.042 0
      vertex -30.2288 -30.2288 0
    endloop
  endfacet
  facet normal 0.96034 -0.278831 0
    outer loop
      vertex -34.0156 -31.329 8
      vertex -33.9368 -31.0576 0
      vertex -33.9368 -31.0576 8
    endloop
  endfacet
  facet normal 0.96034 -0.278831 0
    outer loop
      vertex -33.9368 -31.0576 0
      vertex -34.0156 -31.329 8
      vertex -34.0156 -31.329 0
    endloop
  endfacet
  facet normal -0.750292 -0.661106 0
    outer loop
      vertex -30.042 -30.4408 0
      vertex -30.2288 -30.2288 8
      vertex -30.2288 -30.2288 0
    endloop
  endfacet
  facet normal -0.750292 -0.661106 0
    outer loop
      vertex -30.2288 -30.2288 8
      vertex -30.042 -30.4408 0
      vertex -30.042 -30.4408 8
    endloop
  endfacet
  facet normal 0.50923 -0.86063 0
    outer loop
      vertex -33.0845 -29.9589 0
      vertex -32.8413 -29.815 8
      vertex -33.0845 -29.9589 8
    endloop
  endfacet
  facet normal 0.50923 -0.86063 0
    outer loop
      vertex -32.8413 -29.815 8
      vertex -33.0845 -29.9589 0
      vertex -32.8413 -29.815 0
    endloop
  endfacet
  facet normal 0.612887 -0.790171 0
    outer loop
      vertex -33.3078 -30.1321 0
      vertex -33.0845 -29.9589 8
      vertex -33.3078 -30.1321 8
    endloop
  endfacet
  facet normal 0.612887 -0.790171 0
    outer loop
      vertex -33.0845 -29.9589 8
      vertex -33.3078 -30.1321 0
      vertex -33.0845 -29.9589 0
    endloop
  endfacet
  facet normal -0.987691 -0.156417 0
    outer loop
      vertex 34.0598 -31.6081 0
      vertex 34.0156 -31.329 8
      vertex 34.0156 -31.329 0
    endloop
  endfacet
  facet normal -0.987691 -0.156417 0
    outer loop
      vertex 34.0156 -31.329 8
      vertex 34.0598 -31.6081 0
      vertex 34.0598 -31.6081 8
    endloop
  endfacet
  facet normal -0.827117 0.562029 0
    outer loop
      vertex 33.5977 -33.1988 0
      vertex 33.7565 -32.9651 8
      vertex 33.7565 -32.9651 0
    endloop
  endfacet
  facet normal -0.827117 0.562029 0
    outer loop
      vertex 33.7565 -32.9651 8
      vertex 33.5977 -33.1988 0
      vertex 33.5977 -33.1988 8
    endloop
  endfacet
  facet normal -0.917766 -0.397121 0
    outer loop
      vertex 33.9368 -31.0576 0
      vertex 33.8246 -30.7983 8
      vertex 33.8246 -30.7983 0
    endloop
  endfacet
  facet normal -0.917766 -0.397121 0
    outer loop
      vertex 33.8246 -30.7983 8
      vertex 33.9368 -31.0576 0
      vertex 33.9368 -31.0576 8
    endloop
  endfacet
  facet normal 0.50923 0.86063 -0
    outer loop
      vertex 30.7983 -33.8246 0
      vertex 30.5551 -33.6807 8
      vertex 30.7983 -33.8246 8
    endloop
  endfacet
  facet normal 0.50923 0.86063 0
    outer loop
      vertex 30.5551 -33.6807 8
      vertex 30.7983 -33.8246 0
      vertex 30.5551 -33.6807 0
    endloop
  endfacet
  facet normal -0.975937 0.218055 0
    outer loop
      vertex 33.9805 -32.4475 0
      vertex 34.0421 -32.1718 8
      vertex 34.0421 -32.1718 0
    endloop
  endfacet
  facet normal -0.975937 0.218055 0
    outer loop
      vertex 34.0421 -32.1718 8
      vertex 33.9805 -32.4475 0
      vertex 33.9805 -32.4475 8
    endloop
  endfacet
  facet normal 0.338958 -0.940802 0
    outer loop
      vertex 30.9262 -29.7549 0
      vertex 31.1921 -29.6591 8
      vertex 30.9262 -29.7549 8
    endloop
  endfacet
  facet normal 0.338958 -0.940802 0
    outer loop
      vertex 31.1921 -29.6591 8
      vertex 30.9262 -29.7549 0
      vertex 31.1921 -29.6591 0
    endloop
  endfacet
  facet normal -0.278831 -0.96034 0
    outer loop
      vertex 32.3106 -29.624 0
      vertex 32.582 -29.7028 8
      vertex 32.3106 -29.624 8
    endloop
  endfacet
  facet normal -0.278831 -0.96034 -0
    outer loop
      vertex 32.582 -29.7028 8
      vertex 32.3106 -29.624 0
      vertex 32.582 -29.7028 0
    endloop
  endfacet
  facet normal -0.562029 0.827117 0
    outer loop
      vertex 33.1988 -33.5977 0
      vertex 32.9651 -33.7565 8
      vertex 33.1988 -33.5977 8
    endloop
  endfacet
  facet normal -0.562029 0.827117 0
    outer loop
      vertex 32.9651 -33.7565 8
      vertex 33.1988 -33.5977 0
      vertex 32.9651 -33.7565 0
    endloop
  endfacet
  facet normal -0.612887 -0.790171 0
    outer loop
      vertex 33.0845 -29.9589 0
      vertex 33.3078 -30.1321 8
      vertex 33.0845 -29.9589 8
    endloop
  endfacet
  facet normal -0.612887 -0.790171 -0
    outer loop
      vertex 33.3078 -30.1321 8
      vertex 33.0845 -29.9589 0
      vertex 33.3078 -30.1321 0
    endloop
  endfacet
  facet normal 0.397121 0.917766 -0
    outer loop
      vertex 31.0576 -33.9368 0
      vertex 30.7983 -33.8246 8
      vertex 31.0576 -33.9368 8
    endloop
  endfacet
  facet normal 0.397121 0.917766 0
    outer loop
      vertex 30.7983 -33.8246 8
      vertex 31.0576 -33.9368 0
      vertex 30.7983 -33.8246 0
    endloop
  endfacet
  facet normal -0.338644 0.940914 0
    outer loop
      vertex 32.7134 -33.8848 0
      vertex 32.4475 -33.9805 8
      vertex 32.7134 -33.8848 8
    endloop
  endfacet
  facet normal -0.338644 0.940914 0
    outer loop
      vertex 32.4475 -33.9805 8
      vertex 32.7134 -33.8848 0
      vertex 32.4475 -33.9805 0
    endloop
  endfacet
  facet normal 0.975937 -0.218055 0
    outer loop
      vertex 29.5975 -31.4678 8
      vertex 29.6591 -31.1921 0
      vertex 29.6591 -31.1921 8
    endloop
  endfacet
  facet normal 0.975937 -0.218055 0
    outer loop
      vertex 29.6591 -31.1921 0
      vertex 29.5975 -31.4678 8
      vertex 29.5975 -31.4678 0
    endloop
  endfacet
  facet normal -0.454138 0.890931 0
    outer loop
      vertex 32.9651 -33.7565 0
      vertex 32.7134 -33.8848 8
      vertex 32.9651 -33.7565 8
    endloop
  endfacet
  facet normal -0.454138 0.890931 0
    outer loop
      vertex 32.7134 -33.8848 8
      vertex 32.9651 -33.7565 0
      vertex 32.7134 -33.8848 0
    endloop
  endfacet
  facet normal -0.750117 0.661306 0
    outer loop
      vertex 33.4108 -33.4108 0
      vertex 33.5977 -33.1988 8
      vertex 33.5977 -33.1988 0
    endloop
  endfacet
  facet normal -0.750117 0.661306 0
    outer loop
      vertex 33.5977 -33.1988 8
      vertex 33.4108 -33.4108 0
      vertex 33.4108 -33.4108 8
    endloop
  endfacet
  facet normal -0.940914 0.338644 0
    outer loop
      vertex 33.8848 -32.7134 0
      vertex 33.9805 -32.4475 8
      vertex 33.9805 -32.4475 0
    endloop
  endfacet
  facet normal -0.940914 0.338644 0
    outer loop
      vertex 33.9805 -32.4475 8
      vertex 33.8848 -32.7134 0
      vertex 33.8848 -32.7134 8
    endloop
  endfacet
  facet normal 0.86063 0.50923 0
    outer loop
      vertex 29.9589 -33.0845 8
      vertex 29.815 -32.8413 0
      vertex 29.815 -32.8413 8
    endloop
  endfacet
  facet normal 0.86063 0.50923 0
    outer loop
      vertex 29.815 -32.8413 0
      vertex 29.9589 -33.0845 8
      vertex 29.9589 -33.0845 0
    endloop
  endfacet
  facet normal 0.96034 0.278831 0
    outer loop
      vertex 29.7028 -32.582 8
      vertex 29.624 -32.3106 0
      vertex 29.624 -32.3106 8
    endloop
  endfacet
  facet normal 0.96034 0.278831 0
    outer loop
      vertex 29.624 -32.3106 0
      vertex 29.7028 -32.582 8
      vertex 29.7028 -32.582 0
    endloop
  endfacet
  facet normal -0.50923 -0.86063 0
    outer loop
      vertex 32.8413 -29.815 0
      vertex 33.0845 -29.9589 8
      vertex 32.8413 -29.815 8
    endloop
  endfacet
  facet normal -0.50923 -0.86063 -0
    outer loop
      vertex 33.0845 -29.9589 8
      vertex 32.8413 -29.815 0
      vertex 33.0845 -29.9589 0
    endloop
  endfacet
  facet normal 0.094141 -0.995559 0
    outer loop
      vertex 31.4678 -29.5975 0
      vertex 31.7491 -29.5709 8
      vertex 31.4678 -29.5975 8
    endloop
  endfacet
  facet normal 0.094141 -0.995559 0
    outer loop
      vertex 31.7491 -29.5709 8
      vertex 31.4678 -29.5975 0
      vertex 31.7491 -29.5709 0
    endloop
  endfacet
  facet normal 0.156417 0.987691 -0
    outer loop
      vertex 31.6081 -34.0598 0
      vertex 31.329 -34.0156 8
      vertex 31.6081 -34.0598 8
    endloop
  endfacet
  facet normal 0.156417 0.987691 0
    outer loop
      vertex 31.329 -34.0156 8
      vertex 31.6081 -34.0598 0
      vertex 31.329 -34.0156 0
    endloop
  endfacet
  facet normal 0.707107 0.707107 0
    outer loop
      vertex 30.3319 -33.5076 8
      vertex 30.1321 -33.3078 0
      vertex 30.1321 -33.3078 8
    endloop
  endfacet
  facet normal 0.707107 0.707107 0
    outer loop
      vertex 30.1321 -33.3078 0
      vertex 30.3319 -33.5076 8
      vertex 30.3319 -33.5076 0
    endloop
  endfacet
  facet normal 0.612837 0.790209 -0
    outer loop
      vertex 30.5551 -33.6807 0
      vertex 30.3319 -33.5076 8
      vertex 30.5551 -33.6807 8
    endloop
  endfacet
  facet normal 0.612837 0.790209 0
    outer loop
      vertex 30.3319 -33.5076 8
      vertex 30.5551 -33.6807 0
      vertex 30.3319 -33.5076 0
    endloop
  endfacet
  facet normal 0.891075 -0.453857 0
    outer loop
      vertex 29.7549 -30.9262 8
      vertex 29.8831 -30.6745 0
      vertex 29.8831 -30.6745 8
    endloop
  endfacet
  facet normal 0.891075 -0.453857 0
    outer loop
      vertex 29.8831 -30.6745 0
      vertex 29.7549 -30.9262 8
      vertex 29.7549 -30.9262 0
    endloop
  endfacet
  facet normal 0.562271 -0.826953 0
    outer loop
      vertex 30.4408 -30.042 0
      vertex 30.6745 -29.8831 8
      vertex 30.4408 -30.042 8
    endloop
  endfacet
  facet normal 0.562271 -0.826953 0
    outer loop
      vertex 30.6745 -29.8831 8
      vertex 30.4408 -30.042 0
      vertex 30.6745 -29.8831 0
    endloop
  endfacet
  facet normal 0.999504 0.0314999 0
    outer loop
      vertex 29.5798 -32.0315 8
      vertex 29.5709 -31.7491 0
      vertex 29.5709 -31.7491 8
    endloop
  endfacet
  facet normal 0.999504 0.0314999 0
    outer loop
      vertex 29.5709 -31.7491 0
      vertex 29.5798 -32.0315 8
      vertex 29.5798 -32.0315 0
    endloop
  endfacet
  facet normal -0.661306 0.750117 0
    outer loop
      vertex 33.4108 -33.4108 0
      vertex 33.1988 -33.5977 8
      vertex 33.4108 -33.4108 8
    endloop
  endfacet
  facet normal -0.661306 0.750117 0
    outer loop
      vertex 33.1988 -33.5977 8
      vertex 33.4108 -33.4108 0
      vertex 33.1988 -33.5977 0
    endloop
  endfacet
  facet normal -0.0314999 -0.999504 0
    outer loop
      vertex 31.7491 -29.5709 0
      vertex 32.0315 -29.5798 8
      vertex 31.7491 -29.5709 8
    endloop
  endfacet
  facet normal -0.0314999 -0.999504 -0
    outer loop
      vertex 32.0315 -29.5798 8
      vertex 31.7491 -29.5709 0
      vertex 32.0315 -29.5798 0
    endloop
  endfacet
  facet normal 0.987691 0.156417 0
    outer loop
      vertex 29.624 -32.3106 8
      vertex 29.5798 -32.0315 0
      vertex 29.5798 -32.0315 8
    endloop
  endfacet
  facet normal 0.987691 0.156417 0
    outer loop
      vertex 29.5798 -32.0315 0
      vertex 29.624 -32.3106 8
      vertex 29.624 -32.3106 0
    endloop
  endfacet
  facet normal -0.397121 -0.917766 0
    outer loop
      vertex 32.582 -29.7028 0
      vertex 32.8413 -29.815 8
      vertex 32.582 -29.7028 8
    endloop
  endfacet
  facet normal -0.397121 -0.917766 -0
    outer loop
      vertex 32.8413 -29.815 8
      vertex 32.582 -29.7028 0
      vertex 32.8413 -29.815 0
    endloop
  endfacet
  facet normal -0.707107 -0.707107 0
    outer loop
      vertex 33.5076 -30.3319 0
      vertex 33.3078 -30.1321 8
      vertex 33.3078 -30.1321 0
    endloop
  endfacet
  facet normal -0.707107 -0.707107 0
    outer loop
      vertex 33.3078 -30.1321 8
      vertex 33.5076 -30.3319 0
      vertex 33.5076 -30.3319 8
    endloop
  endfacet
  facet normal -0.995559 0.094141 0
    outer loop
      vertex 34.0421 -32.1718 0
      vertex 34.0687 -31.8905 8
      vertex 34.0687 -31.8905 0
    endloop
  endfacet
  facet normal -0.995559 0.094141 0
    outer loop
      vertex 34.0687 -31.8905 8
      vertex 34.0421 -32.1718 0
      vertex 34.0421 -32.1718 8
    endloop
  endfacet
  facet normal 0.790171 0.612887 0
    outer loop
      vertex 30.1321 -33.3078 8
      vertex 29.9589 -33.0845 0
      vertex 29.9589 -33.0845 8
    endloop
  endfacet
  facet normal 0.790171 0.612887 0
    outer loop
      vertex 29.9589 -33.0845 0
      vertex 30.1321 -33.3078 8
      vertex 30.1321 -33.3078 0
    endloop
  endfacet
  facet normal 0.218055 -0.975937 0
    outer loop
      vertex 31.1921 -29.6591 0
      vertex 31.4678 -29.5975 8
      vertex 31.1921 -29.6591 8
    endloop
  endfacet
  facet normal 0.218055 -0.975937 0
    outer loop
      vertex 31.4678 -29.5975 8
      vertex 31.1921 -29.6591 0
      vertex 31.4678 -29.5975 0
    endloop
  endfacet
  facet normal 0.940802 -0.338958 0
    outer loop
      vertex 29.6591 -31.1921 8
      vertex 29.7549 -30.9262 0
      vertex 29.7549 -30.9262 8
    endloop
  endfacet
  facet normal 0.940802 -0.338958 0
    outer loop
      vertex 29.7549 -30.9262 0
      vertex 29.6591 -31.1921 8
      vertex 29.6591 -31.1921 0
    endloop
  endfacet
  facet normal -0.156417 -0.987691 0
    outer loop
      vertex 32.0315 -29.5798 0
      vertex 32.3106 -29.624 8
      vertex 32.0315 -29.5798 8
    endloop
  endfacet
  facet normal -0.156417 -0.987691 -0
    outer loop
      vertex 32.3106 -29.624 8
      vertex 32.0315 -29.5798 0
      vertex 32.3106 -29.624 0
    endloop
  endfacet
  facet normal -0.86063 -0.50923 0
    outer loop
      vertex 33.8246 -30.7983 0
      vertex 33.6807 -30.5551 8
      vertex 33.6807 -30.5551 0
    endloop
  endfacet
  facet normal -0.86063 -0.50923 0
    outer loop
      vertex 33.6807 -30.5551 8
      vertex 33.8246 -30.7983 0
      vertex 33.8246 -30.7983 8
    endloop
  endfacet
  facet normal -0.218055 0.975937 0
    outer loop
      vertex 32.4475 -33.9805 0
      vertex 32.1718 -34.0421 8
      vertex 32.4475 -33.9805 8
    endloop
  endfacet
  facet normal -0.218055 0.975937 0
    outer loop
      vertex 32.1718 -34.0421 8
      vertex 32.4475 -33.9805 0
      vertex 32.1718 -34.0421 0
    endloop
  endfacet
  facet normal -0.890931 0.454138 0
    outer loop
      vertex 33.7565 -32.9651 0
      vertex 33.8848 -32.7134 8
      vertex 33.8848 -32.7134 0
    endloop
  endfacet
  facet normal -0.890931 0.454138 0
    outer loop
      vertex 33.8848 -32.7134 8
      vertex 33.7565 -32.9651 0
      vertex 33.7565 -32.9651 8
    endloop
  endfacet
  facet normal 0.826953 -0.562271 0
    outer loop
      vertex 29.8831 -30.6745 8
      vertex 30.042 -30.4408 0
      vertex 30.042 -30.4408 8
    endloop
  endfacet
  facet normal 0.826953 -0.562271 0
    outer loop
      vertex 30.042 -30.4408 0
      vertex 29.8831 -30.6745 8
      vertex 29.8831 -30.6745 0
    endloop
  endfacet
  facet normal -0.094141 0.995559 0
    outer loop
      vertex 32.1718 -34.0421 0
      vertex 31.8905 -34.0687 8
      vertex 32.1718 -34.0421 8
    endloop
  endfacet
  facet normal -0.094141 0.995559 0
    outer loop
      vertex 31.8905 -34.0687 8
      vertex 32.1718 -34.0421 0
      vertex 31.8905 -34.0687 0
    endloop
  endfacet
  facet normal -0.96034 -0.278831 0
    outer loop
      vertex 34.0156 -31.329 0
      vertex 33.9368 -31.0576 8
      vertex 33.9368 -31.0576 0
    endloop
  endfacet
  facet normal -0.96034 -0.278831 0
    outer loop
      vertex 33.9368 -31.0576 8
      vertex 34.0156 -31.329 0
      vertex 34.0156 -31.329 8
    endloop
  endfacet
  facet normal 0.0314999 0.999504 -0
    outer loop
      vertex 31.8905 -34.0687 0
      vertex 31.6081 -34.0598 8
      vertex 31.8905 -34.0687 8
    endloop
  endfacet
  facet normal 0.0314999 0.999504 0
    outer loop
      vertex 31.6081 -34.0598 8
      vertex 31.8905 -34.0687 0
      vertex 31.6081 -34.0598 0
    endloop
  endfacet
  facet normal -0.790209 -0.612837 0
    outer loop
      vertex 33.6807 -30.5551 0
      vertex 33.5076 -30.3319 8
      vertex 33.5076 -30.3319 0
    endloop
  endfacet
  facet normal -0.790209 -0.612837 0
    outer loop
      vertex 33.5076 -30.3319 8
      vertex 33.6807 -30.5551 0
      vertex 33.6807 -30.5551 8
    endloop
  endfacet
  facet normal 0.453857 -0.891075 0
    outer loop
      vertex 30.6745 -29.8831 0
      vertex 30.9262 -29.7549 8
      vertex 30.6745 -29.8831 8
    endloop
  endfacet
  facet normal 0.453857 -0.891075 0
    outer loop
      vertex 30.9262 -29.7549 8
      vertex 30.6745 -29.8831 0
      vertex 30.9262 -29.7549 0
    endloop
  endfacet
  facet normal 0.995559 -0.094141 0
    outer loop
      vertex 29.5709 -31.7491 8
      vertex 29.5975 -31.4678 0
      vertex 29.5975 -31.4678 8
    endloop
  endfacet
  facet normal 0.995559 -0.094141 0
    outer loop
      vertex 29.5975 -31.4678 0
      vertex 29.5709 -31.7491 8
      vertex 29.5709 -31.7491 0
    endloop
  endfacet
  facet normal -0.999504 -0.0314999 0
    outer loop
      vertex 34.0687 -31.8905 0
      vertex 34.0598 -31.6081 8
      vertex 34.0598 -31.6081 0
    endloop
  endfacet
  facet normal -0.999504 -0.0314999 0
    outer loop
      vertex 34.0598 -31.6081 8
      vertex 34.0687 -31.8905 0
      vertex 34.0687 -31.8905 8
    endloop
  endfacet
  facet normal 0.917766 0.397121 0
    outer loop
      vertex 29.815 -32.8413 8
      vertex 29.7028 -32.582 0
      vertex 29.7028 -32.582 8
    endloop
  endfacet
  facet normal 0.917766 0.397121 0
    outer loop
      vertex 29.7028 -32.582 0
      vertex 29.815 -32.8413 8
      vertex 29.815 -32.8413 0
    endloop
  endfacet
  facet normal 0.750292 -0.661106 0
    outer loop
      vertex 30.042 -30.4408 8
      vertex 30.2288 -30.2288 0
      vertex 30.2288 -30.2288 8
    endloop
  endfacet
  facet normal 0.750292 -0.661106 0
    outer loop
      vertex 30.2288 -30.2288 0
      vertex 30.042 -30.4408 8
      vertex 30.042 -30.4408 0
    endloop
  endfacet
  facet normal 0.661106 -0.750292 0
    outer loop
      vertex 30.2288 -30.2288 0
      vertex 30.4408 -30.042 8
      vertex 30.2288 -30.2288 8
    endloop
  endfacet
  facet normal 0.661106 -0.750292 0
    outer loop
      vertex 30.4408 -30.042 8
      vertex 30.2288 -30.2288 0
      vertex 30.4408 -30.042 0
    endloop
  endfacet
  facet normal 0.278831 0.96034 -0
    outer loop
      vertex 31.329 -34.0156 0
      vertex 31.0576 -33.9368 8
      vertex 31.329 -34.0156 8
    endloop
  endfacet
  facet normal 0.278831 0.96034 0
    outer loop
      vertex 31.0576 -33.9368 8
      vertex 31.329 -34.0156 0
      vertex 31.0576 -33.9368 0
    endloop
  endfacet
  facet normal 0.951056 -0.309019 0
    outer loop
      vertex -9.87955 2.53664 30
      vertex -9.48372 3.75487 3
      vertex -9.48372 3.75487 30
    endloop
  endfacet
  facet normal 0.951056 -0.309019 0
    outer loop
      vertex -9.48372 3.75487 3
      vertex -9.87955 2.53664 30
      vertex -9.87955 2.53664 3
    endloop
  endfacet
  facet normal -0.844326 -0.53583 0
    outer loop
      vertex 8.93833 4.91389 3
      vertex 8.25197 5.99541 30
      vertex 8.25197 5.99541 3
    endloop
  endfacet
  facet normal -0.844326 -0.53583 0
    outer loop
      vertex 8.25197 5.99541 30
      vertex 8.93833 4.91389 3
      vertex 8.93833 4.91389 30
    endloop
  endfacet
  facet normal -0.587786 -0.809017 0
    outer loop
      vertex 5.46543 8.61214 3
      vertex 6.50172 7.85923 30
      vertex 5.46543 8.61214 30
    endloop
  endfacet
  facet normal -0.587786 -0.809017 -0
    outer loop
      vertex 6.50172 7.85923 30
      vertex 5.46543 8.61214 3
      vertex 6.50172 7.85923 3
    endloop
  endfacet
  facet normal -0.481761 -0.876303 0
    outer loop
      vertex 4.34295 9.22924 3
      vertex 5.46543 8.61214 30
      vertex 4.34295 9.22924 30
    endloop
  endfacet
  facet normal -0.481761 -0.876303 -0
    outer loop
      vertex 5.46543 8.61214 30
      vertex 4.34295 9.22924 3
      vertex 5.46543 8.61214 3
    endloop
  endfacet
  facet normal -0.770514 -0.637423 0
    outer loop
      vertex 8.25197 5.99541 3
      vertex 7.43548 6.98238 30
      vertex 7.43548 6.98238 3
    endloop
  endfacet
  facet normal -0.770514 -0.637423 0
    outer loop
      vertex 7.43548 6.98238 30
      vertex 8.25197 5.99541 3
      vertex 8.25197 5.99541 30
    endloop
  endfacet
  facet normal -0.904828 -0.425777 0
    outer loop
      vertex 9.48372 3.75487 3
      vertex 8.93833 4.91389 30
      vertex 8.93833 4.91389 3
    endloop
  endfacet
  facet normal -0.904828 -0.425777 0
    outer loop
      vertex 8.93833 4.91389 30
      vertex 9.48372 3.75487 3
      vertex 9.48372 3.75487 30
    endloop
  endfacet
  facet normal 0.684543 0.728972 -0
    outer loop
      vertex -6.50172 -7.85923 3
      vertex -7.43548 -6.98238 30
      vertex -6.50172 -7.85923 30
    endloop
  endfacet
  facet normal 0.684543 0.728972 0
    outer loop
      vertex -7.43548 -6.98238 30
      vertex -6.50172 -7.85923 3
      vertex -7.43548 -6.98238 3
    endloop
  endfacet
  facet normal -0.770514 0.637423 0
    outer loop
      vertex 7.43548 -6.98238 3
      vertex 8.25197 -5.99541 30
      vertex 8.25197 -5.99541 3
    endloop
  endfacet
  facet normal -0.770514 0.637423 0
    outer loop
      vertex 8.25197 -5.99541 30
      vertex 7.43548 -6.98238 3
      vertex 7.43548 -6.98238 30
    endloop
  endfacet
  facet normal -0.125667 0.992072 0
    outer loop
      vertex 1.91129 -10.0193 3
      vertex 1.84024 -10.0283 18.1883
      vertex 1.91129 -10.0193 18.3393
    endloop
  endfacet
  facet normal -0.125676 0.992071 -4.3594e-08
    outer loop
      vertex 1.91129 -10.0193 3
      vertex 1.69894 -10.0462 17.9657
      vertex 1.84024 -10.0283 18.1883
    endloop
  endfacet
  facet normal -0.125126 0.992141 7.88546e-06
    outer loop
      vertex 1.91129 -10.0193 3
      vertex 1.53083 -10.0674 17.7625
      vertex 1.69894 -10.0462 17.9657
    endloop
  endfacet
  facet normal -0.125407 0.992105 5.3451e-07
    outer loop
      vertex 1.91129 -10.0193 3
      vertex 1.33859 -10.0917 17.5819
      vertex 1.53083 -10.0674 17.7625
    endloop
  endfacet
  facet normal -0.125103 0.992144 1.26847e-05
    outer loop
      vertex 1.91129 -10.0193 3
      vertex 1.12524 -10.1186 17.4269
      vertex 1.33859 -10.0917 17.5819
    endloop
  endfacet
  facet normal -0.125353 0.992112 -1.16513e-06
    outer loop
      vertex 1.91129 -10.0193 3
      vertex 0.894136 -10.1478 17.2999
      vertex 1.12524 -10.1186 17.4269
    endloop
  endfacet
  facet normal -0.125426 0.992103 -6.45204e-06
    outer loop
      vertex 1.91129 -10.0193 3
      vertex 0.648935 -10.1788 17.2028
      vertex 0.894136 -10.1478 17.2999
    endloop
  endfacet
  facet normal -0.128682 0.991686 -0.000300531
    outer loop
      vertex 1.91129 -10.0193 3
      vertex 0.640463 -10.1799 17.2006
      vertex 0.648935 -10.1788 17.2028
    endloop
  endfacet
  facet normal -0.125377 0.992109 0
    outer loop
      vertex 0.640463 -10.1799 17.2006
      vertex 1.91129 -10.0193 3
      vertex 0.640463 -10.1799 3
    endloop
  endfacet
  facet normal -0.125377 0.992109 0
    outer loop
      vertex 1.91129 -10.0193 30
      vertex 0.640463 -10.1799 21.1994
      vertex 0.640463 -10.1799 30
    endloop
  endfacet
  facet normal -0.128637 0.991692 0.000478273
    outer loop
      vertex 1.91129 -10.0193 30
      vertex 0.648935 -10.1788 21.1972
      vertex 0.640463 -10.1799 21.1994
    endloop
  endfacet
  facet normal -0.125424 0.992103 1.01973e-05
    outer loop
      vertex 1.91129 -10.0193 30
      vertex 0.894136 -10.1478 21.1001
      vertex 0.648935 -10.1788 21.1972
    endloop
  endfacet
  facet normal -0.125352 0.992112 1.8303e-06
    outer loop
      vertex 1.91129 -10.0193 30
      vertex 1.12524 -10.1186 20.9731
      vertex 0.894136 -10.1478 21.1001
    endloop
  endfacet
  facet normal -0.125108 0.992143 -1.98213e-05
    outer loop
      vertex 1.91129 -10.0193 30
      vertex 1.33859 -10.0917 20.8181
      vertex 1.12524 -10.1186 20.9731
    endloop
  endfacet
  facet normal -0.125407 0.992105 -8.31463e-07
    outer loop
      vertex 1.91129 -10.0193 30
      vertex 1.53083 -10.0674 20.6375
      vertex 1.33859 -10.0917 20.8181
    endloop
  endfacet
  facet normal -0.125131 0.99214 -1.22206e-05
    outer loop
      vertex 1.91129 -10.0193 30
      vertex 1.69894 -10.0462 20.4343
      vertex 1.53083 -10.0674 20.6375
    endloop
  endfacet
  facet normal -0.125676 0.992071 6.73719e-08
    outer loop
      vertex 1.91129 -10.0193 30
      vertex 1.84024 -10.0283 20.2117
      vertex 1.69894 -10.0462 20.4343
    endloop
  endfacet
  facet normal -0.125667 0.992072 0
    outer loop
      vertex 1.84024 -10.0283 20.2117
      vertex 1.91129 -10.0193 30
      vertex 1.91129 -10.0193 20.0607
    endloop
  endfacet
  facet normal 0.998028 -0.0627671 0
    outer loop
      vertex -10.2 0 30
      vertex -10.1196 1.2784 3
      vertex -10.1196 1.2784 30
    endloop
  endfacet
  facet normal 0.998028 -0.0627671 0
    outer loop
      vertex -10.1196 1.2784 3
      vertex -10.2 0 30
      vertex -10.2 0 3
    endloop
  endfacet
  facet normal -0.684543 -0.728972 0
    outer loop
      vertex 6.50172 7.85923 3
      vertex 7.43548 6.98238 30
      vertex 6.50172 7.85923 30
    endloop
  endfacet
  facet normal -0.684543 -0.728972 -0
    outer loop
      vertex 7.43548 6.98238 30
      vertex 6.50172 7.85923 3
      vertex 7.43548 6.98238 3
    endloop
  endfacet
  facet normal 0.248666 -0.968589 0
    outer loop
      vertex -3.15197 9.70078 30
      vertex -1.91129 10.0193 20.0607
      vertex -1.91129 10.0193 30
    endloop
  endfacet
  facet normal 0.248883 -0.968534 2.88427e-05
    outer loop
      vertex -3.15197 9.70078 30
      vertex -1.95253 10.0087 19.9731
      vertex -1.91129 10.0193 20.0607
    endloop
  endfacet
  facet normal 0.24833 -0.968676 -4.16689e-05
    outer loop
      vertex -3.15197 9.70078 30
      vertex -2.03402 9.98782 19.7222
      vertex -1.95253 10.0087 19.9731
    endloop
  endfacet
  facet normal 0.248703 -0.96858 1.5409e-06
    outer loop
      vertex -3.15197 9.70078 30
      vertex -2.08344 9.97513 19.4632
      vertex -2.03402 9.98782 19.7222
    endloop
  endfacet
  facet normal 0.248649 -0.968594 -4.2157e-06
    outer loop
      vertex -3.15197 9.70078 30
      vertex -2.1 9.97088 19.2
      vertex -2.08344 9.97513 19.4632
    endloop
  endfacet
  facet normal 0.24869 -0.968583 0
    outer loop
      vertex -3.15197 9.70078 3
      vertex -2.1 9.97088 19.2
      vertex -3.15197 9.70078 30
    endloop
  endfacet
  facet normal 0.248639 -0.968596 3.52418e-06
    outer loop
      vertex -2.1 9.97088 19.2
      vertex -3.15197 9.70078 3
      vertex -2.08344 9.97513 18.9368
    endloop
  endfacet
  facet normal 0.248704 -0.968579 -1.15443e-06
    outer loop
      vertex -3.15197 9.70078 3
      vertex -2.03402 9.98782 18.6777
      vertex -2.08344 9.97513 18.9368
    endloop
  endfacet
  facet normal 0.248296 -0.968684 2.99029e-05
    outer loop
      vertex -3.15197 9.70078 3
      vertex -1.95253 10.0087 18.4269
      vertex -2.03402 9.98782 18.6777
    endloop
  endfacet
  facet normal 0.2489 -0.968529 -2.01776e-05
    outer loop
      vertex -3.15197 9.70078 3
      vertex -1.91129 10.0193 18.3393
      vertex -1.95253 10.0087 18.4269
    endloop
  endfacet
  facet normal 0.248666 -0.968589 0
    outer loop
      vertex -1.91129 10.0193 18.3393
      vertex -3.15197 9.70078 3
      vertex -1.91129 10.0193 3
    endloop
  endfacet
  facet normal 0.587786 0.809017 -0
    outer loop
      vertex -5.46543 -8.61214 3
      vertex -6.50172 -7.85923 30
      vertex -5.46543 -8.61214 30
    endloop
  endfacet
  facet normal 0.587786 0.809017 0
    outer loop
      vertex -6.50172 -7.85923 30
      vertex -5.46543 -8.61214 3
      vertex -6.50172 -7.85923 3
    endloop
  endfacet
  facet normal 0.998028 0.0627671 0
    outer loop
      vertex -10.1196 -1.2784 30
      vertex -10.2 0 3
      vertex -10.2 0 30
    endloop
  endfacet
  facet normal 0.998028 0.0627671 0
    outer loop
      vertex -10.2 0 3
      vertex -10.1196 -1.2784 30
      vertex -10.1196 -1.2784 3
    endloop
  endfacet
  facet normal -0.982283 -0.187402 0
    outer loop
      vertex 10.1196 1.2784 3
      vertex 9.87955 2.53664 30
      vertex 9.87955 2.53664 3
    endloop
  endfacet
  facet normal -0.982283 -0.187402 0
    outer loop
      vertex 9.87955 2.53664 30
      vertex 10.1196 1.2784 3
      vertex 10.1196 1.2784 30
    endloop
  endfacet
  facet normal -0.368123 -0.929777 0
    outer loop
      vertex 3.15197 9.70078 3
      vertex 4.34295 9.22924 30
      vertex 3.15197 9.70078 30
    endloop
  endfacet
  facet normal -0.368123 -0.929777 -0
    outer loop
      vertex 4.34295 9.22924 30
      vertex 3.15197 9.70078 3
      vertex 4.34295 9.22924 3
    endloop
  endfacet
  facet normal 0.844326 -0.53583 0
    outer loop
      vertex -8.93833 4.91389 30
      vertex -8.25197 5.99541 3
      vertex -8.25197 5.99541 30
    endloop
  endfacet
  facet normal 0.844326 -0.53583 0
    outer loop
      vertex -8.25197 5.99541 3
      vertex -8.93833 4.91389 30
      vertex -8.93833 4.91389 3
    endloop
  endfacet
  facet normal -0.998028 -0.0627671 0
    outer loop
      vertex 10.2 0 3
      vertex 10.1196 1.2784 30
      vertex 10.1196 1.2784 3
    endloop
  endfacet
  facet normal -0.998028 -0.0627671 0
    outer loop
      vertex 10.1196 1.2784 30
      vertex 10.2 0 3
      vertex 10.2 0 30
    endloop
  endfacet
  facet normal 0.951056 0.309019 0
    outer loop
      vertex -9.48372 -3.75487 30
      vertex -9.87955 -2.53664 3
      vertex -9.87955 -2.53664 30
    endloop
  endfacet
  facet normal 0.951056 0.309019 0
    outer loop
      vertex -9.87955 -2.53664 3
      vertex -9.48372 -3.75487 30
      vertex -9.48372 -3.75487 3
    endloop
  endfacet
  facet normal 0.684543 -0.728972 0
    outer loop
      vertex -7.43548 6.98238 3
      vertex -6.50172 7.85923 30
      vertex -7.43548 6.98238 30
    endloop
  endfacet
  facet normal 0.684543 -0.728972 0
    outer loop
      vertex -6.50172 7.85923 30
      vertex -7.43548 6.98238 3
      vertex -6.50172 7.85923 3
    endloop
  endfacet
  facet normal 0.587786 -0.809017 0
    outer loop
      vertex -6.50172 7.85923 3
      vertex -5.46543 8.61214 30
      vertex -6.50172 7.85923 30
    endloop
  endfacet
  facet normal 0.587786 -0.809017 0
    outer loop
      vertex -5.46543 8.61214 30
      vertex -6.50172 7.85923 3
      vertex -5.46543 8.61214 3
    endloop
  endfacet
  facet normal -0.998028 0.0627671 0
    outer loop
      vertex 10.1196 -1.2784 3
      vertex 10.2 0 30
      vertex 10.2 0 3
    endloop
  endfacet
  facet normal -0.998028 0.0627671 0
    outer loop
      vertex 10.2 0 30
      vertex 10.1196 -1.2784 3
      vertex 10.1196 -1.2784 30
    endloop
  endfacet
  facet normal 0.125667 -0.992072 0
    outer loop
      vertex -1.91129 10.0193 3
      vertex -1.84024 10.0283 18.1883
      vertex -1.91129 10.0193 18.3393
    endloop
  endfacet
  facet normal 0.125676 -0.992071 -4.3594e-08
    outer loop
      vertex -1.91129 10.0193 3
      vertex -1.69894 10.0462 17.9657
      vertex -1.84024 10.0283 18.1883
    endloop
  endfacet
  facet normal 0.125126 -0.992141 7.88546e-06
    outer loop
      vertex -1.91129 10.0193 3
      vertex -1.53083 10.0674 17.7625
      vertex -1.69894 10.0462 17.9657
    endloop
  endfacet
  facet normal 0.125407 -0.992105 5.3451e-07
    outer loop
      vertex -1.91129 10.0193 3
      vertex -1.33859 10.0917 17.5819
      vertex -1.53083 10.0674 17.7625
    endloop
  endfacet
  facet normal 0.125103 -0.992144 1.26847e-05
    outer loop
      vertex -1.91129 10.0193 3
      vertex -1.12524 10.1186 17.4269
      vertex -1.33859 10.0917 17.5819
    endloop
  endfacet
  facet normal 0.125353 -0.992112 -1.16513e-06
    outer loop
      vertex -1.91129 10.0193 3
      vertex -0.894136 10.1478 17.2999
      vertex -1.12524 10.1186 17.4269
    endloop
  endfacet
  facet normal 0.125426 -0.992103 -6.45204e-06
    outer loop
      vertex -1.91129 10.0193 3
      vertex -0.648935 10.1788 17.2028
      vertex -0.894136 10.1478 17.2999
    endloop
  endfacet
  facet normal 0.128682 -0.991686 -0.000300531
    outer loop
      vertex -1.91129 10.0193 3
      vertex -0.640463 10.1799 17.2006
      vertex -0.648935 10.1788 17.2028
    endloop
  endfacet
  facet normal 0.125377 -0.992109 0
    outer loop
      vertex -0.640463 10.1799 17.2006
      vertex -1.91129 10.0193 3
      vertex -0.640463 10.1799 3
    endloop
  endfacet
  facet normal 0.125377 -0.992109 0
    outer loop
      vertex -1.91129 10.0193 30
      vertex -0.640463 10.1799 21.1994
      vertex -0.640463 10.1799 30
    endloop
  endfacet
  facet normal 0.128637 -0.991692 0.000478273
    outer loop
      vertex -1.91129 10.0193 30
      vertex -0.648935 10.1788 21.1972
      vertex -0.640463 10.1799 21.1994
    endloop
  endfacet
  facet normal 0.125424 -0.992103 1.01973e-05
    outer loop
      vertex -1.91129 10.0193 30
      vertex -0.894136 10.1478 21.1001
      vertex -0.648935 10.1788 21.1972
    endloop
  endfacet
  facet normal 0.125352 -0.992112 1.8303e-06
    outer loop
      vertex -1.91129 10.0193 30
      vertex -1.12524 10.1186 20.9731
      vertex -0.894136 10.1478 21.1001
    endloop
  endfacet
  facet normal 0.125108 -0.992143 -1.98213e-05
    outer loop
      vertex -1.91129 10.0193 30
      vertex -1.33859 10.0917 20.8181
      vertex -1.12524 10.1186 20.9731
    endloop
  endfacet
  facet normal 0.125407 -0.992105 -8.31463e-07
    outer loop
      vertex -1.91129 10.0193 30
      vertex -1.53083 10.0674 20.6375
      vertex -1.33859 10.0917 20.8181
    endloop
  endfacet
  facet normal 0.125131 -0.99214 -1.22206e-05
    outer loop
      vertex -1.91129 10.0193 30
      vertex -1.69894 10.0462 20.4343
      vertex -1.53083 10.0674 20.6375
    endloop
  endfacet
  facet normal 0.125676 -0.992071 6.73719e-08
    outer loop
      vertex -1.91129 10.0193 30
      vertex -1.84024 10.0283 20.2117
      vertex -1.69894 10.0462 20.4343
    endloop
  endfacet
  facet normal 0.125667 -0.992072 0
    outer loop
      vertex -1.84024 10.0283 20.2117
      vertex -1.91129 10.0193 30
      vertex -1.91129 10.0193 20.0607
    endloop
  endfacet
  facet normal -0.982283 0.187402 0
    outer loop
      vertex 9.87955 -2.53664 3
      vertex 10.1196 -1.2784 30
      vertex 10.1196 -1.2784 3
    endloop
  endfacet
  facet normal -0.982283 0.187402 0
    outer loop
      vertex 10.1196 -1.2784 30
      vertex 9.87955 -2.53664 3
      vertex 9.87955 -2.53664 30
    endloop
  endfacet
  facet normal -0.951056 -0.309019 0
    outer loop
      vertex 9.87955 2.53664 3
      vertex 9.48372 3.75487 30
      vertex 9.48372 3.75487 3
    endloop
  endfacet
  facet normal -0.951056 -0.309019 0
    outer loop
      vertex 9.48372 3.75487 30
      vertex 9.87955 2.53664 3
      vertex 9.87955 2.53664 30
    endloop
  endfacet
  facet normal 0 1 0
    outer loop
      vertex 0.13186 -10.1799 17.1041
      vertex 0.640463 -10.1799 3
      vertex -0.13186 -10.1799 17.1041
    endloop
  endfacet
  facet normal 0 1 0
    outer loop
      vertex 0.3935 -10.1799 17.1372
      vertex 0.640463 -10.1799 3
      vertex 0.13186 -10.1799 17.1041
    endloop
  endfacet
  facet normal 0 1 -0
    outer loop
      vertex 0.640463 -10.1799 3
      vertex 0.3935 -10.1799 17.1372
      vertex 0.640463 -10.1799 17.2006
    endloop
  endfacet
  facet normal 0 1 0
    outer loop
      vertex -0.640463 -10.1799 3
      vertex -0.13186 -10.1799 17.1041
      vertex 0.640463 -10.1799 3
    endloop
  endfacet
  facet normal 0 1 0
    outer loop
      vertex -0.13186 -10.1799 17.1041
      vertex -0.640463 -10.1799 3
      vertex -0.3935 -10.1799 17.1372
    endloop
  endfacet
  facet normal 0 1 0
    outer loop
      vertex -0.3935 -10.1799 17.1372
      vertex -0.640463 -10.1799 3
      vertex -0.640463 -10.1799 17.2006
    endloop
  endfacet
  facet normal 0 1 0
    outer loop
      vertex 0.640463 -10.1799 30
      vertex 0.13186 -10.1799 21.2959
      vertex -0.640463 -10.1799 30
    endloop
  endfacet
  facet normal 0 1 0
    outer loop
      vertex 0.640463 -10.1799 30
      vertex 0.3935 -10.1799 21.2628
      vertex 0.13186 -10.1799 21.2959
    endloop
  endfacet
  facet normal -0 1 0
    outer loop
      vertex 0.3935 -10.1799 21.2628
      vertex 0.640463 -10.1799 30
      vertex 0.640463 -10.1799 21.1994
    endloop
  endfacet
  facet normal 0 1 -0
    outer loop
      vertex -0.13186 -10.1799 21.2959
      vertex -0.640463 -10.1799 30
      vertex 0.13186 -10.1799 21.2959
    endloop
  endfacet
  facet normal 0 1 -0
    outer loop
      vertex -0.3935 -10.1799 21.2628
      vertex -0.640463 -10.1799 30
      vertex -0.13186 -10.1799 21.2959
    endloop
  endfacet
  facet normal 0 1 0
    outer loop
      vertex -0.640463 -10.1799 30
      vertex -0.3935 -10.1799 21.2628
      vertex -0.640463 -10.1799 21.1994
    endloop
  endfacet
  facet normal 0.844326 0.53583 0
    outer loop
      vertex -8.25197 -5.99541 30
      vertex -8.93833 -4.91389 3
      vertex -8.93833 -4.91389 30
    endloop
  endfacet
  facet normal 0.844326 0.53583 0
    outer loop
      vertex -8.93833 -4.91389 3
      vertex -8.25197 -5.99541 30
      vertex -8.25197 -5.99541 3
    endloop
  endfacet
  facet normal 0.982283 0.187402 0
    outer loop
      vertex -9.87955 -2.53664 30
      vertex -10.1196 -1.2784 3
      vertex -10.1196 -1.2784 30
    endloop
  endfacet
  facet normal 0.982283 0.187402 0
    outer loop
      vertex -10.1196 -1.2784 3
      vertex -9.87955 -2.53664 30
      vertex -9.87955 -2.53664 3
    endloop
  endfacet
  facet normal -0.844326 0.53583 0
    outer loop
      vertex 8.25197 -5.99541 3
      vertex 8.93833 -4.91389 30
      vertex 8.93833 -4.91389 3
    endloop
  endfacet
  facet normal -0.844326 0.53583 0
    outer loop
      vertex 8.93833 -4.91389 30
      vertex 8.25197 -5.99541 3
      vertex 8.25197 -5.99541 30
    endloop
  endfacet
  facet normal -0.587786 0.809017 0
    outer loop
      vertex 6.50172 -7.85923 3
      vertex 5.46543 -8.61214 30
      vertex 6.50172 -7.85923 30
    endloop
  endfacet
  facet normal -0.587786 0.809017 0
    outer loop
      vertex 5.46543 -8.61214 30
      vertex 6.50172 -7.85923 3
      vertex 5.46543 -8.61214 3
    endloop
  endfacet
  facet normal 0.368123 0.929777 -0
    outer loop
      vertex -3.15197 -9.70078 3
      vertex -4.34295 -9.22924 30
      vertex -3.15197 -9.70078 30
    endloop
  endfacet
  facet normal 0.368123 0.929777 0
    outer loop
      vertex -4.34295 -9.22924 30
      vertex -3.15197 -9.70078 3
      vertex -4.34295 -9.22924 3
    endloop
  endfacet
  facet normal -0.684543 0.728972 0
    outer loop
      vertex 7.43548 -6.98238 3
      vertex 6.50172 -7.85923 30
      vertex 7.43548 -6.98238 30
    endloop
  endfacet
  facet normal -0.684543 0.728972 0
    outer loop
      vertex 6.50172 -7.85923 30
      vertex 7.43548 -6.98238 3
      vertex 6.50172 -7.85923 3
    endloop
  endfacet
  facet normal -0.481761 0.876303 0
    outer loop
      vertex 5.46543 -8.61214 3
      vertex 4.34295 -9.22924 30
      vertex 5.46543 -8.61214 30
    endloop
  endfacet
  facet normal -0.481761 0.876303 0
    outer loop
      vertex 4.34295 -9.22924 30
      vertex 5.46543 -8.61214 3
      vertex 4.34295 -9.22924 3
    endloop
  endfacet
  facet normal 0.368123 -0.929777 0
    outer loop
      vertex -4.34295 9.22924 3
      vertex -3.15197 9.70078 30
      vertex -4.34295 9.22924 30
    endloop
  endfacet
  facet normal 0.368123 -0.929777 0
    outer loop
      vertex -3.15197 9.70078 30
      vertex -4.34295 9.22924 3
      vertex -3.15197 9.70078 3
    endloop
  endfacet
  facet normal -0.951056 0.309019 0
    outer loop
      vertex 9.48372 -3.75487 3
      vertex 9.87955 -2.53664 30
      vertex 9.87955 -2.53664 3
    endloop
  endfacet
  facet normal -0.951056 0.309019 0
    outer loop
      vertex 9.87955 -2.53664 30
      vertex 9.48372 -3.75487 3
      vertex 9.48372 -3.75487 30
    endloop
  endfacet
  facet normal 0.904828 0.425777 0
    outer loop
      vertex -8.93833 -4.91389 30
      vertex -9.48372 -3.75487 3
      vertex -9.48372 -3.75487 30
    endloop
  endfacet
  facet normal 0.904828 0.425777 0
    outer loop
      vertex -9.48372 -3.75487 3
      vertex -8.93833 -4.91389 30
      vertex -8.93833 -4.91389 3
    endloop
  endfacet
  facet normal -0.368123 0.929777 0
    outer loop
      vertex 4.34295 -9.22924 3
      vertex 3.15197 -9.70078 30
      vertex 4.34295 -9.22924 30
    endloop
  endfacet
  facet normal -0.368123 0.929777 0
    outer loop
      vertex 3.15197 -9.70078 30
      vertex 4.34295 -9.22924 3
      vertex 3.15197 -9.70078 3
    endloop
  endfacet
  facet normal -0.904828 0.425777 0
    outer loop
      vertex 8.93833 -4.91389 3
      vertex 9.48372 -3.75487 30
      vertex 9.48372 -3.75487 3
    endloop
  endfacet
  facet normal -0.904828 0.425777 0
    outer loop
      vertex 9.48372 -3.75487 30
      vertex 8.93833 -4.91389 3
      vertex 8.93833 -4.91389 30
    endloop
  endfacet
  facet normal -0.248666 -0.968589 0
    outer loop
      vertex 1.91129 10.0193 20.0607
      vertex 3.15197 9.70078 30
      vertex 1.91129 10.0193 30
    endloop
  endfacet
  facet normal -0.248883 -0.968534 2.88427e-05
    outer loop
      vertex 1.95253 10.0087 19.9731
      vertex 3.15197 9.70078 30
      vertex 1.91129 10.0193 20.0607
    endloop
  endfacet
  facet normal -0.24833 -0.968676 -4.16689e-05
    outer loop
      vertex 2.03402 9.98782 19.7222
      vertex 3.15197 9.70078 30
      vertex 1.95253 10.0087 19.9731
    endloop
  endfacet
  facet normal -0.248703 -0.96858 1.5409e-06
    outer loop
      vertex 2.08344 9.97513 19.4632
      vertex 3.15197 9.70078 30
      vertex 2.03402 9.98782 19.7222
    endloop
  endfacet
  facet normal -0.248649 -0.968594 -4.2157e-06
    outer loop
      vertex 2.1 9.97088 19.2
      vertex 3.15197 9.70078 30
      vertex 2.08344 9.97513 19.4632
    endloop
  endfacet
  facet normal -0.248639 -0.968596 3.52418e-06
    outer loop
      vertex 3.15197 9.70078 3
      vertex 2.1 9.97088 19.2
      vertex 2.08344 9.97513 18.9368
    endloop
  endfacet
  facet normal -0.248666 -0.968589 0
    outer loop
      vertex 3.15197 9.70078 3
      vertex 1.91129 10.0193 18.3393
      vertex 1.91129 10.0193 3
    endloop
  endfacet
  facet normal -0.2489 -0.968529 -2.01776e-05
    outer loop
      vertex 1.91129 10.0193 18.3393
      vertex 3.15197 9.70078 3
      vertex 1.95253 10.0087 18.4269
    endloop
  endfacet
  facet normal -0.248296 -0.968684 2.99029e-05
    outer loop
      vertex 1.95253 10.0087 18.4269
      vertex 3.15197 9.70078 3
      vertex 2.03402 9.98782 18.6777
    endloop
  endfacet
  facet normal -0.248704 -0.968579 -1.15443e-06
    outer loop
      vertex 2.03402 9.98782 18.6777
      vertex 3.15197 9.70078 3
      vertex 2.08344 9.97513 18.9368
    endloop
  endfacet
  facet normal -0.24869 -0.968583 0
    outer loop
      vertex 2.1 9.97088 19.2
      vertex 3.15197 9.70078 3
      vertex 3.15197 9.70078 30
    endloop
  endfacet
  facet normal 0.770514 0.637423 0
    outer loop
      vertex -7.43548 -6.98238 30
      vertex -8.25197 -5.99541 3
      vertex -8.25197 -5.99541 30
    endloop
  endfacet
  facet normal 0.770514 0.637423 0
    outer loop
      vertex -8.25197 -5.99541 3
      vertex -7.43548 -6.98238 30
      vertex -7.43548 -6.98238 3
    endloop
  endfacet
  facet normal 0 -1 -0
    outer loop
      vertex -0.13186 10.1799 17.1041
      vertex -0.640463 10.1799 3
      vertex 0.13186 10.1799 17.1041
    endloop
  endfacet
  facet normal 0 -1 -0
    outer loop
      vertex -0.3935 10.1799 17.1372
      vertex -0.640463 10.1799 3
      vertex -0.13186 10.1799 17.1041
    endloop
  endfacet
  facet normal 0 -1 0
    outer loop
      vertex -0.640463 10.1799 3
      vertex -0.3935 10.1799 17.1372
      vertex -0.640463 10.1799 17.2006
    endloop
  endfacet
  facet normal 0 -1 0
    outer loop
      vertex 0.640463 10.1799 3
      vertex 0.13186 10.1799 17.1041
      vertex -0.640463 10.1799 3
    endloop
  endfacet
  facet normal 0 -1 0
    outer loop
      vertex 0.13186 10.1799 17.1041
      vertex 0.640463 10.1799 3
      vertex 0.3935 10.1799 17.1372
    endloop
  endfacet
  facet normal 0 -1 0
    outer loop
      vertex 0.3935 10.1799 17.1372
      vertex 0.640463 10.1799 3
      vertex 0.640463 10.1799 17.2006
    endloop
  endfacet
  facet normal 0 -1 0
    outer loop
      vertex -0.640463 10.1799 30
      vertex -0.13186 10.1799 21.2959
      vertex 0.640463 10.1799 30
    endloop
  endfacet
  facet normal 0 -1 0
    outer loop
      vertex -0.640463 10.1799 30
      vertex -0.3935 10.1799 21.2628
      vertex -0.13186 10.1799 21.2959
    endloop
  endfacet
  facet normal -0 -1 0
    outer loop
      vertex -0.3935 10.1799 21.2628
      vertex -0.640463 10.1799 30
      vertex -0.640463 10.1799 21.1994
    endloop
  endfacet
  facet normal 0 -1 0
    outer loop
      vertex 0.13186 10.1799 21.2959
      vertex 0.640463 10.1799 30
      vertex -0.13186 10.1799 21.2959
    endloop
  endfacet
  facet normal 0 -1 0
    outer loop
      vertex 0.3935 10.1799 21.2628
      vertex 0.640463 10.1799 30
      vertex 0.13186 10.1799 21.2959
    endloop
  endfacet
  facet normal 0 -1 -0
    outer loop
      vertex 0.640463 10.1799 30
      vertex 0.3935 10.1799 21.2628
      vertex 0.640463 10.1799 21.1994
    endloop
  endfacet
  facet normal 0.248666 0.968589 -0
    outer loop
      vertex -1.91129 -10.0193 20.0607
      vertex -3.15197 -9.70078 30
      vertex -1.91129 -10.0193 30
    endloop
  endfacet
  facet normal 0.248883 0.968534 2.88427e-05
    outer loop
      vertex -1.95253 -10.0087 19.9731
      vertex -3.15197 -9.70078 30
      vertex -1.91129 -10.0193 20.0607
    endloop
  endfacet
  facet normal 0.24833 0.968676 -4.16689e-05
    outer loop
      vertex -2.03402 -9.98782 19.7222
      vertex -3.15197 -9.70078 30
      vertex -1.95253 -10.0087 19.9731
    endloop
  endfacet
  facet normal 0.248703 0.96858 1.5409e-06
    outer loop
      vertex -2.08344 -9.97513 19.4632
      vertex -3.15197 -9.70078 30
      vertex -2.03402 -9.98782 19.7222
    endloop
  endfacet
  facet normal 0.248649 0.968594 -4.2157e-06
    outer loop
      vertex -2.1 -9.97088 19.2
      vertex -3.15197 -9.70078 30
      vertex -2.08344 -9.97513 19.4632
    endloop
  endfacet
  facet normal 0.248639 0.968596 3.52418e-06
    outer loop
      vertex -3.15197 -9.70078 3
      vertex -2.1 -9.97088 19.2
      vertex -2.08344 -9.97513 18.9368
    endloop
  endfacet
  facet normal 0.248666 0.968589 0
    outer loop
      vertex -3.15197 -9.70078 3
      vertex -1.91129 -10.0193 18.3393
      vertex -1.91129 -10.0193 3
    endloop
  endfacet
  facet normal 0.2489 0.968529 -2.01776e-05
    outer loop
      vertex -1.91129 -10.0193 18.3393
      vertex -3.15197 -9.70078 3
      vertex -1.95253 -10.0087 18.4269
    endloop
  endfacet
  facet normal 0.248296 0.968684 2.99029e-05
    outer loop
      vertex -1.95253 -10.0087 18.4269
      vertex -3.15197 -9.70078 3
      vertex -2.03402 -9.98782 18.6777
    endloop
  endfacet
  facet normal 0.248704 0.968579 -1.15443e-06
    outer loop
      vertex -2.03402 -9.98782 18.6777
      vertex -3.15197 -9.70078 3
      vertex -2.08344 -9.97513 18.9368
    endloop
  endfacet
  facet normal 0.24869 0.968583 0
    outer loop
      vertex -2.1 -9.97088 19.2
      vertex -3.15197 -9.70078 3
      vertex -3.15197 -9.70078 30
    endloop
  endfacet
  facet normal 0.481761 0.876303 -0
    outer loop
      vertex -4.34295 -9.22924 3
      vertex -5.46543 -8.61214 30
      vertex -4.34295 -9.22924 30
    endloop
  endfacet
  facet normal 0.481761 0.876303 0
    outer loop
      vertex -5.46543 -8.61214 30
      vertex -4.34295 -9.22924 3
      vertex -5.46543 -8.61214 3
    endloop
  endfacet
  facet normal 0.481761 -0.876303 0
    outer loop
      vertex -5.46543 8.61214 3
      vertex -4.34295 9.22924 30
      vertex -5.46543 8.61214 30
    endloop
  endfacet
  facet normal 0.481761 -0.876303 0
    outer loop
      vertex -4.34295 9.22924 30
      vertex -5.46543 8.61214 3
      vertex -4.34295 9.22924 3
    endloop
  endfacet
  facet normal -0.248666 0.968589 0
    outer loop
      vertex 3.15197 -9.70078 30
      vertex 1.91129 -10.0193 20.0607
      vertex 1.91129 -10.0193 30
    endloop
  endfacet
  facet normal -0.248883 0.968534 2.88427e-05
    outer loop
      vertex 3.15197 -9.70078 30
      vertex 1.95253 -10.0087 19.9731
      vertex 1.91129 -10.0193 20.0607
    endloop
  endfacet
  facet normal -0.24833 0.968676 -4.16689e-05
    outer loop
      vertex 3.15197 -9.70078 30
      vertex 2.03402 -9.98782 19.7222
      vertex 1.95253 -10.0087 19.9731
    endloop
  endfacet
  facet normal -0.248703 0.96858 1.5409e-06
    outer loop
      vertex 3.15197 -9.70078 30
      vertex 2.08344 -9.97513 19.4632
      vertex 2.03402 -9.98782 19.7222
    endloop
  endfacet
  facet normal -0.248649 0.968594 -4.2157e-06
    outer loop
      vertex 3.15197 -9.70078 30
      vertex 2.1 -9.97088 19.2
      vertex 2.08344 -9.97513 19.4632
    endloop
  endfacet
  facet normal -0.24869 0.968583 0
    outer loop
      vertex 3.15197 -9.70078 3
      vertex 2.1 -9.97088 19.2
      vertex 3.15197 -9.70078 30
    endloop
  endfacet
  facet normal -0.248639 0.968596 3.52418e-06
    outer loop
      vertex 2.1 -9.97088 19.2
      vertex 3.15197 -9.70078 3
      vertex 2.08344 -9.97513 18.9368
    endloop
  endfacet
  facet normal -0.248704 0.968579 -1.15443e-06
    outer loop
      vertex 3.15197 -9.70078 3
      vertex 2.03402 -9.98782 18.6777
      vertex 2.08344 -9.97513 18.9368
    endloop
  endfacet
  facet normal -0.248296 0.968684 2.99029e-05
    outer loop
      vertex 3.15197 -9.70078 3
      vertex 1.95253 -10.0087 18.4269
      vertex 2.03402 -9.98782 18.6777
    endloop
  endfacet
  facet normal -0.2489 0.968529 -2.01776e-05
    outer loop
      vertex 3.15197 -9.70078 3
      vertex 1.91129 -10.0193 18.3393
      vertex 1.95253 -10.0087 18.4269
    endloop
  endfacet
  facet normal -0.248666 0.968589 0
    outer loop
      vertex 1.91129 -10.0193 18.3393
      vertex 3.15197 -9.70078 3
      vertex 1.91129 -10.0193 3
    endloop
  endfacet
  facet normal 0.904828 -0.425777 0
    outer loop
      vertex -9.48372 3.75487 30
      vertex -8.93833 4.91389 3
      vertex -8.93833 4.91389 30
    endloop
  endfacet
  facet normal 0.904828 -0.425777 0
    outer loop
      vertex -8.93833 4.91389 3
      vertex -9.48372 3.75487 30
      vertex -9.48372 3.75487 3
    endloop
  endfacet
  facet normal 0 0 1
    outer loop
      vertex 10.1196 1.2784 3
      vertex 10.1196 -1.2784 3
      vertex 10.2 0 3
    endloop
  endfacet
  facet normal 0 0 1
    outer loop
      vertex 9.87955 2.53664 3
      vertex 10.1196 -1.2784 3
      vertex 10.1196 1.2784 3
    endloop
  endfacet
  facet normal 0 0 1
    outer loop
      vertex 9.87955 2.53664 3
      vertex 9.87955 -2.53664 3
      vertex 10.1196 -1.2784 3
    endloop
  endfacet
  facet normal 0 0 1
    outer loop
      vertex 9.48372 3.75487 3
      vertex 9.87955 -2.53664 3
      vertex 9.87955 2.53664 3
    endloop
  endfacet
  facet normal 0 0 1
    outer loop
      vertex 9.48372 3.75487 3
      vertex 9.48372 -3.75487 3
      vertex 9.87955 -2.53664 3
    endloop
  endfacet
  facet normal 0 0 1
    outer loop
      vertex 8.93833 4.91389 3
      vertex 9.48372 -3.75487 3
      vertex 9.48372 3.75487 3
    endloop
  endfacet
  facet normal 0 0 1
    outer loop
      vertex 8.93833 4.91389 3
      vertex 8.93833 -4.91389 3
      vertex 9.48372 -3.75487 3
    endloop
  endfacet
  facet normal 0 0 1
    outer loop
      vertex 8.25197 5.99541 3
      vertex 8.93833 -4.91389 3
      vertex 8.93833 4.91389 3
    endloop
  endfacet
  facet normal 0 0 1
    outer loop
      vertex 8.25197 5.99541 3
      vertex 8.25197 -5.99541 3
      vertex 8.93833 -4.91389 3
    endloop
  endfacet
  facet normal 0 0 1
    outer loop
      vertex 7.43548 6.98238 3
      vertex 8.25197 -5.99541 3
      vertex 8.25197 5.99541 3
    endloop
  endfacet
  facet normal 0 0 1
    outer loop
      vertex 7.43548 6.98238 3
      vertex 7.43548 -6.98238 3
      vertex 8.25197 -5.99541 3
    endloop
  endfacet
  facet normal 0 0 1
    outer loop
      vertex 6.50172 7.85923 3
      vertex 7.43548 -6.98238 3
      vertex 7.43548 6.98238 3
    endloop
  endfacet
  facet normal 0 0 1
    outer loop
      vertex 6.50172 7.85923 3
      vertex 6.50172 -7.85923 3
      vertex 7.43548 -6.98238 3
    endloop
  endfacet
  facet normal 0 0 1
    outer loop
      vertex 5.46543 8.61214 3
      vertex 6.50172 -7.85923 3
      vertex 6.50172 7.85923 3
    endloop
  endfacet
  facet normal 0 0 1
    outer loop
      vertex 5.46543 8.61214 3
      vertex 5.46543 -8.61214 3
      vertex 6.50172 -7.85923 3
    endloop
  endfacet
  facet normal 0 0 1
    outer loop
      vertex 4.34295 9.22924 3
      vertex 5.46543 -8.61214 3
      vertex 5.46543 8.61214 3
    endloop
  endfacet
  facet normal 0 0 1
    outer loop
      vertex 4.34295 9.22924 3
      vertex 4.34295 -9.22924 3
      vertex 5.46543 -8.61214 3
    endloop
  endfacet
  facet normal 0 0 1
    outer loop
      vertex 3.15197 9.70078 3
      vertex 4.34295 -9.22924 3
      vertex 4.34295 9.22924 3
    endloop
  endfacet
  facet normal 0 0 1
    outer loop
      vertex 3.15197 9.70078 3
      vertex 3.15197 -9.70078 3
      vertex 4.34295 -9.22924 3
    endloop
  endfacet
  facet normal 0 0 1
    outer loop
      vertex 1.91129 10.0193 3
      vertex 3.15197 -9.70078 3
      vertex 3.15197 9.70078 3
    endloop
  endfacet
  facet normal 0 0 1
    outer loop
      vertex 1.91129 10.0193 3
      vertex 1.91129 -10.0193 3
      vertex 3.15197 -9.70078 3
    endloop
  endfacet
  facet normal 0 0 1
    outer loop
      vertex 0.640463 10.1799 3
      vertex 1.91129 -10.0193 3
      vertex 1.91129 10.0193 3
    endloop
  endfacet
  facet normal 0 0 1
    outer loop
      vertex 0.640463 10.1799 3
      vertex 0.640463 -10.1799 3
      vertex 1.91129 -10.0193 3
    endloop
  endfacet
  facet normal -0 0 1
    outer loop
      vertex -0.640463 10.1799 3
      vertex 0.640463 -10.1799 3
      vertex 0.640463 10.1799 3
    endloop
  endfacet
  facet normal 0 0 1
    outer loop
      vertex -0.640463 10.1799 3
      vertex -0.640463 -10.1799 3
      vertex 0.640463 -10.1799 3
    endloop
  endfacet
  facet normal -0 0 1
    outer loop
      vertex -1.91129 10.0193 3
      vertex -0.640463 -10.1799 3
      vertex -0.640463 10.1799 3
    endloop
  endfacet
  facet normal 0 0 1
    outer loop
      vertex -1.91129 10.0193 3
      vertex -1.91129 -10.0193 3
      vertex -0.640463 -10.1799 3
    endloop
  endfacet
  facet normal -0 0 1
    outer loop
      vertex -3.15197 9.70078 3
      vertex -1.91129 -10.0193 3
      vertex -1.91129 10.0193 3
    endloop
  endfacet
  facet normal 0 0 1
    outer loop
      vertex -3.15197 9.70078 3
      vertex -3.15197 -9.70078 3
      vertex -1.91129 -10.0193 3
    endloop
  endfacet
  facet normal -0 0 1
    outer loop
      vertex -4.34295 9.22924 3
      vertex -3.15197 -9.70078 3
      vertex -3.15197 9.70078 3
    endloop
  endfacet
  facet normal 0 0 1
    outer loop
      vertex -4.34295 9.22924 3
      vertex -4.34295 -9.22924 3
      vertex -3.15197 -9.70078 3
    endloop
  endfacet
  facet normal -0 0 1
    outer loop
      vertex -5.46543 8.61214 3
      vertex -4.34295 -9.22924 3
      vertex -4.34295 9.22924 3
    endloop
  endfacet
  facet normal 0 0 1
    outer loop
      vertex -5.46543 8.61214 3
      vertex -5.46543 -8.61214 3
      vertex -4.34295 -9.22924 3
    endloop
  endfacet
  facet normal -0 0 1
    outer loop
      vertex -6.50172 7.85923 3
      vertex -5.46543 -8.61214 3
      vertex -5.46543 8.61214 3
    endloop
  endfacet
  facet normal 0 0 1
    outer loop
      vertex -6.50172 7.85923 3
      vertex -6.50172 -7.85923 3
      vertex -5.46543 -8.61214 3
    endloop
  endfacet
  facet normal -0 0 1
    outer loop
      vertex -7.43548 6.98238 3
      vertex -6.50172 -7.85923 3
      vertex -6.50172 7.85923 3
    endloop
  endfacet
  facet normal 0 0 1
    outer loop
      vertex -7.43548 6.98238 3
      vertex -7.43548 -6.98238 3
      vertex -6.50172 -7.85923 3
    endloop
  endfacet
  facet normal -0 0 1
    outer loop
      vertex -8.25197 5.99541 3
      vertex -7.43548 -6.98238 3
      vertex -7.43548 6.98238 3
    endloop
  endfacet
  facet normal 0 0 1
    outer loop
      vertex -8.25197 5.99541 3
      vertex -8.25197 -5.99541 3
      vertex -7.43548 -6.98238 3
    endloop
  endfacet
  facet normal -0 0 1
    outer loop
      vertex -8.93833 4.91389 3
      vertex -8.25197 -5.99541 3
      vertex -8.25197 5.99541 3
    endloop
  endfacet
  facet normal 0 0 1
    outer loop
      vertex -8.93833 4.91389 3
      vertex -8.93833 -4.91389 3
      vertex -8.25197 -5.99541 3
    endloop
  endfacet
  facet normal -0 0 1
    outer loop
      vertex -9.48372 3.75487 3
      vertex -8.93833 -4.91389 3
      vertex -8.93833 4.91389 3
    endloop
  endfacet
  facet normal 0 0 1
    outer loop
      vertex -9.48372 3.75487 3
      vertex -9.48372 -3.75487 3
      vertex -8.93833 -4.91389 3
    endloop
  endfacet
  facet normal -0 0 1
    outer loop
      vertex -9.87955 2.53664 3
      vertex -9.48372 -3.75487 3
      vertex -9.48372 3.75487 3
    endloop
  endfacet
  facet normal 0 0 1
    outer loop
      vertex -9.87955 2.53664 3
      vertex -9.87955 -2.53664 3
      vertex -9.48372 -3.75487 3
    endloop
  endfacet
  facet normal -0 0 1
    outer loop
      vertex -10.1196 1.2784 3
      vertex -9.87955 -2.53664 3
      vertex -9.87955 2.53664 3
    endloop
  endfacet
  facet normal 0 0 1
    outer loop
      vertex -10.1196 1.2784 3
      vertex -10.1196 -1.2784 3
      vertex -9.87955 -2.53664 3
    endloop
  endfacet
  facet normal 0 -0 1
    outer loop
      vertex -10.1196 -1.2784 3
      vertex -10.1196 1.2784 3
      vertex -10.2 0 3
    endloop
  endfacet
  facet normal 0.770514 -0.637423 0
    outer loop
      vertex -8.25197 5.99541 30
      vertex -7.43548 6.98238 3
      vertex -7.43548 6.98238 30
    endloop
  endfacet
  facet normal 0.770514 -0.637423 0
    outer loop
      vertex -7.43548 6.98238 3
      vertex -8.25197 5.99541 30
      vertex -8.25197 5.99541 3
    endloop
  endfacet
  facet normal 0.125377 0.992109 0
    outer loop
      vertex -1.91129 -10.0193 3
      vertex -0.640463 -10.1799 17.2006
      vertex -0.640463 -10.1799 3
    endloop
  endfacet
  facet normal 0.128682 0.991686 -0.000300531
    outer loop
      vertex -0.640463 -10.1799 17.2006
      vertex -1.91129 -10.0193 3
      vertex -0.648935 -10.1788 17.2028
    endloop
  endfacet
  facet normal 0.125426 0.992103 -6.45204e-06
    outer loop
      vertex -0.648935 -10.1788 17.2028
      vertex -1.91129 -10.0193 3
      vertex -0.894136 -10.1478 17.2999
    endloop
  endfacet
  facet normal 0.125353 0.992112 -1.16513e-06
    outer loop
      vertex -0.894136 -10.1478 17.2999
      vertex -1.91129 -10.0193 3
      vertex -1.12524 -10.1186 17.4269
    endloop
  endfacet
  facet normal 0.125103 0.992144 1.26847e-05
    outer loop
      vertex -1.12524 -10.1186 17.4269
      vertex -1.91129 -10.0193 3
      vertex -1.33859 -10.0917 17.5819
    endloop
  endfacet
  facet normal 0.125407 0.992105 5.3451e-07
    outer loop
      vertex -1.33859 -10.0917 17.5819
      vertex -1.91129 -10.0193 3
      vertex -1.53083 -10.0674 17.7625
    endloop
  endfacet
  facet normal 0.125126 0.992141 7.88546e-06
    outer loop
      vertex -1.53083 -10.0674 17.7625
      vertex -1.91129 -10.0193 3
      vertex -1.69894 -10.0462 17.9657
    endloop
  endfacet
  facet normal 0.125676 0.992071 -4.3594e-08
    outer loop
      vertex -1.69894 -10.0462 17.9657
      vertex -1.91129 -10.0193 3
      vertex -1.84024 -10.0283 18.1883
    endloop
  endfacet
  facet normal 0.125667 0.992072 0
    outer loop
      vertex -1.84024 -10.0283 18.1883
      vertex -1.91129 -10.0193 3
      vertex -1.91129 -10.0193 18.3393
    endloop
  endfacet
  facet normal 0.125377 0.992109 -0
    outer loop
      vertex -0.640463 -10.1799 21.1994
      vertex -1.91129 -10.0193 30
      vertex -0.640463 -10.1799 30
    endloop
  endfacet
  facet normal 0.128637 0.991692 0.000478273
    outer loop
      vertex -0.648935 -10.1788 21.1972
      vertex -1.91129 -10.0193 30
      vertex -0.640463 -10.1799 21.1994
    endloop
  endfacet
  facet normal 0.125424 0.992103 1.01973e-05
    outer loop
      vertex -0.894136 -10.1478 21.1001
      vertex -1.91129 -10.0193 30
      vertex -0.648935 -10.1788 21.1972
    endloop
  endfacet
  facet normal 0.125352 0.992112 1.8303e-06
    outer loop
      vertex -1.12524 -10.1186 20.9731
      vertex -1.91129 -10.0193 30
      vertex -0.894136 -10.1478 21.1001
    endloop
  endfacet
  facet normal 0.125108 0.992143 -1.98213e-05
    outer loop
      vertex -1.33859 -10.0917 20.8181
      vertex -1.91129 -10.0193 30
      vertex -1.12524 -10.1186 20.9731
    endloop
  endfacet
  facet normal 0.125407 0.992105 -8.31463e-07
    outer loop
      vertex -1.53083 -10.0674 20.6375
      vertex -1.91129 -10.0193 30
      vertex -1.33859 -10.0917 20.8181
    endloop
  endfacet
  facet normal 0.125131 0.99214 -1.22206e-05
    outer loop
      vertex -1.69894 -10.0462 20.4343
      vertex -1.91129 -10.0193 30
      vertex -1.53083 -10.0674 20.6375
    endloop
  endfacet
  facet normal 0.125676 0.992071 6.73719e-08
    outer loop
      vertex -1.84024 -10.0283 20.2117
      vertex -1.91129 -10.0193 30
      vertex -1.69894 -10.0462 20.4343
    endloop
  endfacet
  facet normal 0.125667 0.992072 0
    outer loop
      vertex -1.91129 -10.0193 30
      vertex -1.84024 -10.0283 20.2117
      vertex -1.91129 -10.0193 20.0607
    endloop
  endfacet
  facet normal 0.982283 -0.187402 0
    outer loop
      vertex -10.1196 1.2784 30
      vertex -9.87955 2.53664 3
      vertex -9.87955 2.53664 30
    endloop
  endfacet
  facet normal 0.982283 -0.187402 0
    outer loop
      vertex -9.87955 2.53664 3
      vertex -10.1196 1.2784 30
      vertex -10.1196 1.2784 3
    endloop
  endfacet
  facet normal -0.125377 -0.992109 0
    outer loop
      vertex 1.91129 10.0193 3
      vertex 0.640463 10.1799 17.2006
      vertex 0.640463 10.1799 3
    endloop
  endfacet
  facet normal -0.128682 -0.991686 -0.000300531
    outer loop
      vertex 0.640463 10.1799 17.2006
      vertex 1.91129 10.0193 3
      vertex 0.648935 10.1788 17.2028
    endloop
  endfacet
  facet normal -0.125426 -0.992103 -6.45204e-06
    outer loop
      vertex 0.648935 10.1788 17.2028
      vertex 1.91129 10.0193 3
      vertex 0.894136 10.1478 17.2999
    endloop
  endfacet
  facet normal -0.125353 -0.992112 -1.16513e-06
    outer loop
      vertex 0.894136 10.1478 17.2999
      vertex 1.91129 10.0193 3
      vertex 1.12524 10.1186 17.4269
    endloop
  endfacet
  facet normal -0.125103 -0.992144 1.26847e-05
    outer loop
      vertex 1.12524 10.1186 17.4269
      vertex 1.91129 10.0193 3
      vertex 1.33859 10.0917 17.5819
    endloop
  endfacet
  facet normal -0.125407 -0.992105 5.3451e-07
    outer loop
      vertex 1.33859 10.0917 17.5819
      vertex 1.91129 10.0193 3
      vertex 1.53083 10.0674 17.7625
    endloop
  endfacet
  facet normal -0.125126 -0.992141 7.88546e-06
    outer loop
      vertex 1.53083 10.0674 17.7625
      vertex 1.91129 10.0193 3
      vertex 1.69894 10.0462 17.9657
    endloop
  endfacet
  facet normal -0.125676 -0.992071 -4.3594e-08
    outer loop
      vertex 1.69894 10.0462 17.9657
      vertex 1.91129 10.0193 3
      vertex 1.84024 10.0283 18.1883
    endloop
  endfacet
  facet normal -0.125667 -0.992072 0
    outer loop
      vertex 1.84024 10.0283 18.1883
      vertex 1.91129 10.0193 3
      vertex 1.91129 10.0193 18.3393
    endloop
  endfacet
  facet normal -0.125377 -0.992109 0
    outer loop
      vertex 0.640463 10.1799 21.1994
      vertex 1.91129 10.0193 30
      vertex 0.640463 10.1799 30
    endloop
  endfacet
  facet normal -0.128637 -0.991692 0.000478273
    outer loop
      vertex 0.648935 10.1788 21.1972
      vertex 1.91129 10.0193 30
      vertex 0.640463 10.1799 21.1994
    endloop
  endfacet
  facet normal -0.125424 -0.992103 1.01973e-05
    outer loop
      vertex 0.894136 10.1478 21.1001
      vertex 1.91129 10.0193 30
      vertex 0.648935 10.1788 21.1972
    endloop
  endfacet
  facet normal -0.125352 -0.992112 1.8303e-06
    outer loop
      vertex 1.12524 10.1186 20.9731
      vertex 1.91129 10.0193 30
      vertex 0.894136 10.1478 21.1001
    endloop
  endfacet
  facet normal -0.125108 -0.992143 -1.98213e-05
    outer loop
      vertex 1.33859 10.0917 20.8181
      vertex 1.91129 10.0193 30
      vertex 1.12524 10.1186 20.9731
    endloop
  endfacet
  facet normal -0.125407 -0.992105 -8.31463e-07
    outer loop
      vertex 1.53083 10.0674 20.6375
      vertex 1.91129 10.0193 30
      vertex 1.33859 10.0917 20.8181
    endloop
  endfacet
  facet normal -0.125131 -0.99214 -1.22206e-05
    outer loop
      vertex 1.69894 10.0462 20.4343
      vertex 1.91129 10.0193 30
      vertex 1.53083 10.0674 20.6375
    endloop
  endfacet
  facet normal -0.125676 -0.992071 6.73719e-08
    outer loop
      vertex 1.84024 10.0283 20.2117
      vertex 1.91129 10.0193 30
      vertex 1.69894 10.0462 20.4343
    endloop
  endfacet
  facet normal -0.125667 -0.992072 -0
    outer loop
      vertex 1.91129 10.0193 30
      vertex 1.84024 10.0283 20.2117
      vertex 1.91129 10.0193 20.0607
    endloop
  endfacet
  facet normal -0.893015 -0.0561627 0.446508
    outer loop
      vertex 10.2 0 30
      vertex 11.1732 0.426133 32
      vertex 10.1196 1.2784 30
    endloop
  endfacet
  facet normal -0.893015 -0.0561628 0.446508
    outer loop
      vertex 11.1732 0.426133 32
      vertex 10.2 0 30
      vertex 11.2 0 32
    endloop
  endfacet
  facet normal -0.431123 0.78408 0.446488
    outer loop
      vertex 5.46543 -8.61214 30
      vertex 4.76873 -10.1341 32
      vertex 5.14289 -9.92837 32
    endloop
  endfacet
  facet normal -0.431067 0.784094 0.446517
    outer loop
      vertex 4.76873 -10.1341 32
      vertex 5.46543 -8.61214 30
      vertex 4.34295 -9.22924 30
    endloop
  endfacet
  facet normal -0.878936 0.167652 0.446502
    outer loop
      vertex 10.1196 -1.2784 30
      vertex 11.0317 -1.82314 32
      vertex 11.1117 -1.40373 32
    endloop
  endfacet
  facet normal -0.878928 0.167684 0.446507
    outer loop
      vertex 11.0317 -1.82314 32
      vertex 10.1196 -1.2784 30
      vertex 9.87955 -2.53664 30
    endloop
  endfacet
  facet normal -0.755487 0.479451 0.446504
    outer loop
      vertex 8.25197 -5.99541 30
      vertex 9.81463 -5.39564 32
      vertex 8.93833 -4.91389 30
    endloop
  endfacet
  facet normal -0.755492 0.479436 0.446513
    outer loop
      vertex 9.81463 -5.39564 32
      vertex 8.25197 -5.99541 30
      vertex 9.58585 -5.75615 32
    endloop
  endfacet
  facet normal 0.112175 0.887726 0.446497
    outer loop
      vertex -0.703253 -11.1779 32
      vertex -0.640463 -10.1799 30
      vertex -1.67506 -11.0551 32
    endloop
  endfacet
  facet normal -0.431068 -0.784098 0.446509
    outer loop
      vertex 5.46543 8.61214 30
      vertex 6.00126 9.45647 32
      vertex 5.14289 9.92837 32
    endloop
  endfacet
  facet normal 0.893017 0.0561792 0.446502
    outer loop
      vertex -11.1117 -1.40373 32
      vertex -10.1196 -1.2784 30
      vertex -11.1732 -0.426133 32
    endloop
  endfacet
  facet normal 0.851012 -0.276426 0.446506
    outer loop
      vertex -10.5454 3.71692 32
      vertex -9.48372 3.75487 30
      vertex -10.4135 4.12299 32
    endloop
  endfacet
  facet normal 0.850992 -0.276506 0.446494
    outer loop
      vertex -9.48372 3.75487 30
      vertex -10.5454 3.71692 32
      vertex -9.87955 2.53664 30
    endloop
  endfacet
  facet normal 0.525939 0.723891 0.446508
    outer loop
      vertex -6.50172 -7.85923 30
      vertex -6.00126 -9.45647 32
      vertex -5.46543 -8.61214 30
    endloop
  endfacet
  facet normal 0.525939 0.723891 0.446508
    outer loop
      vertex -6.00126 -9.45647 32
      vertex -6.50172 -7.85923 30
      vertex -6.34669 -9.2055 32
    endloop
  endfacet
  facet normal 0.112175 -0.887726 0.446497
    outer loop
      vertex -0.640463 10.1799 30
      vertex -0.703253 11.1779 32
      vertex -1.67506 11.0551 32
    endloop
  endfacet
  facet normal -0.112175 0.887726 0.446497
    outer loop
      vertex 0.703253 -11.1779 32
      vertex 1.67506 -11.0551 32
      vertex 0.640463 -10.1799 30
    endloop
  endfacet
  facet normal 0.80962 -0.380982 0.446508
    outer loop
      vertex -9.48372 3.75487 30
      vertex -9.99643 5.0093 32
      vertex -10.4135 4.12299 32
    endloop
  endfacet
  facet normal -0.878927 0.167712 0.446497
    outer loop
      vertex 10.8481 -2.78533 32
      vertex 11.0317 -1.82314 32
      vertex 9.87955 -2.53664 30
    endloop
  endfacet
  facet normal -0.85099 -0.276511 0.446496
    outer loop
      vertex 10.8481 2.78533 32
      vertex 10.5454 3.71692 32
      vertex 9.87955 2.53664 30
    endloop
  endfacet
  facet normal -0.893017 0.0561792 0.446502
    outer loop
      vertex 11.1117 -1.40373 32
      vertex 11.1732 -0.426133 32
      vertex 10.1196 -1.2784 30
    endloop
  endfacet
  facet normal -0.851012 -0.276426 0.446506
    outer loop
      vertex 9.48372 3.75487 30
      vertex 10.5454 3.71692 32
      vertex 10.4135 4.12299 32
    endloop
  endfacet
  facet normal -0.850992 -0.276506 0.446494
    outer loop
      vertex 10.5454 3.71692 32
      vertex 9.48372 3.75487 30
      vertex 9.87955 2.53664 30
    endloop
  endfacet
  facet normal -0.893017 -0.0561792 0.446502
    outer loop
      vertex 11.1732 0.426133 32
      vertex 11.1117 1.40373 32
      vertex 10.1196 1.2784 30
    endloop
  endfacet
  facet normal 0.112185 0.887723 0.446501
    outer loop
      vertex -1.91129 -10.0193 30
      vertex -1.67506 -11.0551 32
      vertex -0.640463 -10.1799 30
    endloop
  endfacet
  facet normal 0.112116 0.887726 0.446511
    outer loop
      vertex -1.67506 -11.0551 32
      vertex -1.91129 -10.0193 30
      vertex -2.09867 -11.0016 32
    endloop
  endfacet
  facet normal -0.878927 -0.167712 0.446497
    outer loop
      vertex 11.0317 1.82314 32
      vertex 10.8481 2.78533 32
      vertex 9.87955 2.53664 30
    endloop
  endfacet
  facet normal -0.112185 -0.887723 0.446501
    outer loop
      vertex 1.91129 10.0193 30
      vertex 1.67506 11.0551 32
      vertex 0.640463 10.1799 30
    endloop
  endfacet
  facet normal -0.112116 -0.887726 0.446511
    outer loop
      vertex 1.67506 11.0551 32
      vertex 1.91129 10.0193 30
      vertex 2.09867 11.0016 32
    endloop
  endfacet
  facet normal 0.878927 -0.167712 0.446497
    outer loop
      vertex -9.87955 2.53664 30
      vertex -10.8481 2.78533 32
      vertex -11.0317 1.82314 32
    endloop
  endfacet
  facet normal -0.329399 0.831948 0.446495
    outer loop
      vertex 3.46099 -10.6518 32
      vertex 4.37174 -10.2912 32
      vertex 3.15197 -9.70078 30
    endloop
  endfacet
  facet normal -0.612519 -0.652264 0.44651
    outer loop
      vertex 7.8532 7.95921 32
      vertex 7.13915 8.62975 32
      vertex 6.50172 7.85923 30
    endloop
  endfacet
  facet normal -0.80962 -0.380982 0.446508
    outer loop
      vertex 10.4135 4.12299 32
      vertex 9.99643 5.0093 32
      vertex 9.48372 3.75487 30
    endloop
  endfacet
  facet normal -0.525939 -0.723891 0.446508
    outer loop
      vertex 6.50172 7.85923 30
      vertex 6.00126 9.45647 32
      vertex 5.46543 8.61214 30
    endloop
  endfacet
  facet normal -0.525939 -0.723891 0.446508
    outer loop
      vertex 6.00126 9.45647 32
      vertex 6.50172 7.85923 30
      vertex 6.34669 9.2055 32
    endloop
  endfacet
  facet normal 0.329392 0.831953 0.446492
    outer loop
      vertex -4.34295 -9.22924 30
      vertex -4.37174 -10.2912 32
      vertex -3.15197 -9.70078 30
    endloop
  endfacet
  facet normal 0.329245 0.831999 0.446514
    outer loop
      vertex -4.37174 -10.2912 32
      vertex -4.34295 -9.22924 30
      vertex -4.76873 -10.1341 32
    endloop
  endfacet
  facet normal 0.689444 -0.570349 0.446508
    outer loop
      vertex -8.43661 7.33794 32
      vertex -7.43548 6.98238 30
      vertex -8.16445 7.66693 32
    endloop
  endfacet
  facet normal 0.689441 -0.570353 0.446507
    outer loop
      vertex -7.43548 6.98238 30
      vertex -8.43661 7.33794 32
      vertex -8.25197 5.99541 30
    endloop
  endfacet
  facet normal -0.329399 -0.831948 0.446495
    outer loop
      vertex 4.37174 10.2912 32
      vertex 3.46099 10.6518 32
      vertex 3.15197 9.70078 30
    endloop
  endfacet
  facet normal -0.80962 0.380982 0.446508
    outer loop
      vertex 9.99643 -5.0093 32
      vertex 10.4135 -4.12299 32
      vertex 9.48372 -3.75487 30
    endloop
  endfacet
  facet normal -0.112116 0.887726 0.446511
    outer loop
      vertex 1.91129 -10.0193 30
      vertex 1.67506 -11.0551 32
      vertex 2.09867 -11.0016 32
    endloop
  endfacet
  facet normal -0.112185 0.887723 0.446501
    outer loop
      vertex 1.67506 -11.0551 32
      vertex 1.91129 -10.0193 30
      vertex 0.640463 -10.1799 30
    endloop
  endfacet
  facet normal -0.431067 -0.784094 0.446517
    outer loop
      vertex 5.46543 8.61214 30
      vertex 4.76873 10.1341 32
      vertex 4.34295 9.22924 30
    endloop
  endfacet
  facet normal -0.431123 -0.78408 0.446488
    outer loop
      vertex 4.76873 10.1341 32
      vertex 5.46543 8.61214 30
      vertex 5.14289 9.92837 32
    endloop
  endfacet
  facet normal 0.850992 0.276506 0.446494
    outer loop
      vertex -10.5454 -3.71692 32
      vertex -9.48372 -3.75487 30
      vertex -9.87955 -2.53664 30
    endloop
  endfacet
  facet normal 0.851012 0.276426 0.446506
    outer loop
      vertex -9.48372 -3.75487 30
      vertex -10.5454 -3.71692 32
      vertex -10.4135 -4.12299 32
    endloop
  endfacet
  facet normal 0.689442 0.570352 0.446507
    outer loop
      vertex -8.43661 -7.33794 32
      vertex -8.25197 -5.99541 30
      vertex -9.06099 -6.58319 32
    endloop
  endfacet
  facet normal 0.329399 -0.831948 0.446495
    outer loop
      vertex -3.15197 9.70078 30
      vertex -3.46099 10.6518 32
      vertex -4.37174 10.2912 32
    endloop
  endfacet
  facet normal 0.612515 -0.65227 0.446508
    outer loop
      vertex -7.43548 6.98238 30
      vertex -7.8532 7.95921 32
      vertex -8.16445 7.66693 32
    endloop
  endfacet
  facet normal 0.612515 -0.652269 0.446508
    outer loop
      vertex -7.8532 7.95921 32
      vertex -7.43548 6.98238 30
      vertex -6.50172 7.85923 30
    endloop
  endfacet
  facet normal 0.612519 0.652264 0.44651
    outer loop
      vertex -7.13915 -8.62975 32
      vertex -6.50172 -7.85923 30
      vertex -7.8532 -7.95921 32
    endloop
  endfacet
  facet normal -0.329245 0.831999 0.446514
    outer loop
      vertex 4.34295 -9.22924 30
      vertex 4.37174 -10.2912 32
      vertex 4.76873 -10.1341 32
    endloop
  endfacet
  facet normal -0.329392 0.831953 0.446492
    outer loop
      vertex 4.37174 -10.2912 32
      vertex 4.34295 -9.22924 30
      vertex 3.15197 -9.70078 30
    endloop
  endfacet
  facet normal 0.755492 -0.479436 0.446513
    outer loop
      vertex -9.81463 5.39564 32
      vertex -8.25197 5.99541 30
      vertex -9.58585 5.75615 32
    endloop
  endfacet
  facet normal 0.755487 -0.479451 0.446504
    outer loop
      vertex -8.25197 5.99541 30
      vertex -9.81463 5.39564 32
      vertex -8.93833 4.91389 30
    endloop
  endfacet
  facet normal 0.431068 -0.784098 0.446509
    outer loop
      vertex -5.46543 8.61214 30
      vertex -5.14289 9.92837 32
      vertex -6.00126 9.45647 32
    endloop
  endfacet
  facet normal -0.85099 0.276511 0.446496
    outer loop
      vertex 10.5454 -3.71692 32
      vertex 10.8481 -2.78533 32
      vertex 9.87955 -2.53664 30
    endloop
  endfacet
  facet normal 0.878936 0.167652 0.446502
    outer loop
      vertex -11.0317 -1.82314 32
      vertex -10.1196 -1.2784 30
      vertex -11.1117 -1.40373 32
    endloop
  endfacet
  facet normal 0.878928 0.167684 0.446507
    outer loop
      vertex -10.1196 -1.2784 30
      vertex -11.0317 -1.82314 32
      vertex -9.87955 -2.53664 30
    endloop
  endfacet
  facet normal -0.755486 0.47945 0.446507
    outer loop
      vertex 9.06099 -6.58319 32
      vertex 9.58585 -5.75615 32
      vertex 8.25197 -5.99541 30
    endloop
  endfacet
  facet normal 0.222553 0.866659 0.446511
    outer loop
      vertex -1.91129 -10.0193 30
      vertex -2.51223 -10.8954 32
      vertex -2.09867 -11.0016 32
    endloop
  endfacet
  facet normal 0.222502 0.866676 0.446503
    outer loop
      vertex -2.51223 -10.8954 32
      vertex -1.91129 -10.0193 30
      vertex -3.15197 -9.70078 30
    endloop
  endfacet
  facet normal -0.850992 0.276506 0.446494
    outer loop
      vertex 9.48372 -3.75487 30
      vertex 10.5454 -3.71692 32
      vertex 9.87955 -2.53664 30
    endloop
  endfacet
  facet normal -0.851012 0.276426 0.446506
    outer loop
      vertex 10.5454 -3.71692 32
      vertex 9.48372 -3.75487 30
      vertex 10.4135 -4.12299 32
    endloop
  endfacet
  facet normal -0.755492 -0.479436 0.446513
    outer loop
      vertex 8.25197 5.99541 30
      vertex 9.81463 5.39564 32
      vertex 9.58585 5.75615 32
    endloop
  endfacet
  facet normal -0.755487 -0.479451 0.446504
    outer loop
      vertex 9.81463 5.39564 32
      vertex 8.25197 5.99541 30
      vertex 8.93833 4.91389 30
    endloop
  endfacet
  facet normal 0.222524 0.866675 0.446495
    outer loop
      vertex -2.51223 -10.8954 32
      vertex -3.15197 -9.70078 30
      vertex -3.46099 -10.6518 32
    endloop
  endfacet
  facet normal -0.612515 0.65227 0.446508
    outer loop
      vertex 7.43548 -6.98238 30
      vertex 7.8532 -7.95921 32
      vertex 8.16445 -7.66693 32
    endloop
  endfacet
  facet normal -0.612515 0.652269 0.446508
    outer loop
      vertex 7.8532 -7.95921 32
      vertex 7.43548 -6.98238 30
      vertex 6.50172 -7.85923 30
    endloop
  endfacet
  facet normal -0.689444 -0.570349 0.446508
    outer loop
      vertex 7.43548 6.98238 30
      vertex 8.43661 7.33794 32
      vertex 8.16445 7.66693 32
    endloop
  endfacet
  facet normal -0.689441 -0.570353 0.446507
    outer loop
      vertex 8.43661 7.33794 32
      vertex 7.43548 6.98238 30
      vertex 8.25197 5.99541 30
    endloop
  endfacet
  facet normal -0.689441 0.570353 0.446507
    outer loop
      vertex 7.43548 -6.98238 30
      vertex 8.43661 -7.33794 32
      vertex 8.25197 -5.99541 30
    endloop
  endfacet
  facet normal -0.689444 0.570349 0.446508
    outer loop
      vertex 8.43661 -7.33794 32
      vertex 7.43548 -6.98238 30
      vertex 8.16445 -7.66693 32
    endloop
  endfacet
  facet normal -0.525934 0.723894 0.44651
    outer loop
      vertex 7.13915 -8.62975 32
      vertex 6.50172 -7.85923 30
      vertex 6.34669 -9.2055 32
    endloop
  endfacet
  facet normal -0.612519 0.652264 0.44651
    outer loop
      vertex 7.13915 -8.62975 32
      vertex 7.8532 -7.95921 32
      vertex 6.50172 -7.85923 30
    endloop
  endfacet
  facet normal -0.809623 0.380977 0.446505
    outer loop
      vertex 8.93833 -4.91389 30
      vertex 9.99643 -5.0093 32
      vertex 9.48372 -3.75487 30
    endloop
  endfacet
  facet normal -0.809621 0.380983 0.446505
    outer loop
      vertex 9.99643 -5.0093 32
      vertex 8.93833 -4.91389 30
      vertex 9.81463 -5.39564 32
    endloop
  endfacet
  facet normal -0.222553 -0.866659 0.446511
    outer loop
      vertex 1.91129 10.0193 30
      vertex 2.51223 10.8954 32
      vertex 2.09867 11.0016 32
    endloop
  endfacet
  facet normal -0.222502 -0.866676 0.446503
    outer loop
      vertex 2.51223 10.8954 32
      vertex 1.91129 10.0193 30
      vertex 3.15197 9.70078 30
    endloop
  endfacet
  facet normal -0.222524 -0.866675 0.446495
    outer loop
      vertex 3.15197 9.70078 30
      vertex 3.46099 10.6518 32
      vertex 2.51223 10.8954 32
    endloop
  endfacet
  facet normal 0.329399 0.831948 0.446495
    outer loop
      vertex -3.46099 -10.6518 32
      vertex -3.15197 -9.70078 30
      vertex -4.37174 -10.2912 32
    endloop
  endfacet
  facet normal 0.112116 -0.887726 0.446511
    outer loop
      vertex -1.91129 10.0193 30
      vertex -1.67506 11.0551 32
      vertex -2.09867 11.0016 32
    endloop
  endfacet
  facet normal 0.112185 -0.887723 0.446501
    outer loop
      vertex -1.67506 11.0551 32
      vertex -1.91129 10.0193 30
      vertex -0.640463 10.1799 30
    endloop
  endfacet
  facet normal 0.85099 0.276511 0.446496
    outer loop
      vertex -10.5454 -3.71692 32
      vertex -9.87955 -2.53664 30
      vertex -10.8481 -2.78533 32
    endloop
  endfacet
  facet normal -0.612515 -0.652269 0.446508
    outer loop
      vertex 7.43548 6.98238 30
      vertex 7.8532 7.95921 32
      vertex 6.50172 7.85923 30
    endloop
  endfacet
  facet normal -0.612515 -0.65227 0.446508
    outer loop
      vertex 7.8532 7.95921 32
      vertex 7.43548 6.98238 30
      vertex 8.16445 7.66693 32
    endloop
  endfacet
  facet normal -0.878928 -0.167684 0.446507
    outer loop
      vertex 10.1196 1.2784 30
      vertex 11.0317 1.82314 32
      vertex 9.87955 2.53664 30
    endloop
  endfacet
  facet normal -0.878936 -0.167652 0.446502
    outer loop
      vertex 11.0317 1.82314 32
      vertex 10.1196 1.2784 30
      vertex 11.1117 1.40373 32
    endloop
  endfacet
  facet normal -0.329392 -0.831953 0.446492
    outer loop
      vertex 4.34295 9.22924 30
      vertex 4.37174 10.2912 32
      vertex 3.15197 9.70078 30
    endloop
  endfacet
  facet normal -0.329245 -0.831999 0.446514
    outer loop
      vertex 4.37174 10.2912 32
      vertex 4.34295 9.22924 30
      vertex 4.76873 10.1341 32
    endloop
  endfacet
  facet normal -0.525934 -0.723894 0.44651
    outer loop
      vertex 6.50172 7.85923 30
      vertex 7.13915 8.62975 32
      vertex 6.34669 9.2055 32
    endloop
  endfacet
  facet normal 0.525934 0.723894 0.44651
    outer loop
      vertex -6.34669 -9.2055 32
      vertex -6.50172 -7.85923 30
      vertex -7.13915 -8.62975 32
    endloop
  endfacet
  facet normal 0.755486 0.47945 0.446507
    outer loop
      vertex -9.06099 -6.58319 32
      vertex -8.25197 -5.99541 30
      vertex -9.58585 -5.75615 32
    endloop
  endfacet
  facet normal -0.893015 0.0561628 0.446508
    outer loop
      vertex 10.2 0 30
      vertex 11.1732 -0.426133 32
      vertex 11.2 0 32
    endloop
  endfacet
  facet normal -0.893015 0.0561627 0.446508
    outer loop
      vertex 11.1732 -0.426133 32
      vertex 10.2 0 30
      vertex 10.1196 -1.2784 30
    endloop
  endfacet
  facet normal -0.525939 0.723891 0.446508
    outer loop
      vertex 6.50172 -7.85923 30
      vertex 6.00126 -9.45647 32
      vertex 6.34669 -9.2055 32
    endloop
  endfacet
  facet normal -0.525939 0.723891 0.446508
    outer loop
      vertex 6.00126 -9.45647 32
      vertex 6.50172 -7.85923 30
      vertex 5.46543 -8.61214 30
    endloop
  endfacet
  facet normal -0.431068 0.784098 0.446509
    outer loop
      vertex 6.00126 -9.45647 32
      vertex 5.46543 -8.61214 30
      vertex 5.14289 -9.92837 32
    endloop
  endfacet
  facet normal 0.431068 0.784098 0.446509
    outer loop
      vertex -5.14289 -9.92837 32
      vertex -5.46543 -8.61214 30
      vertex -6.00126 -9.45647 32
    endloop
  endfacet
  facet normal 0.612515 0.652269 0.446508
    outer loop
      vertex -7.43548 -6.98238 30
      vertex -7.8532 -7.95921 32
      vertex -6.50172 -7.85923 30
    endloop
  endfacet
  facet normal 0.612515 0.65227 0.446508
    outer loop
      vertex -7.8532 -7.95921 32
      vertex -7.43548 -6.98238 30
      vertex -8.16445 -7.66693 32
    endloop
  endfacet
  facet normal -0.689442 0.570352 0.446507
    outer loop
      vertex 8.43661 -7.33794 32
      vertex 9.06099 -6.58319 32
      vertex 8.25197 -5.99541 30
    endloop
  endfacet
  facet normal -0.809621 -0.380983 0.446505
    outer loop
      vertex 8.93833 4.91389 30
      vertex 9.99643 5.0093 32
      vertex 9.81463 5.39564 32
    endloop
  endfacet
  facet normal -0.809623 -0.380977 0.446505
    outer loop
      vertex 9.99643 5.0093 32
      vertex 8.93833 4.91389 30
      vertex 9.48372 3.75487 30
    endloop
  endfacet
  facet normal 0.893015 -0.0561628 0.446508
    outer loop
      vertex -10.2 0 30
      vertex -11.1732 0.426133 32
      vertex -11.2 0 32
    endloop
  endfacet
  facet normal 0.893015 -0.0561627 0.446508
    outer loop
      vertex -11.1732 0.426133 32
      vertex -10.2 0 30
      vertex -10.1196 1.2784 30
    endloop
  endfacet
  facet normal 0.431123 -0.78408 0.446488
    outer loop
      vertex -5.46543 8.61214 30
      vertex -4.76873 10.1341 32
      vertex -5.14289 9.92837 32
    endloop
  endfacet
  facet normal 0.431067 -0.784094 0.446517
    outer loop
      vertex -4.76873 10.1341 32
      vertex -5.46543 8.61214 30
      vertex -4.34295 9.22924 30
    endloop
  endfacet
  facet normal 0.893015 0.0561628 0.446508
    outer loop
      vertex -11.1732 -0.426133 32
      vertex -10.2 0 30
      vertex -11.2 0 32
    endloop
  endfacet
  facet normal 0.893015 0.0561627 0.446508
    outer loop
      vertex -10.2 0 30
      vertex -11.1732 -0.426133 32
      vertex -10.1196 -1.2784 30
    endloop
  endfacet
  facet normal 0.525934 -0.723894 0.44651
    outer loop
      vertex -6.50172 7.85923 30
      vertex -6.34669 9.2055 32
      vertex -7.13915 8.62975 32
    endloop
  endfacet
  facet normal -0.689442 -0.570352 0.446507
    outer loop
      vertex 9.06099 6.58319 32
      vertex 8.43661 7.33794 32
      vertex 8.25197 5.99541 30
    endloop
  endfacet
  facet normal 0.893017 -0.0561792 0.446502
    outer loop
      vertex -10.1196 1.2784 30
      vertex -11.1117 1.40373 32
      vertex -11.1732 0.426133 32
    endloop
  endfacet
  facet normal 0.878936 -0.167652 0.446502
    outer loop
      vertex -10.1196 1.2784 30
      vertex -11.0317 1.82314 32
      vertex -11.1117 1.40373 32
    endloop
  endfacet
  facet normal 0.878928 -0.167684 0.446507
    outer loop
      vertex -11.0317 1.82314 32
      vertex -10.1196 1.2784 30
      vertex -9.87955 2.53664 30
    endloop
  endfacet
  facet normal 0.85099 -0.276511 0.446496
    outer loop
      vertex -9.87955 2.53664 30
      vertex -10.5454 3.71692 32
      vertex -10.8481 2.78533 32
    endloop
  endfacet
  facet normal 0 0.894785 0.446498
    outer loop
      vertex 0.640463 -10.1799 30
      vertex -0.703253 -11.1779 32
      vertex 0.703253 -11.1779 32
    endloop
  endfacet
  facet normal 0 0.894785 0.446498
    outer loop
      vertex -0.703253 -11.1779 32
      vertex 0.640463 -10.1799 30
      vertex -0.640463 -10.1799 30
    endloop
  endfacet
  facet normal -0.222524 0.866675 0.446495
    outer loop
      vertex 3.46099 -10.6518 32
      vertex 3.15197 -9.70078 30
      vertex 2.51223 -10.8954 32
    endloop
  endfacet
  facet normal -0.222502 0.866676 0.446503
    outer loop
      vertex 1.91129 -10.0193 30
      vertex 2.51223 -10.8954 32
      vertex 3.15197 -9.70078 30
    endloop
  endfacet
  facet normal -0.222553 0.866659 0.446511
    outer loop
      vertex 2.51223 -10.8954 32
      vertex 1.91129 -10.0193 30
      vertex 2.09867 -11.0016 32
    endloop
  endfacet
  facet normal -0.755486 -0.47945 0.446507
    outer loop
      vertex 9.58585 5.75615 32
      vertex 9.06099 6.58319 32
      vertex 8.25197 5.99541 30
    endloop
  endfacet
  facet normal 0.612519 -0.652264 0.44651
    outer loop
      vertex -6.50172 7.85923 30
      vertex -7.13915 8.62975 32
      vertex -7.8532 7.95921 32
    endloop
  endfacet
  facet normal 0.689441 0.570353 0.446507
    outer loop
      vertex -8.43661 -7.33794 32
      vertex -7.43548 -6.98238 30
      vertex -8.25197 -5.99541 30
    endloop
  endfacet
  facet normal 0.689444 0.570349 0.446508
    outer loop
      vertex -7.43548 -6.98238 30
      vertex -8.43661 -7.33794 32
      vertex -8.16445 -7.66693 32
    endloop
  endfacet
  facet normal 0.222524 -0.866675 0.446495
    outer loop
      vertex -3.15197 9.70078 30
      vertex -2.51223 10.8954 32
      vertex -3.46099 10.6518 32
    endloop
  endfacet
  facet normal 0.80962 0.380982 0.446508
    outer loop
      vertex -9.99643 -5.0093 32
      vertex -9.48372 -3.75487 30
      vertex -10.4135 -4.12299 32
    endloop
  endfacet
  facet normal 0.809621 -0.380983 0.446505
    outer loop
      vertex -9.99643 5.0093 32
      vertex -8.93833 4.91389 30
      vertex -9.81463 5.39564 32
    endloop
  endfacet
  facet normal 0.809623 -0.380977 0.446505
    outer loop
      vertex -8.93833 4.91389 30
      vertex -9.99643 5.0093 32
      vertex -9.48372 3.75487 30
    endloop
  endfacet
  facet normal 0.809623 0.380977 0.446505
    outer loop
      vertex -9.99643 -5.0093 32
      vertex -8.93833 -4.91389 30
      vertex -9.48372 -3.75487 30
    endloop
  endfacet
  facet normal 0.809621 0.380983 0.446505
    outer loop
      vertex -8.93833 -4.91389 30
      vertex -9.99643 -5.0093 32
      vertex -9.81463 -5.39564 32
    endloop
  endfacet
  facet normal 0 -0.894785 0.446498
    outer loop
      vertex -0.640463 10.1799 30
      vertex 0.703253 11.1779 32
      vertex -0.703253 11.1779 32
    endloop
  endfacet
  facet normal 0 -0.894785 0.446498
    outer loop
      vertex 0.703253 11.1779 32
      vertex -0.640463 10.1799 30
      vertex 0.640463 10.1799 30
    endloop
  endfacet
  facet normal -0.112175 -0.887726 0.446497
    outer loop
      vertex 1.67506 11.0551 32
      vertex 0.703253 11.1779 32
      vertex 0.640463 10.1799 30
    endloop
  endfacet
  facet normal 0.525939 -0.723891 0.446508
    outer loop
      vertex -6.50172 7.85923 30
      vertex -6.00126 9.45647 32
      vertex -6.34669 9.2055 32
    endloop
  endfacet
  facet normal 0.525939 -0.723891 0.446508
    outer loop
      vertex -6.00126 9.45647 32
      vertex -6.50172 7.85923 30
      vertex -5.46543 8.61214 30
    endloop
  endfacet
  facet normal 0.222502 -0.866676 0.446503
    outer loop
      vertex -1.91129 10.0193 30
      vertex -2.51223 10.8954 32
      vertex -3.15197 9.70078 30
    endloop
  endfacet
  facet normal 0.222553 -0.866659 0.446511
    outer loop
      vertex -2.51223 10.8954 32
      vertex -1.91129 10.0193 30
      vertex -2.09867 11.0016 32
    endloop
  endfacet
  facet normal 0.878927 0.167712 0.446497
    outer loop
      vertex -10.8481 -2.78533 32
      vertex -9.87955 -2.53664 30
      vertex -11.0317 -1.82314 32
    endloop
  endfacet
  facet normal 0.689442 -0.570352 0.446507
    outer loop
      vertex -8.25197 5.99541 30
      vertex -8.43661 7.33794 32
      vertex -9.06099 6.58319 32
    endloop
  endfacet
  facet normal 0.755486 -0.47945 0.446507
    outer loop
      vertex -8.25197 5.99541 30
      vertex -9.06099 6.58319 32
      vertex -9.58585 5.75615 32
    endloop
  endfacet
  facet normal 0.329245 -0.831999 0.446514
    outer loop
      vertex -4.34295 9.22924 30
      vertex -4.37174 10.2912 32
      vertex -4.76873 10.1341 32
    endloop
  endfacet
  facet normal 0.329392 -0.831953 0.446492
    outer loop
      vertex -4.37174 10.2912 32
      vertex -4.34295 9.22924 30
      vertex -3.15197 9.70078 30
    endloop
  endfacet
  facet normal 0.755492 0.479436 0.446513
    outer loop
      vertex -8.25197 -5.99541 30
      vertex -9.81463 -5.39564 32
      vertex -9.58585 -5.75615 32
    endloop
  endfacet
  facet normal 0.755487 0.479451 0.446504
    outer loop
      vertex -9.81463 -5.39564 32
      vertex -8.25197 -5.99541 30
      vertex -8.93833 -4.91389 30
    endloop
  endfacet
  facet normal 0.431067 0.784094 0.446517
    outer loop
      vertex -5.46543 -8.61214 30
      vertex -4.76873 -10.1341 32
      vertex -4.34295 -9.22924 30
    endloop
  endfacet
  facet normal 0.431123 0.78408 0.446488
    outer loop
      vertex -4.76873 -10.1341 32
      vertex -5.46543 -8.61214 30
      vertex -5.14289 -9.92837 32
    endloop
  endfacet
  facet normal 0.125509 0 -0.992092
    outer loop
      vertex -0.3935 -18.2 21.2628
      vertex -0.13186 -10.1799 21.2959
      vertex -0.13186 -18.2 21.2959
    endloop
  endfacet
  facet normal 0.125509 0 -0.992092
    outer loop
      vertex -0.13186 -10.1799 21.2959
      vertex -0.3935 -18.2 21.2628
      vertex -0.3935 -10.1799 21.2628
    endloop
  endfacet
  facet normal 0.125509 0 -0.992092
    outer loop
      vertex -0.3935 10.1799 21.2628
      vertex -0.13186 18.2 21.2959
      vertex -0.13186 10.1799 21.2959
    endloop
  endfacet
  facet normal 0.125509 0 -0.992092
    outer loop
      vertex -0.13186 18.2 21.2959
      vertex -0.3935 10.1799 21.2628
      vertex -0.3935 18.2 21.2628
    endloop
  endfacet
  facet normal -0.982278 0 -0.187429
    outer loop
      vertex 2.08344 18.2 19.4632
      vertex 2.03402 9.98782 19.7222
      vertex 2.03402 18.2 19.7222
    endloop
  endfacet
  facet normal -0.982278 0 -0.187429
    outer loop
      vertex 2.03402 9.98782 19.7222
      vertex 2.08344 18.2 19.4632
      vertex 2.08344 9.97513 19.4632
    endloop
  endfacet
  facet normal -0.982278 0 -0.187429
    outer loop
      vertex 2.08344 -18.2 19.4632
      vertex 2.03402 -9.98782 19.7222
      vertex 2.08344 -9.97513 19.4632
    endloop
  endfacet
  facet normal -0.982278 -0 -0.187429
    outer loop
      vertex 2.03402 -9.98782 19.7222
      vertex 2.08344 -18.2 19.4632
      vertex 2.03402 -18.2 19.7222
    endloop
  endfacet
  facet normal -0.998027 0 -0.0627938
    outer loop
      vertex 2.1 18.2 19.2
      vertex 2.08344 9.97513 19.4632
      vertex 2.08344 18.2 19.4632
    endloop
  endfacet
  facet normal -0.998027 0 -0.0627938
    outer loop
      vertex 2.08344 9.97513 19.4632
      vertex 2.1 18.2 19.2
      vertex 2.1 9.97088 19.2
    endloop
  endfacet
  facet normal -0.998027 0 -0.0627938
    outer loop
      vertex 2.1 -18.2 19.2
      vertex 2.08344 -9.97513 19.4632
      vertex 2.1 -9.97088 19.2
    endloop
  endfacet
  facet normal -0.998027 -0 -0.0627938
    outer loop
      vertex 2.08344 -9.97513 19.4632
      vertex 2.1 -18.2 19.2
      vertex 2.08344 -18.2 19.4632
    endloop
  endfacet
  facet normal 0.904753 -0 0.425936
    outer loop
      vertex -1.95253 -18.2 18.4269
      vertex -1.91129 -10.0193 18.3393
      vertex -1.95253 -10.0087 18.4269
    endloop
  endfacet
  facet normal 0.904839 -2.38641e-06 0.425754
    outer loop
      vertex -1.95253 -18.2 18.4269
      vertex -1.84024 -10.0283 18.1883
      vertex -1.91129 -10.0193 18.3393
    endloop
  endfacet
  facet normal 0.904808 0 0.425821
    outer loop
      vertex -1.84024 -10.0283 18.1883
      vertex -1.95253 -18.2 18.4269
      vertex -1.84024 -18.2 18.1883
    endloop
  endfacet
  facet normal 0.904808 0 0.425821
    outer loop
      vertex -1.95253 18.2 18.4269
      vertex -1.84024 10.0283 18.1883
      vertex -1.84024 18.2 18.1883
    endloop
  endfacet
  facet normal 0.904839 2.38641e-06 0.425754
    outer loop
      vertex -1.95253 18.2 18.4269
      vertex -1.91129 10.0193 18.3393
      vertex -1.84024 10.0283 18.1883
    endloop
  endfacet
  facet normal 0.904753 0 0.425936
    outer loop
      vertex -1.91129 10.0193 18.3393
      vertex -1.95253 18.2 18.4269
      vertex -1.95253 10.0087 18.4269
    endloop
  endfacet
  facet normal -0.251343 0 0.967898
    outer loop
      vertex 0.640463 -10.1799 17.2006
      vertex 0.648935 -18.2 17.2028
      vertex 0.648935 -10.1788 17.2028
    endloop
  endfacet
  facet normal -0.248656 3.02891e-06 0.968592
    outer loop
      vertex 0.3935 -10.1799 17.1372
      vertex 0.648935 -18.2 17.2028
      vertex 0.640463 -10.1799 17.2006
    endloop
  endfacet
  facet normal -0.248745 0 0.968569
    outer loop
      vertex 0.648935 -18.2 17.2028
      vertex 0.3935 -10.1799 17.1372
      vertex 0.3935 -18.2 17.1372
    endloop
  endfacet
  facet normal -0.251343 0 0.967898
    outer loop
      vertex 0.648935 18.2 17.2028
      vertex 0.640463 10.1799 17.2006
      vertex 0.648935 10.1788 17.2028
    endloop
  endfacet
  facet normal -0.248745 -2.92838e-06 0.968569
    outer loop
      vertex 0.3935 18.2 17.1372
      vertex 0.640463 10.1799 17.2006
      vertex 0.648935 18.2 17.2028
    endloop
  endfacet
  facet normal -0.248656 0 0.968592
    outer loop
      vertex 0.640463 10.1799 17.2006
      vertex 0.3935 18.2 17.1372
      vertex 0.3935 10.1799 17.1372
    endloop
  endfacet
  facet normal 0.684697 0 -0.728827
    outer loop
      vertex -1.53083 18.2 20.6375
      vertex -1.33859 10.0917 20.8181
      vertex -1.53083 10.0674 20.6375
    endloop
  endfacet
  facet normal 0.684697 0 -0.728827
    outer loop
      vertex -1.33859 10.0917 20.8181
      vertex -1.53083 18.2 20.6375
      vertex -1.33859 18.2 20.8181
    endloop
  endfacet
  facet normal 0.684697 0 -0.728827
    outer loop
      vertex -1.53083 -18.2 20.6375
      vertex -1.33859 -10.0917 20.8181
      vertex -1.33859 -18.2 20.8181
    endloop
  endfacet
  facet normal 0.684697 0 -0.728827
    outer loop
      vertex -1.33859 -10.0917 20.8181
      vertex -1.53083 -18.2 20.6375
      vertex -1.53083 -10.0674 20.6375
    endloop
  endfacet
  facet normal -0 0 1
    outer loop
      vertex -0.13186 -10.1799 17.1041
      vertex 0.13186 -18.2 17.1041
      vertex 0.13186 -10.1799 17.1041
    endloop
  endfacet
  facet normal 0 0 1
    outer loop
      vertex 0.13186 -18.2 17.1041
      vertex -0.13186 -10.1799 17.1041
      vertex -0.13186 -18.2 17.1041
    endloop
  endfacet
  facet normal -0 0 1
    outer loop
      vertex -0.13186 18.2 17.1041
      vertex 0.13186 10.1799 17.1041
      vertex 0.13186 18.2 17.1041
    endloop
  endfacet
  facet normal 0 0 1
    outer loop
      vertex 0.13186 10.1799 17.1041
      vertex -0.13186 18.2 17.1041
      vertex -0.13186 10.1799 17.1041
    endloop
  endfacet
  facet normal -0.587766 -0 -0.809031
    outer loop
      vertex 1.12524 -10.1186 20.9731
      vertex 1.33859 -18.2 20.8181
      vertex 1.12524 -18.2 20.9731
    endloop
  endfacet
  facet normal -0.587766 0 -0.809031
    outer loop
      vertex 1.33859 -18.2 20.8181
      vertex 1.12524 -10.1186 20.9731
      vertex 1.33859 -10.0917 20.8181
    endloop
  endfacet
  facet normal -0.587766 0 -0.809031
    outer loop
      vertex 1.12524 10.1186 20.9731
      vertex 1.33859 18.2 20.8181
      vertex 1.33859 10.0917 20.8181
    endloop
  endfacet
  facet normal -0.587766 0 -0.809031
    outer loop
      vertex 1.33859 18.2 20.8181
      vertex 1.12524 10.1186 20.9731
      vertex 1.12524 18.2 20.9731
    endloop
  endfacet
  facet normal -0.368184 0 0.929753
    outer loop
      vertex 0.648935 -10.1788 17.2028
      vertex 0.894136 -18.2 17.2999
      vertex 0.894136 -10.1478 17.2999
    endloop
  endfacet
  facet normal -0.368184 0 0.929753
    outer loop
      vertex 0.894136 -18.2 17.2999
      vertex 0.648935 -10.1788 17.2028
      vertex 0.648935 -18.2 17.2028
    endloop
  endfacet
  facet normal -0.368184 0 0.929753
    outer loop
      vertex 0.648935 10.1788 17.2028
      vertex 0.894136 18.2 17.2999
      vertex 0.648935 18.2 17.2028
    endloop
  endfacet
  facet normal -0.368184 0 0.929753
    outer loop
      vertex 0.894136 18.2 17.2999
      vertex 0.648935 10.1788 17.2028
      vertex 0.894136 10.1478 17.2999
    endloop
  endfacet
  facet normal -0.251343 0 -0.967898
    outer loop
      vertex 0.640463 10.1799 21.1994
      vertex 0.648935 18.2 21.1972
      vertex 0.648935 10.1788 21.1972
    endloop
  endfacet
  facet normal -0.248656 -3.02891e-06 -0.968592
    outer loop
      vertex 0.3935 10.1799 21.2628
      vertex 0.648935 18.2 21.1972
      vertex 0.640463 10.1799 21.1994
    endloop
  endfacet
  facet normal -0.248745 0 -0.968569
    outer loop
      vertex 0.648935 18.2 21.1972
      vertex 0.3935 10.1799 21.2628
      vertex 0.3935 18.2 21.2628
    endloop
  endfacet
  facet normal -0.251343 0 -0.967898
    outer loop
      vertex 0.648935 -18.2 21.1972
      vertex 0.640463 -10.1799 21.1994
      vertex 0.648935 -10.1788 21.1972
    endloop
  endfacet
  facet normal -0.248745 2.92838e-06 -0.968569
    outer loop
      vertex 0.3935 -18.2 21.2628
      vertex 0.640463 -10.1799 21.1994
      vertex 0.648935 -18.2 21.1972
    endloop
  endfacet
  facet normal -0.248656 0 -0.968592
    outer loop
      vertex 0.640463 -10.1799 21.1994
      vertex 0.3935 -18.2 21.2628
      vertex 0.3935 -10.1799 21.2628
    endloop
  endfacet
  facet normal 0.998027 -0 0.0627938
    outer loop
      vertex -2.1 -18.2 19.2
      vertex -2.08344 -9.97513 18.9368
      vertex -2.1 -9.97088 19.2
    endloop
  endfacet
  facet normal 0.998027 0 0.0627938
    outer loop
      vertex -2.08344 -9.97513 18.9368
      vertex -2.1 -18.2 19.2
      vertex -2.08344 -18.2 18.9368
    endloop
  endfacet
  facet normal 0.998027 0 0.0627938
    outer loop
      vertex -2.1 18.2 19.2
      vertex -2.08344 9.97513 18.9368
      vertex -2.08344 18.2 18.9368
    endloop
  endfacet
  facet normal 0.998027 0 0.0627938
    outer loop
      vertex -2.08344 9.97513 18.9368
      vertex -2.1 18.2 19.2
      vertex -2.1 9.97088 19.2
    endloop
  endfacet
  facet normal -0.84427 0 -0.535918
    outer loop
      vertex 1.84024 -18.2 20.2117
      vertex 1.69894 -10.0462 20.4343
      vertex 1.84024 -10.0283 20.2117
    endloop
  endfacet
  facet normal -0.84427 -0 -0.535918
    outer loop
      vertex 1.69894 -10.0462 20.4343
      vertex 1.84024 -18.2 20.2117
      vertex 1.69894 -18.2 20.4343
    endloop
  endfacet
  facet normal -0.84427 0 -0.535918
    outer loop
      vertex 1.84024 18.2 20.2117
      vertex 1.69894 10.0462 20.4343
      vertex 1.69894 18.2 20.4343
    endloop
  endfacet
  facet normal -0.84427 0 -0.535918
    outer loop
      vertex 1.69894 10.0462 20.4343
      vertex 1.84024 18.2 20.2117
      vertex 1.84024 10.0283 20.2117
    endloop
  endfacet
  facet normal -0.951056 0 0.309017
    outer loop
      vertex 2.03402 -18.2 18.6777
      vertex 1.95253 -10.0087 18.4269
      vertex 1.95253 -18.2 18.4269
    endloop
  endfacet
  facet normal -0.951056 0 0.309017
    outer loop
      vertex 1.95253 -10.0087 18.4269
      vertex 2.03402 -18.2 18.6777
      vertex 2.03402 -9.98782 18.6777
    endloop
  endfacet
  facet normal -0.951056 0 0.309017
    outer loop
      vertex 1.95253 10.0087 18.4269
      vertex 2.03402 18.2 18.6777
      vertex 1.95253 18.2 18.4269
    endloop
  endfacet
  facet normal -0.951056 0 0.309017
    outer loop
      vertex 2.03402 18.2 18.6777
      vertex 1.95253 10.0087 18.4269
      vertex 2.03402 9.98782 18.6777
    endloop
  endfacet
  facet normal -0.125509 0 -0.992092
    outer loop
      vertex 0.13186 10.1799 21.2959
      vertex 0.3935 18.2 21.2628
      vertex 0.3935 10.1799 21.2628
    endloop
  endfacet
  facet normal -0.125509 0 -0.992092
    outer loop
      vertex 0.3935 18.2 21.2628
      vertex 0.13186 10.1799 21.2959
      vertex 0.13186 18.2 21.2959
    endloop
  endfacet
  facet normal -0.125509 0 -0.992092
    outer loop
      vertex 0.13186 -18.2 21.2959
      vertex 0.3935 -10.1799 21.2628
      vertex 0.3935 -18.2 21.2628
    endloop
  endfacet
  facet normal -0.125509 0 -0.992092
    outer loop
      vertex 0.3935 -10.1799 21.2628
      vertex 0.13186 -18.2 21.2959
      vertex 0.13186 -10.1799 21.2959
    endloop
  endfacet
  facet normal -0.125509 0 0.992092
    outer loop
      vertex 0.13186 -10.1799 17.1041
      vertex 0.3935 -18.2 17.1372
      vertex 0.3935 -10.1799 17.1372
    endloop
  endfacet
  facet normal -0.125509 0 0.992092
    outer loop
      vertex 0.3935 -18.2 17.1372
      vertex 0.13186 -10.1799 17.1041
      vertex 0.13186 -18.2 17.1041
    endloop
  endfacet
  facet normal -0.125509 0 0.992092
    outer loop
      vertex 0.13186 18.2 17.1041
      vertex 0.3935 10.1799 17.1372
      vertex 0.3935 18.2 17.1372
    endloop
  endfacet
  facet normal -0.125509 0 0.992092
    outer loop
      vertex 0.3935 10.1799 17.1372
      vertex 0.13186 18.2 17.1041
      vertex 0.13186 10.1799 17.1041
    endloop
  endfacet
  facet normal -0.368184 -0 -0.929753
    outer loop
      vertex 0.648935 -10.1788 21.1972
      vertex 0.894136 -18.2 21.1001
      vertex 0.648935 -18.2 21.1972
    endloop
  endfacet
  facet normal -0.368184 0 -0.929753
    outer loop
      vertex 0.894136 -18.2 21.1001
      vertex 0.648935 -10.1788 21.1972
      vertex 0.894136 -10.1478 21.1001
    endloop
  endfacet
  facet normal -0.368184 0 -0.929753
    outer loop
      vertex 0.648935 10.1788 21.1972
      vertex 0.894136 18.2 21.1001
      vertex 0.894136 10.1478 21.1001
    endloop
  endfacet
  facet normal -0.368184 0 -0.929753
    outer loop
      vertex 0.894136 18.2 21.1001
      vertex 0.648935 10.1788 21.1972
      vertex 0.648935 18.2 21.1972
    endloop
  endfacet
  facet normal 0.770498 0 -0.637443
    outer loop
      vertex -1.53083 10.0674 20.6375
      vertex -1.69894 18.2 20.4343
      vertex -1.53083 18.2 20.6375
    endloop
  endfacet
  facet normal 0.770498 0 -0.637443
    outer loop
      vertex -1.69894 18.2 20.4343
      vertex -1.53083 10.0674 20.6375
      vertex -1.69894 10.0462 20.4343
    endloop
  endfacet
  facet normal 0.770498 0 -0.637443
    outer loop
      vertex -1.69894 -18.2 20.4343
      vertex -1.53083 -10.0674 20.6375
      vertex -1.53083 -18.2 20.6375
    endloop
  endfacet
  facet normal 0.770498 0 -0.637443
    outer loop
      vertex -1.53083 -10.0674 20.6375
      vertex -1.69894 -18.2 20.4343
      vertex -1.69894 -10.0462 20.4343
    endloop
  endfacet
  facet normal -0.481607 -0 -0.876388
    outer loop
      vertex 0.894136 -10.1478 21.1001
      vertex 1.12524 -18.2 20.9731
      vertex 0.894136 -18.2 21.1001
    endloop
  endfacet
  facet normal -0.481607 0 -0.876388
    outer loop
      vertex 1.12524 -18.2 20.9731
      vertex 0.894136 -10.1478 21.1001
      vertex 1.12524 -10.1186 20.9731
    endloop
  endfacet
  facet normal -0.481607 0 -0.876388
    outer loop
      vertex 0.894136 10.1478 21.1001
      vertex 1.12524 18.2 20.9731
      vertex 1.12524 10.1186 20.9731
    endloop
  endfacet
  facet normal -0.481607 0 -0.876388
    outer loop
      vertex 1.12524 18.2 20.9731
      vertex 0.894136 10.1478 21.1001
      vertex 0.894136 18.2 21.1001
    endloop
  endfacet
  facet normal 0.982291 -0 0.187359
    outer loop
      vertex -2.08344 -18.2 18.9368
      vertex -2.03402 -9.98782 18.6777
      vertex -2.08344 -9.97513 18.9368
    endloop
  endfacet
  facet normal 0.982291 0 0.187359
    outer loop
      vertex -2.03402 -9.98782 18.6777
      vertex -2.08344 -18.2 18.9368
      vertex -2.03402 -18.2 18.6777
    endloop
  endfacet
  facet normal 0.982291 0 0.187359
    outer loop
      vertex -2.08344 18.2 18.9368
      vertex -2.03402 9.98782 18.6777
      vertex -2.03402 18.2 18.6777
    endloop
  endfacet
  facet normal 0.982291 0 0.187359
    outer loop
      vertex -2.03402 9.98782 18.6777
      vertex -2.08344 18.2 18.9368
      vertex -2.08344 9.97513 18.9368
    endloop
  endfacet
  facet normal -0.951093 0 -0.308906
    outer loop
      vertex 2.03402 18.2 19.7222
      vertex 1.95253 10.0087 19.9731
      vertex 1.95253 18.2 19.9731
    endloop
  endfacet
  facet normal -0.951093 0 -0.308906
    outer loop
      vertex 1.95253 10.0087 19.9731
      vertex 2.03402 18.2 19.7222
      vertex 2.03402 9.98782 19.7222
    endloop
  endfacet
  facet normal -0.951093 0 -0.308906
    outer loop
      vertex 2.03402 -18.2 19.7222
      vertex 1.95253 -10.0087 19.9731
      vertex 2.03402 -9.98782 19.7222
    endloop
  endfacet
  facet normal -0.951093 -0 -0.308906
    outer loop
      vertex 1.95253 -10.0087 19.9731
      vertex 2.03402 -18.2 19.7222
      vertex 1.95253 -18.2 19.9731
    endloop
  endfacet
  facet normal -0.982291 0 0.187359
    outer loop
      vertex 2.08344 -18.2 18.9368
      vertex 2.03402 -9.98782 18.6777
      vertex 2.03402 -18.2 18.6777
    endloop
  endfacet
  facet normal -0.982291 0 0.187359
    outer loop
      vertex 2.03402 -9.98782 18.6777
      vertex 2.08344 -18.2 18.9368
      vertex 2.08344 -9.97513 18.9368
    endloop
  endfacet
  facet normal -0.982291 0 0.187359
    outer loop
      vertex 2.03402 9.98782 18.6777
      vertex 2.08344 18.2 18.9368
      vertex 2.03402 18.2 18.6777
    endloop
  endfacet
  facet normal -0.982291 0 0.187359
    outer loop
      vertex 2.08344 18.2 18.9368
      vertex 2.03402 9.98782 18.6777
      vertex 2.08344 9.97513 18.9368
    endloop
  endfacet
  facet normal 0.84427 0 0.535918
    outer loop
      vertex -1.84024 18.2 18.1883
      vertex -1.69894 10.0462 17.9657
      vertex -1.69894 18.2 17.9657
    endloop
  endfacet
  facet normal 0.84427 0 0.535918
    outer loop
      vertex -1.69894 10.0462 17.9657
      vertex -1.84024 18.2 18.1883
      vertex -1.84024 10.0283 18.1883
    endloop
  endfacet
  facet normal 0.84427 -0 0.535918
    outer loop
      vertex -1.84024 -18.2 18.1883
      vertex -1.69894 -10.0462 17.9657
      vertex -1.84024 -10.0283 18.1883
    endloop
  endfacet
  facet normal 0.84427 0 0.535918
    outer loop
      vertex -1.69894 -10.0462 17.9657
      vertex -1.84024 -18.2 18.1883
      vertex -1.69894 -18.2 17.9657
    endloop
  endfacet
  facet normal -0.998027 0 0.0627938
    outer loop
      vertex 2.1 -18.2 19.2
      vertex 2.08344 -9.97513 18.9368
      vertex 2.08344 -18.2 18.9368
    endloop
  endfacet
  facet normal -0.998027 0 0.0627938
    outer loop
      vertex 2.08344 -9.97513 18.9368
      vertex 2.1 -18.2 19.2
      vertex 2.1 -9.97088 19.2
    endloop
  endfacet
  facet normal -0.998027 0 0.0627938
    outer loop
      vertex 2.08344 9.97513 18.9368
      vertex 2.1 18.2 19.2
      vertex 2.08344 18.2 18.9368
    endloop
  endfacet
  facet normal -0.998027 0 0.0627938
    outer loop
      vertex 2.1 18.2 19.2
      vertex 2.08344 9.97513 18.9368
      vertex 2.1 9.97088 19.2
    endloop
  endfacet
  facet normal -0.684697 -0 -0.728827
    outer loop
      vertex 1.33859 -10.0917 20.8181
      vertex 1.53083 -18.2 20.6375
      vertex 1.33859 -18.2 20.8181
    endloop
  endfacet
  facet normal -0.684697 0 -0.728827
    outer loop
      vertex 1.53083 -18.2 20.6375
      vertex 1.33859 -10.0917 20.8181
      vertex 1.53083 -10.0674 20.6375
    endloop
  endfacet
  facet normal -0.684697 0 -0.728827
    outer loop
      vertex 1.33859 10.0917 20.8181
      vertex 1.53083 18.2 20.6375
      vertex 1.53083 10.0674 20.6375
    endloop
  endfacet
  facet normal -0.684697 0 -0.728827
    outer loop
      vertex 1.53083 18.2 20.6375
      vertex 1.33859 10.0917 20.8181
      vertex 1.33859 18.2 20.8181
    endloop
  endfacet
  facet normal -0.904808 0 0.425821
    outer loop
      vertex 1.84024 10.0283 18.1883
      vertex 1.95253 18.2 18.4269
      vertex 1.84024 18.2 18.1883
    endloop
  endfacet
  facet normal -0.904839 2.38641e-06 0.425754
    outer loop
      vertex 1.91129 10.0193 18.3393
      vertex 1.95253 18.2 18.4269
      vertex 1.84024 10.0283 18.1883
    endloop
  endfacet
  facet normal -0.904753 0 0.425936
    outer loop
      vertex 1.95253 18.2 18.4269
      vertex 1.91129 10.0193 18.3393
      vertex 1.95253 10.0087 18.4269
    endloop
  endfacet
  facet normal -0.904808 0 0.425821
    outer loop
      vertex 1.95253 -18.2 18.4269
      vertex 1.84024 -10.0283 18.1883
      vertex 1.84024 -18.2 18.1883
    endloop
  endfacet
  facet normal -0.904839 -2.38641e-06 0.425754
    outer loop
      vertex 1.84024 -10.0283 18.1883
      vertex 1.95253 -18.2 18.4269
      vertex 1.91129 -10.0193 18.3393
    endloop
  endfacet
  facet normal -0.904753 0 0.425936
    outer loop
      vertex 1.91129 -10.0193 18.3393
      vertex 1.95253 -18.2 18.4269
      vertex 1.95253 -10.0087 18.4269
    endloop
  endfacet
  facet normal 0.481607 0 -0.876388
    outer loop
      vertex -1.12524 18.2 20.9731
      vertex -0.894136 10.1478 21.1001
      vertex -1.12524 10.1186 20.9731
    endloop
  endfacet
  facet normal 0.481607 0 -0.876388
    outer loop
      vertex -0.894136 10.1478 21.1001
      vertex -1.12524 18.2 20.9731
      vertex -0.894136 18.2 21.1001
    endloop
  endfacet
  facet normal 0.481607 0 -0.876388
    outer loop
      vertex -1.12524 -18.2 20.9731
      vertex -0.894136 -10.1478 21.1001
      vertex -0.894136 -18.2 21.1001
    endloop
  endfacet
  facet normal 0.481607 0 -0.876388
    outer loop
      vertex -0.894136 -10.1478 21.1001
      vertex -1.12524 -18.2 20.9731
      vertex -1.12524 -10.1186 20.9731
    endloop
  endfacet
  facet normal -0.904753 0 -0.425936
    outer loop
      vertex 1.95253 -18.2 19.9731
      vertex 1.91129 -10.0193 20.0607
      vertex 1.95253 -10.0087 19.9731
    endloop
  endfacet
  facet normal -0.904839 -2.38641e-06 -0.425754
    outer loop
      vertex 1.95253 -18.2 19.9731
      vertex 1.84024 -10.0283 20.2117
      vertex 1.91129 -10.0193 20.0607
    endloop
  endfacet
  facet normal -0.904808 -0 -0.425821
    outer loop
      vertex 1.84024 -10.0283 20.2117
      vertex 1.95253 -18.2 19.9731
      vertex 1.84024 -18.2 20.2117
    endloop
  endfacet
  facet normal -0.904808 0 -0.425821
    outer loop
      vertex 1.95253 18.2 19.9731
      vertex 1.84024 10.0283 20.2117
      vertex 1.84024 18.2 20.2117
    endloop
  endfacet
  facet normal -0.904839 2.38641e-06 -0.425754
    outer loop
      vertex 1.95253 18.2 19.9731
      vertex 1.91129 10.0193 20.0607
      vertex 1.84024 10.0283 20.2117
    endloop
  endfacet
  facet normal -0.904753 0 -0.425936
    outer loop
      vertex 1.91129 10.0193 20.0607
      vertex 1.95253 18.2 19.9731
      vertex 1.95253 10.0087 19.9731
    endloop
  endfacet
  facet normal -0.587766 0 0.809031
    outer loop
      vertex 1.12524 10.1186 17.4269
      vertex 1.33859 18.2 17.5819
      vertex 1.12524 18.2 17.4269
    endloop
  endfacet
  facet normal -0.587766 0 0.809031
    outer loop
      vertex 1.33859 18.2 17.5819
      vertex 1.12524 10.1186 17.4269
      vertex 1.33859 10.0917 17.5819
    endloop
  endfacet
  facet normal -0.587766 0 0.809031
    outer loop
      vertex 1.12524 -10.1186 17.4269
      vertex 1.33859 -18.2 17.5819
      vertex 1.33859 -10.0917 17.5819
    endloop
  endfacet
  facet normal -0.587766 0 0.809031
    outer loop
      vertex 1.33859 -18.2 17.5819
      vertex 1.12524 -10.1186 17.4269
      vertex 1.12524 -18.2 17.4269
    endloop
  endfacet
  facet normal 0.982278 0 -0.187429
    outer loop
      vertex -2.08344 -18.2 19.4632
      vertex -2.03402 -9.98782 19.7222
      vertex -2.03402 -18.2 19.7222
    endloop
  endfacet
  facet normal 0.982278 0 -0.187429
    outer loop
      vertex -2.03402 -9.98782 19.7222
      vertex -2.08344 -18.2 19.4632
      vertex -2.08344 -9.97513 19.4632
    endloop
  endfacet
  facet normal 0.982278 0 -0.187429
    outer loop
      vertex -2.03402 9.98782 19.7222
      vertex -2.08344 18.2 19.4632
      vertex -2.03402 18.2 19.7222
    endloop
  endfacet
  facet normal 0.982278 0 -0.187429
    outer loop
      vertex -2.08344 18.2 19.4632
      vertex -2.03402 9.98782 19.7222
      vertex -2.08344 9.97513 19.4632
    endloop
  endfacet
  facet normal 0.587766 0 0.809031
    outer loop
      vertex -1.33859 18.2 17.5819
      vertex -1.12524 10.1186 17.4269
      vertex -1.12524 18.2 17.4269
    endloop
  endfacet
  facet normal 0.587766 0 0.809031
    outer loop
      vertex -1.12524 10.1186 17.4269
      vertex -1.33859 18.2 17.5819
      vertex -1.33859 10.0917 17.5819
    endloop
  endfacet
  facet normal 0.587766 -0 0.809031
    outer loop
      vertex -1.33859 -18.2 17.5819
      vertex -1.12524 -10.1186 17.4269
      vertex -1.33859 -10.0917 17.5819
    endloop
  endfacet
  facet normal 0.587766 0 0.809031
    outer loop
      vertex -1.12524 -10.1186 17.4269
      vertex -1.33859 -18.2 17.5819
      vertex -1.12524 -18.2 17.4269
    endloop
  endfacet
  facet normal 0.84427 0 -0.535918
    outer loop
      vertex -1.84024 -18.2 20.2117
      vertex -1.69894 -10.0462 20.4343
      vertex -1.69894 -18.2 20.4343
    endloop
  endfacet
  facet normal 0.84427 0 -0.535918
    outer loop
      vertex -1.69894 -10.0462 20.4343
      vertex -1.84024 -18.2 20.2117
      vertex -1.84024 -10.0283 20.2117
    endloop
  endfacet
  facet normal 0.84427 0 -0.535918
    outer loop
      vertex -1.69894 10.0462 20.4343
      vertex -1.84024 18.2 20.2117
      vertex -1.69894 18.2 20.4343
    endloop
  endfacet
  facet normal 0.84427 0 -0.535918
    outer loop
      vertex -1.84024 18.2 20.2117
      vertex -1.69894 10.0462 20.4343
      vertex -1.84024 10.0283 20.2117
    endloop
  endfacet
  facet normal -0.84427 0 0.535918
    outer loop
      vertex 1.69894 10.0462 17.9657
      vertex 1.84024 18.2 18.1883
      vertex 1.69894 18.2 17.9657
    endloop
  endfacet
  facet normal -0.84427 0 0.535918
    outer loop
      vertex 1.84024 18.2 18.1883
      vertex 1.69894 10.0462 17.9657
      vertex 1.84024 10.0283 18.1883
    endloop
  endfacet
  facet normal -0.84427 0 0.535918
    outer loop
      vertex 1.84024 -18.2 18.1883
      vertex 1.69894 -10.0462 17.9657
      vertex 1.69894 -18.2 17.9657
    endloop
  endfacet
  facet normal -0.84427 0 0.535918
    outer loop
      vertex 1.69894 -10.0462 17.9657
      vertex 1.84024 -18.2 18.1883
      vertex 1.84024 -10.0283 18.1883
    endloop
  endfacet
  facet normal 0.770498 0 0.637443
    outer loop
      vertex -1.69894 18.2 17.9657
      vertex -1.53083 10.0674 17.7625
      vertex -1.53083 18.2 17.7625
    endloop
  endfacet
  facet normal 0.770498 0 0.637443
    outer loop
      vertex -1.53083 10.0674 17.7625
      vertex -1.69894 18.2 17.9657
      vertex -1.69894 10.0462 17.9657
    endloop
  endfacet
  facet normal 0.770498 -0 0.637443
    outer loop
      vertex -1.69894 -18.2 17.9657
      vertex -1.53083 -10.0674 17.7625
      vertex -1.69894 -10.0462 17.9657
    endloop
  endfacet
  facet normal 0.770498 0 0.637443
    outer loop
      vertex -1.53083 -10.0674 17.7625
      vertex -1.69894 -18.2 17.9657
      vertex -1.53083 -18.2 17.7625
    endloop
  endfacet
  facet normal 0.368184 0 0.929753
    outer loop
      vertex -0.894136 18.2 17.2999
      vertex -0.648935 10.1788 17.2028
      vertex -0.648935 18.2 17.2028
    endloop
  endfacet
  facet normal 0.368184 0 0.929753
    outer loop
      vertex -0.648935 10.1788 17.2028
      vertex -0.894136 18.2 17.2999
      vertex -0.894136 10.1478 17.2999
    endloop
  endfacet
  facet normal 0.368184 -0 0.929753
    outer loop
      vertex -0.894136 -18.2 17.2999
      vertex -0.648935 -10.1788 17.2028
      vertex -0.894136 -10.1478 17.2999
    endloop
  endfacet
  facet normal 0.368184 0 0.929753
    outer loop
      vertex -0.648935 -10.1788 17.2028
      vertex -0.894136 -18.2 17.2999
      vertex -0.648935 -18.2 17.2028
    endloop
  endfacet
  facet normal 0.904808 0 -0.425821
    outer loop
      vertex -1.95253 -18.2 19.9731
      vertex -1.84024 -10.0283 20.2117
      vertex -1.84024 -18.2 20.2117
    endloop
  endfacet
  facet normal 0.904839 -2.38641e-06 -0.425754
    outer loop
      vertex -1.84024 -10.0283 20.2117
      vertex -1.95253 -18.2 19.9731
      vertex -1.91129 -10.0193 20.0607
    endloop
  endfacet
  facet normal 0.904753 0 -0.425936
    outer loop
      vertex -1.91129 -10.0193 20.0607
      vertex -1.95253 -18.2 19.9731
      vertex -1.95253 -10.0087 19.9731
    endloop
  endfacet
  facet normal 0.904808 0 -0.425821
    outer loop
      vertex -1.84024 10.0283 20.2117
      vertex -1.95253 18.2 19.9731
      vertex -1.84024 18.2 20.2117
    endloop
  endfacet
  facet normal 0.904839 2.38641e-06 -0.425754
    outer loop
      vertex -1.91129 10.0193 20.0607
      vertex -1.95253 18.2 19.9731
      vertex -1.84024 10.0283 20.2117
    endloop
  endfacet
  facet normal 0.904753 0 -0.425936
    outer loop
      vertex -1.95253 18.2 19.9731
      vertex -1.91129 10.0193 20.0607
      vertex -1.95253 10.0087 19.9731
    endloop
  endfacet
  facet normal 0.951093 0 -0.308906
    outer loop
      vertex -2.03402 -18.2 19.7222
      vertex -1.95253 -10.0087 19.9731
      vertex -1.95253 -18.2 19.9731
    endloop
  endfacet
  facet normal 0.951093 0 -0.308906
    outer loop
      vertex -1.95253 -10.0087 19.9731
      vertex -2.03402 -18.2 19.7222
      vertex -2.03402 -9.98782 19.7222
    endloop
  endfacet
  facet normal 0.951093 0 -0.308906
    outer loop
      vertex -1.95253 10.0087 19.9731
      vertex -2.03402 18.2 19.7222
      vertex -1.95253 18.2 19.9731
    endloop
  endfacet
  facet normal 0.951093 0 -0.308906
    outer loop
      vertex -2.03402 18.2 19.7222
      vertex -1.95253 10.0087 19.9731
      vertex -2.03402 9.98782 19.7222
    endloop
  endfacet
  facet normal 0.125509 0 0.992092
    outer loop
      vertex -0.3935 -10.1799 17.1372
      vertex -0.13186 -18.2 17.1041
      vertex -0.13186 -10.1799 17.1041
    endloop
  endfacet
  facet normal 0.125509 0 0.992092
    outer loop
      vertex -0.13186 -18.2 17.1041
      vertex -0.3935 -10.1799 17.1372
      vertex -0.3935 -18.2 17.1372
    endloop
  endfacet
  facet normal 0.125509 0 0.992092
    outer loop
      vertex -0.3935 18.2 17.1372
      vertex -0.13186 10.1799 17.1041
      vertex -0.13186 18.2 17.1041
    endloop
  endfacet
  facet normal 0.125509 0 0.992092
    outer loop
      vertex -0.13186 10.1799 17.1041
      vertex -0.3935 18.2 17.1372
      vertex -0.3935 10.1799 17.1372
    endloop
  endfacet
  facet normal 0.587766 0 -0.809031
    outer loop
      vertex -1.33859 -18.2 20.8181
      vertex -1.12524 -10.1186 20.9731
      vertex -1.12524 -18.2 20.9731
    endloop
  endfacet
  facet normal 0.587766 0 -0.809031
    outer loop
      vertex -1.12524 -10.1186 20.9731
      vertex -1.33859 -18.2 20.8181
      vertex -1.33859 -10.0917 20.8181
    endloop
  endfacet
  facet normal 0.587766 0 -0.809031
    outer loop
      vertex -1.33859 18.2 20.8181
      vertex -1.12524 10.1186 20.9731
      vertex -1.33859 10.0917 20.8181
    endloop
  endfacet
  facet normal 0.587766 0 -0.809031
    outer loop
      vertex -1.12524 10.1186 20.9731
      vertex -1.33859 18.2 20.8181
      vertex -1.12524 18.2 20.9731
    endloop
  endfacet
  facet normal 0.368184 0 -0.929753
    outer loop
      vertex -0.894136 18.2 21.1001
      vertex -0.648935 10.1788 21.1972
      vertex -0.894136 10.1478 21.1001
    endloop
  endfacet
  facet normal 0.368184 0 -0.929753
    outer loop
      vertex -0.648935 10.1788 21.1972
      vertex -0.894136 18.2 21.1001
      vertex -0.648935 18.2 21.1972
    endloop
  endfacet
  facet normal 0.368184 0 -0.929753
    outer loop
      vertex -0.894136 -18.2 21.1001
      vertex -0.648935 -10.1788 21.1972
      vertex -0.648935 -18.2 21.1972
    endloop
  endfacet
  facet normal 0.368184 0 -0.929753
    outer loop
      vertex -0.648935 -10.1788 21.1972
      vertex -0.894136 -18.2 21.1001
      vertex -0.894136 -10.1478 21.1001
    endloop
  endfacet
  facet normal -0.684697 0 0.728827
    outer loop
      vertex 1.33859 10.0917 17.5819
      vertex 1.53083 18.2 17.7625
      vertex 1.33859 18.2 17.5819
    endloop
  endfacet
  facet normal -0.684697 0 0.728827
    outer loop
      vertex 1.53083 18.2 17.7625
      vertex 1.33859 10.0917 17.5819
      vertex 1.53083 10.0674 17.7625
    endloop
  endfacet
  facet normal -0.684697 0 0.728827
    outer loop
      vertex 1.33859 -10.0917 17.5819
      vertex 1.53083 -18.2 17.7625
      vertex 1.53083 -10.0674 17.7625
    endloop
  endfacet
  facet normal -0.684697 0 0.728827
    outer loop
      vertex 1.53083 -18.2 17.7625
      vertex 1.33859 -10.0917 17.5819
      vertex 1.33859 -18.2 17.5819
    endloop
  endfacet
  facet normal 0.248656 0 -0.968592
    outer loop
      vertex -0.640463 10.1799 21.1994
      vertex -0.3935 18.2 21.2628
      vertex -0.3935 10.1799 21.2628
    endloop
  endfacet
  facet normal 0.251343 0 -0.967898
    outer loop
      vertex -0.648935 18.2 21.1972
      vertex -0.640463 10.1799 21.1994
      vertex -0.648935 10.1788 21.1972
    endloop
  endfacet
  facet normal 0.248745 -2.92838e-06 -0.968569
    outer loop
      vertex -0.640463 10.1799 21.1994
      vertex -0.648935 18.2 21.1972
      vertex -0.3935 18.2 21.2628
    endloop
  endfacet
  facet normal 0.248656 0 -0.968592
    outer loop
      vertex -0.3935 -18.2 21.2628
      vertex -0.640463 -10.1799 21.1994
      vertex -0.3935 -10.1799 21.2628
    endloop
  endfacet
  facet normal 0.248745 2.92838e-06 -0.968569
    outer loop
      vertex -0.648935 -18.2 21.1972
      vertex -0.640463 -10.1799 21.1994
      vertex -0.3935 -18.2 21.2628
    endloop
  endfacet
  facet normal 0.251343 0 -0.967898
    outer loop
      vertex -0.640463 -10.1799 21.1994
      vertex -0.648935 -18.2 21.1972
      vertex -0.648935 -10.1788 21.1972
    endloop
  endfacet
  facet normal 0.684697 -0 0.728827
    outer loop
      vertex -1.53083 -18.2 17.7625
      vertex -1.33859 -10.0917 17.5819
      vertex -1.53083 -10.0674 17.7625
    endloop
  endfacet
  facet normal 0.684697 0 0.728827
    outer loop
      vertex -1.33859 -10.0917 17.5819
      vertex -1.53083 -18.2 17.7625
      vertex -1.33859 -18.2 17.5819
    endloop
  endfacet
  facet normal 0.684697 0 0.728827
    outer loop
      vertex -1.53083 18.2 17.7625
      vertex -1.33859 10.0917 17.5819
      vertex -1.33859 18.2 17.5819
    endloop
  endfacet
  facet normal 0.684697 0 0.728827
    outer loop
      vertex -1.33859 10.0917 17.5819
      vertex -1.53083 18.2 17.7625
      vertex -1.53083 10.0674 17.7625
    endloop
  endfacet
  facet normal 0.998027 0 -0.0627938
    outer loop
      vertex -2.1 -18.2 19.2
      vertex -2.08344 -9.97513 19.4632
      vertex -2.08344 -18.2 19.4632
    endloop
  endfacet
  facet normal 0.998027 0 -0.0627938
    outer loop
      vertex -2.08344 -9.97513 19.4632
      vertex -2.1 -18.2 19.2
      vertex -2.1 -9.97088 19.2
    endloop
  endfacet
  facet normal 0.998027 0 -0.0627938
    outer loop
      vertex -2.08344 9.97513 19.4632
      vertex -2.1 18.2 19.2
      vertex -2.08344 18.2 19.4632
    endloop
  endfacet
  facet normal 0.998027 0 -0.0627938
    outer loop
      vertex -2.1 18.2 19.2
      vertex -2.08344 9.97513 19.4632
      vertex -2.1 9.97088 19.2
    endloop
  endfacet
  facet normal -0.770498 0 -0.637443
    outer loop
      vertex 1.69894 -18.2 20.4343
      vertex 1.53083 -10.0674 20.6375
      vertex 1.69894 -10.0462 20.4343
    endloop
  endfacet
  facet normal -0.770498 -0 -0.637443
    outer loop
      vertex 1.53083 -10.0674 20.6375
      vertex 1.69894 -18.2 20.4343
      vertex 1.53083 -18.2 20.6375
    endloop
  endfacet
  facet normal -0.770498 0 -0.637443
    outer loop
      vertex 1.69894 18.2 20.4343
      vertex 1.53083 10.0674 20.6375
      vertex 1.53083 18.2 20.6375
    endloop
  endfacet
  facet normal -0.770498 0 -0.637443
    outer loop
      vertex 1.53083 10.0674 20.6375
      vertex 1.69894 18.2 20.4343
      vertex 1.69894 10.0462 20.4343
    endloop
  endfacet
  facet normal -0.481607 0 0.876388
    outer loop
      vertex 0.894136 -10.1478 17.2999
      vertex 1.12524 -18.2 17.4269
      vertex 1.12524 -10.1186 17.4269
    endloop
  endfacet
  facet normal -0.481607 0 0.876388
    outer loop
      vertex 1.12524 -18.2 17.4269
      vertex 0.894136 -10.1478 17.2999
      vertex 0.894136 -18.2 17.2999
    endloop
  endfacet
  facet normal -0.481607 0 0.876388
    outer loop
      vertex 0.894136 10.1478 17.2999
      vertex 1.12524 18.2 17.4269
      vertex 0.894136 18.2 17.2999
    endloop
  endfacet
  facet normal -0.481607 0 0.876388
    outer loop
      vertex 1.12524 18.2 17.4269
      vertex 0.894136 10.1478 17.2999
      vertex 1.12524 10.1186 17.4269
    endloop
  endfacet
  facet normal 0.248656 0 0.968592
    outer loop
      vertex -0.3935 18.2 17.1372
      vertex -0.640463 10.1799 17.2006
      vertex -0.3935 10.1799 17.1372
    endloop
  endfacet
  facet normal 0.248745 -2.92838e-06 0.968569
    outer loop
      vertex -0.648935 18.2 17.2028
      vertex -0.640463 10.1799 17.2006
      vertex -0.3935 18.2 17.1372
    endloop
  endfacet
  facet normal 0.251343 0 0.967898
    outer loop
      vertex -0.640463 10.1799 17.2006
      vertex -0.648935 18.2 17.2028
      vertex -0.648935 10.1788 17.2028
    endloop
  endfacet
  facet normal 0.248656 0 0.968592
    outer loop
      vertex -0.640463 -10.1799 17.2006
      vertex -0.3935 -18.2 17.1372
      vertex -0.3935 -10.1799 17.1372
    endloop
  endfacet
  facet normal 0.251343 -0 0.967898
    outer loop
      vertex -0.648935 -18.2 17.2028
      vertex -0.640463 -10.1799 17.2006
      vertex -0.648935 -10.1788 17.2028
    endloop
  endfacet
  facet normal 0.248745 2.92838e-06 0.968569
    outer loop
      vertex -0.640463 -10.1799 17.2006
      vertex -0.648935 -18.2 17.2028
      vertex -0.3935 -18.2 17.1372
    endloop
  endfacet
  facet normal 0.481607 0 0.876388
    outer loop
      vertex -1.12524 18.2 17.4269
      vertex -0.894136 10.1478 17.2999
      vertex -0.894136 18.2 17.2999
    endloop
  endfacet
  facet normal 0.481607 0 0.876388
    outer loop
      vertex -0.894136 10.1478 17.2999
      vertex -1.12524 18.2 17.4269
      vertex -1.12524 10.1186 17.4269
    endloop
  endfacet
  facet normal 0.481607 -0 0.876388
    outer loop
      vertex -1.12524 -18.2 17.4269
      vertex -0.894136 -10.1478 17.2999
      vertex -1.12524 -10.1186 17.4269
    endloop
  endfacet
  facet normal 0.481607 0 0.876388
    outer loop
      vertex -0.894136 -10.1478 17.2999
      vertex -1.12524 -18.2 17.4269
      vertex -0.894136 -18.2 17.2999
    endloop
  endfacet
  facet normal 0.951056 -0 0.309017
    outer loop
      vertex -2.03402 -18.2 18.6777
      vertex -1.95253 -10.0087 18.4269
      vertex -2.03402 -9.98782 18.6777
    endloop
  endfacet
  facet normal 0.951056 0 0.309017
    outer loop
      vertex -1.95253 -10.0087 18.4269
      vertex -2.03402 -18.2 18.6777
      vertex -1.95253 -18.2 18.4269
    endloop
  endfacet
  facet normal 0.951056 0 0.309017
    outer loop
      vertex -2.03402 18.2 18.6777
      vertex -1.95253 10.0087 18.4269
      vertex -1.95253 18.2 18.4269
    endloop
  endfacet
  facet normal 0.951056 0 0.309017
    outer loop
      vertex -1.95253 10.0087 18.4269
      vertex -2.03402 18.2 18.6777
      vertex -2.03402 9.98782 18.6777
    endloop
  endfacet
  facet normal 0 0 -1
    outer loop
      vertex -0.13186 -18.2 21.2959
      vertex 0.13186 -10.1799 21.2959
      vertex 0.13186 -18.2 21.2959
    endloop
  endfacet
  facet normal -0 0 -1
    outer loop
      vertex 0.13186 -10.1799 21.2959
      vertex -0.13186 -18.2 21.2959
      vertex -0.13186 -10.1799 21.2959
    endloop
  endfacet
  facet normal 0 0 -1
    outer loop
      vertex -0.13186 10.1799 21.2959
      vertex 0.13186 18.2 21.2959
      vertex 0.13186 10.1799 21.2959
    endloop
  endfacet
  facet normal -0 0 -1
    outer loop
      vertex 0.13186 18.2 21.2959
      vertex -0.13186 10.1799 21.2959
      vertex -0.13186 18.2 21.2959
    endloop
  endfacet
  facet normal 0 1 0
    outer loop
      vertex 0.3935 -18.2 21.2628
      vertex -0.13186 -18.2 21.2959
      vertex 0.13186 -18.2 21.2959
    endloop
  endfacet
  facet normal 0 1 0
    outer loop
      vertex 0.3935 -18.2 21.2628
      vertex -0.3935 -18.2 21.2628
      vertex -0.13186 -18.2 21.2959
    endloop
  endfacet
  facet normal 0 1 0
    outer loop
      vertex 0.648935 -18.2 21.1972
      vertex -0.3935 -18.2 21.2628
      vertex 0.3935 -18.2 21.2628
    endloop
  endfacet
  facet normal 0 1 0
    outer loop
      vertex 0.648935 -18.2 21.1972
      vertex -0.648935 -18.2 21.1972
      vertex -0.3935 -18.2 21.2628
    endloop
  endfacet
  facet normal 0 1 0
    outer loop
      vertex 0.894136 -18.2 21.1001
      vertex -0.648935 -18.2 21.1972
      vertex 0.648935 -18.2 21.1972
    endloop
  endfacet
  facet normal 0 1 0
    outer loop
      vertex 0.894136 -18.2 21.1001
      vertex -0.894136 -18.2 21.1001
      vertex -0.648935 -18.2 21.1972
    endloop
  endfacet
  facet normal 0 1 0
    outer loop
      vertex 1.12524 -18.2 20.9731
      vertex -0.894136 -18.2 21.1001
      vertex 0.894136 -18.2 21.1001
    endloop
  endfacet
  facet normal 0 1 0
    outer loop
      vertex 1.12524 -18.2 20.9731
      vertex -1.12524 -18.2 20.9731
      vertex -0.894136 -18.2 21.1001
    endloop
  endfacet
  facet normal 0 1 0
    outer loop
      vertex 1.33859 -18.2 20.8181
      vertex -1.12524 -18.2 20.9731
      vertex 1.12524 -18.2 20.9731
    endloop
  endfacet
  facet normal 0 1 0
    outer loop
      vertex 1.33859 -18.2 20.8181
      vertex -1.33859 -18.2 20.8181
      vertex -1.12524 -18.2 20.9731
    endloop
  endfacet
  facet normal 0 1 0
    outer loop
      vertex 1.53083 -18.2 20.6375
      vertex -1.33859 -18.2 20.8181
      vertex 1.33859 -18.2 20.8181
    endloop
  endfacet
  facet normal 0 1 0
    outer loop
      vertex 1.53083 -18.2 20.6375
      vertex -1.53083 -18.2 20.6375
      vertex -1.33859 -18.2 20.8181
    endloop
  endfacet
  facet normal 0 1 0
    outer loop
      vertex 1.69894 -18.2 20.4343
      vertex -1.53083 -18.2 20.6375
      vertex 1.53083 -18.2 20.6375
    endloop
  endfacet
  facet normal 0 1 0
    outer loop
      vertex 1.69894 -18.2 20.4343
      vertex -1.69894 -18.2 20.4343
      vertex -1.53083 -18.2 20.6375
    endloop
  endfacet
  facet normal 0 1 0
    outer loop
      vertex 1.84024 -18.2 20.2117
      vertex -1.69894 -18.2 20.4343
      vertex 1.69894 -18.2 20.4343
    endloop
  endfacet
  facet normal 0 1 0
    outer loop
      vertex 1.84024 -18.2 20.2117
      vertex -1.84024 -18.2 20.2117
      vertex -1.69894 -18.2 20.4343
    endloop
  endfacet
  facet normal 0 1 0
    outer loop
      vertex 1.95253 -18.2 19.9731
      vertex -1.84024 -18.2 20.2117
      vertex 1.84024 -18.2 20.2117
    endloop
  endfacet
  facet normal 0 1 0
    outer loop
      vertex 1.95253 -18.2 19.9731
      vertex -1.95253 -18.2 19.9731
      vertex -1.84024 -18.2 20.2117
    endloop
  endfacet
  facet normal 0 1 0
    outer loop
      vertex 2.03402 -18.2 19.7222
      vertex -1.95253 -18.2 19.9731
      vertex 1.95253 -18.2 19.9731
    endloop
  endfacet
  facet normal 0 1 0
    outer loop
      vertex 2.03402 -18.2 19.7222
      vertex -2.03402 -18.2 19.7222
      vertex -1.95253 -18.2 19.9731
    endloop
  endfacet
  facet normal 0 1 0
    outer loop
      vertex 2.08344 -18.2 19.4632
      vertex -2.03402 -18.2 19.7222
      vertex 2.03402 -18.2 19.7222
    endloop
  endfacet
  facet normal 0 1 0
    outer loop
      vertex 2.08344 -18.2 19.4632
      vertex -2.08344 -18.2 19.4632
      vertex -2.03402 -18.2 19.7222
    endloop
  endfacet
  facet normal 0 1 0
    outer loop
      vertex 2.1 -18.2 19.2
      vertex -2.08344 -18.2 19.4632
      vertex 2.08344 -18.2 19.4632
    endloop
  endfacet
  facet normal 0 1 0
    outer loop
      vertex 2.1 -18.2 19.2
      vertex -2.1 -18.2 19.2
      vertex -2.08344 -18.2 19.4632
    endloop
  endfacet
  facet normal 0 1 -0
    outer loop
      vertex 2.08344 -18.2 18.9368
      vertex -2.1 -18.2 19.2
      vertex 2.1 -18.2 19.2
    endloop
  endfacet
  facet normal 0 1 0
    outer loop
      vertex 2.08344 -18.2 18.9368
      vertex -2.08344 -18.2 18.9368
      vertex -2.1 -18.2 19.2
    endloop
  endfacet
  facet normal 0 1 -0
    outer loop
      vertex 2.03402 -18.2 18.6777
      vertex -2.08344 -18.2 18.9368
      vertex 2.08344 -18.2 18.9368
    endloop
  endfacet
  facet normal 0 1 0
    outer loop
      vertex 2.03402 -18.2 18.6777
      vertex -2.03402 -18.2 18.6777
      vertex -2.08344 -18.2 18.9368
    endloop
  endfacet
  facet normal 0 1 -0
    outer loop
      vertex 1.95253 -18.2 18.4269
      vertex -2.03402 -18.2 18.6777
      vertex 2.03402 -18.2 18.6777
    endloop
  endfacet
  facet normal 0 1 0
    outer loop
      vertex 1.95253 -18.2 18.4269
      vertex -1.95253 -18.2 18.4269
      vertex -2.03402 -18.2 18.6777
    endloop
  endfacet
  facet normal 0 1 -0
    outer loop
      vertex 1.84024 -18.2 18.1883
      vertex -1.95253 -18.2 18.4269
      vertex 1.95253 -18.2 18.4269
    endloop
  endfacet
  facet normal 0 1 0
    outer loop
      vertex 1.84024 -18.2 18.1883
      vertex -1.84024 -18.2 18.1883
      vertex -1.95253 -18.2 18.4269
    endloop
  endfacet
  facet normal 0 1 -0
    outer loop
      vertex 1.69894 -18.2 17.9657
      vertex -1.84024 -18.2 18.1883
      vertex 1.84024 -18.2 18.1883
    endloop
  endfacet
  facet normal 0 1 0
    outer loop
      vertex 1.69894 -18.2 17.9657
      vertex -1.69894 -18.2 17.9657
      vertex -1.84024 -18.2 18.1883
    endloop
  endfacet
  facet normal 0 1 -0
    outer loop
      vertex 1.53083 -18.2 17.7625
      vertex -1.69894 -18.2 17.9657
      vertex 1.69894 -18.2 17.9657
    endloop
  endfacet
  facet normal 0 1 0
    outer loop
      vertex 1.53083 -18.2 17.7625
      vertex -1.53083 -18.2 17.7625
      vertex -1.69894 -18.2 17.9657
    endloop
  endfacet
  facet normal 0 1 -0
    outer loop
      vertex 1.33859 -18.2 17.5819
      vertex -1.53083 -18.2 17.7625
      vertex 1.53083 -18.2 17.7625
    endloop
  endfacet
  facet normal 0 1 0
    outer loop
      vertex 1.33859 -18.2 17.5819
      vertex -1.33859 -18.2 17.5819
      vertex -1.53083 -18.2 17.7625
    endloop
  endfacet
  facet normal 0 1 -0
    outer loop
      vertex 1.12524 -18.2 17.4269
      vertex -1.33859 -18.2 17.5819
      vertex 1.33859 -18.2 17.5819
    endloop
  endfacet
  facet normal 0 1 0
    outer loop
      vertex 1.12524 -18.2 17.4269
      vertex -1.12524 -18.2 17.4269
      vertex -1.33859 -18.2 17.5819
    endloop
  endfacet
  facet normal 0 1 -0
    outer loop
      vertex 0.894136 -18.2 17.2999
      vertex -1.12524 -18.2 17.4269
      vertex 1.12524 -18.2 17.4269
    endloop
  endfacet
  facet normal 0 1 0
    outer loop
      vertex 0.894136 -18.2 17.2999
      vertex -0.894136 -18.2 17.2999
      vertex -1.12524 -18.2 17.4269
    endloop
  endfacet
  facet normal 0 1 -0
    outer loop
      vertex 0.648935 -18.2 17.2028
      vertex -0.894136 -18.2 17.2999
      vertex 0.894136 -18.2 17.2999
    endloop
  endfacet
  facet normal 0 1 0
    outer loop
      vertex 0.648935 -18.2 17.2028
      vertex -0.648935 -18.2 17.2028
      vertex -0.894136 -18.2 17.2999
    endloop
  endfacet
  facet normal 0 1 -0
    outer loop
      vertex 0.3935 -18.2 17.1372
      vertex -0.648935 -18.2 17.2028
      vertex 0.648935 -18.2 17.2028
    endloop
  endfacet
  facet normal 0 1 0
    outer loop
      vertex 0.3935 -18.2 17.1372
      vertex -0.3935 -18.2 17.1372
      vertex -0.648935 -18.2 17.2028
    endloop
  endfacet
  facet normal 0 1 -0
    outer loop
      vertex 0.13186 -18.2 17.1041
      vertex -0.3935 -18.2 17.1372
      vertex 0.3935 -18.2 17.1372
    endloop
  endfacet
  facet normal 0 1 0
    outer loop
      vertex -0.3935 -18.2 17.1372
      vertex 0.13186 -18.2 17.1041
      vertex -0.13186 -18.2 17.1041
    endloop
  endfacet
  facet normal -0.770498 0 0.637443
    outer loop
      vertex 1.53083 10.0674 17.7625
      vertex 1.69894 18.2 17.9657
      vertex 1.53083 18.2 17.7625
    endloop
  endfacet
  facet normal -0.770498 0 0.637443
    outer loop
      vertex 1.69894 18.2 17.9657
      vertex 1.53083 10.0674 17.7625
      vertex 1.69894 10.0462 17.9657
    endloop
  endfacet
  facet normal -0.770498 0 0.637443
    outer loop
      vertex 1.69894 -18.2 17.9657
      vertex 1.53083 -10.0674 17.7625
      vertex 1.53083 -18.2 17.7625
    endloop
  endfacet
  facet normal -0.770498 0 0.637443
    outer loop
      vertex 1.53083 -10.0674 17.7625
      vertex 1.69894 -18.2 17.9657
      vertex 1.69894 -10.0462 17.9657
    endloop
  endfacet
  facet normal 0 -1 0
    outer loop
      vertex -0.3935 18.2 21.2628
      vertex 0.13186 18.2 21.2959
      vertex -0.13186 18.2 21.2959
    endloop
  endfacet
  facet normal 0 -1 0
    outer loop
      vertex -0.3935 18.2 21.2628
      vertex 0.3935 18.2 21.2628
      vertex 0.13186 18.2 21.2959
    endloop
  endfacet
  facet normal 0 -1 0
    outer loop
      vertex -0.648935 18.2 21.1972
      vertex 0.3935 18.2 21.2628
      vertex -0.3935 18.2 21.2628
    endloop
  endfacet
  facet normal 0 -1 0
    outer loop
      vertex -0.648935 18.2 21.1972
      vertex 0.648935 18.2 21.1972
      vertex 0.3935 18.2 21.2628
    endloop
  endfacet
  facet normal 0 -1 0
    outer loop
      vertex -0.894136 18.2 21.1001
      vertex 0.648935 18.2 21.1972
      vertex -0.648935 18.2 21.1972
    endloop
  endfacet
  facet normal 0 -1 0
    outer loop
      vertex -0.894136 18.2 21.1001
      vertex 0.894136 18.2 21.1001
      vertex 0.648935 18.2 21.1972
    endloop
  endfacet
  facet normal 0 -1 0
    outer loop
      vertex -1.12524 18.2 20.9731
      vertex 0.894136 18.2 21.1001
      vertex -0.894136 18.2 21.1001
    endloop
  endfacet
  facet normal 0 -1 0
    outer loop
      vertex -1.12524 18.2 20.9731
      vertex 1.12524 18.2 20.9731
      vertex 0.894136 18.2 21.1001
    endloop
  endfacet
  facet normal 0 -1 0
    outer loop
      vertex -1.33859 18.2 20.8181
      vertex 1.12524 18.2 20.9731
      vertex -1.12524 18.2 20.9731
    endloop
  endfacet
  facet normal 0 -1 0
    outer loop
      vertex -1.33859 18.2 20.8181
      vertex 1.33859 18.2 20.8181
      vertex 1.12524 18.2 20.9731
    endloop
  endfacet
  facet normal 0 -1 0
    outer loop
      vertex -1.53083 18.2 20.6375
      vertex 1.33859 18.2 20.8181
      vertex -1.33859 18.2 20.8181
    endloop
  endfacet
  facet normal 0 -1 0
    outer loop
      vertex -1.53083 18.2 20.6375
      vertex 1.53083 18.2 20.6375
      vertex 1.33859 18.2 20.8181
    endloop
  endfacet
  facet normal 0 -1 0
    outer loop
      vertex -1.69894 18.2 20.4343
      vertex 1.53083 18.2 20.6375
      vertex -1.53083 18.2 20.6375
    endloop
  endfacet
  facet normal 0 -1 0
    outer loop
      vertex -1.69894 18.2 20.4343
      vertex 1.69894 18.2 20.4343
      vertex 1.53083 18.2 20.6375
    endloop
  endfacet
  facet normal 0 -1 0
    outer loop
      vertex -1.84024 18.2 20.2117
      vertex 1.69894 18.2 20.4343
      vertex -1.69894 18.2 20.4343
    endloop
  endfacet
  facet normal 0 -1 0
    outer loop
      vertex -1.84024 18.2 20.2117
      vertex 1.84024 18.2 20.2117
      vertex 1.69894 18.2 20.4343
    endloop
  endfacet
  facet normal 0 -1 0
    outer loop
      vertex -1.95253 18.2 19.9731
      vertex 1.84024 18.2 20.2117
      vertex -1.84024 18.2 20.2117
    endloop
  endfacet
  facet normal 0 -1 0
    outer loop
      vertex -1.95253 18.2 19.9731
      vertex 1.95253 18.2 19.9731
      vertex 1.84024 18.2 20.2117
    endloop
  endfacet
  facet normal 0 -1 0
    outer loop
      vertex -2.03402 18.2 19.7222
      vertex 1.95253 18.2 19.9731
      vertex -1.95253 18.2 19.9731
    endloop
  endfacet
  facet normal 0 -1 0
    outer loop
      vertex -2.03402 18.2 19.7222
      vertex 2.03402 18.2 19.7222
      vertex 1.95253 18.2 19.9731
    endloop
  endfacet
  facet normal 0 -1 0
    outer loop
      vertex -2.08344 18.2 19.4632
      vertex 2.03402 18.2 19.7222
      vertex -2.03402 18.2 19.7222
    endloop
  endfacet
  facet normal 0 -1 0
    outer loop
      vertex -2.08344 18.2 19.4632
      vertex 2.08344 18.2 19.4632
      vertex 2.03402 18.2 19.7222
    endloop
  endfacet
  facet normal 0 -1 0
    outer loop
      vertex -2.1 18.2 19.2
      vertex 2.08344 18.2 19.4632
      vertex -2.08344 18.2 19.4632
    endloop
  endfacet
  facet normal 0 -1 0
    outer loop
      vertex -2.1 18.2 19.2
      vertex 2.1 18.2 19.2
      vertex 2.08344 18.2 19.4632
    endloop
  endfacet
  facet normal 0 -1 0
    outer loop
      vertex -2.08344 18.2 18.9368
      vertex 2.1 18.2 19.2
      vertex -2.1 18.2 19.2
    endloop
  endfacet
  facet normal 0 -1 0
    outer loop
      vertex -2.08344 18.2 18.9368
      vertex 2.08344 18.2 18.9368
      vertex 2.1 18.2 19.2
    endloop
  endfacet
  facet normal 0 -1 0
    outer loop
      vertex -2.03402 18.2 18.6777
      vertex 2.08344 18.2 18.9368
      vertex -2.08344 18.2 18.9368
    endloop
  endfacet
  facet normal 0 -1 0
    outer loop
      vertex -2.03402 18.2 18.6777
      vertex 2.03402 18.2 18.6777
      vertex 2.08344 18.2 18.9368
    endloop
  endfacet
  facet normal 0 -1 0
    outer loop
      vertex -1.95253 18.2 18.4269
      vertex 2.03402 18.2 18.6777
      vertex -2.03402 18.2 18.6777
    endloop
  endfacet
  facet normal 0 -1 0
    outer loop
      vertex -1.95253 18.2 18.4269
      vertex 1.95253 18.2 18.4269
      vertex 2.03402 18.2 18.6777
    endloop
  endfacet
  facet normal 0 -1 0
    outer loop
      vertex -1.84024 18.2 18.1883
      vertex 1.95253 18.2 18.4269
      vertex -1.95253 18.2 18.4269
    endloop
  endfacet
  facet normal 0 -1 0
    outer loop
      vertex -1.84024 18.2 18.1883
      vertex 1.84024 18.2 18.1883
      vertex 1.95253 18.2 18.4269
    endloop
  endfacet
  facet normal 0 -1 0
    outer loop
      vertex -1.69894 18.2 17.9657
      vertex 1.84024 18.2 18.1883
      vertex -1.84024 18.2 18.1883
    endloop
  endfacet
  facet normal 0 -1 0
    outer loop
      vertex -1.69894 18.2 17.9657
      vertex 1.69894 18.2 17.9657
      vertex 1.84024 18.2 18.1883
    endloop
  endfacet
  facet normal 0 -1 0
    outer loop
      vertex -1.53083 18.2 17.7625
      vertex 1.69894 18.2 17.9657
      vertex -1.69894 18.2 17.9657
    endloop
  endfacet
  facet normal 0 -1 0
    outer loop
      vertex -1.53083 18.2 17.7625
      vertex 1.53083 18.2 17.7625
      vertex 1.69894 18.2 17.9657
    endloop
  endfacet
  facet normal 0 -1 0
    outer loop
      vertex -1.33859 18.2 17.5819
      vertex 1.53083 18.2 17.7625
      vertex -1.53083 18.2 17.7625
    endloop
  endfacet
  facet normal 0 -1 0
    outer loop
      vertex -1.33859 18.2 17.5819
      vertex 1.33859 18.2 17.5819
      vertex 1.53083 18.2 17.7625
    endloop
  endfacet
  facet normal 0 -1 0
    outer loop
      vertex -1.12524 18.2 17.4269
      vertex 1.33859 18.2 17.5819
      vertex -1.33859 18.2 17.5819
    endloop
  endfacet
  facet normal 0 -1 0
    outer loop
      vertex -1.12524 18.2 17.4269
      vertex 1.12524 18.2 17.4269
      vertex 1.33859 18.2 17.5819
    endloop
  endfacet
  facet normal 0 -1 0
    outer loop
      vertex -0.894136 18.2 17.2999
      vertex 1.12524 18.2 17.4269
      vertex -1.12524 18.2 17.4269
    endloop
  endfacet
  facet normal 0 -1 0
    outer loop
      vertex -0.894136 18.2 17.2999
      vertex 0.894136 18.2 17.2999
      vertex 1.12524 18.2 17.4269
    endloop
  endfacet
  facet normal 0 -1 0
    outer loop
      vertex -0.648935 18.2 17.2028
      vertex 0.894136 18.2 17.2999
      vertex -0.894136 18.2 17.2999
    endloop
  endfacet
  facet normal 0 -1 0
    outer loop
      vertex -0.648935 18.2 17.2028
      vertex 0.648935 18.2 17.2028
      vertex 0.894136 18.2 17.2999
    endloop
  endfacet
  facet normal 0 -1 0
    outer loop
      vertex -0.3935 18.2 17.1372
      vertex 0.648935 18.2 17.2028
      vertex -0.648935 18.2 17.2028
    endloop
  endfacet
  facet normal 0 -1 0
    outer loop
      vertex -0.3935 18.2 17.1372
      vertex 0.3935 18.2 17.1372
      vertex 0.648935 18.2 17.2028
    endloop
  endfacet
  facet normal 0 -1 0
    outer loop
      vertex -0.13186 18.2 17.1041
      vertex 0.3935 18.2 17.1372
      vertex -0.3935 18.2 17.1372
    endloop
  endfacet
  facet normal 0 -1 0
    outer loop
      vertex 0.3935 18.2 17.1372
      vertex -0.13186 18.2 17.1041
      vertex 0.13186 18.2 17.1041
    endloop
  endfacet
endsolid OpenSCAD_Model
