solid OpenSCAD_Model
  facet normal 0 0 1
    outer loop
      vertex 2 16 202
      vertex 0.861605 13.0143 202
      vertex 2 12.8705 202
    endloop
  endfacet
  facet normal 0 0 1
    outer loop
      vertex 2 16 202
      vertex 0.819131 13.0197 202
      vertex 0.861605 13.0143 202
    endloop
  endfacet
  facet normal 0 0 1
    outer loop
      vertex 2 16 202
      vertex -0.819131 13.0197 202
      vertex 0.819131 13.0197 202
    endloop
  endfacet
  facet normal -0 0 1
    outer loop
      vertex -2 16 202
      vertex -0.819131 13.0197 202
      vertex 2 16 202
    endloop
  endfacet
  facet normal 0 0 1
    outer loop
      vertex -0.819131 13.0197 202
      vertex -2 16 202
      vertex -0.861605 13.0143 202
    endloop
  endfacet
  facet normal 0 0 1
    outer loop
      vertex -0.861605 13.0143 202
      vertex -2 16 202
      vertex -2 12.8705 202
    endloop
  endfacet
  facet normal -0 0 1
    outer loop
      vertex -16 2 202
      vertex -12.9346 1.67708 202
      vertex -12.873 2 202
    endloop
  endfacet
  facet normal 0 0 1
    outer loop
      vertex -16 2 202
      vertex -12.9453 1.5923 202
      vertex -12.9426 1.63503 202
    endloop
  endfacet
  facet normal 0 0 1
    outer loop
      vertex -12.9453 1.5923 202
      vertex -16 2 202
      vertex -13.0455 0 202
    endloop
  endfacet
  facet normal 0 0 1
    outer loop
      vertex -12.9346 1.67708 202
      vertex -16 2 202
      vertex -12.9426 1.63503 202
    endloop
  endfacet
  facet normal 0 0 1
    outer loop
      vertex -16 -2 202
      vertex -12.9346 -1.67708 202
      vertex -12.9426 -1.63503 202
    endloop
  endfacet
  facet normal 0 0 1
    outer loop
      vertex -16 -2 202
      vertex -12.9453 -1.5923 202
      vertex -13.0455 0 202
    endloop
  endfacet
  facet normal 0 0 1
    outer loop
      vertex -16 -2 202
      vertex -13.0455 0 202
      vertex -16 2 202
    endloop
  endfacet
  facet normal 0 0 1
    outer loop
      vertex -12.9453 -1.5923 202
      vertex -16 -2 202
      vertex -12.9426 -1.63503 202
    endloop
  endfacet
  facet normal 0 0 1
    outer loop
      vertex -12.9346 -1.67708 202
      vertex -16 -2 202
      vertex -12.873 -2 202
    endloop
  endfacet
  facet normal 0 0 1
    outer loop
      vertex 16 2 202
      vertex 13.0455 0 202
      vertex 16 -2 202
    endloop
  endfacet
  facet normal 0 0 1
    outer loop
      vertex 16 2 202
      vertex 12.9453 1.5923 202
      vertex 13.0455 0 202
    endloop
  endfacet
  facet normal 0 0 1
    outer loop
      vertex 16 2 202
      vertex 12.9426 1.63503 202
      vertex 12.9453 1.5923 202
    endloop
  endfacet
  facet normal 0 0 1
    outer loop
      vertex 16 2 202
      vertex 12.9346 1.67708 202
      vertex 12.9426 1.63503 202
    endloop
  endfacet
  facet normal 0 -0 1
    outer loop
      vertex 12.9346 1.67708 202
      vertex 16 2 202
      vertex 12.873 2 202
    endloop
  endfacet
  facet normal -0 0 1
    outer loop
      vertex 12.9453 -1.5923 202
      vertex 16 -2 202
      vertex 13.0455 0 202
    endloop
  endfacet
  facet normal -0 0 1
    outer loop
      vertex 12.9426 -1.63503 202
      vertex 16 -2 202
      vertex 12.9453 -1.5923 202
    endloop
  endfacet
  facet normal -0 0 1
    outer loop
      vertex 12.9346 -1.67708 202
      vertex 16 -2 202
      vertex 12.9426 -1.63503 202
    endloop
  endfacet
  facet normal 0 0 1
    outer loop
      vertex 16 -2 202
      vertex 12.9346 -1.67708 202
      vertex 12.873 -2 202
    endloop
  endfacet
  facet normal -0 0 1
    outer loop
      vertex 0.861605 -13.0143 202
      vertex 2 -16 202
      vertex 2 -12.8705 202
    endloop
  endfacet
  facet normal -0 0 1
    outer loop
      vertex 0.819131 -13.0197 202
      vertex 2 -16 202
      vertex 0.861605 -13.0143 202
    endloop
  endfacet
  facet normal -0 0 1
    outer loop
      vertex -0.819131 -13.0197 202
      vertex 2 -16 202
      vertex 0.819131 -13.0197 202
    endloop
  endfacet
  facet normal 0 0 1
    outer loop
      vertex -2 -16 202
      vertex -0.819131 -13.0197 202
      vertex -0.861605 -13.0143 202
    endloop
  endfacet
  facet normal 0 0 1
    outer loop
      vertex -2 -16 202
      vertex -0.861605 -13.0143 202
      vertex -2 -12.8705 202
    endloop
  endfacet
  facet normal 0 0 1
    outer loop
      vertex -0.819131 -13.0197 202
      vertex -2 -16 202
      vertex 2 -16 202
    endloop
  endfacet
  facet normal -1 0 0
    outer loop
      vertex -2 14.8367 30
      vertex -2 20 32
      vertex -2 20 28
    endloop
  endfacet
  facet normal -1 0 0
    outer loop
      vertex -2 14.6708 44.5147
      vertex -2 20 32
      vertex -2 14.8367 30
    endloop
  endfacet
  facet normal -1 0 -0
    outer loop
      vertex -2 14.8367 30
      vertex -2 20 28
      vertex -2 12.3218 28
    endloop
  endfacet
  facet normal -1 0 0
    outer loop
      vertex -2 20 32
      vertex -2 14.6708 44.5147
      vertex -2 19.7055 44.5147
    endloop
  endfacet
  facet normal -1 0 0
    outer loop
      vertex -2 13.1508 177.485
      vertex -2 16 202
      vertex -2 16.5768 177.485
    endloop
  endfacet
  facet normal -1 -0 0
    outer loop
      vertex -2 16 202
      vertex -2 13.1508 177.485
      vertex -2 12.8705 202
    endloop
  endfacet
  facet normal -1 0 0
    outer loop
      vertex -2 14.0189 101.542
      vertex -2 18.6945 87.4853
      vertex -2 14.1796 87.4853
    endloop
  endfacet
  facet normal -1 0 0
    outer loop
      vertex -2 18.6945 87.4853
      vertex -2 14.0189 101.542
      vertex -2 18.2938 104.515
    endloop
  endfacet
  facet normal -1 -0 0
    outer loop
      vertex -2 18.2938 104.515
      vertex -2 14.0189 101.542
      vertex -2 13.9849 104.515
    endloop
  endfacet
  facet normal -1 0 0
    outer loop
      vertex -2 14.5225 57.4853
      vertex -2 18.9997 74.5147
      vertex -2 19.4003 57.4853
    endloop
  endfacet
  facet normal -1 -0 0
    outer loop
      vertex -2 18.9997 74.5147
      vertex -2 14.5225 57.4853
      vertex -2 14.3279 74.5147
    endloop
  endfacet
  facet normal -1 0 0
    outer loop
      vertex -2 13.8367 117.485
      vertex -2 17.5879 134.515
      vertex -2 17.9886 117.485
    endloop
  endfacet
  facet normal -1 -0 0
    outer loop
      vertex -2 17.5879 134.515
      vertex -2 13.8367 117.485
      vertex -2 13.642 134.515
    endloop
  endfacet
  facet normal -1 0 0
    outer loop
      vertex -2 13.4937 147.485
      vertex -2 16.882 164.515
      vertex -2 17.2827 147.485
    endloop
  endfacet
  facet normal -1 -0 0
    outer loop
      vertex -2 16.882 164.515
      vertex -2 13.4937 147.485
      vertex -2 13.299 164.515
    endloop
  endfacet
  facet normal 1.76691e-05 0.999723 0.0235258
    outer loop
      vertex 2 19.7055 44.5147
      vertex 2 20 32
      vertex 0 19.7526 42.5147
    endloop
  endfacet
  facet normal -0 0.999723 0.0235225
    outer loop
      vertex -2 20 32
      vertex 0 19.7526 42.5147
      vertex 2 20 32
    endloop
  endfacet
  facet normal -1.76691e-05 0.999723 0.0235258
    outer loop
      vertex 0 19.7526 42.5147
      vertex -2 20 32
      vertex -2 19.7055 44.5147
    endloop
  endfacet
  facet normal 0 0.999723 0.0235245
    outer loop
      vertex 2 16 202
      vertex 0 16.5298 179.485
      vertex -2 16 202
    endloop
  endfacet
  facet normal 2.84441e-05 0.999723 0.0235219
    outer loop
      vertex 0 16.5298 179.485
      vertex 2 16 202
      vertex 2 16.5768 177.485
    endloop
  endfacet
  facet normal -2.84441e-05 0.999723 0.0235219
    outer loop
      vertex -2 16 202
      vertex 0 16.5298 179.485
      vertex -2 16.5768 177.485
    endloop
  endfacet
  facet normal -3.13895e-05 0.999723 0.0235249
    outer loop
      vertex 2 18.9997 74.5147
      vertex 0 19.3533 59.4853
      vertex 0 19.0467 72.5147
    endloop
  endfacet
  facet normal 2.40165e-05 0.999723 0.0235175
    outer loop
      vertex 0 19.3533 59.4853
      vertex 2 18.9997 74.5147
      vertex 2 19.4003 57.4853
    endloop
  endfacet
  facet normal 3.13895e-05 0.999723 0.0235249
    outer loop
      vertex 0 19.3533 59.4853
      vertex -2 18.9997 74.5147
      vertex 0 19.0467 72.5147
    endloop
  endfacet
  facet normal -2.40165e-05 0.999723 0.0235175
    outer loop
      vertex -2 18.9997 74.5147
      vertex 0 19.3533 59.4853
      vertex -2 19.4003 57.4853
    endloop
  endfacet
  facet normal -3.08479e-05 0.999723 0.0235243
    outer loop
      vertex 2 18.2938 104.515
      vertex 0 18.6474 89.4853
      vertex 0 18.3408 102.515
    endloop
  endfacet
  facet normal -2.05135e-05 0.999723 0.023523
    outer loop
      vertex 0 18.6474 89.4853
      vertex 2 18.2938 104.515
      vertex 2 18.6945 87.4853
    endloop
  endfacet
  facet normal 3.08479e-05 0.999723 0.0235243
    outer loop
      vertex 0 18.6474 89.4853
      vertex -2 18.2938 104.515
      vertex 0 18.3408 102.515
    endloop
  endfacet
  facet normal 2.05135e-05 0.999723 0.023523
    outer loop
      vertex -2 18.2938 104.515
      vertex 0 18.6474 89.4853
      vertex -2 18.6945 87.4853
    endloop
  endfacet
  facet normal -3.03063e-05 0.999723 0.0235238
    outer loop
      vertex 2 17.5879 134.515
      vertex 0 17.9415 119.485
      vertex 0 17.6349 132.515
    endloop
  endfacet
  facet normal -2.09279e-05 0.999723 0.0235226
    outer loop
      vertex 0 17.9415 119.485
      vertex 2 17.5879 134.515
      vertex 2 17.9886 117.485
    endloop
  endfacet
  facet normal 3.03063e-05 0.999723 0.0235238
    outer loop
      vertex 0 17.9415 119.485
      vertex -2 17.5879 134.515
      vertex 0 17.6349 132.515
    endloop
  endfacet
  facet normal 2.09279e-05 0.999723 0.0235226
    outer loop
      vertex -2 17.5879 134.515
      vertex 0 17.9415 119.485
      vertex -2 17.9886 117.485
    endloop
  endfacet
  facet normal 2.73524e-05 0.999723 0.0235161
    outer loop
      vertex 2 16.882 164.515
      vertex 0 17.2356 149.485
      vertex 0 16.9291 162.515
    endloop
  endfacet
  facet normal -2.09279e-05 0.999723 0.0235226
    outer loop
      vertex 0 17.2356 149.485
      vertex 2 16.882 164.515
      vertex 2 17.2827 147.485
    endloop
  endfacet
  facet normal -2.73524e-05 0.999723 0.0235161
    outer loop
      vertex 0 17.2356 149.485
      vertex -2 16.882 164.515
      vertex 0 16.9291 162.515
    endloop
  endfacet
  facet normal 2.09279e-05 0.999723 0.0235226
    outer loop
      vertex -2 16.882 164.515
      vertex 0 17.2356 149.485
      vertex -2 17.2827 147.485
    endloop
  endfacet
  facet normal 0 0 -1
    outer loop
      vertex 1.40784 12.3966 28
      vertex 2 20 28
      vertex 2 12.3218 28
    endloop
  endfacet
  facet normal 0 0 -1
    outer loop
      vertex 0.784881 12.4753 28
      vertex 2 20 28
      vertex 1.40784 12.3966 28
    endloop
  endfacet
  facet normal 0 0 -1
    outer loop
      vertex -0.784881 12.4753 28
      vertex 2 20 28
      vertex 0.784881 12.4753 28
    endloop
  endfacet
  facet normal 0 0 -1
    outer loop
      vertex -2 20 28
      vertex -0.784881 12.4753 28
      vertex -1.40784 12.3966 28
    endloop
  endfacet
  facet normal 0 0 -1
    outer loop
      vertex -2 20 28
      vertex -1.40784 12.3966 28
      vertex -2 12.3218 28
    endloop
  endfacet
  facet normal 0 0 -1
    outer loop
      vertex -0.784881 12.4753 28
      vertex -2 20 28
      vertex 2 20 28
    endloop
  endfacet
  facet normal -0 0 -1
    outer loop
      vertex -12.4014 -1.56667 28
      vertex -20 -2 28
      vertex -12.5 0 28
    endloop
  endfacet
  facet normal 0 0 -1
    outer loop
      vertex -20 -2 28
      vertex -12.4014 -1.56667 28
      vertex -12.3188 -2 28
    endloop
  endfacet
  facet normal 0 0 -1
    outer loop
      vertex -20 2 28
      vertex -12.5 0 28
      vertex -20 -2 28
    endloop
  endfacet
  facet normal 0 0 -1
    outer loop
      vertex -12.5 0 28
      vertex -20 2 28
      vertex -12.4014 1.56667 28
    endloop
  endfacet
  facet normal 0 0 -1
    outer loop
      vertex -12.4014 1.56667 28
      vertex -20 2 28
      vertex -12.3188 2 28
    endloop
  endfacet
  facet normal 0 0 -1
    outer loop
      vertex 20 -2 28
      vertex 12.5 0 28
      vertex 20 2 28
    endloop
  endfacet
  facet normal 0 0 -1
    outer loop
      vertex 20 -2 28
      vertex 12.4014 -1.56667 28
      vertex 12.5 0 28
    endloop
  endfacet
  facet normal 0 -0 -1
    outer loop
      vertex 12.4014 -1.56667 28
      vertex 20 -2 28
      vertex 12.3188 -2 28
    endloop
  endfacet
  facet normal 0 0 -1
    outer loop
      vertex 12.4014 1.56667 28
      vertex 20 2 28
      vertex 12.5 0 28
    endloop
  endfacet
  facet normal -0 0 -1
    outer loop
      vertex 20 2 28
      vertex 12.4014 1.56667 28
      vertex 12.3188 2 28
    endloop
  endfacet
  facet normal 0 0 -1
    outer loop
      vertex 2 -20 28
      vertex 1.40784 -12.3966 28
      vertex 2 -12.3218 28
    endloop
  endfacet
  facet normal 0 0 -1
    outer loop
      vertex 2 -20 28
      vertex 0.784881 -12.4753 28
      vertex 1.40784 -12.3966 28
    endloop
  endfacet
  facet normal 0 0 -1
    outer loop
      vertex 2 -20 28
      vertex -0.784881 -12.4753 28
      vertex 0.784881 -12.4753 28
    endloop
  endfacet
  facet normal 0 0 -1
    outer loop
      vertex -2 -20 28
      vertex -0.784881 -12.4753 28
      vertex 2 -20 28
    endloop
  endfacet
  facet normal -0 0 -1
    outer loop
      vertex -0.784881 -12.4753 28
      vertex -2 -20 28
      vertex -1.40784 -12.3966 28
    endloop
  endfacet
  facet normal -0 0 -1
    outer loop
      vertex -1.40784 -12.3966 28
      vertex -2 -20 28
      vertex -2 -12.3218 28
    endloop
  endfacet
  facet normal 1 0 0
    outer loop
      vertex 2 16 202
      vertex 2 13.1508 177.485
      vertex 2 16.5768 177.485
    endloop
  endfacet
  facet normal 1 0 -0
    outer loop
      vertex 2 13.1508 177.485
      vertex 2 16 202
      vertex 2 12.8705 202
    endloop
  endfacet
  facet normal 1 0 0
    outer loop
      vertex 2 20 32
      vertex 2 14.6708 44.5147
      vertex 2 14.8367 30
    endloop
  endfacet
  facet normal 1 -0 0
    outer loop
      vertex 2 14.6708 44.5147
      vertex 2 20 32
      vertex 2 19.7055 44.5147
    endloop
  endfacet
  facet normal 1 0 0
    outer loop
      vertex 2 20 32
      vertex 2 14.8367 30
      vertex 2 20 28
    endloop
  endfacet
  facet normal 1 0 0
    outer loop
      vertex 2 20 28
      vertex 2 14.8367 30
      vertex 2 12.3218 28
    endloop
  endfacet
  facet normal 1 -0 0
    outer loop
      vertex 2 14.0189 101.542
      vertex 2 18.6945 87.4853
      vertex 2 18.2938 104.515
    endloop
  endfacet
  facet normal 1 0 0
    outer loop
      vertex 2 18.6945 87.4853
      vertex 2 14.0189 101.542
      vertex 2 14.1796 87.4853
    endloop
  endfacet
  facet normal 1 0 -0
    outer loop
      vertex 2 14.0189 101.542
      vertex 2 18.2938 104.515
      vertex 2 13.9849 104.515
    endloop
  endfacet
  facet normal 1 0 0
    outer loop
      vertex 2 18.9997 74.5147
      vertex 2 14.5225 57.4853
      vertex 2 19.4003 57.4853
    endloop
  endfacet
  facet normal 1 0 -0
    outer loop
      vertex 2 14.5225 57.4853
      vertex 2 18.9997 74.5147
      vertex 2 14.3279 74.5147
    endloop
  endfacet
  facet normal 1 0 0
    outer loop
      vertex 2 17.5879 134.515
      vertex 2 13.8367 117.485
      vertex 2 17.9886 117.485
    endloop
  endfacet
  facet normal 1 0 -0
    outer loop
      vertex 2 13.8367 117.485
      vertex 2 17.5879 134.515
      vertex 2 13.642 134.515
    endloop
  endfacet
  facet normal 1 0 0
    outer loop
      vertex 2 16.882 164.515
      vertex 2 13.4937 147.485
      vertex 2 17.2827 147.485
    endloop
  endfacet
  facet normal 1 0 -0
    outer loop
      vertex 2 13.4937 147.485
      vertex 2 16.882 164.515
      vertex 2 13.299 164.515
    endloop
  endfacet
  facet normal 0 1 -0
    outer loop
      vertex 2 20 28
      vertex -2 20 32
      vertex 2 20 32
    endloop
  endfacet
  facet normal 0 1 0
    outer loop
      vertex -2 20 32
      vertex 2 20 28
      vertex -2 20 28
    endloop
  endfacet
  facet normal 0 -1 0
    outer loop
      vertex -16 -2 202
      vertex -13.1853 -2 174.949
      vertex -12.873 -2 202
    endloop
  endfacet
  facet normal 0 -1 0
    outer loop
      vertex -20 -2 32
      vertex -13.1853 -2 174.949
      vertex -16 -2 202
    endloop
  endfacet
  facet normal 0 -1 0
    outer loop
      vertex -20 -2 32
      vertex -14.8588 -2 30
      vertex -13.1853 -2 174.949
    endloop
  endfacet
  facet normal 0 -1 0
    outer loop
      vertex -20 -2 28
      vertex -14.8588 -2 30
      vertex -20 -2 32
    endloop
  endfacet
  facet normal 0 -1 -0
    outer loop
      vertex -14.8588 -2 30
      vertex -20 -2 28
      vertex -12.3188 -2 28
    endloop
  endfacet
  facet normal -0.999723 0 0.0235229
    outer loop
      vertex -20 -2 32
      vertex -16 2 202
      vertex -20 2 32
    endloop
  endfacet
  facet normal -0.999723 0 0.0235229
    outer loop
      vertex -16 2 202
      vertex -20 -2 32
      vertex -16 -2 202
    endloop
  endfacet
  facet normal 0 1 -0
    outer loop
      vertex -13.1853 2 174.949
      vertex -16 2 202
      vertex -12.873 2 202
    endloop
  endfacet
  facet normal 0 1 0
    outer loop
      vertex -13.1853 2 174.949
      vertex -20 2 32
      vertex -16 2 202
    endloop
  endfacet
  facet normal 0 1 -0
    outer loop
      vertex -14.8588 2 30
      vertex -20 2 32
      vertex -13.1853 2 174.949
    endloop
  endfacet
  facet normal 0 1 0
    outer loop
      vertex -20 2 28
      vertex -14.8588 2 30
      vertex -12.3188 2 28
    endloop
  endfacet
  facet normal 0 1 0
    outer loop
      vertex -14.8588 2 30
      vertex -20 2 28
      vertex -20 2 32
    endloop
  endfacet
  facet normal -1 0 0
    outer loop
      vertex -20 -2 28
      vertex -20 2 32
      vertex -20 2 28
    endloop
  endfacet
  facet normal -1 -0 0
    outer loop
      vertex -20 2 32
      vertex -20 -2 28
      vertex -20 -2 32
    endloop
  endfacet
  facet normal -1.76691e-05 -0.999723 0.0235258
    outer loop
      vertex -2 -19.7055 44.5147
      vertex -2 -20 32
      vertex 0 -19.7526 42.5147
    endloop
  endfacet
  facet normal 0 -0.999723 0.0235225
    outer loop
      vertex 2 -20 32
      vertex 0 -19.7526 42.5147
      vertex -2 -20 32
    endloop
  endfacet
  facet normal 1.76691e-05 -0.999723 0.0235258
    outer loop
      vertex 0 -19.7526 42.5147
      vertex 2 -20 32
      vertex 2 -19.7055 44.5147
    endloop
  endfacet
  facet normal 0 -0.999723 0.0235245
    outer loop
      vertex -2 -16 202
      vertex 0 -16.5298 179.485
      vertex 2 -16 202
    endloop
  endfacet
  facet normal -2.84441e-05 -0.999723 0.0235219
    outer loop
      vertex 0 -16.5298 179.485
      vertex -2 -16 202
      vertex -2 -16.5768 177.485
    endloop
  endfacet
  facet normal 2.84441e-05 -0.999723 0.0235219
    outer loop
      vertex 2 -16 202
      vertex 0 -16.5298 179.485
      vertex 2 -16.5768 177.485
    endloop
  endfacet
  facet normal 3.13895e-05 -0.999723 0.0235249
    outer loop
      vertex -2 -18.9997 74.5147
      vertex 0 -19.3533 59.4853
      vertex 0 -19.0467 72.5147
    endloop
  endfacet
  facet normal -2.40165e-05 -0.999723 0.0235175
    outer loop
      vertex 0 -19.3533 59.4853
      vertex -2 -18.9997 74.5147
      vertex -2 -19.4003 57.4853
    endloop
  endfacet
  facet normal -3.13895e-05 -0.999723 0.0235249
    outer loop
      vertex 0 -19.3533 59.4853
      vertex 2 -18.9997 74.5147
      vertex 0 -19.0467 72.5147
    endloop
  endfacet
  facet normal 2.40165e-05 -0.999723 0.0235175
    outer loop
      vertex 2 -18.9997 74.5147
      vertex 0 -19.3533 59.4853
      vertex 2 -19.4003 57.4853
    endloop
  endfacet
  facet normal 3.08479e-05 -0.999723 0.0235243
    outer loop
      vertex -2 -18.2938 104.515
      vertex 0 -18.6474 89.4853
      vertex 0 -18.3408 102.515
    endloop
  endfacet
  facet normal 2.05135e-05 -0.999723 0.023523
    outer loop
      vertex 0 -18.6474 89.4853
      vertex -2 -18.2938 104.515
      vertex -2 -18.6945 87.4853
    endloop
  endfacet
  facet normal -3.08479e-05 -0.999723 0.0235243
    outer loop
      vertex 0 -18.6474 89.4853
      vertex 2 -18.2938 104.515
      vertex 0 -18.3408 102.515
    endloop
  endfacet
  facet normal -2.05135e-05 -0.999723 0.023523
    outer loop
      vertex 2 -18.2938 104.515
      vertex 0 -18.6474 89.4853
      vertex 2 -18.6945 87.4853
    endloop
  endfacet
  facet normal 3.03063e-05 -0.999723 0.0235238
    outer loop
      vertex -2 -17.5879 134.515
      vertex 0 -17.9415 119.485
      vertex 0 -17.6349 132.515
    endloop
  endfacet
  facet normal 2.09279e-05 -0.999723 0.0235226
    outer loop
      vertex 0 -17.9415 119.485
      vertex -2 -17.5879 134.515
      vertex -2 -17.9886 117.485
    endloop
  endfacet
  facet normal -3.03063e-05 -0.999723 0.0235238
    outer loop
      vertex 0 -17.9415 119.485
      vertex 2 -17.5879 134.515
      vertex 0 -17.6349 132.515
    endloop
  endfacet
  facet normal -2.09279e-05 -0.999723 0.0235226
    outer loop
      vertex 2 -17.5879 134.515
      vertex 0 -17.9415 119.485
      vertex 2 -17.9886 117.485
    endloop
  endfacet
  facet normal -2.73524e-05 -0.999723 0.0235161
    outer loop
      vertex -2 -16.882 164.515
      vertex 0 -17.2356 149.485
      vertex 0 -16.9291 162.515
    endloop
  endfacet
  facet normal 2.09279e-05 -0.999723 0.0235226
    outer loop
      vertex 0 -17.2356 149.485
      vertex -2 -16.882 164.515
      vertex -2 -17.2827 147.485
    endloop
  endfacet
  facet normal 2.73524e-05 -0.999723 0.0235161
    outer loop
      vertex 0 -17.2356 149.485
      vertex 2 -16.882 164.515
      vertex 0 -16.9291 162.515
    endloop
  endfacet
  facet normal -2.09279e-05 -0.999723 0.0235226
    outer loop
      vertex 2 -16.882 164.515
      vertex 0 -17.2356 149.485
      vertex 2 -17.2827 147.485
    endloop
  endfacet
  facet normal 1 0 0
    outer loop
      vertex 2 -20 32
      vertex 2 -14.6708 44.5147
      vertex 2 -19.7055 44.5147
    endloop
  endfacet
  facet normal 1 0 0
    outer loop
      vertex 2 -14.6708 44.5147
      vertex 2 -20 32
      vertex 2 -14.8367 30
    endloop
  endfacet
  facet normal 1 0 0
    outer loop
      vertex 2 -20 28
      vertex 2 -14.8367 30
      vertex 2 -20 32
    endloop
  endfacet
  facet normal 1 0 0
    outer loop
      vertex 2 -14.8367 30
      vertex 2 -20 28
      vertex 2 -12.3218 28
    endloop
  endfacet
  facet normal 1 -0 0
    outer loop
      vertex 2 -16 202
      vertex 2 -13.1508 177.485
      vertex 2 -12.8705 202
    endloop
  endfacet
  facet normal 1 0 0
    outer loop
      vertex 2 -13.1508 177.485
      vertex 2 -16 202
      vertex 2 -16.5768 177.485
    endloop
  endfacet
  facet normal 1 -0 0
    outer loop
      vertex 2 -18.2938 104.515
      vertex 2 -14.0189 101.542
      vertex 2 -13.9849 104.515
    endloop
  endfacet
  facet normal 1 0 0
    outer loop
      vertex 2 -18.6945 87.4853
      vertex 2 -14.0189 101.542
      vertex 2 -18.2938 104.515
    endloop
  endfacet
  facet normal 1 0 0
    outer loop
      vertex 2 -14.0189 101.542
      vertex 2 -18.6945 87.4853
      vertex 2 -14.1796 87.4853
    endloop
  endfacet
  facet normal 1 -0 0
    outer loop
      vertex 2 -18.9997 74.5147
      vertex 2 -14.5225 57.4853
      vertex 2 -14.3279 74.5147
    endloop
  endfacet
  facet normal 1 0 0
    outer loop
      vertex 2 -14.5225 57.4853
      vertex 2 -18.9997 74.5147
      vertex 2 -19.4003 57.4853
    endloop
  endfacet
  facet normal 1 -0 0
    outer loop
      vertex 2 -17.5879 134.515
      vertex 2 -13.8367 117.485
      vertex 2 -13.642 134.515
    endloop
  endfacet
  facet normal 1 0 0
    outer loop
      vertex 2 -13.8367 117.485
      vertex 2 -17.5879 134.515
      vertex 2 -17.9886 117.485
    endloop
  endfacet
  facet normal 1 -0 0
    outer loop
      vertex 2 -16.882 164.515
      vertex 2 -13.4937 147.485
      vertex 2 -13.299 164.515
    endloop
  endfacet
  facet normal 1 0 0
    outer loop
      vertex 2 -13.4937 147.485
      vertex 2 -16.882 164.515
      vertex 2 -17.2827 147.485
    endloop
  endfacet
  facet normal -1 0 0
    outer loop
      vertex -2 -13.1508 177.485
      vertex -2 -16 202
      vertex -2 -12.8705 202
    endloop
  endfacet
  facet normal -1 0 -0
    outer loop
      vertex -2 -16 202
      vertex -2 -13.1508 177.485
      vertex -2 -16.5768 177.485
    endloop
  endfacet
  facet normal -1 0 0
    outer loop
      vertex -2 -20 28
      vertex -2 -14.8367 30
      vertex -2 -12.3218 28
    endloop
  endfacet
  facet normal -1 0 0
    outer loop
      vertex -2 -20 32
      vertex -2 -14.8367 30
      vertex -2 -20 28
    endloop
  endfacet
  facet normal -1 0 0
    outer loop
      vertex -2 -14.8367 30
      vertex -2 -20 32
      vertex -2 -19.7055 44.5147
    endloop
  endfacet
  facet normal -1 -0 0
    outer loop
      vertex -2 -14.6708 44.5147
      vertex -2 -14.8367 30
      vertex -2 -19.7055 44.5147
    endloop
  endfacet
  facet normal -1 0 0
    outer loop
      vertex -2 -18.6945 87.4853
      vertex -2 -14.0189 101.542
      vertex -2 -14.1796 87.4853
    endloop
  endfacet
  facet normal -1 0 0
    outer loop
      vertex -2 -14.0189 101.542
      vertex -2 -18.2938 104.515
      vertex -2 -13.9849 104.515
    endloop
  endfacet
  facet normal -1 -0 0
    outer loop
      vertex -2 -14.0189 101.542
      vertex -2 -18.6945 87.4853
      vertex -2 -18.2938 104.515
    endloop
  endfacet
  facet normal -1 0 0
    outer loop
      vertex -2 -14.5225 57.4853
      vertex -2 -18.9997 74.5147
      vertex -2 -14.3279 74.5147
    endloop
  endfacet
  facet normal -1 0 -0
    outer loop
      vertex -2 -18.9997 74.5147
      vertex -2 -14.5225 57.4853
      vertex -2 -19.4003 57.4853
    endloop
  endfacet
  facet normal -1 0 0
    outer loop
      vertex -2 -13.8367 117.485
      vertex -2 -17.5879 134.515
      vertex -2 -13.642 134.515
    endloop
  endfacet
  facet normal -1 0 -0
    outer loop
      vertex -2 -17.5879 134.515
      vertex -2 -13.8367 117.485
      vertex -2 -17.9886 117.485
    endloop
  endfacet
  facet normal -1 0 0
    outer loop
      vertex -2 -13.4937 147.485
      vertex -2 -16.882 164.515
      vertex -2 -13.299 164.515
    endloop
  endfacet
  facet normal -1 0 -0
    outer loop
      vertex -2 -16.882 164.515
      vertex -2 -13.4937 147.485
      vertex -2 -17.2827 147.485
    endloop
  endfacet
  facet normal 0 -1 0
    outer loop
      vertex -2 -20 28
      vertex 2 -20 32
      vertex -2 -20 32
    endloop
  endfacet
  facet normal 0 -1 -0
    outer loop
      vertex 2 -20 32
      vertex -2 -20 28
      vertex 2 -20 28
    endloop
  endfacet
  facet normal 0.999723 -0 0.0235229
    outer loop
      vertex 16 -2 202
      vertex 20 2 32
      vertex 16 2 202
    endloop
  endfacet
  facet normal 0.999723 0 0.0235229
    outer loop
      vertex 20 2 32
      vertex 16 -2 202
      vertex 20 -2 32
    endloop
  endfacet
  facet normal 0 1 0
    outer loop
      vertex 16 2 202
      vertex 13.1853 2 174.949
      vertex 12.873 2 202
    endloop
  endfacet
  facet normal 0 1 0
    outer loop
      vertex 20 2 32
      vertex 13.1853 2 174.949
      vertex 16 2 202
    endloop
  endfacet
  facet normal 0 1 0
    outer loop
      vertex 20 2 32
      vertex 14.8588 2 30
      vertex 13.1853 2 174.949
    endloop
  endfacet
  facet normal 0 1 -0
    outer loop
      vertex 20 2 28
      vertex 14.8588 2 30
      vertex 20 2 32
    endloop
  endfacet
  facet normal 0 1 0
    outer loop
      vertex 14.8588 2 30
      vertex 20 2 28
      vertex 12.3188 2 28
    endloop
  endfacet
  facet normal 0 -1 0
    outer loop
      vertex 13.1853 -2 174.949
      vertex 16 -2 202
      vertex 12.873 -2 202
    endloop
  endfacet
  facet normal 0 -1 0
    outer loop
      vertex 13.1853 -2 174.949
      vertex 20 -2 32
      vertex 16 -2 202
    endloop
  endfacet
  facet normal 0 -1 0
    outer loop
      vertex 14.8588 -2 30
      vertex 20 -2 32
      vertex 13.1853 -2 174.949
    endloop
  endfacet
  facet normal 0 -1 0
    outer loop
      vertex 20 -2 28
      vertex 14.8588 -2 30
      vertex 12.3188 -2 28
    endloop
  endfacet
  facet normal 0 -1 0
    outer loop
      vertex 14.8588 -2 30
      vertex 20 -2 28
      vertex 20 -2 32
    endloop
  endfacet
  facet normal 1 -0 0
    outer loop
      vertex 20 -2 32
      vertex 20 2 28
      vertex 20 2 32
    endloop
  endfacet
  facet normal 1 0 0
    outer loop
      vertex 20 2 28
      vertex 20 -2 32
      vertex 20 -2 28
    endloop
  endfacet
  facet normal -0.982287 -0.187384 0
    outer loop
      vertex -9.68583 -2.4869 0
      vertex -9.92115 -1.25333 26
      vertex -9.92115 -1.25333 0
    endloop
  endfacet
  facet normal -0.982287 -0.187384 0
    outer loop
      vertex -9.92115 -1.25333 26
      vertex -9.68583 -2.4869 0
      vertex -9.68583 -2.4869 26
    endloop
  endfacet
  facet normal -0.684545 -0.728971 0
    outer loop
      vertex -7.28969 -6.84547 0
      vertex -6.37424 -7.70513 26
      vertex -7.28969 -6.84547 26
    endloop
  endfacet
  facet normal -0.684545 -0.728971 -0
    outer loop
      vertex -6.37424 -7.70513 26
      vertex -7.28969 -6.84547 0
      vertex -6.37424 -7.70513 0
    endloop
  endfacet
  facet normal 0.982287 0.187384 0
    outer loop
      vertex 9.92115 1.25333 26
      vertex 9.68583 2.4869 0
      vertex 9.68583 2.4869 26
    endloop
  endfacet
  facet normal 0.982287 0.187384 0
    outer loop
      vertex 9.68583 2.4869 0
      vertex 9.92115 1.25333 26
      vertex 9.92115 1.25333 0
    endloop
  endfacet
  facet normal 0.998027 0.0627883 0
    outer loop
      vertex 10 0 26
      vertex 9.92115 1.25333 0
      vertex 9.92115 1.25333 26
    endloop
  endfacet
  facet normal 0.998027 0.0627883 0
    outer loop
      vertex 9.92115 1.25333 0
      vertex 10 0 26
      vertex 10 0 0
    endloop
  endfacet
  facet normal 0.951055 0.309021 0
    outer loop
      vertex 9.68583 2.4869 26
      vertex 9.29776 3.68124 0
      vertex 9.29776 3.68124 26
    endloop
  endfacet
  facet normal 0.951055 0.309021 0
    outer loop
      vertex 9.29776 3.68124 0
      vertex 9.68583 2.4869 26
      vertex 9.68583 2.4869 0
    endloop
  endfacet
  facet normal 0.248691 0.968583 0
    outer loop
      vertex 3.09017 9.51056 26
      vertex 1.87381 9.82287 17.1403
      vertex 1.87381 9.82287 26
    endloop
  endfacet
  facet normal 0.248674 0.968587 2.58875e-06
    outer loop
      vertex 3.09017 9.51056 26
      vertex 1.95253 9.80266 16.9731
      vertex 1.87381 9.82287 17.1403
    endloop
  endfacet
  facet normal 0.248666 0.968589 3.605e-06
    outer loop
      vertex 3.09017 9.51056 26
      vertex 2.03402 9.78174 16.7222
      vertex 1.95253 9.80266 16.9731
    endloop
  endfacet
  facet normal 0.248705 0.968579 -1.0954e-06
    outer loop
      vertex 3.09017 9.51056 26
      vertex 2.08344 9.76905 16.4632
      vertex 2.03402 9.78174 16.7222
    endloop
  endfacet
  facet normal 0.248654 0.968592 4.56216e-06
    outer loop
      vertex 3.09017 9.51056 26
      vertex 2.1 9.7648 16.2
      vertex 2.08344 9.76905 16.4632
    endloop
  endfacet
  facet normal 0.248697 0.968581 -0
    outer loop
      vertex 3.09017 9.51056 0
      vertex 2.1 9.7648 16.2
      vertex 3.09017 9.51056 26
    endloop
  endfacet
  facet normal 0.248641 0.968596 -3.64795e-06
    outer loop
      vertex 2.1 9.7648 16.2
      vertex 3.09017 9.51056 0
      vertex 2.08344 9.76905 15.9368
    endloop
  endfacet
  facet normal 0.248706 0.968579 7.64911e-07
    outer loop
      vertex 3.09017 9.51056 0
      vertex 2.03402 9.78174 15.6778
      vertex 2.08344 9.76905 15.9368
    endloop
  endfacet
  facet normal 0.248662 0.96859 -2.38617e-06
    outer loop
      vertex 3.09017 9.51056 0
      vertex 1.95253 9.80266 15.4269
      vertex 2.03402 9.78174 15.6778
    endloop
  endfacet
  facet normal 0.248672 0.968588 -1.66022e-06
    outer loop
      vertex 3.09017 9.51056 0
      vertex 1.87381 9.82287 15.2597
      vertex 1.95253 9.80266 15.4269
    endloop
  endfacet
  facet normal 0.248691 0.968583 0
    outer loop
      vertex 1.87381 9.82287 15.2597
      vertex 3.09017 9.51056 0
      vertex 1.87381 9.82287 0
    endloop
  endfacet
  facet normal 0.368122 0.929777 -0
    outer loop
      vertex 4.25779 9.04827 0
      vertex 3.09017 9.51056 26
      vertex 4.25779 9.04827 26
    endloop
  endfacet
  facet normal 0.368122 0.929777 0
    outer loop
      vertex 3.09017 9.51056 26
      vertex 4.25779 9.04827 0
      vertex 3.09017 9.51056 0
    endloop
  endfacet
  facet normal -0.481751 -0.876308 0
    outer loop
      vertex -5.35827 -8.44328 0
      vertex -4.25779 -9.04827 26
      vertex -5.35827 -8.44328 26
    endloop
  endfacet
  facet normal -0.481751 -0.876308 -0
    outer loop
      vertex -4.25779 -9.04827 26
      vertex -5.35827 -8.44328 0
      vertex -4.25779 -9.04827 0
    endloop
  endfacet
  facet normal 0.248691 -0.968583 0
    outer loop
      vertex 1.87381 -9.82287 17.1403
      vertex 3.09017 -9.51056 26
      vertex 1.87381 -9.82287 26
    endloop
  endfacet
  facet normal 0.248674 -0.968587 2.58875e-06
    outer loop
      vertex 1.95253 -9.80266 16.9731
      vertex 3.09017 -9.51056 26
      vertex 1.87381 -9.82287 17.1403
    endloop
  endfacet
  facet normal 0.248666 -0.968589 3.605e-06
    outer loop
      vertex 2.03402 -9.78174 16.7222
      vertex 3.09017 -9.51056 26
      vertex 1.95253 -9.80266 16.9731
    endloop
  endfacet
  facet normal 0.248705 -0.968579 -1.0954e-06
    outer loop
      vertex 2.08344 -9.76905 16.4632
      vertex 3.09017 -9.51056 26
      vertex 2.03402 -9.78174 16.7222
    endloop
  endfacet
  facet normal 0.248654 -0.968592 4.56216e-06
    outer loop
      vertex 2.1 -9.7648 16.2
      vertex 3.09017 -9.51056 26
      vertex 2.08344 -9.76905 16.4632
    endloop
  endfacet
  facet normal 0.248641 -0.968596 -3.64795e-06
    outer loop
      vertex 3.09017 -9.51056 0
      vertex 2.1 -9.7648 16.2
      vertex 2.08344 -9.76905 15.9368
    endloop
  endfacet
  facet normal 0.248691 -0.968583 0
    outer loop
      vertex 3.09017 -9.51056 0
      vertex 1.87381 -9.82287 15.2597
      vertex 1.87381 -9.82287 0
    endloop
  endfacet
  facet normal 0.248672 -0.968588 -1.66022e-06
    outer loop
      vertex 1.87381 -9.82287 15.2597
      vertex 3.09017 -9.51056 0
      vertex 1.95253 -9.80266 15.4269
    endloop
  endfacet
  facet normal 0.248662 -0.96859 -2.38617e-06
    outer loop
      vertex 1.95253 -9.80266 15.4269
      vertex 3.09017 -9.51056 0
      vertex 2.03402 -9.78174 15.6778
    endloop
  endfacet
  facet normal 0.248706 -0.968579 7.64911e-07
    outer loop
      vertex 2.03402 -9.78174 15.6778
      vertex 3.09017 -9.51056 0
      vertex 2.08344 -9.76905 15.9368
    endloop
  endfacet
  facet normal 0.248697 -0.968581 0
    outer loop
      vertex 2.1 -9.7648 16.2
      vertex 3.09017 -9.51056 0
      vertex 3.09017 -9.51056 26
    endloop
  endfacet
  facet normal 0.844325 0.535831 0
    outer loop
      vertex 8.76307 4.81754 26
      vertex 8.09017 5.87785 0
      vertex 8.09017 5.87785 26
    endloop
  endfacet
  facet normal 0.844325 0.535831 0
    outer loop
      vertex 8.09017 5.87785 0
      vertex 8.76307 4.81754 26
      vertex 8.76307 4.81754 0
    endloop
  endfacet
  facet normal 0.904831 0.425771 0
    outer loop
      vertex 9.29776 3.68124 26
      vertex 8.76307 4.81754 0
      vertex 8.76307 4.81754 26
    endloop
  endfacet
  facet normal 0.904831 0.425771 0
    outer loop
      vertex 8.76307 4.81754 0
      vertex 9.29776 3.68124 26
      vertex 9.29776 3.68124 0
    endloop
  endfacet
  facet normal -0.125338 0.992114 0
    outer loop
      vertex -0.627905 9.98027 18.2026
      vertex -1.87381 9.82287 26
      vertex -0.627905 9.98027 26
    endloop
  endfacet
  facet normal -0.12548 0.992096 -2.31613e-05
    outer loop
      vertex -0.648935 9.97761 18.1972
      vertex -1.87381 9.82287 26
      vertex -0.627905 9.98027 18.2026
    endloop
  endfacet
  facet normal -0.125348 0.992113 -2.06252e-06
    outer loop
      vertex -0.894136 9.94663 18.1001
      vertex -1.87381 9.82287 26
      vertex -0.648935 9.97761 18.1972
    endloop
  endfacet
  facet normal -0.125312 0.992117 2.41501e-06
    outer loop
      vertex -1.12524 9.91744 17.9731
      vertex -1.87381 9.82287 26
      vertex -0.894136 9.94663 18.1001
    endloop
  endfacet
  facet normal -0.125323 0.992116 1.38245e-06
    outer loop
      vertex -1.33859 9.89049 17.8181
      vertex -1.87381 9.82287 26
      vertex -1.12524 9.91744 17.9731
    endloop
  endfacet
  facet normal -0.125355 0.992112 -7.27943e-07
    outer loop
      vertex -1.53083 9.8662 17.6375
      vertex -1.87381 9.82287 26
      vertex -1.33859 9.89049 17.8181
    endloop
  endfacet
  facet normal -0.125349 0.992113 -4.63206e-07
    outer loop
      vertex -1.69894 9.84496 17.4343
      vertex -1.87381 9.82287 26
      vertex -1.53083 9.8662 17.6375
    endloop
  endfacet
  facet normal -0.125331 0.992115 -8.93433e-08
    outer loop
      vertex -1.84024 9.82711 17.2117
      vertex -1.87381 9.82287 26
      vertex -1.69894 9.84496 17.4343
    endloop
  endfacet
  facet normal -0.125308 0.992118 0
    outer loop
      vertex -1.87381 9.82287 26
      vertex -1.84024 9.82711 17.2117
      vertex -1.87381 9.82287 17.1403
    endloop
  endfacet
  facet normal -0.125338 0.992114 0
    outer loop
      vertex -1.87381 9.82287 0
      vertex -0.627905 9.98027 14.1974
      vertex -0.627905 9.98027 0
    endloop
  endfacet
  facet normal -0.125483 0.992096 1.29506e-05
    outer loop
      vertex -0.627905 9.98027 14.1974
      vertex -1.87381 9.82287 0
      vertex -0.648935 9.97761 14.2028
    endloop
  endfacet
  facet normal -0.125348 0.992113 1.16381e-06
    outer loop
      vertex -0.648935 9.97761 14.2028
      vertex -1.87381 9.82287 0
      vertex -0.894136 9.94663 14.2999
    endloop
  endfacet
  facet normal -0.125312 0.992117 -1.37338e-06
    outer loop
      vertex -0.894136 9.94663 14.2999
      vertex -1.87381 9.82287 0
      vertex -1.12524 9.91744 14.4269
    endloop
  endfacet
  facet normal -0.125323 0.992116 -7.91454e-07
    outer loop
      vertex -1.12524 9.91744 14.4269
      vertex -1.87381 9.82287 0
      vertex -1.33859 9.89049 14.5819
    endloop
  endfacet
  facet normal -0.125355 0.992112 4.19098e-07
    outer loop
      vertex -1.33859 9.89049 14.5819
      vertex -1.87381 9.82287 0
      vertex -1.53083 9.8662 14.7625
    endloop
  endfacet
  facet normal -0.125349 0.992113 2.67877e-07
    outer loop
      vertex -1.53083 9.8662 14.7625
      vertex -1.87381 9.82287 0
      vertex -1.69894 9.84496 14.9657
    endloop
  endfacet
  facet normal -0.125331 0.992115 5.18267e-08
    outer loop
      vertex -1.69894 9.84496 14.9657
      vertex -1.87381 9.82287 0
      vertex -1.84024 9.82711 15.1883
    endloop
  endfacet
  facet normal -0.125308 0.992118 0
    outer loop
      vertex -1.84024 9.82711 15.1883
      vertex -1.87381 9.82287 0
      vertex -1.87381 9.82287 15.2597
    endloop
  endfacet
  facet normal 0.951055 -0.309021 0
    outer loop
      vertex 9.29776 -3.68124 26
      vertex 9.68583 -2.4869 0
      vertex 9.68583 -2.4869 26
    endloop
  endfacet
  facet normal 0.951055 -0.309021 0
    outer loop
      vertex 9.68583 -2.4869 0
      vertex 9.29776 -3.68124 26
      vertex 9.29776 -3.68124 0
    endloop
  endfacet
  facet normal -0.684545 0.728971 0
    outer loop
      vertex -6.37424 7.70513 0
      vertex -7.28969 6.84547 26
      vertex -6.37424 7.70513 26
    endloop
  endfacet
  facet normal -0.684545 0.728971 0
    outer loop
      vertex -7.28969 6.84547 26
      vertex -6.37424 7.70513 0
      vertex -7.28969 6.84547 0
    endloop
  endfacet
  facet normal -0.951055 0.309021 0
    outer loop
      vertex -9.68583 2.4869 0
      vertex -9.29776 3.68124 26
      vertex -9.29776 3.68124 0
    endloop
  endfacet
  facet normal -0.951055 0.309021 0
    outer loop
      vertex -9.29776 3.68124 26
      vertex -9.68583 2.4869 0
      vertex -9.68583 2.4869 26
    endloop
  endfacet
  facet normal -0.998027 -0.0627883 0
    outer loop
      vertex -9.92115 -1.25333 0
      vertex -10 0 26
      vertex -10 0 0
    endloop
  endfacet
  facet normal -0.998027 -0.0627883 0
    outer loop
      vertex -10 0 26
      vertex -9.92115 -1.25333 0
      vertex -9.92115 -1.25333 26
    endloop
  endfacet
  facet normal 0.844325 -0.535831 0
    outer loop
      vertex 8.09017 -5.87785 26
      vertex 8.76307 -4.81754 0
      vertex 8.76307 -4.81754 26
    endloop
  endfacet
  facet normal 0.844325 -0.535831 0
    outer loop
      vertex 8.76307 -4.81754 0
      vertex 8.09017 -5.87785 26
      vertex 8.09017 -5.87785 0
    endloop
  endfacet
  facet normal 0.125338 -0.992114 0
    outer loop
      vertex 0.627905 -9.98027 18.2026
      vertex 1.87381 -9.82287 26
      vertex 0.627905 -9.98027 26
    endloop
  endfacet
  facet normal 0.12548 -0.992096 -2.31613e-05
    outer loop
      vertex 0.648935 -9.97761 18.1972
      vertex 1.87381 -9.82287 26
      vertex 0.627905 -9.98027 18.2026
    endloop
  endfacet
  facet normal 0.125348 -0.992113 -2.06252e-06
    outer loop
      vertex 0.894136 -9.94663 18.1001
      vertex 1.87381 -9.82287 26
      vertex 0.648935 -9.97761 18.1972
    endloop
  endfacet
  facet normal 0.125312 -0.992117 2.41501e-06
    outer loop
      vertex 1.12524 -9.91744 17.9731
      vertex 1.87381 -9.82287 26
      vertex 0.894136 -9.94663 18.1001
    endloop
  endfacet
  facet normal 0.125323 -0.992116 1.38245e-06
    outer loop
      vertex 1.33859 -9.89049 17.8181
      vertex 1.87381 -9.82287 26
      vertex 1.12524 -9.91744 17.9731
    endloop
  endfacet
  facet normal 0.125355 -0.992112 -7.27943e-07
    outer loop
      vertex 1.53083 -9.8662 17.6375
      vertex 1.87381 -9.82287 26
      vertex 1.33859 -9.89049 17.8181
    endloop
  endfacet
  facet normal 0.125349 -0.992113 -4.63206e-07
    outer loop
      vertex 1.69894 -9.84496 17.4343
      vertex 1.87381 -9.82287 26
      vertex 1.53083 -9.8662 17.6375
    endloop
  endfacet
  facet normal 0.125331 -0.992115 -8.93433e-08
    outer loop
      vertex 1.84024 -9.82711 17.2117
      vertex 1.87381 -9.82287 26
      vertex 1.69894 -9.84496 17.4343
    endloop
  endfacet
  facet normal 0.125308 -0.992118 0
    outer loop
      vertex 1.87381 -9.82287 26
      vertex 1.84024 -9.82711 17.2117
      vertex 1.87381 -9.82287 17.1403
    endloop
  endfacet
  facet normal 0.125338 -0.992114 0
    outer loop
      vertex 1.87381 -9.82287 0
      vertex 0.627905 -9.98027 14.1974
      vertex 0.627905 -9.98027 0
    endloop
  endfacet
  facet normal 0.125483 -0.992096 1.29506e-05
    outer loop
      vertex 0.627905 -9.98027 14.1974
      vertex 1.87381 -9.82287 0
      vertex 0.648935 -9.97761 14.2028
    endloop
  endfacet
  facet normal 0.125348 -0.992113 1.16381e-06
    outer loop
      vertex 0.648935 -9.97761 14.2028
      vertex 1.87381 -9.82287 0
      vertex 0.894136 -9.94663 14.2999
    endloop
  endfacet
  facet normal 0.125312 -0.992117 -1.37338e-06
    outer loop
      vertex 0.894136 -9.94663 14.2999
      vertex 1.87381 -9.82287 0
      vertex 1.12524 -9.91744 14.4269
    endloop
  endfacet
  facet normal 0.125323 -0.992116 -7.91454e-07
    outer loop
      vertex 1.12524 -9.91744 14.4269
      vertex 1.87381 -9.82287 0
      vertex 1.33859 -9.89049 14.5819
    endloop
  endfacet
  facet normal 0.125355 -0.992112 4.19098e-07
    outer loop
      vertex 1.33859 -9.89049 14.5819
      vertex 1.87381 -9.82287 0
      vertex 1.53083 -9.8662 14.7625
    endloop
  endfacet
  facet normal 0.125349 -0.992113 2.67877e-07
    outer loop
      vertex 1.53083 -9.8662 14.7625
      vertex 1.87381 -9.82287 0
      vertex 1.69894 -9.84496 14.9657
    endloop
  endfacet
  facet normal 0.125331 -0.992115 5.18267e-08
    outer loop
      vertex 1.69894 -9.84496 14.9657
      vertex 1.87381 -9.82287 0
      vertex 1.84024 -9.82711 15.1883
    endloop
  endfacet
  facet normal 0.125308 -0.992118 0
    outer loop
      vertex 1.84024 -9.82711 15.1883
      vertex 1.87381 -9.82287 0
      vertex 1.87381 -9.82287 15.2597
    endloop
  endfacet
  facet normal 0.998027 -0.0627883 0
    outer loop
      vertex 9.92115 -1.25333 26
      vertex 10 0 0
      vertex 10 0 26
    endloop
  endfacet
  facet normal 0.998027 -0.0627883 0
    outer loop
      vertex 10 0 0
      vertex 9.92115 -1.25333 26
      vertex 9.92115 -1.25333 0
    endloop
  endfacet
  facet normal 0.684545 0.728971 -0
    outer loop
      vertex 7.28969 6.84547 0
      vertex 6.37424 7.70513 26
      vertex 7.28969 6.84547 26
    endloop
  endfacet
  facet normal 0.684545 0.728971 0
    outer loop
      vertex 6.37424 7.70513 26
      vertex 7.28969 6.84547 0
      vertex 6.37424 7.70513 0
    endloop
  endfacet
  facet normal -0.248691 -0.968583 0
    outer loop
      vertex -3.09017 -9.51056 26
      vertex -1.87381 -9.82287 17.1403
      vertex -1.87381 -9.82287 26
    endloop
  endfacet
  facet normal -0.248674 -0.968587 2.58875e-06
    outer loop
      vertex -3.09017 -9.51056 26
      vertex -1.95253 -9.80266 16.9731
      vertex -1.87381 -9.82287 17.1403
    endloop
  endfacet
  facet normal -0.248666 -0.968589 3.605e-06
    outer loop
      vertex -3.09017 -9.51056 26
      vertex -2.03402 -9.78174 16.7222
      vertex -1.95253 -9.80266 16.9731
    endloop
  endfacet
  facet normal -0.248705 -0.968579 -1.0954e-06
    outer loop
      vertex -3.09017 -9.51056 26
      vertex -2.08344 -9.76905 16.4632
      vertex -2.03402 -9.78174 16.7222
    endloop
  endfacet
  facet normal -0.248654 -0.968592 4.56216e-06
    outer loop
      vertex -3.09017 -9.51056 26
      vertex -2.1 -9.7648 16.2
      vertex -2.08344 -9.76905 16.4632
    endloop
  endfacet
  facet normal -0.248697 -0.968581 0
    outer loop
      vertex -3.09017 -9.51056 0
      vertex -2.1 -9.7648 16.2
      vertex -3.09017 -9.51056 26
    endloop
  endfacet
  facet normal -0.248641 -0.968596 -3.64795e-06
    outer loop
      vertex -2.1 -9.7648 16.2
      vertex -3.09017 -9.51056 0
      vertex -2.08344 -9.76905 15.9368
    endloop
  endfacet
  facet normal -0.248706 -0.968579 7.64911e-07
    outer loop
      vertex -3.09017 -9.51056 0
      vertex -2.03402 -9.78174 15.6778
      vertex -2.08344 -9.76905 15.9368
    endloop
  endfacet
  facet normal -0.248662 -0.96859 -2.38617e-06
    outer loop
      vertex -3.09017 -9.51056 0
      vertex -1.95253 -9.80266 15.4269
      vertex -2.03402 -9.78174 15.6778
    endloop
  endfacet
  facet normal -0.248672 -0.968588 -1.66022e-06
    outer loop
      vertex -3.09017 -9.51056 0
      vertex -1.87381 -9.82287 15.2597
      vertex -1.95253 -9.80266 15.4269
    endloop
  endfacet
  facet normal -0.248691 -0.968583 -0
    outer loop
      vertex -1.87381 -9.82287 15.2597
      vertex -3.09017 -9.51056 0
      vertex -1.87381 -9.82287 0
    endloop
  endfacet
  facet normal -0.248691 0.968583 0
    outer loop
      vertex -1.87381 9.82287 17.1403
      vertex -3.09017 9.51056 26
      vertex -1.87381 9.82287 26
    endloop
  endfacet
  facet normal -0.248674 0.968587 2.58875e-06
    outer loop
      vertex -1.95253 9.80266 16.9731
      vertex -3.09017 9.51056 26
      vertex -1.87381 9.82287 17.1403
    endloop
  endfacet
  facet normal -0.248666 0.968589 3.605e-06
    outer loop
      vertex -2.03402 9.78174 16.7222
      vertex -3.09017 9.51056 26
      vertex -1.95253 9.80266 16.9731
    endloop
  endfacet
  facet normal -0.248705 0.968579 -1.0954e-06
    outer loop
      vertex -2.08344 9.76905 16.4632
      vertex -3.09017 9.51056 26
      vertex -2.03402 9.78174 16.7222
    endloop
  endfacet
  facet normal -0.248654 0.968592 4.56216e-06
    outer loop
      vertex -2.1 9.7648 16.2
      vertex -3.09017 9.51056 26
      vertex -2.08344 9.76905 16.4632
    endloop
  endfacet
  facet normal -0.248641 0.968596 -3.64795e-06
    outer loop
      vertex -3.09017 9.51056 0
      vertex -2.1 9.7648 16.2
      vertex -2.08344 9.76905 15.9368
    endloop
  endfacet
  facet normal -0.248691 0.968583 0
    outer loop
      vertex -3.09017 9.51056 0
      vertex -1.87381 9.82287 15.2597
      vertex -1.87381 9.82287 0
    endloop
  endfacet
  facet normal -0.248672 0.968588 -1.66022e-06
    outer loop
      vertex -1.87381 9.82287 15.2597
      vertex -3.09017 9.51056 0
      vertex -1.95253 9.80266 15.4269
    endloop
  endfacet
  facet normal -0.248662 0.96859 -2.38617e-06
    outer loop
      vertex -1.95253 9.80266 15.4269
      vertex -3.09017 9.51056 0
      vertex -2.03402 9.78174 15.6778
    endloop
  endfacet
  facet normal -0.248706 0.968579 7.64911e-07
    outer loop
      vertex -2.03402 9.78174 15.6778
      vertex -3.09017 9.51056 0
      vertex -2.08344 9.76905 15.9368
    endloop
  endfacet
  facet normal -0.248697 0.968581 0
    outer loop
      vertex -2.1 9.7648 16.2
      vertex -3.09017 9.51056 0
      vertex -3.09017 9.51056 26
    endloop
  endfacet
  facet normal -0.844325 -0.535831 0
    outer loop
      vertex -8.09017 -5.87785 0
      vertex -8.76307 -4.81754 26
      vertex -8.76307 -4.81754 0
    endloop
  endfacet
  facet normal -0.844325 -0.535831 0
    outer loop
      vertex -8.76307 -4.81754 26
      vertex -8.09017 -5.87785 0
      vertex -8.09017 -5.87785 26
    endloop
  endfacet
  facet normal -0.998027 0.0627883 0
    outer loop
      vertex -10 0 0
      vertex -9.92115 1.25333 26
      vertex -9.92115 1.25333 0
    endloop
  endfacet
  facet normal -0.998027 0.0627883 0
    outer loop
      vertex -9.92115 1.25333 26
      vertex -10 0 0
      vertex -10 0 26
    endloop
  endfacet
  facet normal -0.844325 0.535831 0
    outer loop
      vertex -8.76307 4.81754 0
      vertex -8.09017 5.87785 26
      vertex -8.09017 5.87785 0
    endloop
  endfacet
  facet normal -0.844325 0.535831 0
    outer loop
      vertex -8.09017 5.87785 26
      vertex -8.76307 4.81754 0
      vertex -8.76307 4.81754 26
    endloop
  endfacet
  facet normal 0.481751 -0.876308 0
    outer loop
      vertex 4.25779 -9.04827 0
      vertex 5.35827 -8.44328 26
      vertex 4.25779 -9.04827 26
    endloop
  endfacet
  facet normal 0.481751 -0.876308 0
    outer loop
      vertex 5.35827 -8.44328 26
      vertex 4.25779 -9.04827 0
      vertex 5.35827 -8.44328 0
    endloop
  endfacet
  facet normal -0.481751 0.876308 0
    outer loop
      vertex -4.25779 9.04827 0
      vertex -5.35827 8.44328 26
      vertex -4.25779 9.04827 26
    endloop
  endfacet
  facet normal -0.481751 0.876308 0
    outer loop
      vertex -5.35827 8.44328 26
      vertex -4.25779 9.04827 0
      vertex -5.35827 8.44328 0
    endloop
  endfacet
  facet normal 0.368122 -0.929777 0
    outer loop
      vertex 3.09017 -9.51056 0
      vertex 4.25779 -9.04827 26
      vertex 3.09017 -9.51056 26
    endloop
  endfacet
  facet normal 0.368122 -0.929777 0
    outer loop
      vertex 4.25779 -9.04827 26
      vertex 3.09017 -9.51056 0
      vertex 4.25779 -9.04827 0
    endloop
  endfacet
  facet normal 0.982287 -0.187384 0
    outer loop
      vertex 9.68583 -2.4869 26
      vertex 9.92115 -1.25333 0
      vertex 9.92115 -1.25333 26
    endloop
  endfacet
  facet normal 0.982287 -0.187384 0
    outer loop
      vertex 9.92115 -1.25333 0
      vertex 9.68583 -2.4869 26
      vertex 9.68583 -2.4869 0
    endloop
  endfacet
  facet normal -0.904831 0.425771 0
    outer loop
      vertex -9.29776 3.68124 0
      vertex -8.76307 4.81754 26
      vertex -8.76307 4.81754 0
    endloop
  endfacet
  facet normal -0.904831 0.425771 0
    outer loop
      vertex -8.76307 4.81754 26
      vertex -9.29776 3.68124 0
      vertex -9.29776 3.68124 26
    endloop
  endfacet
  facet normal 0 1 0
    outer loop
      vertex 0.627905 9.98027 26
      vertex 0.13186 9.98027 18.2959
      vertex -0.627905 9.98027 26
    endloop
  endfacet
  facet normal 0 1 0
    outer loop
      vertex 0.627905 9.98027 26
      vertex 0.3935 9.98027 18.2628
      vertex 0.13186 9.98027 18.2959
    endloop
  endfacet
  facet normal -0 1 0
    outer loop
      vertex 0.3935 9.98027 18.2628
      vertex 0.627905 9.98027 26
      vertex 0.627905 9.98027 18.2026
    endloop
  endfacet
  facet normal 0 1 -0
    outer loop
      vertex -0.13186 9.98027 18.2959
      vertex -0.627905 9.98027 26
      vertex 0.13186 9.98027 18.2959
    endloop
  endfacet
  facet normal 0 1 -0
    outer loop
      vertex -0.3935 9.98027 18.2628
      vertex -0.627905 9.98027 26
      vertex -0.13186 9.98027 18.2959
    endloop
  endfacet
  facet normal 0 1 0
    outer loop
      vertex -0.627905 9.98027 26
      vertex -0.3935 9.98027 18.2628
      vertex -0.627905 9.98027 18.2026
    endloop
  endfacet
  facet normal 0 1 0
    outer loop
      vertex 0.13186 9.98027 14.1041
      vertex 0.627905 9.98027 0
      vertex -0.13186 9.98027 14.1041
    endloop
  endfacet
  facet normal 0 1 0
    outer loop
      vertex 0.3935 9.98027 14.1372
      vertex 0.627905 9.98027 0
      vertex 0.13186 9.98027 14.1041
    endloop
  endfacet
  facet normal 0 1 -0
    outer loop
      vertex 0.627905 9.98027 0
      vertex 0.3935 9.98027 14.1372
      vertex 0.627905 9.98027 14.1974
    endloop
  endfacet
  facet normal 0 1 0
    outer loop
      vertex -0.627905 9.98027 0
      vertex -0.13186 9.98027 14.1041
      vertex 0.627905 9.98027 0
    endloop
  endfacet
  facet normal 0 1 0
    outer loop
      vertex -0.13186 9.98027 14.1041
      vertex -0.627905 9.98027 0
      vertex -0.3935 9.98027 14.1372
    endloop
  endfacet
  facet normal 0 1 0
    outer loop
      vertex -0.3935 9.98027 14.1372
      vertex -0.627905 9.98027 0
      vertex -0.627905 9.98027 14.1974
    endloop
  endfacet
  facet normal 0.770515 -0.637422 0
    outer loop
      vertex 7.28969 -6.84547 26
      vertex 8.09017 -5.87785 0
      vertex 8.09017 -5.87785 26
    endloop
  endfacet
  facet normal 0.770515 -0.637422 0
    outer loop
      vertex 8.09017 -5.87785 0
      vertex 7.28969 -6.84547 26
      vertex 7.28969 -6.84547 0
    endloop
  endfacet
  facet normal -0.368122 0.929777 0
    outer loop
      vertex -3.09017 9.51056 0
      vertex -4.25779 9.04827 26
      vertex -3.09017 9.51056 26
    endloop
  endfacet
  facet normal -0.368122 0.929777 0
    outer loop
      vertex -4.25779 9.04827 26
      vertex -3.09017 9.51056 0
      vertex -4.25779 9.04827 0
    endloop
  endfacet
  facet normal -0.982287 0.187384 0
    outer loop
      vertex -9.92115 1.25333 0
      vertex -9.68583 2.4869 26
      vertex -9.68583 2.4869 0
    endloop
  endfacet
  facet normal -0.982287 0.187384 0
    outer loop
      vertex -9.68583 2.4869 26
      vertex -9.92115 1.25333 0
      vertex -9.92115 1.25333 26
    endloop
  endfacet
  facet normal 0.125338 0.992114 0
    outer loop
      vertex 1.87381 9.82287 26
      vertex 0.627905 9.98027 18.2026
      vertex 0.627905 9.98027 26
    endloop
  endfacet
  facet normal 0.12548 0.992096 -2.31613e-05
    outer loop
      vertex 1.87381 9.82287 26
      vertex 0.648935 9.97761 18.1972
      vertex 0.627905 9.98027 18.2026
    endloop
  endfacet
  facet normal 0.125348 0.992113 -2.06252e-06
    outer loop
      vertex 1.87381 9.82287 26
      vertex 0.894136 9.94663 18.1001
      vertex 0.648935 9.97761 18.1972
    endloop
  endfacet
  facet normal 0.125312 0.992117 2.41501e-06
    outer loop
      vertex 1.87381 9.82287 26
      vertex 1.12524 9.91744 17.9731
      vertex 0.894136 9.94663 18.1001
    endloop
  endfacet
  facet normal 0.125323 0.992116 1.38245e-06
    outer loop
      vertex 1.87381 9.82287 26
      vertex 1.33859 9.89049 17.8181
      vertex 1.12524 9.91744 17.9731
    endloop
  endfacet
  facet normal 0.125355 0.992112 -7.27943e-07
    outer loop
      vertex 1.87381 9.82287 26
      vertex 1.53083 9.8662 17.6375
      vertex 1.33859 9.89049 17.8181
    endloop
  endfacet
  facet normal 0.125349 0.992113 -4.63206e-07
    outer loop
      vertex 1.87381 9.82287 26
      vertex 1.69894 9.84496 17.4343
      vertex 1.53083 9.8662 17.6375
    endloop
  endfacet
  facet normal 0.125331 0.992115 -8.93433e-08
    outer loop
      vertex 1.87381 9.82287 26
      vertex 1.84024 9.82711 17.2117
      vertex 1.69894 9.84496 17.4343
    endloop
  endfacet
  facet normal 0.125308 0.992118 0
    outer loop
      vertex 1.84024 9.82711 17.2117
      vertex 1.87381 9.82287 26
      vertex 1.87381 9.82287 17.1403
    endloop
  endfacet
  facet normal 0.125308 0.992118 -0
    outer loop
      vertex 1.87381 9.82287 0
      vertex 1.84024 9.82711 15.1883
      vertex 1.87381 9.82287 15.2597
    endloop
  endfacet
  facet normal 0.125331 0.992115 5.18267e-08
    outer loop
      vertex 1.87381 9.82287 0
      vertex 1.69894 9.84496 14.9657
      vertex 1.84024 9.82711 15.1883
    endloop
  endfacet
  facet normal 0.125349 0.992113 2.67877e-07
    outer loop
      vertex 1.87381 9.82287 0
      vertex 1.53083 9.8662 14.7625
      vertex 1.69894 9.84496 14.9657
    endloop
  endfacet
  facet normal 0.125355 0.992112 4.19098e-07
    outer loop
      vertex 1.87381 9.82287 0
      vertex 1.33859 9.89049 14.5819
      vertex 1.53083 9.8662 14.7625
    endloop
  endfacet
  facet normal 0.125323 0.992116 -7.91454e-07
    outer loop
      vertex 1.87381 9.82287 0
      vertex 1.12524 9.91744 14.4269
      vertex 1.33859 9.89049 14.5819
    endloop
  endfacet
  facet normal 0.125312 0.992117 -1.37338e-06
    outer loop
      vertex 1.87381 9.82287 0
      vertex 0.894136 9.94663 14.2999
      vertex 1.12524 9.91744 14.4269
    endloop
  endfacet
  facet normal 0.125348 0.992113 1.16381e-06
    outer loop
      vertex 1.87381 9.82287 0
      vertex 0.648935 9.97761 14.2028
      vertex 0.894136 9.94663 14.2999
    endloop
  endfacet
  facet normal 0.125483 0.992096 1.29506e-05
    outer loop
      vertex 1.87381 9.82287 0
      vertex 0.627905 9.98027 14.1974
      vertex 0.648935 9.97761 14.2028
    endloop
  endfacet
  facet normal 0.125338 0.992114 0
    outer loop
      vertex 0.627905 9.98027 14.1974
      vertex 1.87381 9.82287 0
      vertex 0.627905 9.98027 0
    endloop
  endfacet
  facet normal -0.587788 -0.809015 0
    outer loop
      vertex -6.37424 -7.70513 0
      vertex -5.35827 -8.44328 26
      vertex -6.37424 -7.70513 26
    endloop
  endfacet
  facet normal -0.587788 -0.809015 -0
    outer loop
      vertex -5.35827 -8.44328 26
      vertex -6.37424 -7.70513 0
      vertex -5.35827 -8.44328 0
    endloop
  endfacet
  facet normal 0.481751 0.876308 -0
    outer loop
      vertex 5.35827 8.44328 0
      vertex 4.25779 9.04827 26
      vertex 5.35827 8.44328 26
    endloop
  endfacet
  facet normal 0.481751 0.876308 0
    outer loop
      vertex 4.25779 9.04827 26
      vertex 5.35827 8.44328 0
      vertex 4.25779 9.04827 0
    endloop
  endfacet
  facet normal -0.951055 -0.309021 0
    outer loop
      vertex -9.29776 -3.68124 0
      vertex -9.68583 -2.4869 26
      vertex -9.68583 -2.4869 0
    endloop
  endfacet
  facet normal -0.951055 -0.309021 0
    outer loop
      vertex -9.68583 -2.4869 26
      vertex -9.29776 -3.68124 0
      vertex -9.29776 -3.68124 26
    endloop
  endfacet
  facet normal -0.770515 0.637422 0
    outer loop
      vertex -8.09017 5.87785 0
      vertex -7.28969 6.84547 26
      vertex -7.28969 6.84547 0
    endloop
  endfacet
  facet normal -0.770515 0.637422 0
    outer loop
      vertex -7.28969 6.84547 26
      vertex -8.09017 5.87785 0
      vertex -8.09017 5.87785 26
    endloop
  endfacet
  facet normal -0.770515 -0.637422 0
    outer loop
      vertex -7.28969 -6.84547 0
      vertex -8.09017 -5.87785 26
      vertex -8.09017 -5.87785 0
    endloop
  endfacet
  facet normal -0.770515 -0.637422 0
    outer loop
      vertex -8.09017 -5.87785 26
      vertex -7.28969 -6.84547 0
      vertex -7.28969 -6.84547 26
    endloop
  endfacet
  facet normal 0.684545 -0.728971 0
    outer loop
      vertex 6.37424 -7.70513 0
      vertex 7.28969 -6.84547 26
      vertex 6.37424 -7.70513 26
    endloop
  endfacet
  facet normal 0.684545 -0.728971 0
    outer loop
      vertex 7.28969 -6.84547 26
      vertex 6.37424 -7.70513 0
      vertex 7.28969 -6.84547 0
    endloop
  endfacet
  facet normal 0 -1 0
    outer loop
      vertex -0.627905 -9.98027 26
      vertex -0.13186 -9.98027 18.2959
      vertex 0.627905 -9.98027 26
    endloop
  endfacet
  facet normal 0 -1 0
    outer loop
      vertex -0.627905 -9.98027 26
      vertex -0.3935 -9.98027 18.2628
      vertex -0.13186 -9.98027 18.2959
    endloop
  endfacet
  facet normal -0 -1 0
    outer loop
      vertex -0.3935 -9.98027 18.2628
      vertex -0.627905 -9.98027 26
      vertex -0.627905 -9.98027 18.2026
    endloop
  endfacet
  facet normal 0 -1 0
    outer loop
      vertex 0.13186 -9.98027 18.2959
      vertex 0.627905 -9.98027 26
      vertex -0.13186 -9.98027 18.2959
    endloop
  endfacet
  facet normal 0 -1 0
    outer loop
      vertex 0.3935 -9.98027 18.2628
      vertex 0.627905 -9.98027 26
      vertex 0.13186 -9.98027 18.2959
    endloop
  endfacet
  facet normal 0 -1 -0
    outer loop
      vertex 0.627905 -9.98027 26
      vertex 0.3935 -9.98027 18.2628
      vertex 0.627905 -9.98027 18.2026
    endloop
  endfacet
  facet normal 0 -1 -0
    outer loop
      vertex -0.13186 -9.98027 14.1041
      vertex -0.627905 -9.98027 0
      vertex 0.13186 -9.98027 14.1041
    endloop
  endfacet
  facet normal 0 -1 -0
    outer loop
      vertex -0.3935 -9.98027 14.1372
      vertex -0.627905 -9.98027 0
      vertex -0.13186 -9.98027 14.1041
    endloop
  endfacet
  facet normal 0 -1 0
    outer loop
      vertex -0.627905 -9.98027 0
      vertex -0.3935 -9.98027 14.1372
      vertex -0.627905 -9.98027 14.1974
    endloop
  endfacet
  facet normal 0 -1 0
    outer loop
      vertex 0.627905 -9.98027 0
      vertex 0.13186 -9.98027 14.1041
      vertex -0.627905 -9.98027 0
    endloop
  endfacet
  facet normal 0 -1 0
    outer loop
      vertex 0.13186 -9.98027 14.1041
      vertex 0.627905 -9.98027 0
      vertex 0.3935 -9.98027 14.1372
    endloop
  endfacet
  facet normal 0 -1 0
    outer loop
      vertex 0.3935 -9.98027 14.1372
      vertex 0.627905 -9.98027 0
      vertex 0.627905 -9.98027 14.1974
    endloop
  endfacet
  facet normal 0 0 -1
    outer loop
      vertex 5 0 0
      vertex 10 0 0
      vertex 9.92115 -1.25333 0
    endloop
  endfacet
  facet normal 0 0 -1
    outer loop
      vertex 4.96057 -0.626666 0
      vertex 9.92115 -1.25333 0
      vertex 9.68583 -2.4869 0
    endloop
  endfacet
  facet normal 0 0 -1
    outer loop
      vertex 10 0 0
      vertex 5 0 0
      vertex 9.92115 1.25333 0
    endloop
  endfacet
  facet normal 0 0 -1
    outer loop
      vertex 4.84292 -1.24345 0
      vertex 9.68583 -2.4869 0
      vertex 9.29776 -3.68124 0
    endloop
  endfacet
  facet normal 0 0 -1
    outer loop
      vertex 4.96057 0.626666 0
      vertex 9.92115 1.25333 0
      vertex 5 0 0
    endloop
  endfacet
  facet normal 0 0 -1
    outer loop
      vertex 4.64888 -1.84062 0
      vertex 9.29776 -3.68124 0
      vertex 8.76307 -4.81754 0
    endloop
  endfacet
  facet normal -0 0 -1
    outer loop
      vertex 9.92115 1.25333 0
      vertex 4.96057 0.626666 0
      vertex 9.68583 2.4869 0
    endloop
  endfacet
  facet normal 0 0 -1
    outer loop
      vertex 4.38153 -2.40877 0
      vertex 8.76307 -4.81754 0
      vertex 8.09017 -5.87785 0
    endloop
  endfacet
  facet normal 0 0 -1
    outer loop
      vertex 4.84292 1.24345 0
      vertex 9.68583 2.4869 0
      vertex 4.96057 0.626666 0
    endloop
  endfacet
  facet normal 0 0 -1
    outer loop
      vertex 4.04508 -2.93893 0
      vertex 8.09017 -5.87785 0
      vertex 7.28969 -6.84547 0
    endloop
  endfacet
  facet normal -0 0 -1
    outer loop
      vertex 9.68583 2.4869 0
      vertex 4.84292 1.24345 0
      vertex 9.29776 3.68124 0
    endloop
  endfacet
  facet normal 0 0 -1
    outer loop
      vertex 3.64484 -3.42274 0
      vertex 7.28969 -6.84547 0
      vertex 6.37424 -7.70513 0
    endloop
  endfacet
  facet normal 0 0 -1
    outer loop
      vertex 4.64888 1.84062 0
      vertex 9.29776 3.68124 0
      vertex 4.84292 1.24345 0
    endloop
  endfacet
  facet normal 0 0 -1
    outer loop
      vertex 3.18712 -3.85257 0
      vertex 6.37424 -7.70513 0
      vertex 5.35827 -8.44328 0
    endloop
  endfacet
  facet normal -0 0 -1
    outer loop
      vertex 9.29776 3.68124 0
      vertex 4.64888 1.84062 0
      vertex 8.76307 4.81754 0
    endloop
  endfacet
  facet normal 0 0 -1
    outer loop
      vertex 4.38153 2.40877 0
      vertex 8.76307 4.81754 0
      vertex 4.64888 1.84062 0
    endloop
  endfacet
  facet normal 0 0 -1
    outer loop
      vertex 9.92115 -1.25333 0
      vertex 4.96057 -0.626666 0
      vertex 5 0 0
    endloop
  endfacet
  facet normal 0 0 -1
    outer loop
      vertex 9.68583 -2.4869 0
      vertex 4.84292 -1.24345 0
      vertex 4.96057 -0.626666 0
    endloop
  endfacet
  facet normal 0 0 -1
    outer loop
      vertex 9.29776 -3.68124 0
      vertex 4.64888 -1.84062 0
      vertex 4.84292 -1.24345 0
    endloop
  endfacet
  facet normal 0 0 -1
    outer loop
      vertex 8.76307 -4.81754 0
      vertex 4.38153 -2.40877 0
      vertex 4.64888 -1.84062 0
    endloop
  endfacet
  facet normal 0 0 -1
    outer loop
      vertex 2.67913 -4.22164 0
      vertex 5.35827 -8.44328 0
      vertex 4.25779 -9.04827 0
    endloop
  endfacet
  facet normal 0 0 -1
    outer loop
      vertex 8.09017 -5.87785 0
      vertex 4.04508 -2.93893 0
      vertex 4.38153 -2.40877 0
    endloop
  endfacet
  facet normal 0 0 -1
    outer loop
      vertex 7.28969 -6.84547 0
      vertex 3.64484 -3.42274 0
      vertex 4.04508 -2.93893 0
    endloop
  endfacet
  facet normal 0 0 -1
    outer loop
      vertex 6.37424 -7.70513 0
      vertex 3.18712 -3.85257 0
      vertex 3.64484 -3.42274 0
    endloop
  endfacet
  facet normal 0 0 -1
    outer loop
      vertex 2.1289 -4.52413 0
      vertex 4.25779 -9.04827 0
      vertex 3.09017 -9.51056 0
    endloop
  endfacet
  facet normal 0 0 -1
    outer loop
      vertex 5.35827 -8.44328 0
      vertex 2.67913 -4.22164 0
      vertex 3.18712 -3.85257 0
    endloop
  endfacet
  facet normal 0 0 -1
    outer loop
      vertex 4.25779 -9.04827 0
      vertex 2.1289 -4.52413 0
      vertex 2.67913 -4.22164 0
    endloop
  endfacet
  facet normal 0 0 -1
    outer loop
      vertex 1.54508 -4.75528 0
      vertex 3.09017 -9.51056 0
      vertex 1.87381 -9.82287 0
    endloop
  endfacet
  facet normal 0 0 -1
    outer loop
      vertex 3.09017 -9.51056 0
      vertex 1.54508 -4.75528 0
      vertex 2.1289 -4.52413 0
    endloop
  endfacet
  facet normal 0 0 -1
    outer loop
      vertex 1.87381 -9.82287 0
      vertex 0.936906 -4.91144 0
      vertex 1.54508 -4.75528 0
    endloop
  endfacet
  facet normal 0 0 -1
    outer loop
      vertex 0.627905 -9.98027 0
      vertex 0.936906 -4.91144 0
      vertex 1.87381 -9.82287 0
    endloop
  endfacet
  facet normal 0 0 -1
    outer loop
      vertex 0.627905 -9.98027 0
      vertex 0.313952 -4.99013 0
      vertex 0.936906 -4.91144 0
    endloop
  endfacet
  facet normal 0 0 -1
    outer loop
      vertex 0.627905 -9.98027 0
      vertex -0.313952 -4.99013 0
      vertex 0.313952 -4.99013 0
    endloop
  endfacet
  facet normal 0 0 -1
    outer loop
      vertex -0.627905 -9.98027 0
      vertex -0.313952 -4.99013 0
      vertex 0.627905 -9.98027 0
    endloop
  endfacet
  facet normal 0 0 -1
    outer loop
      vertex -0.627905 -9.98027 0
      vertex -0.936906 -4.91144 0
      vertex -0.313952 -4.99013 0
    endloop
  endfacet
  facet normal 0 0 -1
    outer loop
      vertex -1.87381 -9.82287 0
      vertex -0.936906 -4.91144 0
      vertex -0.627905 -9.98027 0
    endloop
  endfacet
  facet normal -0 0 -1
    outer loop
      vertex -0.936906 -4.91144 0
      vertex -1.87381 -9.82287 0
      vertex -1.54508 -4.75528 0
    endloop
  endfacet
  facet normal 0 0 -1
    outer loop
      vertex -3.09017 -9.51056 0
      vertex -1.54508 -4.75528 0
      vertex -1.87381 -9.82287 0
    endloop
  endfacet
  facet normal -0 0 -1
    outer loop
      vertex -1.54508 -4.75528 0
      vertex -3.09017 -9.51056 0
      vertex -2.1289 -4.52413 0
    endloop
  endfacet
  facet normal 0 0 -1
    outer loop
      vertex -4.25779 -9.04827 0
      vertex -2.1289 -4.52413 0
      vertex -3.09017 -9.51056 0
    endloop
  endfacet
  facet normal -0 0 -1
    outer loop
      vertex -2.1289 -4.52413 0
      vertex -4.25779 -9.04827 0
      vertex -2.67913 -4.22164 0
    endloop
  endfacet
  facet normal 0 0 -1
    outer loop
      vertex -5.35827 -8.44328 0
      vertex -2.67913 -4.22164 0
      vertex -4.25779 -9.04827 0
    endloop
  endfacet
  facet normal -0 0 -1
    outer loop
      vertex -2.67913 -4.22164 0
      vertex -5.35827 -8.44328 0
      vertex -3.18712 -3.85257 0
    endloop
  endfacet
  facet normal 0 0 -1
    outer loop
      vertex -6.37424 -7.70513 0
      vertex -3.18712 -3.85257 0
      vertex -5.35827 -8.44328 0
    endloop
  endfacet
  facet normal -0 0 -1
    outer loop
      vertex -3.18712 -3.85257 0
      vertex -6.37424 -7.70513 0
      vertex -3.64484 -3.42274 0
    endloop
  endfacet
  facet normal 0 0 -1
    outer loop
      vertex -7.28969 -6.84547 0
      vertex -3.64484 -3.42274 0
      vertex -6.37424 -7.70513 0
    endloop
  endfacet
  facet normal -0 0 -1
    outer loop
      vertex -3.64484 -3.42274 0
      vertex -7.28969 -6.84547 0
      vertex -4.04508 -2.93893 0
    endloop
  endfacet
  facet normal 0 0 -1
    outer loop
      vertex -8.09017 -5.87785 0
      vertex -4.04508 -2.93893 0
      vertex -7.28969 -6.84547 0
    endloop
  endfacet
  facet normal 0 0 -1
    outer loop
      vertex -8.76307 -4.81754 0
      vertex -4.38153 -2.40877 0
      vertex -8.09017 -5.87785 0
    endloop
  endfacet
  facet normal -0 0 -1
    outer loop
      vertex -4.04508 -2.93893 0
      vertex -8.09017 -5.87785 0
      vertex -4.38153 -2.40877 0
    endloop
  endfacet
  facet normal -0 0 -1
    outer loop
      vertex 8.76307 4.81754 0
      vertex 4.38153 2.40877 0
      vertex 8.09017 5.87785 0
    endloop
  endfacet
  facet normal 0 0 -1
    outer loop
      vertex 4.04508 2.93893 0
      vertex 8.09017 5.87785 0
      vertex 4.38153 2.40877 0
    endloop
  endfacet
  facet normal -0 0 -1
    outer loop
      vertex 8.09017 5.87785 0
      vertex 4.04508 2.93893 0
      vertex 7.28969 6.84547 0
    endloop
  endfacet
  facet normal 0 0 -1
    outer loop
      vertex 3.64484 3.42274 0
      vertex 7.28969 6.84547 0
      vertex 4.04508 2.93893 0
    endloop
  endfacet
  facet normal -0 0 -1
    outer loop
      vertex 7.28969 6.84547 0
      vertex 3.64484 3.42274 0
      vertex 6.37424 7.70513 0
    endloop
  endfacet
  facet normal 0 0 -1
    outer loop
      vertex 3.18712 3.85257 0
      vertex 6.37424 7.70513 0
      vertex 3.64484 3.42274 0
    endloop
  endfacet
  facet normal -0 0 -1
    outer loop
      vertex 6.37424 7.70513 0
      vertex 3.18712 3.85257 0
      vertex 5.35827 8.44328 0
    endloop
  endfacet
  facet normal 0 0 -1
    outer loop
      vertex 2.67913 4.22164 0
      vertex 5.35827 8.44328 0
      vertex 3.18712 3.85257 0
    endloop
  endfacet
  facet normal -0 0 -1
    outer loop
      vertex 5.35827 8.44328 0
      vertex 2.67913 4.22164 0
      vertex 4.25779 9.04827 0
    endloop
  endfacet
  facet normal 0 0 -1
    outer loop
      vertex 2.1289 4.52413 0
      vertex 4.25779 9.04827 0
      vertex 2.67913 4.22164 0
    endloop
  endfacet
  facet normal -0 0 -1
    outer loop
      vertex 4.25779 9.04827 0
      vertex 2.1289 4.52413 0
      vertex 3.09017 9.51056 0
    endloop
  endfacet
  facet normal 0 0 -1
    outer loop
      vertex 1.54508 4.75528 0
      vertex 3.09017 9.51056 0
      vertex 2.1289 4.52413 0
    endloop
  endfacet
  facet normal -0 0 -1
    outer loop
      vertex 3.09017 9.51056 0
      vertex 1.54508 4.75528 0
      vertex 1.87381 9.82287 0
    endloop
  endfacet
  facet normal 0 0 -1
    outer loop
      vertex 0.936906 4.91144 0
      vertex 1.87381 9.82287 0
      vertex 1.54508 4.75528 0
    endloop
  endfacet
  facet normal 0 0 -1
    outer loop
      vertex 0.936906 4.91144 0
      vertex 0.627905 9.98027 0
      vertex 1.87381 9.82287 0
    endloop
  endfacet
  facet normal 0 0 -1
    outer loop
      vertex 0.313952 4.99013 0
      vertex 0.627905 9.98027 0
      vertex 0.936906 4.91144 0
    endloop
  endfacet
  facet normal 0 0 -1
    outer loop
      vertex -0.313952 4.99013 0
      vertex 0.627905 9.98027 0
      vertex 0.313952 4.99013 0
    endloop
  endfacet
  facet normal 0 0 -1
    outer loop
      vertex -0.313952 4.99013 0
      vertex -0.627905 9.98027 0
      vertex 0.627905 9.98027 0
    endloop
  endfacet
  facet normal 0 0 -1
    outer loop
      vertex -0.936906 4.91144 0
      vertex -0.627905 9.98027 0
      vertex -0.313952 4.99013 0
    endloop
  endfacet
  facet normal 0 0 -1
    outer loop
      vertex -1.87381 9.82287 0
      vertex -0.936906 4.91144 0
      vertex -1.54508 4.75528 0
    endloop
  endfacet
  facet normal 0 0 -1
    outer loop
      vertex -0.936906 4.91144 0
      vertex -1.87381 9.82287 0
      vertex -0.627905 9.98027 0
    endloop
  endfacet
  facet normal 0 0 -1
    outer loop
      vertex -3.09017 9.51056 0
      vertex -1.54508 4.75528 0
      vertex -2.1289 4.52413 0
    endloop
  endfacet
  facet normal 0 0 -1
    outer loop
      vertex -4.25779 9.04827 0
      vertex -2.1289 4.52413 0
      vertex -2.67913 4.22164 0
    endloop
  endfacet
  facet normal 0 0 -1
    outer loop
      vertex -1.54508 4.75528 0
      vertex -3.09017 9.51056 0
      vertex -1.87381 9.82287 0
    endloop
  endfacet
  facet normal 0 0 -1
    outer loop
      vertex -5.35827 8.44328 0
      vertex -2.67913 4.22164 0
      vertex -3.18712 3.85257 0
    endloop
  endfacet
  facet normal 0 0 -1
    outer loop
      vertex -6.37424 7.70513 0
      vertex -3.18712 3.85257 0
      vertex -3.64484 3.42274 0
    endloop
  endfacet
  facet normal 0 0 -1
    outer loop
      vertex -7.28969 6.84547 0
      vertex -3.64484 3.42274 0
      vertex -4.04508 2.93893 0
    endloop
  endfacet
  facet normal 0 0 -1
    outer loop
      vertex -2.1289 4.52413 0
      vertex -4.25779 9.04827 0
      vertex -3.09017 9.51056 0
    endloop
  endfacet
  facet normal 0 0 -1
    outer loop
      vertex -8.09017 5.87785 0
      vertex -4.04508 2.93893 0
      vertex -4.38153 2.40877 0
    endloop
  endfacet
  facet normal 0 0 -1
    outer loop
      vertex -8.76307 4.81754 0
      vertex -4.38153 2.40877 0
      vertex -4.64888 1.84062 0
    endloop
  endfacet
  facet normal 0 0 -1
    outer loop
      vertex -9.29776 3.68124 0
      vertex -4.64888 1.84062 0
      vertex -4.84292 1.24345 0
    endloop
  endfacet
  facet normal 0 0 -1
    outer loop
      vertex -9.68583 2.4869 0
      vertex -4.84292 1.24345 0
      vertex -4.96057 0.626666 0
    endloop
  endfacet
  facet normal 0 0 -1
    outer loop
      vertex -2.67913 4.22164 0
      vertex -5.35827 8.44328 0
      vertex -4.25779 9.04827 0
    endloop
  endfacet
  facet normal 0 0 -1
    outer loop
      vertex -9.92115 1.25333 0
      vertex -4.96057 0.626666 0
      vertex -5 0 0
    endloop
  endfacet
  facet normal -0 0 -1
    outer loop
      vertex -4.38153 -2.40877 0
      vertex -8.76307 -4.81754 0
      vertex -4.64888 -1.84062 0
    endloop
  endfacet
  facet normal 0 0 -1
    outer loop
      vertex -9.29776 -3.68124 0
      vertex -4.64888 -1.84062 0
      vertex -8.76307 -4.81754 0
    endloop
  endfacet
  facet normal 0 0 -1
    outer loop
      vertex -3.18712 3.85257 0
      vertex -6.37424 7.70513 0
      vertex -5.35827 8.44328 0
    endloop
  endfacet
  facet normal -0 0 -1
    outer loop
      vertex -4.64888 -1.84062 0
      vertex -9.29776 -3.68124 0
      vertex -4.84292 -1.24345 0
    endloop
  endfacet
  facet normal 0 0 -1
    outer loop
      vertex -3.64484 3.42274 0
      vertex -7.28969 6.84547 0
      vertex -6.37424 7.70513 0
    endloop
  endfacet
  facet normal 0 0 -1
    outer loop
      vertex -9.68583 -2.4869 0
      vertex -4.84292 -1.24345 0
      vertex -9.29776 -3.68124 0
    endloop
  endfacet
  facet normal 0 0 -1
    outer loop
      vertex -4.04508 2.93893 0
      vertex -8.09017 5.87785 0
      vertex -7.28969 6.84547 0
    endloop
  endfacet
  facet normal -0 0 -1
    outer loop
      vertex -4.84292 -1.24345 0
      vertex -9.68583 -2.4869 0
      vertex -4.96057 -0.626666 0
    endloop
  endfacet
  facet normal 0 0 -1
    outer loop
      vertex -4.38153 2.40877 0
      vertex -8.76307 4.81754 0
      vertex -8.09017 5.87785 0
    endloop
  endfacet
  facet normal 0 0 -1
    outer loop
      vertex -9.92115 -1.25333 0
      vertex -4.96057 -0.626666 0
      vertex -9.68583 -2.4869 0
    endloop
  endfacet
  facet normal 0 0 -1
    outer loop
      vertex -4.64888 1.84062 0
      vertex -9.29776 3.68124 0
      vertex -8.76307 4.81754 0
    endloop
  endfacet
  facet normal -0 0 -1
    outer loop
      vertex -4.96057 -0.626666 0
      vertex -9.92115 -1.25333 0
      vertex -5 0 0
    endloop
  endfacet
  facet normal 0 0 -1
    outer loop
      vertex -4.84292 1.24345 0
      vertex -9.68583 2.4869 0
      vertex -9.29776 3.68124 0
    endloop
  endfacet
  facet normal 0 0 -1
    outer loop
      vertex -10 0 0
      vertex -5 0 0
      vertex -9.92115 -1.25333 0
    endloop
  endfacet
  facet normal 0 0 -1
    outer loop
      vertex -4.96057 0.626666 0
      vertex -9.92115 1.25333 0
      vertex -9.68583 2.4869 0
    endloop
  endfacet
  facet normal 0 0 -1
    outer loop
      vertex -5 0 0
      vertex -10 0 0
      vertex -9.92115 1.25333 0
    endloop
  endfacet
  facet normal -0.125338 -0.992114 0
    outer loop
      vertex -1.87381 -9.82287 26
      vertex -0.627905 -9.98027 18.2026
      vertex -0.627905 -9.98027 26
    endloop
  endfacet
  facet normal -0.12548 -0.992096 -2.31613e-05
    outer loop
      vertex -1.87381 -9.82287 26
      vertex -0.648935 -9.97761 18.1972
      vertex -0.627905 -9.98027 18.2026
    endloop
  endfacet
  facet normal -0.125348 -0.992113 -2.06252e-06
    outer loop
      vertex -1.87381 -9.82287 26
      vertex -0.894136 -9.94663 18.1001
      vertex -0.648935 -9.97761 18.1972
    endloop
  endfacet
  facet normal -0.125312 -0.992117 2.41501e-06
    outer loop
      vertex -1.87381 -9.82287 26
      vertex -1.12524 -9.91744 17.9731
      vertex -0.894136 -9.94663 18.1001
    endloop
  endfacet
  facet normal -0.125323 -0.992116 1.38245e-06
    outer loop
      vertex -1.87381 -9.82287 26
      vertex -1.33859 -9.89049 17.8181
      vertex -1.12524 -9.91744 17.9731
    endloop
  endfacet
  facet normal -0.125355 -0.992112 -7.27943e-07
    outer loop
      vertex -1.87381 -9.82287 26
      vertex -1.53083 -9.8662 17.6375
      vertex -1.33859 -9.89049 17.8181
    endloop
  endfacet
  facet normal -0.125349 -0.992113 -4.63206e-07
    outer loop
      vertex -1.87381 -9.82287 26
      vertex -1.69894 -9.84496 17.4343
      vertex -1.53083 -9.8662 17.6375
    endloop
  endfacet
  facet normal -0.125331 -0.992115 -8.93433e-08
    outer loop
      vertex -1.87381 -9.82287 26
      vertex -1.84024 -9.82711 17.2117
      vertex -1.69894 -9.84496 17.4343
    endloop
  endfacet
  facet normal -0.125308 -0.992118 0
    outer loop
      vertex -1.84024 -9.82711 17.2117
      vertex -1.87381 -9.82287 26
      vertex -1.87381 -9.82287 17.1403
    endloop
  endfacet
  facet normal -0.125308 -0.992118 0
    outer loop
      vertex -1.87381 -9.82287 0
      vertex -1.84024 -9.82711 15.1883
      vertex -1.87381 -9.82287 15.2597
    endloop
  endfacet
  facet normal -0.125331 -0.992115 5.18267e-08
    outer loop
      vertex -1.87381 -9.82287 0
      vertex -1.69894 -9.84496 14.9657
      vertex -1.84024 -9.82711 15.1883
    endloop
  endfacet
  facet normal -0.125349 -0.992113 2.67877e-07
    outer loop
      vertex -1.87381 -9.82287 0
      vertex -1.53083 -9.8662 14.7625
      vertex -1.69894 -9.84496 14.9657
    endloop
  endfacet
  facet normal -0.125355 -0.992112 4.19098e-07
    outer loop
      vertex -1.87381 -9.82287 0
      vertex -1.33859 -9.89049 14.5819
      vertex -1.53083 -9.8662 14.7625
    endloop
  endfacet
  facet normal -0.125323 -0.992116 -7.91454e-07
    outer loop
      vertex -1.87381 -9.82287 0
      vertex -1.12524 -9.91744 14.4269
      vertex -1.33859 -9.89049 14.5819
    endloop
  endfacet
  facet normal -0.125312 -0.992117 -1.37338e-06
    outer loop
      vertex -1.87381 -9.82287 0
      vertex -0.894136 -9.94663 14.2999
      vertex -1.12524 -9.91744 14.4269
    endloop
  endfacet
  facet normal -0.125348 -0.992113 1.16381e-06
    outer loop
      vertex -1.87381 -9.82287 0
      vertex -0.648935 -9.97761 14.2028
      vertex -0.894136 -9.94663 14.2999
    endloop
  endfacet
  facet normal -0.125483 -0.992096 1.29506e-05
    outer loop
      vertex -1.87381 -9.82287 0
      vertex -0.627905 -9.98027 14.1974
      vertex -0.648935 -9.97761 14.2028
    endloop
  endfacet
  facet normal -0.125338 -0.992114 -0
    outer loop
      vertex -0.627905 -9.98027 14.1974
      vertex -1.87381 -9.82287 0
      vertex -0.627905 -9.98027 0
    endloop
  endfacet
  facet normal -0.587788 0.809015 0
    outer loop
      vertex -5.35827 8.44328 0
      vertex -6.37424 7.70513 26
      vertex -5.35827 8.44328 26
    endloop
  endfacet
  facet normal -0.587788 0.809015 0
    outer loop
      vertex -6.37424 7.70513 26
      vertex -5.35827 8.44328 0
      vertex -6.37424 7.70513 0
    endloop
  endfacet
  facet normal 0.587788 0.809015 -0
    outer loop
      vertex 6.37424 7.70513 0
      vertex 5.35827 8.44328 26
      vertex 6.37424 7.70513 26
    endloop
  endfacet
  facet normal 0.587788 0.809015 0
    outer loop
      vertex 5.35827 8.44328 26
      vertex 6.37424 7.70513 0
      vertex 5.35827 8.44328 0
    endloop
  endfacet
  facet normal 0.770515 0.637422 0
    outer loop
      vertex 8.09017 5.87785 26
      vertex 7.28969 6.84547 0
      vertex 7.28969 6.84547 26
    endloop
  endfacet
  facet normal 0.770515 0.637422 0
    outer loop
      vertex 7.28969 6.84547 0
      vertex 8.09017 5.87785 26
      vertex 8.09017 5.87785 0
    endloop
  endfacet
  facet normal -0.904831 -0.425771 0
    outer loop
      vertex -8.76307 -4.81754 0
      vertex -9.29776 -3.68124 26
      vertex -9.29776 -3.68124 0
    endloop
  endfacet
  facet normal -0.904831 -0.425771 0
    outer loop
      vertex -9.29776 -3.68124 26
      vertex -8.76307 -4.81754 0
      vertex -8.76307 -4.81754 26
    endloop
  endfacet
  facet normal 0.904831 -0.425771 0
    outer loop
      vertex 8.76307 -4.81754 26
      vertex 9.29776 -3.68124 0
      vertex 9.29776 -3.68124 26
    endloop
  endfacet
  facet normal 0.904831 -0.425771 0
    outer loop
      vertex 9.29776 -3.68124 0
      vertex 8.76307 -4.81754 26
      vertex 8.76307 -4.81754 0
    endloop
  endfacet
  facet normal 0.587788 -0.809015 0
    outer loop
      vertex 5.35827 -8.44328 0
      vertex 6.37424 -7.70513 26
      vertex 5.35827 -8.44328 26
    endloop
  endfacet
  facet normal 0.587788 -0.809015 0
    outer loop
      vertex 6.37424 -7.70513 26
      vertex 5.35827 -8.44328 0
      vertex 6.37424 -7.70513 0
    endloop
  endfacet
  facet normal -0.368122 -0.929777 0
    outer loop
      vertex -4.25779 -9.04827 0
      vertex -3.09017 -9.51056 26
      vertex -4.25779 -9.04827 26
    endloop
  endfacet
  facet normal -0.368122 -0.929777 -0
    outer loop
      vertex -3.09017 -9.51056 26
      vertex -4.25779 -9.04827 0
      vertex -3.09017 -9.51056 0
    endloop
  endfacet
  facet normal 0.481918 -0.398675 -0.780265
    outer loop
      vertex 10.9345 -10.2682 30
      vertex 7.28969 -6.84547 26
      vertex 8.09017 -5.87785 26
    endloop
  endfacet
  facet normal 0.078392 -0.620521 -0.780262
    outer loop
      vertex 0.627905 -9.98027 26
      vertex 1.40784 -12.3966 28
      vertex 0.784881 -12.4753 28
    endloop
  endfacet
  facet normal 0.0783928 -0.620521 -0.780262
    outer loop
      vertex 1.40784 -12.3966 28
      vertex 0.627905 -9.98027 26
      vertex 1.87381 -9.82287 26
    endloop
  endfacet
  facet normal -0.624219 0.0392711 -0.780262
    outer loop
      vertex -10 0 26
      vertex -12.4014 1.56667 28
      vertex -9.92115 1.25333 26
    endloop
  endfacet
  facet normal -0.624213 0.0392855 -0.780266
    outer loop
      vertex -12.4014 1.56667 28
      vertex -10 0 26
      vertex -12.5 0 28
    endloop
  endfacet
  facet normal 0.230242 -0.58153 -0.780264
    outer loop
      vertex 4.63525 -14.2658 30
      vertex 3.09017 -9.51056 26
      vertex 4.25779 -9.04827 26
    endloop
  endfacet
  facet normal -0.481901 -0.39869 -0.780268
    outer loop
      vertex -10.9345 -10.2682 30
      vertex -12.1353 -8.81678 30
      vertex -8.09017 -5.87785 26
    endloop
  endfacet
  facet normal 0.56593 -0.26629 -0.780265
    outer loop
      vertex 13.1446 -7.22631 30
      vertex 9.29776 -3.68124 26
      vertex 13.9466 -5.52187 30
    endloop
  endfacet
  facet normal -0.56593 0.26629 -0.780265
    outer loop
      vertex -9.29776 3.68124 26
      vertex -13.9466 5.52187 30
      vertex -13.1446 7.22631 30
    endloop
  endfacet
  facet normal -0.565924 -0.266298 -0.780266
    outer loop
      vertex -8.76307 -4.81754 26
      vertex -13.1446 -7.22631 30
      vertex -9.29776 -3.68124 26
    endloop
  endfacet
  facet normal -0.155543 -0.605798 -0.780266
    outer loop
      vertex -2.81072 -14.7343 30
      vertex -3.09017 -9.51056 26
      vertex -1.87381 -9.82287 26
    endloop
  endfacet
  facet normal -0.36763 0.505996 -0.780267
    outer loop
      vertex -6.37424 7.70513 26
      vertex -9.56136 11.5577 30
      vertex -5.35827 8.44328 26
    endloop
  endfacet
  facet normal 0.428156 -0.455927 -0.780265
    outer loop
      vertex 9.56136 -11.5577 30
      vertex 7.28969 -6.84547 26
      vertex 10.9345 -10.2682 30
    endloop
  endfacet
  facet normal 0.528081 0.335134 -0.780266
    outer loop
      vertex 8.76307 4.81754 26
      vertex 8.09017 5.87785 26
      vertex 13.1446 7.22631 30
    endloop
  endfacet
  facet normal 0.301311 -0.548086 -0.780265
    outer loop
      vertex 8.0374 -12.6649 30
      vertex 4.25779 -9.04827 26
      vertex 5.35827 -8.44328 26
    endloop
  endfacet
  facet normal -0.565924 0.266298 -0.780266
    outer loop
      vertex -9.29776 3.68124 26
      vertex -13.1446 7.22631 30
      vertex -8.76307 4.81754 26
    endloop
  endfacet
  facet normal -0.428147 0.455932 -0.780267
    outer loop
      vertex -7.28969 6.84547 26
      vertex -9.56136 11.5577 30
      vertex -6.37424 7.70513 26
    endloop
  endfacet
  facet normal -0.155543 0.605798 -0.780266
    outer loop
      vertex -1.87381 9.82287 26
      vertex -3.09017 9.51056 26
      vertex -2.81072 14.7343 30
    endloop
  endfacet
  facet normal -0.614364 -0.117198 -0.78027
    outer loop
      vertex -9.68583 -2.4869 26
      vertex -12.3188 -2 28
      vertex -9.92115 -1.25333 26
    endloop
  endfacet
  facet normal -0.614366 -0.117226 -0.780265
    outer loop
      vertex -14.5287 -3.73035 30
      vertex -12.3188 -2 28
      vertex -9.68583 -2.4869 26
    endloop
  endfacet
  facet normal -0.614377 -0.117205 -0.780259
    outer loop
      vertex -12.3188 -2 28
      vertex -14.5287 -3.73035 30
      vertex -14.8588 -2 30
    endloop
  endfacet
  facet normal -0.614387 -0.117113 -0.780265
    outer loop
      vertex -9.92115 -1.25333 26
      vertex -12.3188 -2 28
      vertex -12.4014 -1.56667 28
    endloop
  endfacet
  facet normal 0.528087 -0.33512 -0.780268
    outer loop
      vertex 12.1353 -8.81678 30
      vertex 8.09017 -5.87785 26
      vertex 13.1446 -7.22631 30
    endloop
  endfacet
  facet normal -0.078392 0.620521 -0.780262
    outer loop
      vertex -0.627905 9.98027 26
      vertex -1.40784 12.3966 28
      vertex -0.784881 12.4753 28
    endloop
  endfacet
  facet normal -0.0783928 0.620521 -0.780262
    outer loop
      vertex -1.40784 12.3966 28
      vertex -0.627905 9.98027 26
      vertex -1.87381 9.82287 26
    endloop
  endfacet
  facet normal -0.155556 0.605797 -0.780264
    outer loop
      vertex -3.09017 9.51056 26
      vertex -4.63525 14.2658 30
      vertex -2.81072 14.7343 30
    endloop
  endfacet
  facet normal -0.428156 -0.455927 -0.780265
    outer loop
      vertex -9.56136 -11.5577 30
      vertex -10.9345 -10.2682 30
      vertex -7.28969 -6.84547 26
    endloop
  endfacet
  facet normal 0.481901 -0.39869 -0.780268
    outer loop
      vertex 10.9345 -10.2682 30
      vertex 8.09017 -5.87785 26
      vertex 12.1353 -8.81678 30
    endloop
  endfacet
  facet normal 0.155556 -0.605797 -0.780264
    outer loop
      vertex 4.63525 -14.2658 30
      vertex 2.81072 -14.7343 30
      vertex 3.09017 -9.51056 26
    endloop
  endfacet
  facet normal 0.614377 -0.117205 -0.780259
    outer loop
      vertex 14.5287 -3.73035 30
      vertex 12.3188 -2 28
      vertex 14.8588 -2 30
    endloop
  endfacet
  facet normal 0.614366 -0.117226 -0.780265
    outer loop
      vertex 9.68583 -2.4869 26
      vertex 12.3188 -2 28
      vertex 14.5287 -3.73035 30
    endloop
  endfacet
  facet normal 0.614364 -0.117198 -0.78027
    outer loop
      vertex 12.3188 -2 28
      vertex 9.68583 -2.4869 26
      vertex 9.92115 -1.25333 26
    endloop
  endfacet
  facet normal 0.614387 -0.117113 -0.780265
    outer loop
      vertex 12.4014 -1.56667 28
      vertex 12.3188 -2 28
      vertex 9.92115 -1.25333 26
    endloop
  endfacet
  facet normal 0.594839 -0.193275 -0.780264
    outer loop
      vertex 13.9466 -5.52187 30
      vertex 9.29776 -3.68124 26
      vertex 14.5287 -3.73035 30
    endloop
  endfacet
  facet normal 0.23023 0.581532 -0.780266
    outer loop
      vertex 6.38669 13.5724 30
      vertex 4.25779 9.04827 26
      vertex 4.63525 14.2658 30
    endloop
  endfacet
  facet normal -0.0783824 0.62052 -0.780264
    outer loop
      vertex -1.87381 9.82287 26
      vertex -2 12.3218 28
      vertex -1.40784 12.3966 28
    endloop
  endfacet
  facet normal -0.0783758 0.620516 -0.780268
    outer loop
      vertex -2 12.3218 28
      vertex -2.81072 14.7343 30
      vertex -2 14.8367 30
    endloop
  endfacet
  facet normal -0.0783483 0.620523 -0.780265
    outer loop
      vertex -2.81072 14.7343 30
      vertex -2 12.3218 28
      vertex -1.87381 9.82287 26
    endloop
  endfacet
  facet normal -0.528081 -0.335134 -0.780266
    outer loop
      vertex -8.09017 -5.87785 26
      vertex -13.1446 -7.22631 30
      vertex -8.76307 -4.81754 26
    endloop
  endfacet
  facet normal 0.594838 -0.193277 -0.780264
    outer loop
      vertex 14.5287 -3.73035 30
      vertex 9.29776 -3.68124 26
      vertex 9.68583 -2.4869 26
    endloop
  endfacet
  facet normal 0.528081 -0.335134 -0.780266
    outer loop
      vertex 13.1446 -7.22631 30
      vertex 8.09017 -5.87785 26
      vertex 8.76307 -4.81754 26
    endloop
  endfacet
  facet normal 0.481901 0.39869 -0.780268
    outer loop
      vertex 12.1353 8.81678 30
      vertex 8.09017 5.87785 26
      vertex 10.9345 10.2682 30
    endloop
  endfacet
  facet normal -0.594839 0.193275 -0.780264
    outer loop
      vertex -9.29776 3.68124 26
      vertex -14.5287 3.73035 30
      vertex -13.9466 5.52187 30
    endloop
  endfacet
  facet normal -0.528087 -0.33512 -0.780268
    outer loop
      vertex -12.1353 -8.81678 30
      vertex -13.1446 -7.22631 30
      vertex -8.09017 -5.87785 26
    endloop
  endfacet
  facet normal -0.23023 0.581532 -0.780266
    outer loop
      vertex -4.25779 9.04827 26
      vertex -6.38669 13.5724 30
      vertex -4.63525 14.2658 30
    endloop
  endfacet
  facet normal 0.428156 0.455927 -0.780265
    outer loop
      vertex 10.9345 10.2682 30
      vertex 7.28969 6.84547 26
      vertex 9.56136 11.5577 30
    endloop
  endfacet
  facet normal 0.56593 0.26629 -0.780265
    outer loop
      vertex 13.9466 5.52187 30
      vertex 9.29776 3.68124 26
      vertex 13.1446 7.22631 30
    endloop
  endfacet
  facet normal -0.301311 0.548086 -0.780265
    outer loop
      vertex -5.35827 8.44328 26
      vertex -8.0374 12.6649 30
      vertex -4.25779 9.04827 26
    endloop
  endfacet
  facet normal -0.155556 -0.605797 -0.780264
    outer loop
      vertex -2.81072 -14.7343 30
      vertex -4.63525 -14.2658 30
      vertex -3.09017 -9.51056 26
    endloop
  endfacet
  facet normal 0.594838 0.193277 -0.780264
    outer loop
      vertex 9.68583 2.4869 26
      vertex 9.29776 3.68124 26
      vertex 14.5287 3.73035 30
    endloop
  endfacet
  facet normal -0.594838 0.193277 -0.780264
    outer loop
      vertex -9.68583 2.4869 26
      vertex -14.5287 3.73035 30
      vertex -9.29776 3.68124 26
    endloop
  endfacet
  facet normal 0.23023 -0.581532 -0.780266
    outer loop
      vertex 4.63525 -14.2658 30
      vertex 4.25779 -9.04827 26
      vertex 6.38669 -13.5724 30
    endloop
  endfacet
  facet normal -0.301315 0.548082 -0.780266
    outer loop
      vertex -4.25779 9.04827 26
      vertex -8.0374 12.6649 30
      vertex -6.38669 13.5724 30
    endloop
  endfacet
  facet normal 0.528087 0.33512 -0.780268
    outer loop
      vertex 13.1446 7.22631 30
      vertex 8.09017 5.87785 26
      vertex 12.1353 8.81678 30
    endloop
  endfacet
  facet normal 0.36763 0.505996 -0.780267
    outer loop
      vertex 6.37424 7.70513 26
      vertex 5.35827 8.44328 26
      vertex 9.56136 11.5577 30
    endloop
  endfacet
  facet normal 0.594839 0.193275 -0.780264
    outer loop
      vertex 14.5287 3.73035 30
      vertex 9.29776 3.68124 26
      vertex 13.9466 5.52187 30
    endloop
  endfacet
  facet normal 0.624213 0.0392855 -0.780266
    outer loop
      vertex 10 0 26
      vertex 12.4014 1.56667 28
      vertex 12.5 0 28
    endloop
  endfacet
  facet normal 0.624219 0.0392711 -0.780262
    outer loop
      vertex 12.4014 1.56667 28
      vertex 10 0 26
      vertex 9.92115 1.25333 26
    endloop
  endfacet
  facet normal -0.528087 0.33512 -0.780268
    outer loop
      vertex -8.09017 5.87785 26
      vertex -13.1446 7.22631 30
      vertex -12.1353 8.81678 30
    endloop
  endfacet
  facet normal -0.481918 -0.398675 -0.780265
    outer loop
      vertex -7.28969 -6.84547 26
      vertex -10.9345 -10.2682 30
      vertex -8.09017 -5.87785 26
    endloop
  endfacet
  facet normal -0.428156 0.455927 -0.780265
    outer loop
      vertex -7.28969 6.84547 26
      vertex -10.9345 10.2682 30
      vertex -9.56136 11.5577 30
    endloop
  endfacet
  facet normal -0.230242 -0.58153 -0.780264
    outer loop
      vertex -3.09017 -9.51056 26
      vertex -4.63525 -14.2658 30
      vertex -4.25779 -9.04827 26
    endloop
  endfacet
  facet normal 0 0.625453 -0.780262
    outer loop
      vertex -0.627905 9.98027 26
      vertex 0.784881 12.4753 28
      vertex 0.627905 9.98027 26
    endloop
  endfacet
  facet normal 0 0.625453 -0.780262
    outer loop
      vertex 0.784881 12.4753 28
      vertex -0.627905 9.98027 26
      vertex -0.784881 12.4753 28
    endloop
  endfacet
  facet normal -0.481918 0.398675 -0.780265
    outer loop
      vertex -8.09017 5.87785 26
      vertex -10.9345 10.2682 30
      vertex -7.28969 6.84547 26
    endloop
  endfacet
  facet normal -0.481901 0.39869 -0.780268
    outer loop
      vertex -8.09017 5.87785 26
      vertex -12.1353 8.81678 30
      vertex -10.9345 10.2682 30
    endloop
  endfacet
  facet normal -0.56593 -0.26629 -0.780265
    outer loop
      vertex -13.1446 -7.22631 30
      vertex -13.9466 -5.52187 30
      vertex -9.29776 -3.68124 26
    endloop
  endfacet
  facet normal -0.594839 -0.193275 -0.780264
    outer loop
      vertex -13.9466 -5.52187 30
      vertex -14.5287 -3.73035 30
      vertex -9.29776 -3.68124 26
    endloop
  endfacet
  facet normal -0.23023 -0.581532 -0.780266
    outer loop
      vertex -4.63525 -14.2658 30
      vertex -6.38669 -13.5724 30
      vertex -4.25779 -9.04827 26
    endloop
  endfacet
  facet normal -0.230242 0.58153 -0.780264
    outer loop
      vertex -4.25779 9.04827 26
      vertex -4.63525 14.2658 30
      vertex -3.09017 9.51056 26
    endloop
  endfacet
  facet normal 0.155543 -0.605798 -0.780266
    outer loop
      vertex 2.81072 -14.7343 30
      vertex 1.87381 -9.82287 26
      vertex 3.09017 -9.51056 26
    endloop
  endfacet
  facet normal 0.367625 0.506002 -0.780265
    outer loop
      vertex 9.56136 11.5577 30
      vertex 5.35827 8.44328 26
      vertex 8.0374 12.6649 30
    endloop
  endfacet
  facet normal 0 -0.625453 -0.780262
    outer loop
      vertex 0.784881 -12.4753 28
      vertex -0.627905 -9.98027 26
      vertex 0.627905 -9.98027 26
    endloop
  endfacet
  facet normal 0 -0.625453 -0.780262
    outer loop
      vertex -0.627905 -9.98027 26
      vertex 0.784881 -12.4753 28
      vertex -0.784881 -12.4753 28
    endloop
  endfacet
  facet normal -0.301315 -0.548082 -0.780266
    outer loop
      vertex -6.38669 -13.5724 30
      vertex -8.0374 -12.6649 30
      vertex -4.25779 -9.04827 26
    endloop
  endfacet
  facet normal 0.301315 -0.548082 -0.780266
    outer loop
      vertex 6.38669 -13.5724 30
      vertex 4.25779 -9.04827 26
      vertex 8.0374 -12.6649 30
    endloop
  endfacet
  facet normal 0.0783758 -0.620516 -0.780268
    outer loop
      vertex 2 -12.3218 28
      vertex 2.81072 -14.7343 30
      vertex 2 -14.8367 30
    endloop
  endfacet
  facet normal 0.0783483 -0.620523 -0.780265
    outer loop
      vertex 2 -12.3218 28
      vertex 1.87381 -9.82287 26
      vertex 2.81072 -14.7343 30
    endloop
  endfacet
  facet normal 0.0783824 -0.62052 -0.780264
    outer loop
      vertex 1.87381 -9.82287 26
      vertex 2 -12.3218 28
      vertex 1.40784 -12.3966 28
    endloop
  endfacet
  facet normal 0.428147 -0.455932 -0.780267
    outer loop
      vertex 9.56136 -11.5577 30
      vertex 6.37424 -7.70513 26
      vertex 7.28969 -6.84547 26
    endloop
  endfacet
  facet normal 0.36763 -0.505996 -0.780267
    outer loop
      vertex 9.56136 -11.5577 30
      vertex 5.35827 -8.44328 26
      vertex 6.37424 -7.70513 26
    endloop
  endfacet
  facet normal 0.367625 -0.506002 -0.780265
    outer loop
      vertex 8.0374 -12.6649 30
      vertex 5.35827 -8.44328 26
      vertex 9.56136 -11.5577 30
    endloop
  endfacet
  facet normal 0.565924 -0.266298 -0.780266
    outer loop
      vertex 13.1446 -7.22631 30
      vertex 8.76307 -4.81754 26
      vertex 9.29776 -3.68124 26
    endloop
  endfacet
  facet normal -0.367625 0.506002 -0.780265
    outer loop
      vertex -5.35827 8.44328 26
      vertex -9.56136 11.5577 30
      vertex -8.0374 12.6649 30
    endloop
  endfacet
  facet normal 0.301315 0.548082 -0.780266
    outer loop
      vertex 8.0374 12.6649 30
      vertex 4.25779 9.04827 26
      vertex 6.38669 13.5724 30
    endloop
  endfacet
  facet normal 0.565924 0.266298 -0.780266
    outer loop
      vertex 9.29776 3.68124 26
      vertex 8.76307 4.81754 26
      vertex 13.1446 7.22631 30
    endloop
  endfacet
  facet normal 0.624213 -0.0392855 -0.780266
    outer loop
      vertex 12.4014 -1.56667 28
      vertex 10 0 26
      vertex 12.5 0 28
    endloop
  endfacet
  facet normal 0.624219 -0.0392711 -0.780262
    outer loop
      vertex 10 0 26
      vertex 12.4014 -1.56667 28
      vertex 9.92115 -1.25333 26
    endloop
  endfacet
  facet normal 0.614387 0.117113 -0.780265
    outer loop
      vertex 12.4014 1.56667 28
      vertex 9.92115 1.25333 26
      vertex 12.3188 2 28
    endloop
  endfacet
  facet normal 0.614377 0.117205 -0.780259
    outer loop
      vertex 12.3188 2 28
      vertex 14.5287 3.73035 30
      vertex 14.8588 2 30
    endloop
  endfacet
  facet normal 0.614364 0.117198 -0.78027
    outer loop
      vertex 9.68583 2.4869 26
      vertex 12.3188 2 28
      vertex 9.92115 1.25333 26
    endloop
  endfacet
  facet normal 0.614366 0.117226 -0.780265
    outer loop
      vertex 12.3188 2 28
      vertex 9.68583 2.4869 26
      vertex 14.5287 3.73035 30
    endloop
  endfacet
  facet normal -0.0783758 -0.620516 -0.780268
    outer loop
      vertex -2 -14.8367 30
      vertex -2.81072 -14.7343 30
      vertex -2 -12.3218 28
    endloop
  endfacet
  facet normal -0.0783824 -0.62052 -0.780264
    outer loop
      vertex -2 -12.3218 28
      vertex -1.87381 -9.82287 26
      vertex -1.40784 -12.3966 28
    endloop
  endfacet
  facet normal -0.0783483 -0.620523 -0.780265
    outer loop
      vertex -1.87381 -9.82287 26
      vertex -2 -12.3218 28
      vertex -2.81072 -14.7343 30
    endloop
  endfacet
  facet normal -0.594838 -0.193277 -0.780264
    outer loop
      vertex -9.29776 -3.68124 26
      vertex -14.5287 -3.73035 30
      vertex -9.68583 -2.4869 26
    endloop
  endfacet
  facet normal 0.481918 0.398675 -0.780265
    outer loop
      vertex 8.09017 5.87785 26
      vertex 7.28969 6.84547 26
      vertex 10.9345 10.2682 30
    endloop
  endfacet
  facet normal 0.301311 0.548086 -0.780265
    outer loop
      vertex 5.35827 8.44328 26
      vertex 4.25779 9.04827 26
      vertex 8.0374 12.6649 30
    endloop
  endfacet
  facet normal -0.367625 -0.506002 -0.780265
    outer loop
      vertex -8.0374 -12.6649 30
      vertex -9.56136 -11.5577 30
      vertex -5.35827 -8.44328 26
    endloop
  endfacet
  facet normal -0.301311 -0.548086 -0.780265
    outer loop
      vertex -4.25779 -9.04827 26
      vertex -8.0374 -12.6649 30
      vertex -5.35827 -8.44328 26
    endloop
  endfacet
  facet normal -0.614387 0.117113 -0.780265
    outer loop
      vertex -9.92115 1.25333 26
      vertex -12.4014 1.56667 28
      vertex -12.3188 2 28
    endloop
  endfacet
  facet normal -0.614364 0.117198 -0.78027
    outer loop
      vertex -12.3188 2 28
      vertex -9.68583 2.4869 26
      vertex -9.92115 1.25333 26
    endloop
  endfacet
  facet normal -0.614366 0.117226 -0.780265
    outer loop
      vertex -12.3188 2 28
      vertex -14.5287 3.73035 30
      vertex -9.68583 2.4869 26
    endloop
  endfacet
  facet normal -0.614377 0.117205 -0.780259
    outer loop
      vertex -14.5287 3.73035 30
      vertex -12.3188 2 28
      vertex -14.8588 2 30
    endloop
  endfacet
  facet normal -0.624219 -0.0392711 -0.780262
    outer loop
      vertex -12.4014 -1.56667 28
      vertex -10 0 26
      vertex -9.92115 -1.25333 26
    endloop
  endfacet
  facet normal -0.624213 -0.0392855 -0.780266
    outer loop
      vertex -10 0 26
      vertex -12.4014 -1.56667 28
      vertex -12.5 0 28
    endloop
  endfacet
  facet normal -0.528081 0.335134 -0.780266
    outer loop
      vertex -8.76307 4.81754 26
      vertex -13.1446 7.22631 30
      vertex -8.09017 5.87785 26
    endloop
  endfacet
  facet normal 0.155556 0.605797 -0.780264
    outer loop
      vertex 3.09017 9.51056 26
      vertex 2.81072 14.7343 30
      vertex 4.63525 14.2658 30
    endloop
  endfacet
  facet normal 0.230242 0.58153 -0.780264
    outer loop
      vertex 4.25779 9.04827 26
      vertex 3.09017 9.51056 26
      vertex 4.63525 14.2658 30
    endloop
  endfacet
  facet normal 0.0783483 0.620523 -0.780265
    outer loop
      vertex 1.87381 9.82287 26
      vertex 2 12.3218 28
      vertex 2.81072 14.7343 30
    endloop
  endfacet
  facet normal 0.0783824 0.62052 -0.780264
    outer loop
      vertex 2 12.3218 28
      vertex 1.87381 9.82287 26
      vertex 1.40784 12.3966 28
    endloop
  endfacet
  facet normal 0.0783758 0.620516 -0.780268
    outer loop
      vertex 2.81072 14.7343 30
      vertex 2 12.3218 28
      vertex 2 14.8367 30
    endloop
  endfacet
  facet normal -0.36763 -0.505996 -0.780267
    outer loop
      vertex -5.35827 -8.44328 26
      vertex -9.56136 -11.5577 30
      vertex -6.37424 -7.70513 26
    endloop
  endfacet
  facet normal -0.428147 -0.455932 -0.780267
    outer loop
      vertex -6.37424 -7.70513 26
      vertex -9.56136 -11.5577 30
      vertex -7.28969 -6.84547 26
    endloop
  endfacet
  facet normal -0.078392 -0.620521 -0.780262
    outer loop
      vertex -1.40784 -12.3966 28
      vertex -0.627905 -9.98027 26
      vertex -0.784881 -12.4753 28
    endloop
  endfacet
  facet normal -0.0783928 -0.620521 -0.780262
    outer loop
      vertex -0.627905 -9.98027 26
      vertex -1.40784 -12.3966 28
      vertex -1.87381 -9.82287 26
    endloop
  endfacet
  facet normal 0.428147 0.455932 -0.780267
    outer loop
      vertex 7.28969 6.84547 26
      vertex 6.37424 7.70513 26
      vertex 9.56136 11.5577 30
    endloop
  endfacet
  facet normal 0.0783928 0.620521 -0.780262
    outer loop
      vertex 0.627905 9.98027 26
      vertex 1.40784 12.3966 28
      vertex 1.87381 9.82287 26
    endloop
  endfacet
  facet normal 0.078392 0.620521 -0.780262
    outer loop
      vertex 1.40784 12.3966 28
      vertex 0.627905 9.98027 26
      vertex 0.784881 12.4753 28
    endloop
  endfacet
  facet normal 0.155543 0.605798 -0.780266
    outer loop
      vertex 3.09017 9.51056 26
      vertex 1.87381 9.82287 26
      vertex 2.81072 14.7343 30
    endloop
  endfacet
  facet normal 0.587797 -0.808929 0.0113396
    outer loop
      vertex 8.48528 -10.3629 171
      vertex 8.28651 -10.0167 206
      vertex 8.23732 -10.5396 171.248
    endloop
  endfacet
  facet normal 0.58785 -0.80889 0.0113366
    outer loop
      vertex 8.19492 -10.9903 141.29
      vertex 8.48528 -10.3629 171
      vertex 8.23662 -10.5471 170.751
    endloop
  endfacet
  facet normal 0.587578 -0.809088 0.0113434
    outer loop
      vertex 8.48528 -10.7835 141
      vertex 8.48528 -10.3629 171
      vertex 8.19492 -10.9903 141.29
    endloop
  endfacet
  facet normal 0.587686 -0.80901 0.0113408
    outer loop
      vertex 8.15252 -11.4411 111.333
      vertex 8.48528 -10.7835 141
      vertex 8.1941 -10.9991 140.709
    endloop
  endfacet
  facet normal 0.587753 -0.808961 0.0113389
    outer loop
      vertex 8.48528 -11.204 111
      vertex 8.48528 -10.7835 141
      vertex 8.15252 -11.4411 111.333
    endloop
  endfacet
  facet normal 1 0 0
    outer loop
      vertex 8.48528 -11.204 111
      vertex 8.48528 -10.3629 171
      vertex 8.48528 -10.7835 141
    endloop
  endfacet
  facet normal 0.5877 -0.809 0.0113428
    outer loop
      vertex 8.11012 -11.8919 81.3752
      vertex 8.48528 -11.204 111
      vertex 8.15158 -11.4511 110.666
    endloop
  endfacet
  facet normal 0.587734 -0.808975 0.0113418
    outer loop
      vertex 8.48528 -11.6246 81
      vertex 8.48528 -11.204 111
      vertex 8.11012 -11.8919 81.3752
    endloop
  endfacet
  facet normal 0.587798 -0.808928 0.0113412
    outer loop
      vertex 9.56136 -11.5577 30
      vertex 8.48528 -11.204 111
      vertex 8.48528 -11.6246 81
    endloop
  endfacet
  facet normal 0.587717 -0.808987 0.0113421
    outer loop
      vertex 8.06772 -12.3427 51.4176
      vertex 8.48528 -11.6246 81
      vertex 8.10905 -11.9032 80.6238
    endloop
  endfacet
  facet normal 0.587847 -0.808893 0.011338
    outer loop
      vertex 8.48528 -12.0451 51
      vertex 8.48528 -11.6246 81
      vertex 8.06772 -12.3427 51.4176
    endloop
  endfacet
  facet normal 0.587714 -0.808989 0.0113393
    outer loop
      vertex 9.56136 -11.5577 30
      vertex 8.48528 -11.6246 81
      vertex 8.48528 -12.0451 51
    endloop
  endfacet
  facet normal 0.58774 -0.80897 0.0113413
    outer loop
      vertex 9.56136 -11.5577 30
      vertex 8.06653 -12.3552 50.5812
      vertex 8.0374 -12.6649 30
    endloop
  endfacet
  facet normal 0.587476 -0.809162 0.0113401
    outer loop
      vertex 8.48528 -10.3629 171
      vertex 9.56136 -11.5577 30
      vertex 8.28651 -10.0167 206
    endloop
  endfacet
  facet normal 0.587731 -0.808977 0.0113405
    outer loop
      vertex 8.48528 -11.204 111
      vertex 9.56136 -11.5577 30
      vertex 8.48528 -10.3629 171
    endloop
  endfacet
  facet normal 0.587734 -0.808975 0.0113407
    outer loop
      vertex 8.06653 -12.3552 50.5812
      vertex 9.56136 -11.5577 30
      vertex 8.48528 -12.0451 51
    endloop
  endfacet
  facet normal -0.982222 0.187379 0.0113402
    outer loop
      vertex -14.5287 3.73035 30
      vertex -14.8588 2 30
      vertex -13.1853 2 174.949
    endloop
  endfacet
  facet normal -0.982316 0.186885 0.0113419
    outer loop
      vertex -12.9346 1.67708 202
      vertex -12.9426 1.63503 202
      vertex -12.8975 1.62933 206
    endloop
  endfacet
  facet normal 0.125304 -0.992054 0.011339
    outer loop
      vertex 2.81072 -14.7343 30
      vertex 2 -14.6708 44.5147
      vertex 2 -14.8367 30
    endloop
  endfacet
  facet normal 0.125283 -0.992056 0.0113378
    outer loop
      vertex 2 -14.6708 44.5147
      vertex 2.81072 -14.7343 30
      vertex 2.639 -14.5828 45.1537
    endloop
  endfacet
  facet normal 0.126113 -0.991951 0.0113486
    outer loop
      vertex 0.861605 -13.0143 202
      vertex 0.816277 -12.9743 206
      vertex 0.819131 -13.0197 202
    endloop
  endfacet
  facet normal 0.12525 -0.99206 0.0113415
    outer loop
      vertex 2 -14.0189 101.542
      vertex 2 -14.1796 87.4853
      vertex 2.16112 -14.1611 87.3242
    endloop
  endfacet
  facet normal 0.125587 -0.992018 0.0113361
    outer loop
      vertex 2 -14.5225 57.4853
      vertex 2.30284 -14.2861 74.8176
      vertex 2 -14.3279 74.5147
    endloop
  endfacet
  facet normal 0.125286 -0.992056 0.0113419
    outer loop
      vertex 2.30284 -14.2861 74.8176
      vertex 2 -14.5225 57.4853
      vertex 2.50498 -14.4645 56.9803
    endloop
  endfacet
  facet normal 0.997963 0.0627811 0.0113445
    outer loop
      vertex 13 0 206
      vertex 12.9453 1.5923 202
      vertex 12.8975 1.62933 206
    endloop
  endfacet
  facet normal 0.997962 0.0627996 0.0113518
    outer loop
      vertex 12.9453 1.5923 202
      vertex 13 0 206
      vertex 13.0455 0 202
    endloop
  endfacet
  facet normal 0.997945 0.0630576 0.0113417
    outer loop
      vertex 12.9426 1.63503 202
      vertex 12.8975 1.62933 206
      vertex 12.9453 1.5923 202
    endloop
  endfacet
  facet normal -0.982224 0.187372 0.0113401
    outer loop
      vertex -13.1853 2 174.949
      vertex -12.5916 3.23297 206
      vertex -14.5287 3.73035 30
    endloop
  endfacet
  facet normal -0.982221 0.187384 0.0113396
    outer loop
      vertex -12.873 2 202
      vertex -12.5916 3.23297 206
      vertex -13.1853 2 174.949
    endloop
  endfacet
  facet normal -0.982224 0.187368 0.0113468
    outer loop
      vertex -12.8975 1.62933 206
      vertex -12.873 2 202
      vertex -12.9346 1.67708 202
    endloop
  endfacet
  facet normal -0.982225 0.187363 0.0113463
    outer loop
      vertex -12.873 2 202
      vertex -12.8975 1.62933 206
      vertex -12.5916 3.23297 206
    endloop
  endfacet
  facet normal -0.904779 -0.425731 0.0113402
    outer loop
      vertex -12.0871 -4.78562 206
      vertex -13.9466 -5.52187 30
      vertex -13.1446 -7.22631 30
    endloop
  endfacet
  facet normal 0.770443 0.637409 0.0113404
    outer loop
      vertex 10.9345 10.2682 30
      vertex 9.47659 8.89911 206
      vertex 12.1353 8.81678 30
    endloop
  endfacet
  facet normal -0.982222 -0.187379 0.0113402
    outer loop
      vertex -13.1853 -2 174.949
      vertex -14.8588 -2 30
      vertex -14.5287 -3.73035 30
    endloop
  endfacet
  facet normal -0.982316 -0.186885 0.0113419
    outer loop
      vertex -12.8975 -1.62933 206
      vertex -12.9426 -1.63503 202
      vertex -12.9346 -1.67708 202
    endloop
  endfacet
  facet normal -0.904779 0.425731 0.0113402
    outer loop
      vertex -13.1446 7.22631 30
      vertex -13.9466 5.52187 30
      vertex -12.0871 4.78562 206
    endloop
  endfacet
  facet normal 0.684513 -0.728912 0.0113404
    outer loop
      vertex 9.47659 -8.89911 206
      vertex 8.28651 -10.0167 206
      vertex 10.9345 -10.2682 30
    endloop
  endfacet
  facet normal 0.950995 0.308997 0.0113402
    outer loop
      vertex 13.9466 5.52187 30
      vertex 12.0871 4.78562 206
      vertex 14.5287 3.73035 30
    endloop
  endfacet
  facet normal 0.684513 0.728912 0.0113404
    outer loop
      vertex 10.9345 10.2682 30
      vertex 8.28651 10.0167 206
      vertex 9.47659 8.89911 206
    endloop
  endfacet
  facet normal 0.904779 -0.425731 0.0113402
    outer loop
      vertex 13.9466 -5.52187 30
      vertex 12.0871 -4.78562 206
      vertex 13.1446 -7.22631 30
    endloop
  endfacet
  facet normal -0.587804 -0.808924 0.0113405
    outer loop
      vertex -7.91302 -12.4689 50.4277
      vertex -8.06653 -12.3552 50.5812
      vertex -8.0374 -12.6649 30
    endloop
  endfacet
  facet normal -0.587752 -0.808962 0.0113403
    outer loop
      vertex -8.28651 -10.0167 206
      vertex -7.17086 -11.2995 172.314
      vertex -6.96575 -10.9763 206
    endloop
  endfacet
  facet normal -0.587755 -0.80896 0.0113402
    outer loop
      vertex -7.17086 -11.2995 172.314
      vertex -8.28651 -10.0167 206
      vertex -8.23732 -10.5396 171.248
    endloop
  endfacet
  facet normal -0.587707 -0.808995 0.011342
    outer loop
      vertex -8.10905 -11.9032 80.6238
      vertex -7.90601 -12.4579 51.5793
      vertex -7.73146 -12.1828 80.2462
    endloop
  endfacet
  facet normal -0.587675 -0.809018 0.0113426
    outer loop
      vertex -7.90601 -12.4579 51.5793
      vertex -8.10905 -11.9032 80.6238
      vertex -8.06772 -12.3427 51.4176
    endloop
  endfacet
  facet normal -0.587765 -0.808952 0.011342
    outer loop
      vertex -8.15158 -11.4511 110.666
      vertex -7.72222 -12.1683 81.7631
      vertex -7.54989 -11.8967 110.065
    endloop
  endfacet
  facet normal -0.587765 -0.808952 0.011342
    outer loop
      vertex -7.72222 -12.1683 81.7631
      vertex -8.15158 -11.4511 110.666
      vertex -8.11012 -11.8919 81.3752
    endloop
  endfacet
  facet normal -0.587723 -0.808983 0.0113424
    outer loop
      vertex -8.1941 -10.9991 140.709
      vertex -7.53843 -11.8787 111.947
      vertex -7.36833 -11.6106 139.883
    endloop
  endfacet
  facet normal -0.587786 -0.808937 0.0113395
    outer loop
      vertex -7.53843 -11.8787 111.947
      vertex -8.1941 -10.9991 140.709
      vertex -8.15252 -11.4411 111.333
    endloop
  endfacet
  facet normal -0.587706 -0.808995 0.0113427
    outer loop
      vertex -8.23662 -10.5471 170.751
      vertex -7.35464 -11.5891 142.131
      vertex -7.18677 -11.3245 169.701
    endloop
  endfacet
  facet normal -0.587803 -0.808925 0.0113372
    outer loop
      vertex -7.35464 -11.5891 142.131
      vertex -8.23662 -10.5471 170.751
      vertex -8.19492 -10.9903 141.29
    endloop
  endfacet
  facet normal -0.481746 -0.876237 0.0113419
    outer loop
      vertex -8.0374 -12.6649 30
      vertex -6.29568 -13.379 48.8104
      vertex -7.7493 -12.561 50.264
    endloop
  endfacet
  facet normal -0.481729 -0.876247 0.0113399
    outer loop
      vertex -6.29568 -13.379 48.8104
      vertex -8.0374 -12.6649 30
      vertex -6.38669 -13.5724 30
    endloop
  endfacet
  facet normal -0.481731 -0.876246 0.0113391
    outer loop
      vertex -5.53513 -11.7628 206
      vertex -5.99737 -11.9294 173.488
      vertex -5.69095 -12.0939 173.794
    endloop
  endfacet
  facet normal -0.481727 -0.876248 0.0113396
    outer loop
      vertex -7.32875 -12.4094 79.8435
      vertex -6.27439 -13.3337 53.2109
      vertex -6.15122 -13.072 78.6659
    endloop
  endfacet
  facet normal -0.481698 -0.876264 0.0113413
    outer loop
      vertex -6.27439 -13.3337 53.2109
      vertex -7.32875 -12.4094 79.8435
      vertex -7.72807 -12.5534 51.7572
    endloop
  endfacet
  facet normal -0.481688 -0.876269 0.0113427
    outer loop
      vertex -6.90821 -12.2578 109.423
      vertex -6.12853 -13.0238 83.3568
      vertex -6.00677 -12.765 108.521
    endloop
  endfacet
  facet normal -0.481732 -0.876245 0.0113406
    outer loop
      vertex -6.12853 -13.0238 83.3568
      vertex -6.90821 -12.2578 109.423
      vertex -7.29539 -12.3974 82.1899
    endloop
  endfacet
  facet normal -0.481748 -0.876236 0.0113384
    outer loop
      vertex -6.48767 -12.1062 139.002
      vertex -5.98267 -12.7138 113.503
      vertex -5.86232 -12.4581 138.377
    endloop
  endfacet
  facet normal -0.481705 -0.87626 0.0113398
    outer loop
      vertex -5.98267 -12.7138 113.503
      vertex -6.48767 -12.1062 139.002
      vertex -6.86272 -12.2414 112.623
    endloop
  endfacet
  facet normal -0.481676 -0.876276 0.011341
    outer loop
      vertex -6.06712 -11.9546 168.582
      vertex -5.83681 -12.4039 143.648
      vertex -5.71786 -12.1511 168.233
    endloop
  endfacet
  facet normal -0.481771 -0.876224 0.0113392
    outer loop
      vertex -5.83681 -12.4039 143.648
      vertex -6.06712 -11.9546 168.582
      vertex -6.43004 -12.0854 143.055
    endloop
  endfacet
  facet normal 0.844264 0.535807 0.0113404
    outer loop
      vertex 13.1446 7.22631 30
      vertex 10.5172 7.64121 206
      vertex 11.392 6.2628 206
    endloop
  endfacet
  facet normal 0.844264 -0.535807 0.0113404
    outer loop
      vertex 11.392 -6.2628 206
      vertex 10.5172 -7.64121 206
      vertex 13.1446 -7.22631 30
    endloop
  endfacet
  facet normal 0.982225 0.187363 0.0113463
    outer loop
      vertex 12.8975 1.62933 206
      vertex 12.873 2 202
      vertex 12.5916 3.23297 206
    endloop
  endfacet
  facet normal 0.982224 0.187368 0.0113468
    outer loop
      vertex 12.873 2 202
      vertex 12.8975 1.62933 206
      vertex 12.9346 1.67708 202
    endloop
  endfacet
  facet normal 0.982221 0.187384 0.0113396
    outer loop
      vertex 13.1853 2 174.949
      vertex 12.5916 3.23297 206
      vertex 12.873 2 202
    endloop
  endfacet
  facet normal 0.982224 0.187372 0.0113401
    outer loop
      vertex 12.5916 3.23297 206
      vertex 13.1853 2 174.949
      vertex 14.5287 3.73035 30
    endloop
  endfacet
  facet normal -0.844264 -0.535807 0.0113404
    outer loop
      vertex -11.392 -6.2628 206
      vertex -13.1446 -7.22631 30
      vertex -10.5172 -7.64121 206
    endloop
  endfacet
  facet normal -0.367759 -0.929852 0.0113407
    outer loop
      vertex -4.57524 -14.0811 47.09
      vertex -4.72339 -14.0207 47.2381
      vertex -4.63525 -14.2658 30
    endloop
  endfacet
  facet normal -0.368057 -0.929734 0.0113423
    outer loop
      vertex -5.53513 -11.7628 206
      vertex -4.12481 -12.6949 175.36
      vertex -4.01722 -12.3637 206
    endloop
  endfacet
  facet normal -0.368084 -0.929723 0.0113407
    outer loop
      vertex -4.12481 -12.6949 175.36
      vertex -5.53513 -11.7628 206
      vertex -5.3721 -12.2163 174.113
    endloop
  endfacet
  facet normal -0.368234 -0.929664 0.0113373
    outer loop
      vertex -4.87757 -13.5918 77.3923
      vertex -4.54769 -13.9963 54.9376
      vertex -4.47026 -13.7581 76.985
    endloop
  endfacet
  facet normal -0.368077 -0.929726 0.0113407
    outer loop
      vertex -4.54769 -13.9963 54.9376
      vertex -4.87757 -13.5918 77.3923
      vertex -4.76166 -13.9142 54.7236
    endloop
  endfacet
  facet normal -0.368113 -0.929712 0.0113405
    outer loop
      vertex -5.03174 -13.163 107.546
      vertex -4.44197 -13.671 85.0433
      vertex -4.36529 -13.435 106.88
    endloop
  endfacet
  facet normal -0.368208 -0.929674 0.0113372
    outer loop
      vertex -4.44197 -13.671 85.0433
      vertex -5.03174 -13.163 107.546
      vertex -4.91427 -13.4897 84.571
    endloop
  endfacet
  facet normal -0.368128 -0.929706 0.0113395
    outer loop
      vertex -5.18592 -12.7341 137.701
      vertex -4.33625 -13.3456 115.149
      vertex -4.26031 -13.1119 136.775
    endloop
  endfacet
  facet normal -0.368143 -0.9297 0.0113387
    outer loop
      vertex -4.33625 -13.3456 115.149
      vertex -5.18592 -12.7341 137.701
      vertex -5.06688 -13.0652 114.418
    endloop
  endfacet
  facet normal -0.368077 -0.929726 0.0113387
    outer loop
      vertex -5.3401 -12.3053 167.855
      vertex -4.23053 -13.0202 145.255
      vertex -4.15533 -12.7888 166.67
    endloop
  endfacet
  facet normal -0.368103 -0.929716 0.0113371
    outer loop
      vertex -4.23053 -13.0202 145.255
      vertex -5.3401 -12.3053 167.855
      vertex -5.21949 -12.6407 144.266
    endloop
  endfacet
  facet normal 0.844284 0.535776 0.0113408
    outer loop
      vertex 12.1353 8.81678 30
      vertex 10.5172 7.64121 206
      vertex 13.1446 7.22631 30
    endloop
  endfacet
  facet normal -0.950995 -0.308997 0.0113402
    outer loop
      vertex -12.0871 -4.78562 206
      vertex -14.5287 -3.73035 30
      vertex -13.9466 -5.52187 30
    endloop
  endfacet
  facet normal -0.587797 -0.808929 0.0113396
    outer loop
      vertex -8.28651 -10.0167 206
      vertex -8.48528 -10.3629 171
      vertex -8.23732 -10.5396 171.248
    endloop
  endfacet
  facet normal -0.58785 -0.80889 0.0113366
    outer loop
      vertex -8.48528 -10.3629 171
      vertex -8.19492 -10.9903 141.29
      vertex -8.23662 -10.5471 170.751
    endloop
  endfacet
  facet normal -0.587578 -0.809088 0.0113434
    outer loop
      vertex -8.48528 -10.3629 171
      vertex -8.48528 -10.7835 141
      vertex -8.19492 -10.9903 141.29
    endloop
  endfacet
  facet normal -0.587686 -0.80901 0.0113408
    outer loop
      vertex -8.48528 -10.7835 141
      vertex -8.15252 -11.4411 111.333
      vertex -8.1941 -10.9991 140.709
    endloop
  endfacet
  facet normal -0.587753 -0.808961 0.0113389
    outer loop
      vertex -8.48528 -10.7835 141
      vertex -8.48528 -11.204 111
      vertex -8.15252 -11.4411 111.333
    endloop
  endfacet
  facet normal -1 0 0
    outer loop
      vertex -8.48528 -10.3629 171
      vertex -8.48528 -11.204 111
      vertex -8.48528 -10.7835 141
    endloop
  endfacet
  facet normal -0.5877 -0.809 0.0113428
    outer loop
      vertex -8.48528 -11.204 111
      vertex -8.11012 -11.8919 81.3752
      vertex -8.15158 -11.4511 110.666
    endloop
  endfacet
  facet normal -0.587734 -0.808975 0.0113418
    outer loop
      vertex -8.48528 -11.204 111
      vertex -8.48528 -11.6246 81
      vertex -8.11012 -11.8919 81.3752
    endloop
  endfacet
  facet normal -0.587731 -0.808977 0.0113405
    outer loop
      vertex -9.56136 -11.5577 30
      vertex -8.48528 -11.204 111
      vertex -8.48528 -10.3629 171
    endloop
  endfacet
  facet normal -0.587717 -0.808987 0.0113421
    outer loop
      vertex -8.48528 -11.6246 81
      vertex -8.06772 -12.3427 51.4176
      vertex -8.10905 -11.9032 80.6238
    endloop
  endfacet
  facet normal -0.587847 -0.808893 0.011338
    outer loop
      vertex -8.48528 -11.6246 81
      vertex -8.48528 -12.0451 51
      vertex -8.06772 -12.3427 51.4176
    endloop
  endfacet
  facet normal -0.587798 -0.808928 0.0113412
    outer loop
      vertex -8.48528 -11.204 111
      vertex -9.56136 -11.5577 30
      vertex -8.48528 -11.6246 81
    endloop
  endfacet
  facet normal -0.587476 -0.809162 0.0113401
    outer loop
      vertex -9.56136 -11.5577 30
      vertex -8.48528 -10.3629 171
      vertex -8.28651 -10.0167 206
    endloop
  endfacet
  facet normal -0.587714 -0.808989 0.0113393
    outer loop
      vertex -8.48528 -11.6246 81
      vertex -9.56136 -11.5577 30
      vertex -8.48528 -12.0451 51
    endloop
  endfacet
  facet normal -0.587734 -0.808975 0.0113407
    outer loop
      vertex -9.56136 -11.5577 30
      vertex -8.06653 -12.3552 50.5812
      vertex -8.48528 -12.0451 51
    endloop
  endfacet
  facet normal -0.58774 -0.80897 0.0113413
    outer loop
      vertex -8.06653 -12.3552 50.5812
      vertex -9.56136 -11.5577 30
      vertex -8.0374 -12.6649 30
    endloop
  endfacet
  facet normal 0.684513 -0.728912 0.0113404
    outer loop
      vertex 10.9345 -10.2682 30
      vertex 8.28651 -10.0167 206
      vertex 9.56136 -11.5577 30
    endloop
  endfacet
  facet normal 0 0.999936 0.0113493
    outer loop
      vertex 0.819131 13.0197 202
      vertex -0.816277 12.9743 206
      vertex 0.816277 12.9743 206
    endloop
  endfacet
  facet normal 0 0.999936 0.0113493
    outer loop
      vertex -0.816277 12.9743 206
      vertex 0.819131 13.0197 202
      vertex -0.819131 13.0197 202
    endloop
  endfacet
  facet normal 0.125527 -0.992025 0.0113403
    outer loop
      vertex 2.77816 -14.5636 45.2929
      vertex 2.639 -14.5828 45.1537
      vertex 2.81072 -14.7343 30
    endloop
  endfacet
  facet normal 0.125314 -0.992052 0.0113406
    outer loop
      vertex 2 -12.8705 202
      vertex 0.816277 -12.9743 206
      vertex 0.861605 -13.0143 202
    endloop
  endfacet
  facet normal 0.125317 -0.992052 0.0113414
    outer loop
      vertex 0.816277 -12.9743 206
      vertex 2 -12.8705 202
      vertex 2.43596 -12.7697 206
    endloop
  endfacet
  facet normal 0.125334 -0.99205 0.0113429
    outer loop
      vertex 2.49773 -13.0936 176.988
      vertex 2 -12.8705 202
      vertex 2 -13.1508 177.485
    endloop
  endfacet
  facet normal 0.125308 -0.992053 0.0113424
    outer loop
      vertex 2 -12.8705 202
      vertex 2.49773 -13.0936 176.988
      vertex 2.43596 -12.7697 206
    endloop
  endfacet
  facet normal 0.125277 -0.992057 0.0113454
    outer loop
      vertex 2 -14.0189 101.542
      vertex 2.65067 -13.8953 105.165
      vertex 2 -13.9849 104.515
    endloop
  endfacet
  facet normal 0.125436 -0.992037 0.0113434
    outer loop
      vertex 2.68978 -14.1003 86.7955
      vertex 2 -14.0189 101.542
      vertex 2.16112 -14.1611 87.3242
    endloop
  endfacet
  facet normal 0.125318 -0.992052 0.0113379
    outer loop
      vertex 2 -14.0189 101.542
      vertex 2.68978 -14.1003 86.7955
      vertex 2.65067 -13.8953 105.165
    endloop
  endfacet
  facet normal 0.12533 -0.99205 0.0113423
    outer loop
      vertex 2.50498 -14.4645 56.9803
      vertex 2.71441 -14.2294 75.2291
      vertex 2.30284 -14.2861 74.8176
    endloop
  endfacet
  facet normal 0.125369 -0.992045 0.0113418
    outer loop
      vertex 2.71441 -14.2294 75.2291
      vertex 2.50498 -14.4645 56.9803
      vertex 2.7538 -14.4359 56.7315
    endloop
  endfacet
  facet normal 0.125398 -0.992042 0.0113418
    outer loop
      vertex 2 -13.8367 117.485
      vertex 2.58692 -13.5611 135.102
      vertex 2 -13.642 134.515
    endloop
  endfacet
  facet normal 0.125316 -0.992052 0.0113447
    outer loop
      vertex 2.58692 -13.5611 135.102
      vertex 2 -13.8367 117.485
      vertex 2.62577 -13.7648 116.86
    endloop
  endfacet
  facet normal 0.12519 -0.992068 0.0113421
    outer loop
      vertex 2 -13.4937 147.485
      vertex 2.52318 -13.227 165.038
      vertex 2 -13.299 164.515
    endloop
  endfacet
  facet normal 0.125234 -0.992062 0.0113407
    outer loop
      vertex 2.52318 -13.227 165.038
      vertex 2 -13.4937 147.485
      vertex 2.56175 -13.4292 146.924
    endloop
  endfacet
  facet normal 0.844284 -0.535776 0.0113408
    outer loop
      vertex 13.1446 -7.22631 30
      vertex 10.5172 -7.64121 206
      vertex 12.1353 -8.81678 30
    endloop
  endfacet
  facet normal 0.248418 -0.968586 0.0113403
    outer loop
      vertex 2.9165 -14.5265 45.4312
      vertex 2.77816 -14.5636 45.2929
      vertex 2.81072 -14.7343 30
    endloop
  endfacet
  facet normal 0.248675 -0.968521 0.0113424
    outer loop
      vertex 2.49773 -13.0936 176.988
      vertex 4.01722 -12.3637 206
      vertex 2.43596 -12.7697 206
    endloop
  endfacet
  facet normal 0.248673 -0.968521 0.0113425
    outer loop
      vertex 4.01722 -12.3637 206
      vertex 2.49773 -13.0936 176.988
      vertex 3.80935 -12.7722 175.676
    endloop
  endfacet
  facet normal 0.248566 -0.968549 0.0113418
    outer loop
      vertex 2.7538 -14.4359 56.7315
      vertex 3.12358 -14.1196 75.6383
      vertex 2.71441 -14.2294 75.2291
    endloop
  endfacet
  facet normal 0.24848 -0.968571 0.0113438
    outer loop
      vertex 3.12358 -14.1196 75.6383
      vertex 2.7538 -14.4359 56.7315
      vertex 2.99233 -14.3775 56.493
    endloop
  endfacet
  facet normal 0.248741 -0.968504 0.0113379
    outer loop
      vertex 2.68978 -14.1003 86.7955
      vertex 3.33065 -13.7127 105.845
      vertex 2.65067 -13.8953 105.165
    endloop
  endfacet
  facet normal 0.248687 -0.968518 0.01134
    outer loop
      vertex 3.33065 -13.7127 105.845
      vertex 2.68978 -14.1003 86.7955
      vertex 3.19659 -13.9761 86.2887
    endloop
  endfacet
  facet normal 0.248625 -0.968533 0.0113447
    outer loop
      vertex 2.62577 -13.7648 116.86
      vertex 3.53772 -13.3059 136.052
      vertex 2.58692 -13.5611 135.102
    endloop
  endfacet
  facet normal 0.248767 -0.968497 0.011337
    outer loop
      vertex 3.53772 -13.3059 136.052
      vertex 2.62577 -13.7648 116.86
      vertex 3.40084 -13.5748 116.084
    endloop
  endfacet
  facet normal 0.2487 -0.968514 0.0113407
    outer loop
      vertex 2.56175 -13.4292 146.924
      vertex 3.74479 -12.899 166.26
      vertex 2.52318 -13.227 165.038
    endloop
  endfacet
  facet normal 0.248709 -0.968512 0.0113401
    outer loop
      vertex 3.74479 -12.899 166.26
      vertex 2.56175 -13.4292 146.924
      vertex 3.60509 -13.1735 145.88
    endloop
  endfacet
  facet normal 0.904771 -0.425748 0.0113404
    outer loop
      vertex 12.0871 -4.78562 206
      vertex 11.392 -6.2628 206
      vertex 13.1446 -7.22631 30
    endloop
  endfacet
  facet normal -0.904771 -0.425748 0.0113404
    outer loop
      vertex -12.0871 -4.78562 206
      vertex -13.1446 -7.22631 30
      vertex -11.392 -6.2628 206
    endloop
  endfacet
  facet normal 0.904771 0.425748 0.0113404
    outer loop
      vertex 13.1446 7.22631 30
      vertex 11.392 6.2628 206
      vertex 12.0871 4.78562 206
    endloop
  endfacet
  facet normal 0 -0.999936 0.0113493
    outer loop
      vertex -0.819131 -13.0197 202
      vertex 0.816277 -12.9743 206
      vertex -0.816277 -12.9743 206
    endloop
  endfacet
  facet normal 0 -0.999936 0.0113493
    outer loop
      vertex 0.816277 -12.9743 206
      vertex -0.819131 -13.0197 202
      vertex 0.819131 -13.0197 202
    endloop
  endfacet
  facet normal -0.684513 -0.728912 0.0113404
    outer loop
      vertex -8.28651 -10.0167 206
      vertex -10.9345 -10.2682 30
      vertex -9.56136 -11.5577 30
    endloop
  endfacet
  facet normal -0.481623 0.876305 0.0113405
    outer loop
      vertex -7.7493 12.561 50.264
      vertex -8.0374 12.6649 30
      vertex -7.91302 12.4689 50.4277
    endloop
  endfacet
  facet normal -0.481727 0.876248 0.0113391
    outer loop
      vertex -5.99737 11.9294 173.488
      vertex -6.96575 10.9763 206
      vertex -5.53513 11.7628 206
    endloop
  endfacet
  facet normal -0.481701 0.876262 0.0113403
    outer loop
      vertex -6.96575 10.9763 206
      vertex -5.99737 11.9294 173.488
      vertex -7.17086 11.2995 172.314
    endloop
  endfacet
  facet normal -0.481716 0.876254 0.0113415
    outer loop
      vertex -7.72807 12.5534 51.7572
      vertex -7.73146 12.1828 80.2462
      vertex -7.32875 12.4094 79.8435
    endloop
  endfacet
  facet normal -0.481644 0.876293 0.011342
    outer loop
      vertex -7.73146 12.1828 80.2462
      vertex -7.72807 12.5534 51.7572
      vertex -7.90601 12.4579 51.5793
    endloop
  endfacet
  facet normal -0.481748 0.876236 0.0113408
    outer loop
      vertex -7.29539 12.3974 82.1899
      vertex -7.54989 11.8967 110.065
      vertex -6.90821 12.2578 109.423
    endloop
  endfacet
  facet normal -0.481679 0.876274 0.0113421
    outer loop
      vertex -7.54989 11.8967 110.065
      vertex -7.29539 12.3974 82.1899
      vertex -7.72222 12.1683 81.7631
    endloop
  endfacet
  facet normal -0.481762 0.876229 0.0113405
    outer loop
      vertex -6.86272 12.2414 112.623
      vertex -7.36833 11.6106 139.883
      vertex -6.48767 12.1062 139.002
    endloop
  endfacet
  facet normal -0.481698 0.876264 0.0113425
    outer loop
      vertex -7.36833 11.6106 139.883
      vertex -6.86272 12.2414 112.623
      vertex -7.53843 11.8787 111.947
    endloop
  endfacet
  facet normal -0.481775 0.876222 0.0113392
    outer loop
      vertex -6.43004 12.0854 143.055
      vertex -7.18677 11.3245 169.701
      vertex -6.06712 11.9546 168.582
    endloop
  endfacet
  facet normal -0.481692 0.876267 0.0113428
    outer loop
      vertex -7.18677 11.3245 169.701
      vertex -6.43004 12.0854 143.055
      vertex -7.35464 11.5891 142.131
    endloop
  endfacet
  facet normal 0.368081 -0.929725 0.0113373
    outer loop
      vertex 6.38669 -13.5724 30
      vertex 4.72339 -14.0207 47.2381
      vertex 4.63525 -14.2658 30
    endloop
  endfacet
  facet normal 0.368105 -0.929715 0.0113399
    outer loop
      vertex 4.72339 -14.0207 47.2381
      vertex 6.38669 -13.5724 30
      vertex 6.29568 -13.379 48.8104
    endloop
  endfacet
  facet normal 0.368225 -0.929668 0.0113392
    outer loop
      vertex 5.53513 -11.7628 206
      vertex 5.3721 -12.2163 174.113
      vertex 5.69095 -12.0939 173.794
    endloop
  endfacet
  facet normal 0.368095 -0.929719 0.0113405
    outer loop
      vertex 4.76166 -13.9142 54.7236
      vertex 6.15122 -13.072 78.6659
      vertex 4.87757 -13.5918 77.3923
    endloop
  endfacet
  facet normal 0.36811 -0.929713 0.0113395
    outer loop
      vertex 6.15122 -13.072 78.6659
      vertex 4.76166 -13.9142 54.7236
      vertex 6.27439 -13.3337 53.2109
    endloop
  endfacet
  facet normal 0.368157 -0.929694 0.0113377
    outer loop
      vertex 4.91427 -13.4897 84.571
      vertex 6.00677 -12.765 108.521
      vertex 5.03174 -13.163 107.546
    endloop
  endfacet
  facet normal 0.36807 -0.929729 0.0113427
    outer loop
      vertex 6.00677 -12.765 108.521
      vertex 4.91427 -13.4897 84.571
      vertex 6.12853 -13.0238 83.3568
    endloop
  endfacet
  facet normal 0.368041 -0.929741 0.0113398
    outer loop
      vertex 5.06688 -13.0652 114.418
      vertex 5.86232 -12.4581 138.377
      vertex 5.18592 -12.7341 137.701
    endloop
  endfacet
  facet normal 0.368076 -0.929727 0.0113383
    outer loop
      vertex 5.86232 -12.4581 138.377
      vertex 5.06688 -13.0652 114.418
      vertex 5.98267 -12.7138 113.503
    endloop
  endfacet
  facet normal 0.368154 -0.929696 0.0113365
    outer loop
      vertex 5.21949 -12.6407 144.266
      vertex 5.71786 -12.1511 168.233
      vertex 5.3401 -12.3053 167.855
    endloop
  endfacet
  facet normal 0.368002 -0.929756 0.0113409
    outer loop
      vertex 5.71786 -12.1511 168.233
      vertex 5.21949 -12.6407 144.266
      vertex 5.83681 -12.4039 143.648
    endloop
  endfacet
  facet normal 0.587797 0.808929 0.0113396
    outer loop
      vertex 8.28651 10.0167 206
      vertex 8.48528 10.3629 171
      vertex 8.23732 10.5396 171.248
    endloop
  endfacet
  facet normal 0.58785 0.80889 0.0113366
    outer loop
      vertex 8.48528 10.3629 171
      vertex 8.19492 10.9903 141.29
      vertex 8.23662 10.5471 170.751
    endloop
  endfacet
  facet normal 0.587578 0.809088 0.0113434
    outer loop
      vertex 8.48528 10.3629 171
      vertex 8.48528 10.7835 141
      vertex 8.19492 10.9903 141.29
    endloop
  endfacet
  facet normal 0.587686 0.80901 0.0113408
    outer loop
      vertex 8.48528 10.7835 141
      vertex 8.15252 11.4411 111.333
      vertex 8.1941 10.9991 140.709
    endloop
  endfacet
  facet normal 0.587753 0.808961 0.0113389
    outer loop
      vertex 8.48528 10.7835 141
      vertex 8.48528 11.204 111
      vertex 8.15252 11.4411 111.333
    endloop
  endfacet
  facet normal 1 0 0
    outer loop
      vertex 8.48528 10.3629 171
      vertex 8.48528 11.204 111
      vertex 8.48528 10.7835 141
    endloop
  endfacet
  facet normal 0.5877 0.809 0.0113428
    outer loop
      vertex 8.48528 11.204 111
      vertex 8.11012 11.8919 81.3752
      vertex 8.15158 11.4511 110.666
    endloop
  endfacet
  facet normal 0.587734 0.808975 0.0113418
    outer loop
      vertex 8.48528 11.204 111
      vertex 8.48528 11.6246 81
      vertex 8.11012 11.8919 81.3752
    endloop
  endfacet
  facet normal 0.587731 0.808977 0.0113405
    outer loop
      vertex 9.56136 11.5577 30
      vertex 8.48528 11.204 111
      vertex 8.48528 10.3629 171
    endloop
  endfacet
  facet normal 0.587717 0.808987 0.0113421
    outer loop
      vertex 8.48528 11.6246 81
      vertex 8.06772 12.3427 51.4176
      vertex 8.10905 11.9032 80.6238
    endloop
  endfacet
  facet normal 0.587847 0.808893 0.011338
    outer loop
      vertex 8.48528 11.6246 81
      vertex 8.48528 12.0451 51
      vertex 8.06772 12.3427 51.4176
    endloop
  endfacet
  facet normal 0.587798 0.808928 0.0113412
    outer loop
      vertex 8.48528 11.204 111
      vertex 9.56136 11.5577 30
      vertex 8.48528 11.6246 81
    endloop
  endfacet
  facet normal 0.587476 0.809162 0.0113401
    outer loop
      vertex 9.56136 11.5577 30
      vertex 8.48528 10.3629 171
      vertex 8.28651 10.0167 206
    endloop
  endfacet
  facet normal 0.587714 0.808989 0.0113393
    outer loop
      vertex 8.48528 11.6246 81
      vertex 9.56136 11.5577 30
      vertex 8.48528 12.0451 51
    endloop
  endfacet
  facet normal 0.587734 0.808975 0.0113407
    outer loop
      vertex 9.56136 11.5577 30
      vertex 8.06653 12.3552 50.5812
      vertex 8.48528 12.0451 51
    endloop
  endfacet
  facet normal 0.58774 0.80897 0.0113413
    outer loop
      vertex 8.06653 12.3552 50.5812
      vertex 9.56136 11.5577 30
      vertex 8.0374 12.6649 30
    endloop
  endfacet
  facet normal 0.770468 -0.637377 0.0113408
    outer loop
      vertex 10.5172 -7.64121 206
      vertex 9.47659 -8.89911 206
      vertex 12.1353 -8.81678 30
    endloop
  endfacet
  facet normal 0.684513 0.728912 0.0113404
    outer loop
      vertex 9.56136 11.5577 30
      vertex 8.28651 10.0167 206
      vertex 10.9345 10.2682 30
    endloop
  endfacet
  facet normal 0.481623 -0.876305 0.0113405
    outer loop
      vertex 7.91302 -12.4689 50.4277
      vertex 7.7493 -12.561 50.264
      vertex 8.0374 -12.6649 30
    endloop
  endfacet
  facet normal 0.481727 -0.876248 0.0113391
    outer loop
      vertex 5.99737 -11.9294 173.488
      vertex 6.96575 -10.9763 206
      vertex 5.53513 -11.7628 206
    endloop
  endfacet
  facet normal 0.481701 -0.876262 0.0113403
    outer loop
      vertex 6.96575 -10.9763 206
      vertex 5.99737 -11.9294 173.488
      vertex 7.17086 -11.2995 172.314
    endloop
  endfacet
  facet normal 0.481716 -0.876254 0.0113415
    outer loop
      vertex 7.72807 -12.5534 51.7572
      vertex 7.73146 -12.1828 80.2462
      vertex 7.32875 -12.4094 79.8435
    endloop
  endfacet
  facet normal 0.481644 -0.876293 0.011342
    outer loop
      vertex 7.73146 -12.1828 80.2462
      vertex 7.72807 -12.5534 51.7572
      vertex 7.90601 -12.4579 51.5793
    endloop
  endfacet
  facet normal 0.481748 -0.876236 0.0113408
    outer loop
      vertex 7.29539 -12.3974 82.1899
      vertex 7.54989 -11.8967 110.065
      vertex 6.90821 -12.2578 109.423
    endloop
  endfacet
  facet normal 0.481679 -0.876274 0.0113421
    outer loop
      vertex 7.54989 -11.8967 110.065
      vertex 7.29539 -12.3974 82.1899
      vertex 7.72222 -12.1683 81.7631
    endloop
  endfacet
  facet normal 0.481762 -0.876229 0.0113405
    outer loop
      vertex 6.86272 -12.2414 112.623
      vertex 7.36833 -11.6106 139.883
      vertex 6.48767 -12.1062 139.002
    endloop
  endfacet
  facet normal 0.481698 -0.876264 0.0113425
    outer loop
      vertex 7.36833 -11.6106 139.883
      vertex 6.86272 -12.2414 112.623
      vertex 7.53843 -11.8787 111.947
    endloop
  endfacet
  facet normal 0.481775 -0.876222 0.0113392
    outer loop
      vertex 6.43004 -12.0854 143.055
      vertex 7.18677 -11.3245 169.701
      vertex 6.06712 -11.9546 168.582
    endloop
  endfacet
  facet normal 0.481692 -0.876267 0.0113428
    outer loop
      vertex 7.18677 -11.3245 169.701
      vertex 6.43004 -12.0854 143.055
      vertex 7.35464 -11.5891 142.131
    endloop
  endfacet
  facet normal 0.904779 0.425731 0.0113402
    outer loop
      vertex 13.1446 7.22631 30
      vertex 12.0871 4.78562 206
      vertex 13.9466 5.52187 30
    endloop
  endfacet
  facet normal 0.982222 0.187379 0.0113402
    outer loop
      vertex 14.5287 3.73035 30
      vertex 13.1853 2 174.949
      vertex 14.8588 2 30
    endloop
  endfacet
  facet normal 0.982316 0.186885 0.0113419
    outer loop
      vertex 12.9346 1.67708 202
      vertex 12.8975 1.62933 206
      vertex 12.9426 1.63503 202
    endloop
  endfacet
  facet normal 0.125283 0.992056 0.0113378
    outer loop
      vertex 2.81072 14.7343 30
      vertex 2 14.6708 44.5147
      vertex 2.639 14.5828 45.1537
    endloop
  endfacet
  facet normal 0.125304 0.992054 0.011339
    outer loop
      vertex 2 14.6708 44.5147
      vertex 2.81072 14.7343 30
      vertex 2 14.8367 30
    endloop
  endfacet
  facet normal 0.126113 0.991951 0.0113486
    outer loop
      vertex 0.819131 13.0197 202
      vertex 0.816277 12.9743 206
      vertex 0.861605 13.0143 202
    endloop
  endfacet
  facet normal 0.12525 0.99206 0.0113415
    outer loop
      vertex 2 14.1796 87.4853
      vertex 2 14.0189 101.542
      vertex 2.16112 14.1611 87.3242
    endloop
  endfacet
  facet normal 0.125587 0.992018 0.0113361
    outer loop
      vertex 2.30284 14.2861 74.8176
      vertex 2 14.5225 57.4853
      vertex 2 14.3279 74.5147
    endloop
  endfacet
  facet normal 0.125286 0.992056 0.0113419
    outer loop
      vertex 2 14.5225 57.4853
      vertex 2.30284 14.2861 74.8176
      vertex 2.50498 14.4645 56.9803
    endloop
  endfacet
  facet normal -0.684513 0.728912 0.0113404
    outer loop
      vertex -9.56136 11.5577 30
      vertex -10.9345 10.2682 30
      vertex -8.28651 10.0167 206
    endloop
  endfacet
  facet normal 0.982222 -0.187379 0.0113402
    outer loop
      vertex 14.8588 -2 30
      vertex 13.1853 -2 174.949
      vertex 14.5287 -3.73035 30
    endloop
  endfacet
  facet normal 0.982316 -0.186885 0.0113419
    outer loop
      vertex 12.9426 -1.63503 202
      vertex 12.8975 -1.62933 206
      vertex 12.9346 -1.67708 202
    endloop
  endfacet
  facet normal 0.481746 0.876237 0.0113419
    outer loop
      vertex 8.0374 12.6649 30
      vertex 6.29568 13.379 48.8104
      vertex 7.7493 12.561 50.264
    endloop
  endfacet
  facet normal 0.481729 0.876247 0.0113399
    outer loop
      vertex 6.29568 13.379 48.8104
      vertex 8.0374 12.6649 30
      vertex 6.38669 13.5724 30
    endloop
  endfacet
  facet normal 0.481731 0.876246 0.0113391
    outer loop
      vertex 5.69095 12.0939 173.794
      vertex 5.53513 11.7628 206
      vertex 5.99737 11.9294 173.488
    endloop
  endfacet
  facet normal 0.481727 0.876248 0.0113396
    outer loop
      vertex 7.32875 12.4094 79.8435
      vertex 6.27439 13.3337 53.2109
      vertex 6.15122 13.072 78.6659
    endloop
  endfacet
  facet normal 0.481698 0.876264 0.0113413
    outer loop
      vertex 6.27439 13.3337 53.2109
      vertex 7.32875 12.4094 79.8435
      vertex 7.72807 12.5534 51.7572
    endloop
  endfacet
  facet normal 0.481688 0.876269 0.0113427
    outer loop
      vertex 6.90821 12.2578 109.423
      vertex 6.12853 13.0238 83.3568
      vertex 6.00677 12.765 108.521
    endloop
  endfacet
  facet normal 0.481732 0.876245 0.0113406
    outer loop
      vertex 6.12853 13.0238 83.3568
      vertex 6.90821 12.2578 109.423
      vertex 7.29539 12.3974 82.1899
    endloop
  endfacet
  facet normal 0.481748 0.876236 0.0113384
    outer loop
      vertex 6.48767 12.1062 139.002
      vertex 5.98267 12.7138 113.503
      vertex 5.86232 12.4581 138.377
    endloop
  endfacet
  facet normal 0.481705 0.87626 0.0113398
    outer loop
      vertex 5.98267 12.7138 113.503
      vertex 6.48767 12.1062 139.002
      vertex 6.86272 12.2414 112.623
    endloop
  endfacet
  facet normal 0.481676 0.876276 0.011341
    outer loop
      vertex 6.06712 11.9546 168.582
      vertex 5.83681 12.4039 143.648
      vertex 5.71786 12.1511 168.233
    endloop
  endfacet
  facet normal 0.481771 0.876224 0.0113392
    outer loop
      vertex 5.83681 12.4039 143.648
      vertex 6.06712 11.9546 168.582
      vertex 6.43004 12.0854 143.055
    endloop
  endfacet
  facet normal -0.997945 -0.0630576 0.0113417
    outer loop
      vertex -12.8975 -1.62933 206
      vertex -12.9453 -1.5923 202
      vertex -12.9426 -1.63503 202
    endloop
  endfacet
  facet normal 0.481623 0.876305 0.0113405
    outer loop
      vertex 8.0374 12.6649 30
      vertex 7.7493 12.561 50.264
      vertex 7.91302 12.4689 50.4277
    endloop
  endfacet
  facet normal 0.481727 0.876248 0.0113391
    outer loop
      vertex 6.96575 10.9763 206
      vertex 5.99737 11.9294 173.488
      vertex 5.53513 11.7628 206
    endloop
  endfacet
  facet normal 0.481701 0.876262 0.0113403
    outer loop
      vertex 5.99737 11.9294 173.488
      vertex 6.96575 10.9763 206
      vertex 7.17086 11.2995 172.314
    endloop
  endfacet
  facet normal 0.481716 0.876254 0.0113415
    outer loop
      vertex 7.73146 12.1828 80.2462
      vertex 7.72807 12.5534 51.7572
      vertex 7.32875 12.4094 79.8435
    endloop
  endfacet
  facet normal 0.481644 0.876293 0.011342
    outer loop
      vertex 7.72807 12.5534 51.7572
      vertex 7.73146 12.1828 80.2462
      vertex 7.90601 12.4579 51.5793
    endloop
  endfacet
  facet normal 0.481748 0.876236 0.0113408
    outer loop
      vertex 7.54989 11.8967 110.065
      vertex 7.29539 12.3974 82.1899
      vertex 6.90821 12.2578 109.423
    endloop
  endfacet
  facet normal 0.481679 0.876274 0.0113421
    outer loop
      vertex 7.29539 12.3974 82.1899
      vertex 7.54989 11.8967 110.065
      vertex 7.72222 12.1683 81.7631
    endloop
  endfacet
  facet normal 0.481762 0.876229 0.0113405
    outer loop
      vertex 7.36833 11.6106 139.883
      vertex 6.86272 12.2414 112.623
      vertex 6.48767 12.1062 139.002
    endloop
  endfacet
  facet normal 0.481698 0.876264 0.0113425
    outer loop
      vertex 6.86272 12.2414 112.623
      vertex 7.36833 11.6106 139.883
      vertex 7.53843 11.8787 111.947
    endloop
  endfacet
  facet normal 0.481775 0.876222 0.0113392
    outer loop
      vertex 7.18677 11.3245 169.701
      vertex 6.43004 12.0854 143.055
      vertex 6.06712 11.9546 168.582
    endloop
  endfacet
  facet normal 0.481692 0.876267 0.0113428
    outer loop
      vertex 6.43004 12.0854 143.055
      vertex 7.18677 11.3245 169.701
      vertex 7.35464 11.5891 142.131
    endloop
  endfacet
  facet normal -0.248694 0.968516 0.0113375
    outer loop
      vertex -4.63525 14.2658 30
      vertex -2.9165 14.5265 45.4312
      vertex -2.81072 14.7343 30
    endloop
  endfacet
  facet normal -0.24872 0.968509 0.0113405
    outer loop
      vertex -2.9165 14.5265 45.4312
      vertex -4.63525 14.2658 30
      vertex -4.57524 14.0811 47.09
    endloop
  endfacet
  facet normal -0.248686 0.968518 0.0113423
    outer loop
      vertex -3.80935 12.7722 175.676
      vertex -4.12481 12.6949 175.36
      vertex -4.01722 12.3637 206
    endloop
  endfacet
  facet normal -0.248647 0.968528 0.0113421
    outer loop
      vertex -2.99233 14.3775 56.493
      vertex -4.47026 13.7581 76.985
      vertex -3.12358 14.1196 75.6383
    endloop
  endfacet
  facet normal -0.248708 0.968512 0.0113373
    outer loop
      vertex -4.47026 13.7581 76.985
      vertex -2.99233 14.3775 56.493
      vertex -4.54769 13.9963 54.9376
    endloop
  endfacet
  facet normal -0.248613 0.968537 0.0113408
    outer loop
      vertex -3.19659 13.9761 86.2887
      vertex -4.36529 13.435 106.88
      vertex -3.33065 13.7127 105.845
    endloop
  endfacet
  facet normal -0.248618 0.968535 0.0113405
    outer loop
      vertex -4.36529 13.435 106.88
      vertex -3.19659 13.9761 86.2887
      vertex -4.44197 13.671 85.0433
    endloop
  endfacet
  facet normal -0.248682 0.968519 0.0113379
    outer loop
      vertex -3.40084 13.5748 116.084
      vertex -4.26031 13.1119 136.775
      vertex -3.53772 13.3059 136.052
    endloop
  endfacet
  facet normal -0.248649 0.968527 0.0113395
    outer loop
      vertex -4.26031 13.1119 136.775
      vertex -3.40084 13.5748 116.084
      vertex -4.33625 13.3456 115.149
    endloop
  endfacet
  facet normal -0.248653 0.968526 0.0113407
    outer loop
      vertex -3.60509 13.1735 145.88
      vertex -4.15533 12.7888 166.67
      vertex -3.74479 12.899 166.26
    endloop
  endfacet
  facet normal -0.248719 0.968509 0.0113386
    outer loop
      vertex -4.15533 12.7888 166.67
      vertex -3.60509 13.1735 145.88
      vertex -4.23053 13.0202 145.255
    endloop
  endfacet
  facet normal -0.844264 0.535807 0.0113404
    outer loop
      vertex -10.5172 7.64121 206
      vertex -13.1446 7.22631 30
      vertex -11.392 6.2628 206
    endloop
  endfacet
  facet normal -0.684513 -0.728912 0.0113404
    outer loop
      vertex -9.47659 -8.89911 206
      vertex -10.9345 -10.2682 30
      vertex -8.28651 -10.0167 206
    endloop
  endfacet
  facet normal -0.368105 -0.929715 0.0113399
    outer loop
      vertex -6.38669 -13.5724 30
      vertex -4.72339 -14.0207 47.2381
      vertex -6.29568 -13.379 48.8104
    endloop
  endfacet
  facet normal -0.368081 -0.929725 0.0113373
    outer loop
      vertex -4.72339 -14.0207 47.2381
      vertex -6.38669 -13.5724 30
      vertex -4.63525 -14.2658 30
    endloop
  endfacet
  facet normal -0.368225 -0.929668 0.0113392
    outer loop
      vertex -5.53513 -11.7628 206
      vertex -5.69095 -12.0939 173.794
      vertex -5.3721 -12.2163 174.113
    endloop
  endfacet
  facet normal -0.368095 -0.929719 0.0113405
    outer loop
      vertex -6.15122 -13.072 78.6659
      vertex -4.76166 -13.9142 54.7236
      vertex -4.87757 -13.5918 77.3923
    endloop
  endfacet
  facet normal -0.36811 -0.929713 0.0113395
    outer loop
      vertex -4.76166 -13.9142 54.7236
      vertex -6.15122 -13.072 78.6659
      vertex -6.27439 -13.3337 53.2109
    endloop
  endfacet
  facet normal -0.368157 -0.929694 0.0113377
    outer loop
      vertex -6.00677 -12.765 108.521
      vertex -4.91427 -13.4897 84.571
      vertex -5.03174 -13.163 107.546
    endloop
  endfacet
  facet normal -0.36807 -0.929729 0.0113427
    outer loop
      vertex -4.91427 -13.4897 84.571
      vertex -6.00677 -12.765 108.521
      vertex -6.12853 -13.0238 83.3568
    endloop
  endfacet
  facet normal -0.368041 -0.929741 0.0113398
    outer loop
      vertex -5.86232 -12.4581 138.377
      vertex -5.06688 -13.0652 114.418
      vertex -5.18592 -12.7341 137.701
    endloop
  endfacet
  facet normal -0.368076 -0.929727 0.0113383
    outer loop
      vertex -5.06688 -13.0652 114.418
      vertex -5.86232 -12.4581 138.377
      vertex -5.98267 -12.7138 113.503
    endloop
  endfacet
  facet normal -0.368154 -0.929696 0.0113365
    outer loop
      vertex -5.71786 -12.1511 168.233
      vertex -5.21949 -12.6407 144.266
      vertex -5.3401 -12.3053 167.855
    endloop
  endfacet
  facet normal -0.368002 -0.929756 0.0113409
    outer loop
      vertex -5.21949 -12.6407 144.266
      vertex -5.71786 -12.1511 168.233
      vertex -5.83681 -12.4039 143.648
    endloop
  endfacet
  facet normal 0.770443 -0.637409 0.0113404
    outer loop
      vertex 12.1353 -8.81678 30
      vertex 9.47659 -8.89911 206
      vertex 10.9345 -10.2682 30
    endloop
  endfacet
  facet normal 0.481729 -0.876247 0.0113399
    outer loop
      vertex 8.0374 -12.6649 30
      vertex 6.29568 -13.379 48.8104
      vertex 6.38669 -13.5724 30
    endloop
  endfacet
  facet normal 0.481746 -0.876237 0.0113419
    outer loop
      vertex 6.29568 -13.379 48.8104
      vertex 8.0374 -12.6649 30
      vertex 7.7493 -12.561 50.264
    endloop
  endfacet
  facet normal 0.481731 -0.876246 0.0113391
    outer loop
      vertex 5.99737 -11.9294 173.488
      vertex 5.53513 -11.7628 206
      vertex 5.69095 -12.0939 173.794
    endloop
  endfacet
  facet normal 0.481727 -0.876248 0.0113396
    outer loop
      vertex 6.27439 -13.3337 53.2109
      vertex 7.32875 -12.4094 79.8435
      vertex 6.15122 -13.072 78.6659
    endloop
  endfacet
  facet normal 0.481698 -0.876264 0.0113413
    outer loop
      vertex 7.32875 -12.4094 79.8435
      vertex 6.27439 -13.3337 53.2109
      vertex 7.72807 -12.5534 51.7572
    endloop
  endfacet
  facet normal 0.481688 -0.876269 0.0113427
    outer loop
      vertex 6.12853 -13.0238 83.3568
      vertex 6.90821 -12.2578 109.423
      vertex 6.00677 -12.765 108.521
    endloop
  endfacet
  facet normal 0.481732 -0.876245 0.0113406
    outer loop
      vertex 6.90821 -12.2578 109.423
      vertex 6.12853 -13.0238 83.3568
      vertex 7.29539 -12.3974 82.1899
    endloop
  endfacet
  facet normal 0.481748 -0.876236 0.0113384
    outer loop
      vertex 5.98267 -12.7138 113.503
      vertex 6.48767 -12.1062 139.002
      vertex 5.86232 -12.4581 138.377
    endloop
  endfacet
  facet normal 0.481705 -0.87626 0.0113398
    outer loop
      vertex 6.48767 -12.1062 139.002
      vertex 5.98267 -12.7138 113.503
      vertex 6.86272 -12.2414 112.623
    endloop
  endfacet
  facet normal 0.481676 -0.876276 0.011341
    outer loop
      vertex 5.83681 -12.4039 143.648
      vertex 6.06712 -11.9546 168.582
      vertex 5.71786 -12.1511 168.233
    endloop
  endfacet
  facet normal 0.481771 -0.876224 0.0113392
    outer loop
      vertex 6.06712 -11.9546 168.582
      vertex 5.83681 -12.4039 143.648
      vertex 6.43004 -12.0854 143.055
    endloop
  endfacet
  facet normal 0.950995 -0.308997 0.0113402
    outer loop
      vertex 14.5287 -3.73035 30
      vertex 12.0871 -4.78562 206
      vertex 13.9466 -5.52187 30
    endloop
  endfacet
  facet normal 0.950993 0.309005 0.0113401
    outer loop
      vertex 14.5287 3.73035 30
      vertex 12.0871 4.78562 206
      vertex 12.5916 3.23297 206
    endloop
  endfacet
  facet normal -0.125304 0.992054 0.011339
    outer loop
      vertex -2.81072 14.7343 30
      vertex -2 14.6708 44.5147
      vertex -2 14.8367 30
    endloop
  endfacet
  facet normal -0.125283 0.992056 0.0113378
    outer loop
      vertex -2 14.6708 44.5147
      vertex -2.81072 14.7343 30
      vertex -2.639 14.5828 45.1537
    endloop
  endfacet
  facet normal -0.126113 0.991951 0.0113486
    outer loop
      vertex -0.819131 13.0197 202
      vertex -0.861605 13.0143 202
      vertex -0.816277 12.9743 206
    endloop
  endfacet
  facet normal -0.12525 0.99206 0.0113415
    outer loop
      vertex -2 14.1796 87.4853
      vertex -2.16112 14.1611 87.3242
      vertex -2 14.0189 101.542
    endloop
  endfacet
  facet normal -0.125587 0.992018 0.0113361
    outer loop
      vertex -2 14.5225 57.4853
      vertex -2.30284 14.2861 74.8176
      vertex -2 14.3279 74.5147
    endloop
  endfacet
  facet normal -0.125286 0.992056 0.0113419
    outer loop
      vertex -2.30284 14.2861 74.8176
      vertex -2 14.5225 57.4853
      vertex -2.50498 14.4645 56.9803
    endloop
  endfacet
  facet normal -0.587804 0.808924 0.0113405
    outer loop
      vertex -8.0374 12.6649 30
      vertex -8.06653 12.3552 50.5812
      vertex -7.91302 12.4689 50.4277
    endloop
  endfacet
  facet normal -0.587752 0.808962 0.0113403
    outer loop
      vertex -7.17086 11.2995 172.314
      vertex -8.28651 10.0167 206
      vertex -6.96575 10.9763 206
    endloop
  endfacet
  facet normal -0.587755 0.80896 0.0113402
    outer loop
      vertex -8.28651 10.0167 206
      vertex -7.17086 11.2995 172.314
      vertex -8.23732 10.5396 171.248
    endloop
  endfacet
  facet normal -0.587707 0.808995 0.011342
    outer loop
      vertex -7.90601 12.4579 51.5793
      vertex -8.10905 11.9032 80.6238
      vertex -7.73146 12.1828 80.2462
    endloop
  endfacet
  facet normal -0.587675 0.809018 0.0113426
    outer loop
      vertex -8.10905 11.9032 80.6238
      vertex -7.90601 12.4579 51.5793
      vertex -8.06772 12.3427 51.4176
    endloop
  endfacet
  facet normal -0.587765 0.808952 0.011342
    outer loop
      vertex -7.72222 12.1683 81.7631
      vertex -8.15158 11.4511 110.666
      vertex -7.54989 11.8967 110.065
    endloop
  endfacet
  facet normal -0.587765 0.808952 0.011342
    outer loop
      vertex -8.15158 11.4511 110.666
      vertex -7.72222 12.1683 81.7631
      vertex -8.11012 11.8919 81.3752
    endloop
  endfacet
  facet normal -0.587723 0.808983 0.0113424
    outer loop
      vertex -7.53843 11.8787 111.947
      vertex -8.1941 10.9991 140.709
      vertex -7.36833 11.6106 139.883
    endloop
  endfacet
  facet normal -0.587786 0.808937 0.0113395
    outer loop
      vertex -8.1941 10.9991 140.709
      vertex -7.53843 11.8787 111.947
      vertex -8.15252 11.4411 111.333
    endloop
  endfacet
  facet normal -0.587706 0.808995 0.0113427
    outer loop
      vertex -7.35464 11.5891 142.131
      vertex -8.23662 10.5471 170.751
      vertex -7.18677 11.3245 169.701
    endloop
  endfacet
  facet normal -0.587803 0.808925 0.0113372
    outer loop
      vertex -8.23662 10.5471 170.751
      vertex -7.35464 11.5891 142.131
      vertex -8.19492 10.9903 141.29
    endloop
  endfacet
  facet normal -0.950995 0.308997 0.0113402
    outer loop
      vertex -13.9466 5.52187 30
      vertex -14.5287 3.73035 30
      vertex -12.0871 4.78562 206
    endloop
  endfacet
  facet normal 0.997945 -0.0630576 0.0113417
    outer loop
      vertex 12.9453 -1.5923 202
      vertex 12.8975 -1.62933 206
      vertex 12.9426 -1.63503 202
    endloop
  endfacet
  facet normal 0.997962 -0.0627996 0.0113518
    outer loop
      vertex 13 0 206
      vertex 12.9453 -1.5923 202
      vertex 13.0455 0 202
    endloop
  endfacet
  facet normal 0.997963 -0.0627811 0.0113445
    outer loop
      vertex 12.9453 -1.5923 202
      vertex 13 0 206
      vertex 12.8975 -1.62933 206
    endloop
  endfacet
  facet normal 0.24872 0.968509 0.0113405
    outer loop
      vertex 4.63525 14.2658 30
      vertex 2.9165 14.5265 45.4312
      vertex 4.57524 14.0811 47.09
    endloop
  endfacet
  facet normal 0.248694 0.968516 0.0113375
    outer loop
      vertex 2.9165 14.5265 45.4312
      vertex 4.63525 14.2658 30
      vertex 2.81072 14.7343 30
    endloop
  endfacet
  facet normal 0.248686 0.968518 0.0113423
    outer loop
      vertex 4.12481 12.6949 175.36
      vertex 3.80935 12.7722 175.676
      vertex 4.01722 12.3637 206
    endloop
  endfacet
  facet normal 0.248647 0.968528 0.0113421
    outer loop
      vertex 4.47026 13.7581 76.985
      vertex 2.99233 14.3775 56.493
      vertex 3.12358 14.1196 75.6383
    endloop
  endfacet
  facet normal 0.248708 0.968512 0.0113373
    outer loop
      vertex 2.99233 14.3775 56.493
      vertex 4.47026 13.7581 76.985
      vertex 4.54769 13.9963 54.9376
    endloop
  endfacet
  facet normal 0.248613 0.968537 0.0113408
    outer loop
      vertex 4.36529 13.435 106.88
      vertex 3.19659 13.9761 86.2887
      vertex 3.33065 13.7127 105.845
    endloop
  endfacet
  facet normal 0.248618 0.968535 0.0113405
    outer loop
      vertex 3.19659 13.9761 86.2887
      vertex 4.36529 13.435 106.88
      vertex 4.44197 13.671 85.0433
    endloop
  endfacet
  facet normal 0.248682 0.968519 0.0113379
    outer loop
      vertex 4.26031 13.1119 136.775
      vertex 3.40084 13.5748 116.084
      vertex 3.53772 13.3059 136.052
    endloop
  endfacet
  facet normal 0.248649 0.968527 0.0113395
    outer loop
      vertex 3.40084 13.5748 116.084
      vertex 4.26031 13.1119 136.775
      vertex 4.33625 13.3456 115.149
    endloop
  endfacet
  facet normal 0.248653 0.968526 0.0113407
    outer loop
      vertex 4.15533 12.7888 166.67
      vertex 3.60509 13.1735 145.88
      vertex 3.74479 12.899 166.26
    endloop
  endfacet
  facet normal 0.248719 0.968509 0.0113386
    outer loop
      vertex 3.60509 13.1735 145.88
      vertex 4.15533 12.7888 166.67
      vertex 4.23053 13.0202 145.255
    endloop
  endfacet
  facet normal 0.248694 -0.968516 0.0113375
    outer loop
      vertex 4.63525 -14.2658 30
      vertex 2.9165 -14.5265 45.4312
      vertex 2.81072 -14.7343 30
    endloop
  endfacet
  facet normal 0.24872 -0.968509 0.0113405
    outer loop
      vertex 2.9165 -14.5265 45.4312
      vertex 4.63525 -14.2658 30
      vertex 4.57524 -14.0811 47.09
    endloop
  endfacet
  facet normal 0.248686 -0.968518 0.0113423
    outer loop
      vertex 4.01722 -12.3637 206
      vertex 3.80935 -12.7722 175.676
      vertex 4.12481 -12.6949 175.36
    endloop
  endfacet
  facet normal 0.248647 -0.968528 0.0113421
    outer loop
      vertex 2.99233 -14.3775 56.493
      vertex 4.47026 -13.7581 76.985
      vertex 3.12358 -14.1196 75.6383
    endloop
  endfacet
  facet normal 0.248708 -0.968512 0.0113373
    outer loop
      vertex 4.47026 -13.7581 76.985
      vertex 2.99233 -14.3775 56.493
      vertex 4.54769 -13.9963 54.9376
    endloop
  endfacet
  facet normal 0.248613 -0.968537 0.0113408
    outer loop
      vertex 3.19659 -13.9761 86.2887
      vertex 4.36529 -13.435 106.88
      vertex 3.33065 -13.7127 105.845
    endloop
  endfacet
  facet normal 0.248618 -0.968535 0.0113405
    outer loop
      vertex 4.36529 -13.435 106.88
      vertex 3.19659 -13.9761 86.2887
      vertex 4.44197 -13.671 85.0433
    endloop
  endfacet
  facet normal 0.248682 -0.968519 0.0113379
    outer loop
      vertex 3.40084 -13.5748 116.084
      vertex 4.26031 -13.1119 136.775
      vertex 3.53772 -13.3059 136.052
    endloop
  endfacet
  facet normal 0.248649 -0.968527 0.0113395
    outer loop
      vertex 4.26031 -13.1119 136.775
      vertex 3.40084 -13.5748 116.084
      vertex 4.33625 -13.3456 115.149
    endloop
  endfacet
  facet normal 0.248653 -0.968526 0.0113407
    outer loop
      vertex 3.60509 -13.1735 145.88
      vertex 4.15533 -12.7888 166.67
      vertex 3.74479 -12.899 166.26
    endloop
  endfacet
  facet normal 0.248719 -0.968509 0.0113386
    outer loop
      vertex 4.15533 -12.7888 166.67
      vertex 3.60509 -13.1735 145.88
      vertex 4.23053 -13.0202 145.255
    endloop
  endfacet
  facet normal -0.997945 0.0630576 0.0113417
    outer loop
      vertex -12.9426 1.63503 202
      vertex -12.9453 1.5923 202
      vertex -12.8975 1.62933 206
    endloop
  endfacet
  facet normal 0.367759 -0.929852 0.0113407
    outer loop
      vertex 4.72339 -14.0207 47.2381
      vertex 4.57524 -14.0811 47.09
      vertex 4.63525 -14.2658 30
    endloop
  endfacet
  facet normal 0.368057 -0.929734 0.0113423
    outer loop
      vertex 4.12481 -12.6949 175.36
      vertex 5.53513 -11.7628 206
      vertex 4.01722 -12.3637 206
    endloop
  endfacet
  facet normal 0.368084 -0.929723 0.0113407
    outer loop
      vertex 5.53513 -11.7628 206
      vertex 4.12481 -12.6949 175.36
      vertex 5.3721 -12.2163 174.113
    endloop
  endfacet
  facet normal 0.368234 -0.929664 0.0113373
    outer loop
      vertex 4.54769 -13.9963 54.9376
      vertex 4.87757 -13.5918 77.3923
      vertex 4.47026 -13.7581 76.985
    endloop
  endfacet
  facet normal 0.368077 -0.929726 0.0113407
    outer loop
      vertex 4.87757 -13.5918 77.3923
      vertex 4.54769 -13.9963 54.9376
      vertex 4.76166 -13.9142 54.7236
    endloop
  endfacet
  facet normal 0.368113 -0.929712 0.0113405
    outer loop
      vertex 4.44197 -13.671 85.0433
      vertex 5.03174 -13.163 107.546
      vertex 4.36529 -13.435 106.88
    endloop
  endfacet
  facet normal 0.368208 -0.929674 0.0113372
    outer loop
      vertex 5.03174 -13.163 107.546
      vertex 4.44197 -13.671 85.0433
      vertex 4.91427 -13.4897 84.571
    endloop
  endfacet
  facet normal 0.368128 -0.929706 0.0113395
    outer loop
      vertex 4.33625 -13.3456 115.149
      vertex 5.18592 -12.7341 137.701
      vertex 4.26031 -13.1119 136.775
    endloop
  endfacet
  facet normal 0.368143 -0.9297 0.0113387
    outer loop
      vertex 5.18592 -12.7341 137.701
      vertex 4.33625 -13.3456 115.149
      vertex 5.06688 -13.0652 114.418
    endloop
  endfacet
  facet normal 0.368077 -0.929726 0.0113387
    outer loop
      vertex 4.23053 -13.0202 145.255
      vertex 5.3401 -12.3053 167.855
      vertex 4.15533 -12.7888 166.67
    endloop
  endfacet
  facet normal 0.368103 -0.929716 0.0113371
    outer loop
      vertex 5.3401 -12.3053 167.855
      vertex 4.23053 -13.0202 145.255
      vertex 5.21949 -12.6407 144.266
    endloop
  endfacet
  facet normal 0.770468 0.637377 0.0113408
    outer loop
      vertex 12.1353 8.81678 30
      vertex 9.47659 8.89911 206
      vertex 10.5172 7.64121 206
    endloop
  endfacet
  facet normal 0.248418 0.968586 0.0113403
    outer loop
      vertex 2.81072 14.7343 30
      vertex 2.77816 14.5636 45.2929
      vertex 2.9165 14.5265 45.4312
    endloop
  endfacet
  facet normal 0.248675 0.968521 0.0113424
    outer loop
      vertex 4.01722 12.3637 206
      vertex 2.49773 13.0936 176.988
      vertex 2.43596 12.7697 206
    endloop
  endfacet
  facet normal 0.248673 0.968521 0.0113425
    outer loop
      vertex 2.49773 13.0936 176.988
      vertex 4.01722 12.3637 206
      vertex 3.80935 12.7722 175.676
    endloop
  endfacet
  facet normal 0.248566 0.968549 0.0113418
    outer loop
      vertex 3.12358 14.1196 75.6383
      vertex 2.7538 14.4359 56.7315
      vertex 2.71441 14.2294 75.2291
    endloop
  endfacet
  facet normal 0.24848 0.968571 0.0113438
    outer loop
      vertex 2.7538 14.4359 56.7315
      vertex 3.12358 14.1196 75.6383
      vertex 2.99233 14.3775 56.493
    endloop
  endfacet
  facet normal 0.248741 0.968504 0.0113379
    outer loop
      vertex 3.33065 13.7127 105.845
      vertex 2.68978 14.1003 86.7955
      vertex 2.65067 13.8953 105.165
    endloop
  endfacet
  facet normal 0.248687 0.968518 0.01134
    outer loop
      vertex 2.68978 14.1003 86.7955
      vertex 3.33065 13.7127 105.845
      vertex 3.19659 13.9761 86.2887
    endloop
  endfacet
  facet normal 0.248625 0.968533 0.0113447
    outer loop
      vertex 3.53772 13.3059 136.052
      vertex 2.62577 13.7648 116.86
      vertex 2.58692 13.5611 135.102
    endloop
  endfacet
  facet normal 0.248767 0.968497 0.011337
    outer loop
      vertex 2.62577 13.7648 116.86
      vertex 3.53772 13.3059 136.052
      vertex 3.40084 13.5748 116.084
    endloop
  endfacet
  facet normal 0.2487 0.968514 0.0113407
    outer loop
      vertex 3.74479 12.899 166.26
      vertex 2.56175 13.4292 146.924
      vertex 2.52318 13.227 165.038
    endloop
  endfacet
  facet normal 0.248709 0.968512 0.0113401
    outer loop
      vertex 2.56175 13.4292 146.924
      vertex 3.74479 12.899 166.26
      vertex 3.60509 13.1735 145.88
    endloop
  endfacet
  facet normal -0.770443 0.637409 0.0113404
    outer loop
      vertex -10.9345 10.2682 30
      vertex -12.1353 8.81678 30
      vertex -9.47659 8.89911 206
    endloop
  endfacet
  facet normal 0.125527 0.992025 0.0113403
    outer loop
      vertex 2.81072 14.7343 30
      vertex 2.639 14.5828 45.1537
      vertex 2.77816 14.5636 45.2929
    endloop
  endfacet
  facet normal 0.125317 0.992052 0.0113414
    outer loop
      vertex 2.43596 12.7697 206
      vertex 2 12.8705 202
      vertex 0.816277 12.9743 206
    endloop
  endfacet
  facet normal 0.125308 0.992053 0.0113424
    outer loop
      vertex 2.49773 13.0936 176.988
      vertex 2 12.8705 202
      vertex 2.43596 12.7697 206
    endloop
  endfacet
  facet normal 0.125334 0.99205 0.0113429
    outer loop
      vertex 2 12.8705 202
      vertex 2.49773 13.0936 176.988
      vertex 2 13.1508 177.485
    endloop
  endfacet
  facet normal 0.125314 0.992052 0.0113406
    outer loop
      vertex 0.816277 12.9743 206
      vertex 2 12.8705 202
      vertex 0.861605 13.0143 202
    endloop
  endfacet
  facet normal 0.125277 0.992057 0.0113454
    outer loop
      vertex 2.65067 13.8953 105.165
      vertex 2 14.0189 101.542
      vertex 2 13.9849 104.515
    endloop
  endfacet
  facet normal 0.125318 0.992052 0.0113379
    outer loop
      vertex 2.68978 14.1003 86.7955
      vertex 2 14.0189 101.542
      vertex 2.65067 13.8953 105.165
    endloop
  endfacet
  facet normal 0.125436 0.992037 0.0113434
    outer loop
      vertex 2 14.0189 101.542
      vertex 2.68978 14.1003 86.7955
      vertex 2.16112 14.1611 87.3242
    endloop
  endfacet
  facet normal 0.12533 0.99205 0.0113423
    outer loop
      vertex 2.71441 14.2294 75.2291
      vertex 2.50498 14.4645 56.9803
      vertex 2.30284 14.2861 74.8176
    endloop
  endfacet
  facet normal 0.125369 0.992045 0.0113418
    outer loop
      vertex 2.50498 14.4645 56.9803
      vertex 2.71441 14.2294 75.2291
      vertex 2.7538 14.4359 56.7315
    endloop
  endfacet
  facet normal 0.125398 0.992042 0.0113418
    outer loop
      vertex 2.58692 13.5611 135.102
      vertex 2 13.8367 117.485
      vertex 2 13.642 134.515
    endloop
  endfacet
  facet normal 0.125316 0.992052 0.0113447
    outer loop
      vertex 2 13.8367 117.485
      vertex 2.58692 13.5611 135.102
      vertex 2.62577 13.7648 116.86
    endloop
  endfacet
  facet normal 0.12519 0.992068 0.0113421
    outer loop
      vertex 2.52318 13.227 165.038
      vertex 2 13.4937 147.485
      vertex 2 13.299 164.515
    endloop
  endfacet
  facet normal 0.125234 0.992062 0.0113407
    outer loop
      vertex 2 13.4937 147.485
      vertex 2.52318 13.227 165.038
      vertex 2.56175 13.4292 146.924
    endloop
  endfacet
  facet normal -0.770443 -0.637409 0.0113404
    outer loop
      vertex -9.47659 -8.89911 206
      vertex -12.1353 -8.81678 30
      vertex -10.9345 -10.2682 30
    endloop
  endfacet
  facet normal -0.368081 0.929725 0.0113373
    outer loop
      vertex -6.38669 13.5724 30
      vertex -4.72339 14.0207 47.2381
      vertex -4.63525 14.2658 30
    endloop
  endfacet
  facet normal -0.368105 0.929715 0.0113399
    outer loop
      vertex -4.72339 14.0207 47.2381
      vertex -6.38669 13.5724 30
      vertex -6.29568 13.379 48.8104
    endloop
  endfacet
  facet normal -0.368225 0.929668 0.0113392
    outer loop
      vertex -5.3721 12.2163 174.113
      vertex -5.69095 12.0939 173.794
      vertex -5.53513 11.7628 206
    endloop
  endfacet
  facet normal -0.368095 0.929719 0.0113405
    outer loop
      vertex -4.76166 13.9142 54.7236
      vertex -6.15122 13.072 78.6659
      vertex -4.87757 13.5918 77.3923
    endloop
  endfacet
  facet normal -0.36811 0.929713 0.0113395
    outer loop
      vertex -6.15122 13.072 78.6659
      vertex -4.76166 13.9142 54.7236
      vertex -6.27439 13.3337 53.2109
    endloop
  endfacet
  facet normal -0.368157 0.929694 0.0113377
    outer loop
      vertex -4.91427 13.4897 84.571
      vertex -6.00677 12.765 108.521
      vertex -5.03174 13.163 107.546
    endloop
  endfacet
  facet normal -0.36807 0.929729 0.0113427
    outer loop
      vertex -6.00677 12.765 108.521
      vertex -4.91427 13.4897 84.571
      vertex -6.12853 13.0238 83.3568
    endloop
  endfacet
  facet normal -0.368041 0.929741 0.0113398
    outer loop
      vertex -5.06688 13.0652 114.418
      vertex -5.86232 12.4581 138.377
      vertex -5.18592 12.7341 137.701
    endloop
  endfacet
  facet normal -0.368076 0.929727 0.0113383
    outer loop
      vertex -5.86232 12.4581 138.377
      vertex -5.06688 13.0652 114.418
      vertex -5.98267 12.7138 113.503
    endloop
  endfacet
  facet normal -0.368154 0.929696 0.0113365
    outer loop
      vertex -5.21949 12.6407 144.266
      vertex -5.71786 12.1511 168.233
      vertex -5.3401 12.3053 167.855
    endloop
  endfacet
  facet normal -0.368002 0.929756 0.0113409
    outer loop
      vertex -5.71786 12.1511 168.233
      vertex -5.21949 12.6407 144.266
      vertex -5.83681 12.4039 143.648
    endloop
  endfacet
  facet normal -0.997962 0.0627996 0.0113443
    outer loop
      vertex -13.0455 0 202
      vertex -12.8975 1.62933 206
      vertex -12.9453 1.5923 202
    endloop
  endfacet
  facet normal -0.997963 0.0627811 0.0113518
    outer loop
      vertex -12.8975 1.62933 206
      vertex -13.0455 0 202
      vertex -13 0 206
    endloop
  endfacet
  facet normal -0.997962 -0.0627996 0.0113518
    outer loop
      vertex -12.9453 -1.5923 202
      vertex -13 0 206
      vertex -13.0455 0 202
    endloop
  endfacet
  facet normal -0.997963 -0.0627811 0.0113445
    outer loop
      vertex -13 0 206
      vertex -12.9453 -1.5923 202
      vertex -12.8975 -1.62933 206
    endloop
  endfacet
  facet normal -0.125283 -0.992056 0.0113378
    outer loop
      vertex -2.81072 -14.7343 30
      vertex -2 -14.6708 44.5147
      vertex -2.639 -14.5828 45.1537
    endloop
  endfacet
  facet normal -0.125304 -0.992054 0.011339
    outer loop
      vertex -2 -14.6708 44.5147
      vertex -2.81072 -14.7343 30
      vertex -2 -14.8367 30
    endloop
  endfacet
  facet normal -0.126113 -0.991951 0.0113486
    outer loop
      vertex -0.816277 -12.9743 206
      vertex -0.861605 -13.0143 202
      vertex -0.819131 -13.0197 202
    endloop
  endfacet
  facet normal -0.12525 -0.99206 0.0113415
    outer loop
      vertex -2 -14.0189 101.542
      vertex -2.16112 -14.1611 87.3242
      vertex -2 -14.1796 87.4853
    endloop
  endfacet
  facet normal -0.125587 -0.992018 0.0113361
    outer loop
      vertex -2.30284 -14.2861 74.8176
      vertex -2 -14.5225 57.4853
      vertex -2 -14.3279 74.5147
    endloop
  endfacet
  facet normal -0.125286 -0.992056 0.0113419
    outer loop
      vertex -2 -14.5225 57.4853
      vertex -2.30284 -14.2861 74.8176
      vertex -2.50498 -14.4645 56.9803
    endloop
  endfacet
  facet normal 0.950993 -0.309005 0.0113401
    outer loop
      vertex 12.5916 -3.23297 206
      vertex 12.0871 -4.78562 206
      vertex 14.5287 -3.73035 30
    endloop
  endfacet
  facet normal -0.982221 -0.187384 0.0113396
    outer loop
      vertex -13.1853 -2 174.949
      vertex -12.5916 -3.23297 206
      vertex -12.873 -2 202
    endloop
  endfacet
  facet normal -0.982224 -0.187372 0.0113401
    outer loop
      vertex -12.5916 -3.23297 206
      vertex -13.1853 -2 174.949
      vertex -14.5287 -3.73035 30
    endloop
  endfacet
  facet normal -0.982224 -0.187368 0.0113468
    outer loop
      vertex -12.873 -2 202
      vertex -12.8975 -1.62933 206
      vertex -12.9346 -1.67708 202
    endloop
  endfacet
  facet normal -0.982225 -0.187363 0.0113463
    outer loop
      vertex -12.8975 -1.62933 206
      vertex -12.873 -2 202
      vertex -12.5916 -3.23297 206
    endloop
  endfacet
  facet normal -0.950993 -0.309005 0.0113401
    outer loop
      vertex -12.5916 -3.23297 206
      vertex -14.5287 -3.73035 30
      vertex -12.0871 -4.78562 206
    endloop
  endfacet
  facet normal -0.587797 0.808929 0.0113396
    outer loop
      vertex -8.48528 10.3629 171
      vertex -8.28651 10.0167 206
      vertex -8.23732 10.5396 171.248
    endloop
  endfacet
  facet normal -0.58785 0.80889 0.0113366
    outer loop
      vertex -8.19492 10.9903 141.29
      vertex -8.48528 10.3629 171
      vertex -8.23662 10.5471 170.751
    endloop
  endfacet
  facet normal -0.587578 0.809088 0.0113434
    outer loop
      vertex -8.48528 10.7835 141
      vertex -8.48528 10.3629 171
      vertex -8.19492 10.9903 141.29
    endloop
  endfacet
  facet normal -0.587686 0.80901 0.0113408
    outer loop
      vertex -8.15252 11.4411 111.333
      vertex -8.48528 10.7835 141
      vertex -8.1941 10.9991 140.709
    endloop
  endfacet
  facet normal -0.587753 0.808961 0.0113389
    outer loop
      vertex -8.48528 11.204 111
      vertex -8.48528 10.7835 141
      vertex -8.15252 11.4411 111.333
    endloop
  endfacet
  facet normal -1 0 0
    outer loop
      vertex -8.48528 11.204 111
      vertex -8.48528 10.3629 171
      vertex -8.48528 10.7835 141
    endloop
  endfacet
  facet normal -0.5877 0.809 0.0113428
    outer loop
      vertex -8.11012 11.8919 81.3752
      vertex -8.48528 11.204 111
      vertex -8.15158 11.4511 110.666
    endloop
  endfacet
  facet normal -0.587734 0.808975 0.0113418
    outer loop
      vertex -8.48528 11.6246 81
      vertex -8.48528 11.204 111
      vertex -8.11012 11.8919 81.3752
    endloop
  endfacet
  facet normal -0.587798 0.808928 0.0113412
    outer loop
      vertex -9.56136 11.5577 30
      vertex -8.48528 11.204 111
      vertex -8.48528 11.6246 81
    endloop
  endfacet
  facet normal -0.587717 0.808987 0.0113421
    outer loop
      vertex -8.06772 12.3427 51.4176
      vertex -8.48528 11.6246 81
      vertex -8.10905 11.9032 80.6238
    endloop
  endfacet
  facet normal -0.587847 0.808893 0.011338
    outer loop
      vertex -8.48528 12.0451 51
      vertex -8.48528 11.6246 81
      vertex -8.06772 12.3427 51.4176
    endloop
  endfacet
  facet normal -0.587714 0.808989 0.0113393
    outer loop
      vertex -9.56136 11.5577 30
      vertex -8.48528 11.6246 81
      vertex -8.48528 12.0451 51
    endloop
  endfacet
  facet normal -0.58774 0.80897 0.0113413
    outer loop
      vertex -9.56136 11.5577 30
      vertex -8.06653 12.3552 50.5812
      vertex -8.0374 12.6649 30
    endloop
  endfacet
  facet normal -0.587476 0.809162 0.0113401
    outer loop
      vertex -8.48528 10.3629 171
      vertex -9.56136 11.5577 30
      vertex -8.28651 10.0167 206
    endloop
  endfacet
  facet normal -0.587731 0.808977 0.0113405
    outer loop
      vertex -8.48528 11.204 111
      vertex -9.56136 11.5577 30
      vertex -8.48528 10.3629 171
    endloop
  endfacet
  facet normal -0.587734 0.808975 0.0113407
    outer loop
      vertex -8.06653 12.3552 50.5812
      vertex -9.56136 11.5577 30
      vertex -8.48528 12.0451 51
    endloop
  endfacet
  facet normal -0.481729 0.876247 0.0113399
    outer loop
      vertex -8.0374 12.6649 30
      vertex -6.29568 13.379 48.8104
      vertex -6.38669 13.5724 30
    endloop
  endfacet
  facet normal -0.481746 0.876237 0.0113419
    outer loop
      vertex -6.29568 13.379 48.8104
      vertex -8.0374 12.6649 30
      vertex -7.7493 12.561 50.264
    endloop
  endfacet
  facet normal -0.481731 0.876246 0.0113391
    outer loop
      vertex -5.69095 12.0939 173.794
      vertex -5.99737 11.9294 173.488
      vertex -5.53513 11.7628 206
    endloop
  endfacet
  facet normal -0.481727 0.876248 0.0113396
    outer loop
      vertex -6.27439 13.3337 53.2109
      vertex -7.32875 12.4094 79.8435
      vertex -6.15122 13.072 78.6659
    endloop
  endfacet
  facet normal -0.481698 0.876264 0.0113413
    outer loop
      vertex -7.32875 12.4094 79.8435
      vertex -6.27439 13.3337 53.2109
      vertex -7.72807 12.5534 51.7572
    endloop
  endfacet
  facet normal -0.481688 0.876269 0.0113427
    outer loop
      vertex -6.12853 13.0238 83.3568
      vertex -6.90821 12.2578 109.423
      vertex -6.00677 12.765 108.521
    endloop
  endfacet
  facet normal -0.481732 0.876245 0.0113406
    outer loop
      vertex -6.90821 12.2578 109.423
      vertex -6.12853 13.0238 83.3568
      vertex -7.29539 12.3974 82.1899
    endloop
  endfacet
  facet normal -0.481748 0.876236 0.0113384
    outer loop
      vertex -5.98267 12.7138 113.503
      vertex -6.48767 12.1062 139.002
      vertex -5.86232 12.4581 138.377
    endloop
  endfacet
  facet normal -0.481705 0.87626 0.0113398
    outer loop
      vertex -6.48767 12.1062 139.002
      vertex -5.98267 12.7138 113.503
      vertex -6.86272 12.2414 112.623
    endloop
  endfacet
  facet normal -0.481676 0.876276 0.011341
    outer loop
      vertex -5.83681 12.4039 143.648
      vertex -6.06712 11.9546 168.582
      vertex -5.71786 12.1511 168.233
    endloop
  endfacet
  facet normal -0.481771 0.876224 0.0113392
    outer loop
      vertex -6.06712 11.9546 168.582
      vertex -5.83681 12.4039 143.648
      vertex -6.43004 12.0854 143.055
    endloop
  endfacet
  facet normal -0.950993 0.309005 0.0113401
    outer loop
      vertex -12.0871 4.78562 206
      vertex -14.5287 3.73035 30
      vertex -12.5916 3.23297 206
    endloop
  endfacet
  facet normal 0.368105 0.929715 0.0113399
    outer loop
      vertex 6.38669 13.5724 30
      vertex 4.72339 14.0207 47.2381
      vertex 6.29568 13.379 48.8104
    endloop
  endfacet
  facet normal 0.368081 0.929725 0.0113373
    outer loop
      vertex 4.72339 14.0207 47.2381
      vertex 6.38669 13.5724 30
      vertex 4.63525 14.2658 30
    endloop
  endfacet
  facet normal 0.368225 0.929668 0.0113392
    outer loop
      vertex 5.69095 12.0939 173.794
      vertex 5.3721 12.2163 174.113
      vertex 5.53513 11.7628 206
    endloop
  endfacet
  facet normal 0.368095 0.929719 0.0113405
    outer loop
      vertex 6.15122 13.072 78.6659
      vertex 4.76166 13.9142 54.7236
      vertex 4.87757 13.5918 77.3923
    endloop
  endfacet
  facet normal 0.36811 0.929713 0.0113395
    outer loop
      vertex 4.76166 13.9142 54.7236
      vertex 6.15122 13.072 78.6659
      vertex 6.27439 13.3337 53.2109
    endloop
  endfacet
  facet normal 0.368157 0.929694 0.0113377
    outer loop
      vertex 6.00677 12.765 108.521
      vertex 4.91427 13.4897 84.571
      vertex 5.03174 13.163 107.546
    endloop
  endfacet
  facet normal 0.36807 0.929729 0.0113427
    outer loop
      vertex 4.91427 13.4897 84.571
      vertex 6.00677 12.765 108.521
      vertex 6.12853 13.0238 83.3568
    endloop
  endfacet
  facet normal 0.368041 0.929741 0.0113398
    outer loop
      vertex 5.86232 12.4581 138.377
      vertex 5.06688 13.0652 114.418
      vertex 5.18592 12.7341 137.701
    endloop
  endfacet
  facet normal 0.368076 0.929727 0.0113383
    outer loop
      vertex 5.06688 13.0652 114.418
      vertex 5.86232 12.4581 138.377
      vertex 5.98267 12.7138 113.503
    endloop
  endfacet
  facet normal 0.368154 0.929696 0.0113365
    outer loop
      vertex 5.71786 12.1511 168.233
      vertex 5.21949 12.6407 144.266
      vertex 5.3401 12.3053 167.855
    endloop
  endfacet
  facet normal 0.368002 0.929756 0.0113409
    outer loop
      vertex 5.21949 12.6407 144.266
      vertex 5.71786 12.1511 168.233
      vertex 5.83681 12.4039 143.648
    endloop
  endfacet
  facet normal -0.367759 0.929852 0.0113407
    outer loop
      vertex -4.63525 14.2658 30
      vertex -4.72339 14.0207 47.2381
      vertex -4.57524 14.0811 47.09
    endloop
  endfacet
  facet normal -0.368057 0.929734 0.0113423
    outer loop
      vertex -4.12481 12.6949 175.36
      vertex -5.53513 11.7628 206
      vertex -4.01722 12.3637 206
    endloop
  endfacet
  facet normal -0.368084 0.929723 0.0113407
    outer loop
      vertex -5.53513 11.7628 206
      vertex -4.12481 12.6949 175.36
      vertex -5.3721 12.2163 174.113
    endloop
  endfacet
  facet normal -0.368234 0.929664 0.0113373
    outer loop
      vertex -4.54769 13.9963 54.9376
      vertex -4.87757 13.5918 77.3923
      vertex -4.47026 13.7581 76.985
    endloop
  endfacet
  facet normal -0.368077 0.929726 0.0113407
    outer loop
      vertex -4.87757 13.5918 77.3923
      vertex -4.54769 13.9963 54.9376
      vertex -4.76166 13.9142 54.7236
    endloop
  endfacet
  facet normal -0.368113 0.929712 0.0113405
    outer loop
      vertex -4.44197 13.671 85.0433
      vertex -5.03174 13.163 107.546
      vertex -4.36529 13.435 106.88
    endloop
  endfacet
  facet normal -0.368208 0.929674 0.0113372
    outer loop
      vertex -5.03174 13.163 107.546
      vertex -4.44197 13.671 85.0433
      vertex -4.91427 13.4897 84.571
    endloop
  endfacet
  facet normal -0.368128 0.929706 0.0113395
    outer loop
      vertex -4.33625 13.3456 115.149
      vertex -5.18592 12.7341 137.701
      vertex -4.26031 13.1119 136.775
    endloop
  endfacet
  facet normal -0.368143 0.9297 0.0113387
    outer loop
      vertex -5.18592 12.7341 137.701
      vertex -4.33625 13.3456 115.149
      vertex -5.06688 13.0652 114.418
    endloop
  endfacet
  facet normal -0.368077 0.929726 0.0113387
    outer loop
      vertex -4.23053 13.0202 145.255
      vertex -5.3401 12.3053 167.855
      vertex -4.15533 12.7888 166.67
    endloop
  endfacet
  facet normal -0.368103 0.929716 0.0113371
    outer loop
      vertex -5.3401 12.3053 167.855
      vertex -4.23053 13.0202 145.255
      vertex -5.21949 12.6407 144.266
    endloop
  endfacet
  facet normal 0.982224 -0.187368 0.0113468
    outer loop
      vertex 12.8975 -1.62933 206
      vertex 12.873 -2 202
      vertex 12.9346 -1.67708 202
    endloop
  endfacet
  facet normal 0.982225 -0.187363 0.0113463
    outer loop
      vertex 12.5916 -3.23297 206
      vertex 12.873 -2 202
      vertex 12.8975 -1.62933 206
    endloop
  endfacet
  facet normal 0.982221 -0.187384 0.0113396
    outer loop
      vertex 12.5916 -3.23297 206
      vertex 13.1853 -2 174.949
      vertex 12.873 -2 202
    endloop
  endfacet
  facet normal 0.982224 -0.187372 0.0113401
    outer loop
      vertex 13.1853 -2 174.949
      vertex 12.5916 -3.23297 206
      vertex 14.5287 -3.73035 30
    endloop
  endfacet
  facet normal -0.125527 0.992025 0.0113403
    outer loop
      vertex -2.639 14.5828 45.1537
      vertex -2.81072 14.7343 30
      vertex -2.77816 14.5636 45.2929
    endloop
  endfacet
  facet normal -0.125314 0.992052 0.0113406
    outer loop
      vertex -2 12.8705 202
      vertex -0.816277 12.9743 206
      vertex -0.861605 13.0143 202
    endloop
  endfacet
  facet normal -0.125317 0.992052 0.0113414
    outer loop
      vertex -0.816277 12.9743 206
      vertex -2 12.8705 202
      vertex -2.43596 12.7697 206
    endloop
  endfacet
  facet normal -0.125334 0.99205 0.0113429
    outer loop
      vertex -2.49773 13.0936 176.988
      vertex -2 12.8705 202
      vertex -2 13.1508 177.485
    endloop
  endfacet
  facet normal -0.125308 0.992053 0.0113424
    outer loop
      vertex -2 12.8705 202
      vertex -2.49773 13.0936 176.988
      vertex -2.43596 12.7697 206
    endloop
  endfacet
  facet normal -0.125277 0.992057 0.0113454
    outer loop
      vertex -2 14.0189 101.542
      vertex -2.65067 13.8953 105.165
      vertex -2 13.9849 104.515
    endloop
  endfacet
  facet normal -0.125436 0.992037 0.0113434
    outer loop
      vertex -2.68978 14.1003 86.7955
      vertex -2 14.0189 101.542
      vertex -2.16112 14.1611 87.3242
    endloop
  endfacet
  facet normal -0.125318 0.992052 0.0113379
    outer loop
      vertex -2 14.0189 101.542
      vertex -2.68978 14.1003 86.7955
      vertex -2.65067 13.8953 105.165
    endloop
  endfacet
  facet normal -0.12533 0.99205 0.0113423
    outer loop
      vertex -2.50498 14.4645 56.9803
      vertex -2.71441 14.2294 75.2291
      vertex -2.30284 14.2861 74.8176
    endloop
  endfacet
  facet normal -0.125369 0.992045 0.0113418
    outer loop
      vertex -2.71441 14.2294 75.2291
      vertex -2.50498 14.4645 56.9803
      vertex -2.7538 14.4359 56.7315
    endloop
  endfacet
  facet normal -0.125398 0.992042 0.0113418
    outer loop
      vertex -2 13.8367 117.485
      vertex -2.58692 13.5611 135.102
      vertex -2 13.642 134.515
    endloop
  endfacet
  facet normal -0.125316 0.992052 0.0113447
    outer loop
      vertex -2.58692 13.5611 135.102
      vertex -2 13.8367 117.485
      vertex -2.62577 13.7648 116.86
    endloop
  endfacet
  facet normal -0.12519 0.992068 0.0113421
    outer loop
      vertex -2 13.4937 147.485
      vertex -2.52318 13.227 165.038
      vertex -2 13.299 164.515
    endloop
  endfacet
  facet normal -0.125234 0.992062 0.0113407
    outer loop
      vertex -2.52318 13.227 165.038
      vertex -2 13.4937 147.485
      vertex -2.56175 13.4292 146.924
    endloop
  endfacet
  facet normal 0.587804 0.808924 0.0113405
    outer loop
      vertex 8.0374 12.6649 30
      vertex 7.91302 12.4689 50.4277
      vertex 8.06653 12.3552 50.5812
    endloop
  endfacet
  facet normal 0.587752 0.808962 0.0113403
    outer loop
      vertex 8.28651 10.0167 206
      vertex 7.17086 11.2995 172.314
      vertex 6.96575 10.9763 206
    endloop
  endfacet
  facet normal 0.587755 0.80896 0.0113402
    outer loop
      vertex 7.17086 11.2995 172.314
      vertex 8.28651 10.0167 206
      vertex 8.23732 10.5396 171.248
    endloop
  endfacet
  facet normal 0.587707 0.808995 0.011342
    outer loop
      vertex 8.10905 11.9032 80.6238
      vertex 7.90601 12.4579 51.5793
      vertex 7.73146 12.1828 80.2462
    endloop
  endfacet
  facet normal 0.587675 0.809018 0.0113426
    outer loop
      vertex 7.90601 12.4579 51.5793
      vertex 8.10905 11.9032 80.6238
      vertex 8.06772 12.3427 51.4176
    endloop
  endfacet
  facet normal 0.587765 0.808952 0.011342
    outer loop
      vertex 8.15158 11.4511 110.666
      vertex 7.72222 12.1683 81.7631
      vertex 7.54989 11.8967 110.065
    endloop
  endfacet
  facet normal 0.587765 0.808952 0.011342
    outer loop
      vertex 7.72222 12.1683 81.7631
      vertex 8.15158 11.4511 110.666
      vertex 8.11012 11.8919 81.3752
    endloop
  endfacet
  facet normal 0.587723 0.808983 0.0113424
    outer loop
      vertex 8.1941 10.9991 140.709
      vertex 7.53843 11.8787 111.947
      vertex 7.36833 11.6106 139.883
    endloop
  endfacet
  facet normal 0.587786 0.808937 0.0113395
    outer loop
      vertex 7.53843 11.8787 111.947
      vertex 8.1941 10.9991 140.709
      vertex 8.15252 11.4411 111.333
    endloop
  endfacet
  facet normal 0.587706 0.808995 0.0113427
    outer loop
      vertex 8.23662 10.5471 170.751
      vertex 7.35464 11.5891 142.131
      vertex 7.18677 11.3245 169.701
    endloop
  endfacet
  facet normal 0.587803 0.808925 0.0113372
    outer loop
      vertex 7.35464 11.5891 142.131
      vertex 8.23662 10.5471 170.751
      vertex 8.19492 10.9903 141.29
    endloop
  endfacet
  facet normal 0.367759 0.929852 0.0113407
    outer loop
      vertex 4.63525 14.2658 30
      vertex 4.57524 14.0811 47.09
      vertex 4.72339 14.0207 47.2381
    endloop
  endfacet
  facet normal 0.368057 0.929734 0.0113423
    outer loop
      vertex 5.53513 11.7628 206
      vertex 4.12481 12.6949 175.36
      vertex 4.01722 12.3637 206
    endloop
  endfacet
  facet normal 0.368084 0.929723 0.0113407
    outer loop
      vertex 4.12481 12.6949 175.36
      vertex 5.53513 11.7628 206
      vertex 5.3721 12.2163 174.113
    endloop
  endfacet
  facet normal 0.368234 0.929664 0.0113373
    outer loop
      vertex 4.87757 13.5918 77.3923
      vertex 4.54769 13.9963 54.9376
      vertex 4.47026 13.7581 76.985
    endloop
  endfacet
  facet normal 0.368077 0.929726 0.0113407
    outer loop
      vertex 4.54769 13.9963 54.9376
      vertex 4.87757 13.5918 77.3923
      vertex 4.76166 13.9142 54.7236
    endloop
  endfacet
  facet normal 0.368113 0.929712 0.0113405
    outer loop
      vertex 5.03174 13.163 107.546
      vertex 4.44197 13.671 85.0433
      vertex 4.36529 13.435 106.88
    endloop
  endfacet
  facet normal 0.368208 0.929674 0.0113372
    outer loop
      vertex 4.44197 13.671 85.0433
      vertex 5.03174 13.163 107.546
      vertex 4.91427 13.4897 84.571
    endloop
  endfacet
  facet normal 0.368128 0.929706 0.0113395
    outer loop
      vertex 5.18592 12.7341 137.701
      vertex 4.33625 13.3456 115.149
      vertex 4.26031 13.1119 136.775
    endloop
  endfacet
  facet normal 0.368143 0.9297 0.0113387
    outer loop
      vertex 4.33625 13.3456 115.149
      vertex 5.18592 12.7341 137.701
      vertex 5.06688 13.0652 114.418
    endloop
  endfacet
  facet normal 0.368077 0.929726 0.0113387
    outer loop
      vertex 5.3401 12.3053 167.855
      vertex 4.23053 13.0202 145.255
      vertex 4.15533 12.7888 166.67
    endloop
  endfacet
  facet normal 0.368103 0.929716 0.0113371
    outer loop
      vertex 4.23053 13.0202 145.255
      vertex 5.3401 12.3053 167.855
      vertex 5.21949 12.6407 144.266
    endloop
  endfacet
  facet normal 0.587804 -0.808924 0.0113405
    outer loop
      vertex 8.06653 -12.3552 50.5812
      vertex 7.91302 -12.4689 50.4277
      vertex 8.0374 -12.6649 30
    endloop
  endfacet
  facet normal 0.587752 -0.808962 0.0113403
    outer loop
      vertex 7.17086 -11.2995 172.314
      vertex 8.28651 -10.0167 206
      vertex 6.96575 -10.9763 206
    endloop
  endfacet
  facet normal 0.587755 -0.80896 0.0113402
    outer loop
      vertex 8.28651 -10.0167 206
      vertex 7.17086 -11.2995 172.314
      vertex 8.23732 -10.5396 171.248
    endloop
  endfacet
  facet normal 0.587707 -0.808995 0.011342
    outer loop
      vertex 7.90601 -12.4579 51.5793
      vertex 8.10905 -11.9032 80.6238
      vertex 7.73146 -12.1828 80.2462
    endloop
  endfacet
  facet normal 0.587675 -0.809018 0.0113426
    outer loop
      vertex 8.10905 -11.9032 80.6238
      vertex 7.90601 -12.4579 51.5793
      vertex 8.06772 -12.3427 51.4176
    endloop
  endfacet
  facet normal 0.587765 -0.808952 0.011342
    outer loop
      vertex 7.72222 -12.1683 81.7631
      vertex 8.15158 -11.4511 110.666
      vertex 7.54989 -11.8967 110.065
    endloop
  endfacet
  facet normal 0.587765 -0.808952 0.011342
    outer loop
      vertex 8.15158 -11.4511 110.666
      vertex 7.72222 -12.1683 81.7631
      vertex 8.11012 -11.8919 81.3752
    endloop
  endfacet
  facet normal 0.587723 -0.808983 0.0113424
    outer loop
      vertex 7.53843 -11.8787 111.947
      vertex 8.1941 -10.9991 140.709
      vertex 7.36833 -11.6106 139.883
    endloop
  endfacet
  facet normal 0.587786 -0.808937 0.0113395
    outer loop
      vertex 8.1941 -10.9991 140.709
      vertex 7.53843 -11.8787 111.947
      vertex 8.15252 -11.4411 111.333
    endloop
  endfacet
  facet normal 0.587706 -0.808995 0.0113427
    outer loop
      vertex 7.35464 -11.5891 142.131
      vertex 8.23662 -10.5471 170.751
      vertex 7.18677 -11.3245 169.701
    endloop
  endfacet
  facet normal 0.587803 -0.808925 0.0113372
    outer loop
      vertex 8.23662 -10.5471 170.751
      vertex 7.35464 -11.5891 142.131
      vertex 8.19492 -10.9903 141.29
    endloop
  endfacet
  facet normal -0.684513 0.728912 0.0113404
    outer loop
      vertex -8.28651 10.0167 206
      vertex -10.9345 10.2682 30
      vertex -9.47659 8.89911 206
    endloop
  endfacet
  facet normal -0.248418 -0.968586 0.0113403
    outer loop
      vertex -2.77816 -14.5636 45.2929
      vertex -2.9165 -14.5265 45.4312
      vertex -2.81072 -14.7343 30
    endloop
  endfacet
  facet normal -0.248675 -0.968521 0.0113424
    outer loop
      vertex -4.01722 -12.3637 206
      vertex -2.49773 -13.0936 176.988
      vertex -2.43596 -12.7697 206
    endloop
  endfacet
  facet normal -0.248673 -0.968521 0.0113425
    outer loop
      vertex -2.49773 -13.0936 176.988
      vertex -4.01722 -12.3637 206
      vertex -3.80935 -12.7722 175.676
    endloop
  endfacet
  facet normal -0.248566 -0.968549 0.0113418
    outer loop
      vertex -3.12358 -14.1196 75.6383
      vertex -2.7538 -14.4359 56.7315
      vertex -2.71441 -14.2294 75.2291
    endloop
  endfacet
  facet normal -0.24848 -0.968571 0.0113438
    outer loop
      vertex -2.7538 -14.4359 56.7315
      vertex -3.12358 -14.1196 75.6383
      vertex -2.99233 -14.3775 56.493
    endloop
  endfacet
  facet normal -0.248741 -0.968504 0.0113379
    outer loop
      vertex -3.33065 -13.7127 105.845
      vertex -2.68978 -14.1003 86.7955
      vertex -2.65067 -13.8953 105.165
    endloop
  endfacet
  facet normal -0.248687 -0.968518 0.01134
    outer loop
      vertex -2.68978 -14.1003 86.7955
      vertex -3.33065 -13.7127 105.845
      vertex -3.19659 -13.9761 86.2887
    endloop
  endfacet
  facet normal -0.248625 -0.968533 0.0113447
    outer loop
      vertex -3.53772 -13.3059 136.052
      vertex -2.62577 -13.7648 116.86
      vertex -2.58692 -13.5611 135.102
    endloop
  endfacet
  facet normal -0.248767 -0.968497 0.011337
    outer loop
      vertex -2.62577 -13.7648 116.86
      vertex -3.53772 -13.3059 136.052
      vertex -3.40084 -13.5748 116.084
    endloop
  endfacet
  facet normal -0.2487 -0.968514 0.0113407
    outer loop
      vertex -3.74479 -12.899 166.26
      vertex -2.56175 -13.4292 146.924
      vertex -2.52318 -13.227 165.038
    endloop
  endfacet
  facet normal -0.248709 -0.968512 0.0113401
    outer loop
      vertex -2.56175 -13.4292 146.924
      vertex -3.74479 -12.899 166.26
      vertex -3.60509 -13.1735 145.88
    endloop
  endfacet
  facet normal -0.24872 -0.968509 0.0113405
    outer loop
      vertex -4.63525 -14.2658 30
      vertex -2.9165 -14.5265 45.4312
      vertex -4.57524 -14.0811 47.09
    endloop
  endfacet
  facet normal -0.248694 -0.968516 0.0113375
    outer loop
      vertex -2.9165 -14.5265 45.4312
      vertex -4.63525 -14.2658 30
      vertex -2.81072 -14.7343 30
    endloop
  endfacet
  facet normal -0.248686 -0.968518 0.0113423
    outer loop
      vertex -4.01722 -12.3637 206
      vertex -4.12481 -12.6949 175.36
      vertex -3.80935 -12.7722 175.676
    endloop
  endfacet
  facet normal -0.248647 -0.968528 0.0113421
    outer loop
      vertex -4.47026 -13.7581 76.985
      vertex -2.99233 -14.3775 56.493
      vertex -3.12358 -14.1196 75.6383
    endloop
  endfacet
  facet normal -0.248708 -0.968512 0.0113373
    outer loop
      vertex -2.99233 -14.3775 56.493
      vertex -4.47026 -13.7581 76.985
      vertex -4.54769 -13.9963 54.9376
    endloop
  endfacet
  facet normal -0.248613 -0.968537 0.0113408
    outer loop
      vertex -4.36529 -13.435 106.88
      vertex -3.19659 -13.9761 86.2887
      vertex -3.33065 -13.7127 105.845
    endloop
  endfacet
  facet normal -0.248618 -0.968535 0.0113405
    outer loop
      vertex -3.19659 -13.9761 86.2887
      vertex -4.36529 -13.435 106.88
      vertex -4.44197 -13.671 85.0433
    endloop
  endfacet
  facet normal -0.248682 -0.968519 0.0113379
    outer loop
      vertex -4.26031 -13.1119 136.775
      vertex -3.40084 -13.5748 116.084
      vertex -3.53772 -13.3059 136.052
    endloop
  endfacet
  facet normal -0.248649 -0.968527 0.0113395
    outer loop
      vertex -3.40084 -13.5748 116.084
      vertex -4.26031 -13.1119 136.775
      vertex -4.33625 -13.3456 115.149
    endloop
  endfacet
  facet normal -0.248653 -0.968526 0.0113407
    outer loop
      vertex -4.15533 -12.7888 166.67
      vertex -3.60509 -13.1735 145.88
      vertex -3.74479 -12.899 166.26
    endloop
  endfacet
  facet normal -0.248719 -0.968509 0.0113386
    outer loop
      vertex -3.60509 -13.1735 145.88
      vertex -4.15533 -12.7888 166.67
      vertex -4.23053 -13.0202 145.255
    endloop
  endfacet
  facet normal -0.904771 0.425748 0.0113404
    outer loop
      vertex -11.392 6.2628 206
      vertex -13.1446 7.22631 30
      vertex -12.0871 4.78562 206
    endloop
  endfacet
  facet normal -0.844284 -0.535776 0.0113408
    outer loop
      vertex -10.5172 -7.64121 206
      vertex -13.1446 -7.22631 30
      vertex -12.1353 -8.81678 30
    endloop
  endfacet
  facet normal -0.770468 -0.637377 0.0113408
    outer loop
      vertex -10.5172 -7.64121 206
      vertex -12.1353 -8.81678 30
      vertex -9.47659 -8.89911 206
    endloop
  endfacet
  facet normal -0.844284 0.535776 0.0113408
    outer loop
      vertex -12.1353 8.81678 30
      vertex -13.1446 7.22631 30
      vertex -10.5172 7.64121 206
    endloop
  endfacet
  facet normal -0.770468 0.637377 0.0113408
    outer loop
      vertex -9.47659 8.89911 206
      vertex -12.1353 8.81678 30
      vertex -10.5172 7.64121 206
    endloop
  endfacet
  facet normal -0.248418 0.968586 0.0113403
    outer loop
      vertex -2.81072 14.7343 30
      vertex -2.9165 14.5265 45.4312
      vertex -2.77816 14.5636 45.2929
    endloop
  endfacet
  facet normal -0.248675 0.968521 0.0113424
    outer loop
      vertex -2.49773 13.0936 176.988
      vertex -4.01722 12.3637 206
      vertex -2.43596 12.7697 206
    endloop
  endfacet
  facet normal -0.248673 0.968521 0.0113425
    outer loop
      vertex -4.01722 12.3637 206
      vertex -2.49773 13.0936 176.988
      vertex -3.80935 12.7722 175.676
    endloop
  endfacet
  facet normal -0.248566 0.968549 0.0113418
    outer loop
      vertex -2.7538 14.4359 56.7315
      vertex -3.12358 14.1196 75.6383
      vertex -2.71441 14.2294 75.2291
    endloop
  endfacet
  facet normal -0.24848 0.968571 0.0113438
    outer loop
      vertex -3.12358 14.1196 75.6383
      vertex -2.7538 14.4359 56.7315
      vertex -2.99233 14.3775 56.493
    endloop
  endfacet
  facet normal -0.248741 0.968504 0.0113379
    outer loop
      vertex -2.68978 14.1003 86.7955
      vertex -3.33065 13.7127 105.845
      vertex -2.65067 13.8953 105.165
    endloop
  endfacet
  facet normal -0.248687 0.968518 0.01134
    outer loop
      vertex -3.33065 13.7127 105.845
      vertex -2.68978 14.1003 86.7955
      vertex -3.19659 13.9761 86.2887
    endloop
  endfacet
  facet normal -0.248625 0.968533 0.0113447
    outer loop
      vertex -2.62577 13.7648 116.86
      vertex -3.53772 13.3059 136.052
      vertex -2.58692 13.5611 135.102
    endloop
  endfacet
  facet normal -0.248767 0.968497 0.011337
    outer loop
      vertex -3.53772 13.3059 136.052
      vertex -2.62577 13.7648 116.86
      vertex -3.40084 13.5748 116.084
    endloop
  endfacet
  facet normal -0.2487 0.968514 0.0113407
    outer loop
      vertex -2.56175 13.4292 146.924
      vertex -3.74479 12.899 166.26
      vertex -2.52318 13.227 165.038
    endloop
  endfacet
  facet normal -0.248709 0.968512 0.0113401
    outer loop
      vertex -3.74479 12.899 166.26
      vertex -2.56175 13.4292 146.924
      vertex -3.60509 13.1735 145.88
    endloop
  endfacet
  facet normal -0.125527 -0.992025 0.0113403
    outer loop
      vertex -2.77816 -14.5636 45.2929
      vertex -2.81072 -14.7343 30
      vertex -2.639 -14.5828 45.1537
    endloop
  endfacet
  facet normal -0.125317 -0.992052 0.0113414
    outer loop
      vertex -2.43596 -12.7697 206
      vertex -2 -12.8705 202
      vertex -0.816277 -12.9743 206
    endloop
  endfacet
  facet normal -0.125308 -0.992053 0.0113424
    outer loop
      vertex -2.49773 -13.0936 176.988
      vertex -2 -12.8705 202
      vertex -2.43596 -12.7697 206
    endloop
  endfacet
  facet normal -0.125334 -0.99205 0.0113429
    outer loop
      vertex -2 -12.8705 202
      vertex -2.49773 -13.0936 176.988
      vertex -2 -13.1508 177.485
    endloop
  endfacet
  facet normal -0.125314 -0.992052 0.0113406
    outer loop
      vertex -0.816277 -12.9743 206
      vertex -2 -12.8705 202
      vertex -0.861605 -13.0143 202
    endloop
  endfacet
  facet normal -0.125277 -0.992057 0.0113454
    outer loop
      vertex -2.65067 -13.8953 105.165
      vertex -2 -14.0189 101.542
      vertex -2 -13.9849 104.515
    endloop
  endfacet
  facet normal -0.125318 -0.992052 0.0113379
    outer loop
      vertex -2.68978 -14.1003 86.7955
      vertex -2 -14.0189 101.542
      vertex -2.65067 -13.8953 105.165
    endloop
  endfacet
  facet normal -0.125436 -0.992037 0.0113434
    outer loop
      vertex -2 -14.0189 101.542
      vertex -2.68978 -14.1003 86.7955
      vertex -2.16112 -14.1611 87.3242
    endloop
  endfacet
  facet normal -0.12533 -0.99205 0.0113423
    outer loop
      vertex -2.71441 -14.2294 75.2291
      vertex -2.50498 -14.4645 56.9803
      vertex -2.30284 -14.2861 74.8176
    endloop
  endfacet
  facet normal -0.125369 -0.992045 0.0113418
    outer loop
      vertex -2.50498 -14.4645 56.9803
      vertex -2.71441 -14.2294 75.2291
      vertex -2.7538 -14.4359 56.7315
    endloop
  endfacet
  facet normal -0.125398 -0.992042 0.0113418
    outer loop
      vertex -2.58692 -13.5611 135.102
      vertex -2 -13.8367 117.485
      vertex -2 -13.642 134.515
    endloop
  endfacet
  facet normal -0.125316 -0.992052 0.0113447
    outer loop
      vertex -2 -13.8367 117.485
      vertex -2.58692 -13.5611 135.102
      vertex -2.62577 -13.7648 116.86
    endloop
  endfacet
  facet normal -0.12519 -0.992068 0.0113421
    outer loop
      vertex -2.52318 -13.227 165.038
      vertex -2 -13.4937 147.485
      vertex -2 -13.299 164.515
    endloop
  endfacet
  facet normal -0.125234 -0.992062 0.0113407
    outer loop
      vertex -2 -13.4937 147.485
      vertex -2.52318 -13.227 165.038
      vertex -2.56175 -13.4292 146.924
    endloop
  endfacet
  facet normal -0.481623 -0.876305 0.0113405
    outer loop
      vertex -7.91302 -12.4689 50.4277
      vertex -8.0374 -12.6649 30
      vertex -7.7493 -12.561 50.264
    endloop
  endfacet
  facet normal -0.481727 -0.876248 0.0113391
    outer loop
      vertex -6.96575 -10.9763 206
      vertex -5.99737 -11.9294 173.488
      vertex -5.53513 -11.7628 206
    endloop
  endfacet
  facet normal -0.481701 -0.876262 0.0113403
    outer loop
      vertex -5.99737 -11.9294 173.488
      vertex -6.96575 -10.9763 206
      vertex -7.17086 -11.2995 172.314
    endloop
  endfacet
  facet normal -0.481716 -0.876254 0.0113415
    outer loop
      vertex -7.73146 -12.1828 80.2462
      vertex -7.72807 -12.5534 51.7572
      vertex -7.32875 -12.4094 79.8435
    endloop
  endfacet
  facet normal -0.481644 -0.876293 0.011342
    outer loop
      vertex -7.72807 -12.5534 51.7572
      vertex -7.73146 -12.1828 80.2462
      vertex -7.90601 -12.4579 51.5793
    endloop
  endfacet
  facet normal -0.481748 -0.876236 0.0113408
    outer loop
      vertex -7.54989 -11.8967 110.065
      vertex -7.29539 -12.3974 82.1899
      vertex -6.90821 -12.2578 109.423
    endloop
  endfacet
  facet normal -0.481679 -0.876274 0.0113421
    outer loop
      vertex -7.29539 -12.3974 82.1899
      vertex -7.54989 -11.8967 110.065
      vertex -7.72222 -12.1683 81.7631
    endloop
  endfacet
  facet normal -0.481762 -0.876229 0.0113405
    outer loop
      vertex -7.36833 -11.6106 139.883
      vertex -6.86272 -12.2414 112.623
      vertex -6.48767 -12.1062 139.002
    endloop
  endfacet
  facet normal -0.481698 -0.876264 0.0113425
    outer loop
      vertex -6.86272 -12.2414 112.623
      vertex -7.36833 -11.6106 139.883
      vertex -7.53843 -11.8787 111.947
    endloop
  endfacet
  facet normal -0.481775 -0.876222 0.0113392
    outer loop
      vertex -7.18677 -11.3245 169.701
      vertex -6.43004 -12.0854 143.055
      vertex -6.06712 -11.9546 168.582
    endloop
  endfacet
  facet normal -0.481692 -0.876267 0.0113428
    outer loop
      vertex -6.43004 -12.0854 143.055
      vertex -7.18677 -11.3245 169.701
      vertex -7.35464 -11.5891 142.131
    endloop
  endfacet
  facet normal 0.706408 0.0444396 0.706408
    outer loop
      vertex 12.8975 1.62933 206
      vertex 10 0 209
      vertex 13 0 206
    endloop
  endfacet
  facet normal 0.484533 -0.515961 0.706408
    outer loop
      vertex 9.47659 -8.89911 206
      vertex 7.28969 -6.84547 209
      vertex 8.28651 -10.0167 206
    endloop
  endfacet
  facet normal -0.484533 -0.515961 0.706408
    outer loop
      vertex -7.28969 -6.84547 209
      vertex -9.47659 -8.89911 206
      vertex -8.28651 -10.0167 206
    endloop
  endfacet
  facet normal 0.597614 0.379272 0.706407
    outer loop
      vertex 10.5172 7.64121 206
      vertex 8.09017 5.87785 209
      vertex 11.392 6.2628 206
    endloop
  endfacet
  facet normal -0.340989 -0.620249 0.706412
    outer loop
      vertex -5.35827 -8.44328 209
      vertex -6.96575 -10.9763 206
      vertex -5.53513 -11.7628 206
    endloop
  endfacet
  facet normal 0.597617 0.379263 0.706409
    outer loop
      vertex 11.392 6.2628 206
      vertex 8.09017 5.87785 209
      vertex 8.76307 4.81754 209
    endloop
  endfacet
  facet normal -0.640441 -0.301365 0.706409
    outer loop
      vertex -8.76307 -4.81754 209
      vertex -12.0871 -4.78562 206
      vertex -11.392 -6.2628 206
    endloop
  endfacet
  facet normal 0.706408 -0.0444396 0.706408
    outer loop
      vertex 13 0 206
      vertex 10 0 209
      vertex 12.8975 -1.62933 206
    endloop
  endfacet
  facet normal -0.26053 -0.658115 0.706406
    outer loop
      vertex -3.09017 -9.51056 209
      vertex -5.53513 -11.7628 206
      vertex -4.01722 -12.3637 206
    endloop
  endfacet
  facet normal -0.706408 0.0444396 0.706408
    outer loop
      vertex -12.8975 1.62933 206
      vertex -13 0 206
      vertex -10 0 209
    endloop
  endfacet
  facet normal -0.484523 -0.515967 0.706411
    outer loop
      vertex -7.28969 -6.84547 209
      vertex -8.28651 -10.0167 206
      vertex -6.37424 -7.70513 209
    endloop
  endfacet
  facet normal -0.67316 0.218726 0.70641
    outer loop
      vertex -9.29776 3.68124 209
      vertex -12.0871 4.78562 206
      vertex -9.68583 2.4869 209
    endloop
  endfacet
  facet normal 0.640442 -0.301362 0.70641
    outer loop
      vertex 9.29776 -3.68124 209
      vertex 8.76307 -4.81754 209
      vertex 12.0871 -4.78562 206
    endloop
  endfacet
  facet normal 0.484523 -0.515967 0.706411
    outer loop
      vertex 7.28969 -6.84547 209
      vertex 6.37424 -7.70513 209
      vertex 8.28651 -10.0167 206
    endloop
  endfacet
  facet normal 0.340983 -0.62025 0.706413
    outer loop
      vertex 5.35827 -8.44328 209
      vertex 4.25779 -9.04827 209
      vertex 5.53513 -11.7628 206
    endloop
  endfacet
  facet normal -0.0887153 -0.702229 0.706402
    outer loop
      vertex -0.627905 -9.98027 209
      vertex -1.87381 -9.82287 209
      vertex -0.816277 -12.9743 206
    endloop
  endfacet
  facet normal -0.0887062 0.702228 0.706404
    outer loop
      vertex -0.816277 12.9743 206
      vertex -2.43596 12.7697 206
      vertex -1.87381 9.82287 209
    endloop
  endfacet
  facet normal 0.176025 0.685571 0.706405
    outer loop
      vertex 2.43596 12.7697 206
      vertex 1.87381 9.82287 209
      vertex 4.01722 12.3637 206
    endloop
  endfacet
  facet normal -0.706408 -0.0444418 0.706409
    outer loop
      vertex -10 0 209
      vertex -12.8975 -1.62933 206
      vertex -9.92115 -1.25333 209
    endloop
  endfacet
  facet normal 0.0887153 0.702229 0.706402
    outer loop
      vertex 0.816277 12.9743 206
      vertex 0.627905 9.98027 209
      vertex 1.87381 9.82287 209
    endloop
  endfacet
  facet normal -0.484533 0.515961 0.706408
    outer loop
      vertex -8.28651 10.0167 206
      vertex -9.47659 8.89911 206
      vertex -7.28969 6.84547 209
    endloop
  endfacet
  facet normal 0.695266 -0.132624 0.70641
    outer loop
      vertex 12.8975 -1.62933 206
      vertex 9.68583 -2.4869 209
      vertex 12.5916 -3.23297 206
    endloop
  endfacet
  facet normal -0.597617 0.379263 0.706409
    outer loop
      vertex -8.09017 5.87785 209
      vertex -11.392 6.2628 206
      vertex -8.76307 4.81754 209
    endloop
  endfacet
  facet normal 0.484523 0.515967 0.706411
    outer loop
      vertex 8.28651 10.0167 206
      vertex 6.37424 7.70513 209
      vertex 7.28969 6.84547 209
    endloop
  endfacet
  facet normal 0.597614 -0.379272 0.706407
    outer loop
      vertex 11.392 -6.2628 206
      vertex 8.09017 -5.87785 209
      vertex 10.5172 -7.64121 206
    endloop
  endfacet
  facet normal -0.260557 0.658096 0.706413
    outer loop
      vertex -3.09017 9.51056 209
      vertex -5.53513 11.7628 206
      vertex -4.25779 9.04827 209
    endloop
  endfacet
  facet normal 0.416037 0.572623 0.706411
    outer loop
      vertex 8.28651 10.0167 206
      vertex 5.35827 8.44328 209
      vertex 6.37424 7.70513 209
    endloop
  endfacet
  facet normal 0.416039 0.572621 0.706411
    outer loop
      vertex 6.96575 10.9763 206
      vertex 5.35827 8.44328 209
      vertex 8.28651 10.0167 206
    endloop
  endfacet
  facet normal 0.260557 -0.658096 0.706413
    outer loop
      vertex 4.25779 -9.04827 209
      vertex 3.09017 -9.51056 209
      vertex 5.53513 -11.7628 206
    endloop
  endfacet
  facet normal -0.706408 -0.0444396 0.706408
    outer loop
      vertex -10 0 209
      vertex -13 0 206
      vertex -12.8975 -1.62933 206
    endloop
  endfacet
  facet normal 0.26053 0.658115 0.706406
    outer loop
      vertex 4.01722 12.3637 206
      vertex 3.09017 9.51056 209
      vertex 5.53513 11.7628 206
    endloop
  endfacet
  facet normal -0.545375 -0.451171 0.706407
    outer loop
      vertex -8.09017 -5.87785 209
      vertex -9.47659 -8.89911 206
      vertex -7.28969 -6.84547 209
    endloop
  endfacet
  facet normal 0.0887062 0.702228 0.706404
    outer loop
      vertex 2.43596 12.7697 206
      vertex 0.816277 12.9743 206
      vertex 1.87381 9.82287 209
    endloop
  endfacet
  facet normal 0.640442 0.301362 0.70641
    outer loop
      vertex 12.0871 4.78562 206
      vertex 8.76307 4.81754 209
      vertex 9.29776 3.68124 209
    endloop
  endfacet
  facet normal -0.597614 -0.379272 0.706407
    outer loop
      vertex -8.09017 -5.87785 209
      vertex -11.392 -6.2628 206
      vertex -10.5172 -7.64121 206
    endloop
  endfacet
  facet normal 0.484533 0.515961 0.706408
    outer loop
      vertex 8.28651 10.0167 206
      vertex 7.28969 6.84547 209
      vertex 9.47659 8.89911 206
    endloop
  endfacet
  facet normal -0.597614 0.379272 0.706407
    outer loop
      vertex -10.5172 7.64121 206
      vertex -11.392 6.2628 206
      vertex -8.09017 5.87785 209
    endloop
  endfacet
  facet normal -0.26053 0.658115 0.706406
    outer loop
      vertex -4.01722 12.3637 206
      vertex -5.53513 11.7628 206
      vertex -3.09017 9.51056 209
    endloop
  endfacet
  facet normal 0.340989 -0.620249 0.706412
    outer loop
      vertex 6.96575 -10.9763 206
      vertex 5.35827 -8.44328 209
      vertex 5.53513 -11.7628 206
    endloop
  endfacet
  facet normal -0.484523 0.515967 0.706411
    outer loop
      vertex -6.37424 7.70513 209
      vertex -8.28651 10.0167 206
      vertex -7.28969 6.84547 209
    endloop
  endfacet
  facet normal -0.545377 0.451169 0.706407
    outer loop
      vertex -9.47659 8.89911 206
      vertex -10.5172 7.64121 206
      vertex -8.09017 5.87785 209
    endloop
  endfacet
  facet normal -0.545375 0.451171 0.706407
    outer loop
      vertex -7.28969 6.84547 209
      vertex -9.47659 8.89911 206
      vertex -8.09017 5.87785 209
    endloop
  endfacet
  facet normal -0.545377 -0.451169 0.706407
    outer loop
      vertex -8.09017 -5.87785 209
      vertex -10.5172 -7.64121 206
      vertex -9.47659 -8.89911 206
    endloop
  endfacet
  facet normal -0.416039 0.572621 0.706411
    outer loop
      vertex -6.96575 10.9763 206
      vertex -8.28651 10.0167 206
      vertex -5.35827 8.44328 209
    endloop
  endfacet
  facet normal 0.176025 -0.685571 0.706405
    outer loop
      vertex 4.01722 -12.3637 206
      vertex 1.87381 -9.82287 209
      vertex 2.43596 -12.7697 206
    endloop
  endfacet
  facet normal -0.673159 0.218728 0.70641
    outer loop
      vertex -12.0871 4.78562 206
      vertex -12.5916 3.23297 206
      vertex -9.68583 2.4869 209
    endloop
  endfacet
  facet normal -0.695266 0.132624 0.70641
    outer loop
      vertex -12.5916 3.23297 206
      vertex -12.8975 1.62933 206
      vertex -9.68583 2.4869 209
    endloop
  endfacet
  facet normal 0.260557 0.658096 0.706413
    outer loop
      vertex 5.53513 11.7628 206
      vertex 3.09017 9.51056 209
      vertex 4.25779 9.04827 209
    endloop
  endfacet
  facet normal -0.176025 -0.685571 0.706405
    outer loop
      vertex -1.87381 -9.82287 209
      vertex -4.01722 -12.3637 206
      vertex -2.43596 -12.7697 206
    endloop
  endfacet
  facet normal -0.340983 0.62025 0.706413
    outer loop
      vertex -4.25779 9.04827 209
      vertex -5.53513 11.7628 206
      vertex -5.35827 8.44328 209
    endloop
  endfacet
  facet normal -0.695266 -0.132624 0.70641
    outer loop
      vertex -9.68583 -2.4869 209
      vertex -12.8975 -1.62933 206
      vertex -12.5916 -3.23297 206
    endloop
  endfacet
  facet normal 0.26053 -0.658115 0.706406
    outer loop
      vertex 5.53513 -11.7628 206
      vertex 3.09017 -9.51056 209
      vertex 4.01722 -12.3637 206
    endloop
  endfacet
  facet normal 0.340983 0.62025 0.706413
    outer loop
      vertex 5.53513 11.7628 206
      vertex 4.25779 9.04827 209
      vertex 5.35827 8.44328 209
    endloop
  endfacet
  facet normal 0.416037 -0.572623 0.706411
    outer loop
      vertex 6.37424 -7.70513 209
      vertex 5.35827 -8.44328 209
      vertex 8.28651 -10.0167 206
    endloop
  endfacet
  facet normal 0.340989 0.620249 0.706412
    outer loop
      vertex 5.53513 11.7628 206
      vertex 5.35827 8.44328 209
      vertex 6.96575 10.9763 206
    endloop
  endfacet
  facet normal -0.640441 0.301365 0.706409
    outer loop
      vertex -11.392 6.2628 206
      vertex -12.0871 4.78562 206
      vertex -8.76307 4.81754 209
    endloop
  endfacet
  facet normal -0.340989 0.620249 0.706412
    outer loop
      vertex -5.53513 11.7628 206
      vertex -6.96575 10.9763 206
      vertex -5.35827 8.44328 209
    endloop
  endfacet
  facet normal 0.545377 -0.451169 0.706407
    outer loop
      vertex 10.5172 -7.64121 206
      vertex 8.09017 -5.87785 209
      vertex 9.47659 -8.89911 206
    endloop
  endfacet
  facet normal -0.706408 0.0444418 0.706409
    outer loop
      vertex -9.92115 1.25333 209
      vertex -12.8975 1.62933 206
      vertex -10 0 209
    endloop
  endfacet
  facet normal 0.673159 -0.218728 0.70641
    outer loop
      vertex 12.5916 -3.23297 206
      vertex 9.68583 -2.4869 209
      vertex 12.0871 -4.78562 206
    endloop
  endfacet
  facet normal 0.545377 0.451169 0.706407
    outer loop
      vertex 9.47659 8.89911 206
      vertex 8.09017 5.87785 209
      vertex 10.5172 7.64121 206
    endloop
  endfacet
  facet normal 0.640441 0.301365 0.706409
    outer loop
      vertex 11.392 6.2628 206
      vertex 8.76307 4.81754 209
      vertex 12.0871 4.78562 206
    endloop
  endfacet
  facet normal 0.67316 0.218726 0.70641
    outer loop
      vertex 12.0871 4.78562 206
      vertex 9.29776 3.68124 209
      vertex 9.68583 2.4869 209
    endloop
  endfacet
  facet normal -0.695267 0.132631 0.706409
    outer loop
      vertex -9.68583 2.4869 209
      vertex -12.8975 1.62933 206
      vertex -9.92115 1.25333 209
    endloop
  endfacet
  facet normal 0.545375 0.451171 0.706407
    outer loop
      vertex 9.47659 8.89911 206
      vertex 7.28969 6.84547 209
      vertex 8.09017 5.87785 209
    endloop
  endfacet
  facet normal 0.695267 0.132631 0.706409
    outer loop
      vertex 12.8975 1.62933 206
      vertex 9.68583 2.4869 209
      vertex 9.92115 1.25333 209
    endloop
  endfacet
  facet normal 0 -0.707811 0.706402
    outer loop
      vertex -0.816277 -12.9743 206
      vertex 0.627905 -9.98027 209
      vertex -0.627905 -9.98027 209
    endloop
  endfacet
  facet normal 0 -0.707811 0.706402
    outer loop
      vertex 0.627905 -9.98027 209
      vertex -0.816277 -12.9743 206
      vertex 0.816277 -12.9743 206
    endloop
  endfacet
  facet normal -0.673159 -0.218728 0.70641
    outer loop
      vertex -9.68583 -2.4869 209
      vertex -12.5916 -3.23297 206
      vertex -12.0871 -4.78562 206
    endloop
  endfacet
  facet normal -0.340983 -0.62025 0.706413
    outer loop
      vertex -5.35827 -8.44328 209
      vertex -5.53513 -11.7628 206
      vertex -4.25779 -9.04827 209
    endloop
  endfacet
  facet normal 0.67316 -0.218726 0.70641
    outer loop
      vertex 9.68583 -2.4869 209
      vertex 9.29776 -3.68124 209
      vertex 12.0871 -4.78562 206
    endloop
  endfacet
  facet normal -0.176026 0.685571 0.706405
    outer loop
      vertex -1.87381 9.82287 209
      vertex -4.01722 12.3637 206
      vertex -3.09017 9.51056 209
    endloop
  endfacet
  facet normal -0.176026 -0.685571 0.706405
    outer loop
      vertex -3.09017 -9.51056 209
      vertex -4.01722 -12.3637 206
      vertex -1.87381 -9.82287 209
    endloop
  endfacet
  facet normal 0.695267 -0.132631 0.706409
    outer loop
      vertex 9.92115 -1.25333 209
      vertex 9.68583 -2.4869 209
      vertex 12.8975 -1.62933 206
    endloop
  endfacet
  facet normal 0.706408 -0.0444418 0.706409
    outer loop
      vertex 10 0 209
      vertex 9.92115 -1.25333 209
      vertex 12.8975 -1.62933 206
    endloop
  endfacet
  facet normal 0.545375 -0.451171 0.706407
    outer loop
      vertex 8.09017 -5.87785 209
      vertex 7.28969 -6.84547 209
      vertex 9.47659 -8.89911 206
    endloop
  endfacet
  facet normal -0.416037 0.572623 0.706411
    outer loop
      vertex -5.35827 8.44328 209
      vertex -8.28651 10.0167 206
      vertex -6.37424 7.70513 209
    endloop
  endfacet
  facet normal -0.597617 -0.379263 0.706409
    outer loop
      vertex -8.76307 -4.81754 209
      vertex -11.392 -6.2628 206
      vertex -8.09017 -5.87785 209
    endloop
  endfacet
  facet normal 0.597617 -0.379263 0.706409
    outer loop
      vertex 8.76307 -4.81754 209
      vertex 8.09017 -5.87785 209
      vertex 11.392 -6.2628 206
    endloop
  endfacet
  facet normal -0.176025 0.685571 0.706405
    outer loop
      vertex -2.43596 12.7697 206
      vertex -4.01722 12.3637 206
      vertex -1.87381 9.82287 209
    endloop
  endfacet
  facet normal 0.416039 -0.572621 0.706411
    outer loop
      vertex 8.28651 -10.0167 206
      vertex 5.35827 -8.44328 209
      vertex 6.96575 -10.9763 206
    endloop
  endfacet
  facet normal -0.0887153 0.702229 0.706402
    outer loop
      vertex -0.816277 12.9743 206
      vertex -1.87381 9.82287 209
      vertex -0.627905 9.98027 209
    endloop
  endfacet
  facet normal 0.640441 -0.301365 0.706409
    outer loop
      vertex 12.0871 -4.78562 206
      vertex 8.76307 -4.81754 209
      vertex 11.392 -6.2628 206
    endloop
  endfacet
  facet normal 0.176026 0.685571 0.706405
    outer loop
      vertex 4.01722 12.3637 206
      vertex 1.87381 9.82287 209
      vertex 3.09017 9.51056 209
    endloop
  endfacet
  facet normal -0.695267 -0.132631 0.706409
    outer loop
      vertex -9.92115 -1.25333 209
      vertex -12.8975 -1.62933 206
      vertex -9.68583 -2.4869 209
    endloop
  endfacet
  facet normal -0.416039 -0.572621 0.706411
    outer loop
      vertex -5.35827 -8.44328 209
      vertex -8.28651 -10.0167 206
      vertex -6.96575 -10.9763 206
    endloop
  endfacet
  facet normal -0.640442 0.301362 0.70641
    outer loop
      vertex -8.76307 4.81754 209
      vertex -12.0871 4.78562 206
      vertex -9.29776 3.68124 209
    endloop
  endfacet
  facet normal 0.176026 -0.685571 0.706405
    outer loop
      vertex 3.09017 -9.51056 209
      vertex 1.87381 -9.82287 209
      vertex 4.01722 -12.3637 206
    endloop
  endfacet
  facet normal -0.0887062 -0.702228 0.706404
    outer loop
      vertex -1.87381 -9.82287 209
      vertex -2.43596 -12.7697 206
      vertex -0.816277 -12.9743 206
    endloop
  endfacet
  facet normal 0.673159 0.218728 0.70641
    outer loop
      vertex 12.0871 4.78562 206
      vertex 9.68583 2.4869 209
      vertex 12.5916 3.23297 206
    endloop
  endfacet
  facet normal 0.695266 0.132624 0.70641
    outer loop
      vertex 12.5916 3.23297 206
      vertex 9.68583 2.4869 209
      vertex 12.8975 1.62933 206
    endloop
  endfacet
  facet normal -0.416037 -0.572623 0.706411
    outer loop
      vertex -6.37424 -7.70513 209
      vertex -8.28651 -10.0167 206
      vertex -5.35827 -8.44328 209
    endloop
  endfacet
  facet normal 0.706408 0.0444418 0.706409
    outer loop
      vertex 12.8975 1.62933 206
      vertex 9.92115 1.25333 209
      vertex 10 0 209
    endloop
  endfacet
  facet normal -0.67316 -0.218726 0.70641
    outer loop
      vertex -9.68583 -2.4869 209
      vertex -12.0871 -4.78562 206
      vertex -9.29776 -3.68124 209
    endloop
  endfacet
  facet normal -0.640442 -0.301362 0.70641
    outer loop
      vertex -9.29776 -3.68124 209
      vertex -12.0871 -4.78562 206
      vertex -8.76307 -4.81754 209
    endloop
  endfacet
  facet normal 0.0887062 -0.702228 0.706404
    outer loop
      vertex 1.87381 -9.82287 209
      vertex 0.816277 -12.9743 206
      vertex 2.43596 -12.7697 206
    endloop
  endfacet
  facet normal 0.0887153 -0.702229 0.706402
    outer loop
      vertex 1.87381 -9.82287 209
      vertex 0.627905 -9.98027 209
      vertex 0.816277 -12.9743 206
    endloop
  endfacet
  facet normal 0 0.707811 0.706402
    outer loop
      vertex 0.816277 12.9743 206
      vertex -0.627905 9.98027 209
      vertex 0.627905 9.98027 209
    endloop
  endfacet
  facet normal 0 0.707811 0.706402
    outer loop
      vertex -0.627905 9.98027 209
      vertex 0.816277 12.9743 206
      vertex -0.816277 12.9743 206
    endloop
  endfacet
  facet normal -0.260557 -0.658096 0.706413
    outer loop
      vertex -4.25779 -9.04827 209
      vertex -5.53513 -11.7628 206
      vertex -3.09017 -9.51056 209
    endloop
  endfacet
  facet normal -0.982287 -0.187384 0
    outer loop
      vertex -9.68583 -2.4869 209
      vertex -9.92115 -1.25333 216.817
      vertex -9.92115 -1.25333 209
    endloop
  endfacet
  facet normal -0.982289 -0.187373 -1.81098e-06
    outer loop
      vertex -9.92115 -1.25333 216.817
      vertex -9.68583 -2.4869 209
      vertex -9.88601 -1.43755 216.969
    endloop
  endfacet
  facet normal -0.982285 -0.187391 6.69942e-07
    outer loop
      vertex -9.88601 -1.43755 216.969
      vertex -9.68583 -2.4869 209
      vertex -9.85157 -1.61808 217.161
    endloop
  endfacet
  facet normal -0.982287 -0.187383 -2.36946e-07
    outer loop
      vertex -9.85157 -1.61808 217.161
      vertex -9.68583 -2.4869 209
      vertex -9.822 -1.77309 217.375
    endloop
  endfacet
  facet normal -0.982282 -0.187407 1.88306e-06
    outer loop
      vertex -9.822 -1.77309 217.375
      vertex -9.68583 -2.4869 209
      vertex -9.79776 -1.90014 217.606
    endloop
  endfacet
  facet normal -0.982286 -0.18739 6.32771e-07
    outer loop
      vertex -9.79776 -1.90014 217.606
      vertex -9.68583 -2.4869 209
      vertex -9.77924 -1.99722 217.851
    endloop
  endfacet
  facet normal -0.982287 -0.18738 9.60289e-08
    outer loop
      vertex -9.77924 -1.99722 217.851
      vertex -9.68583 -2.4869 209
      vertex -9.76673 -2.0628 218.107
    endloop
  endfacet
  facet normal -0.982285 -0.187394 0
    outer loop
      vertex -9.76043 -2.09586 218.368
      vertex -9.68583 -2.4869 209
      vertex -9.76043 -2.09586 218.632
    endloop
  endfacet
  facet normal -0.982314 -0.187244 -6.49838e-06
    outer loop
      vertex -9.76673 -2.0628 218.107
      vertex -9.68583 -2.4869 209
      vertex -9.76043 -2.09586 218.368
    endloop
  endfacet
  facet normal -0.982289 -0.187373 1.81098e-06
    outer loop
      vertex -9.68583 -2.4869 228
      vertex -9.92115 -1.25333 220.183
      vertex -9.88601 -1.43755 220.031
    endloop
  endfacet
  facet normal -0.982285 -0.187391 -6.69942e-07
    outer loop
      vertex -9.68583 -2.4869 228
      vertex -9.88601 -1.43755 220.031
      vertex -9.85157 -1.61808 219.839
    endloop
  endfacet
  facet normal -0.982287 -0.187383 2.36946e-07
    outer loop
      vertex -9.68583 -2.4869 228
      vertex -9.85157 -1.61808 219.839
      vertex -9.822 -1.77309 219.625
    endloop
  endfacet
  facet normal -0.982282 -0.187407 -1.88306e-06
    outer loop
      vertex -9.68583 -2.4869 228
      vertex -9.822 -1.77309 219.625
      vertex -9.79776 -1.90014 219.394
    endloop
  endfacet
  facet normal -0.982286 -0.18739 -6.32771e-07
    outer loop
      vertex -9.68583 -2.4869 228
      vertex -9.79776 -1.90014 219.394
      vertex -9.77924 -1.99722 219.149
    endloop
  endfacet
  facet normal -0.982287 -0.18738 -9.60289e-08
    outer loop
      vertex -9.68583 -2.4869 228
      vertex -9.77924 -1.99722 219.149
      vertex -9.76673 -2.0628 218.893
    endloop
  endfacet
  facet normal -0.982314 -0.187244 6.49838e-06
    outer loop
      vertex -9.68583 -2.4869 228
      vertex -9.76673 -2.0628 218.893
      vertex -9.76043 -2.09586 218.632
    endloop
  endfacet
  facet normal -0.982287 -0.187384 0
    outer loop
      vertex -9.92115 -1.25333 220.183
      vertex -9.68583 -2.4869 228
      vertex -9.92115 -1.25333 228
    endloop
  endfacet
  facet normal -0.982285 -0.187394 -0
    outer loop
      vertex -9.68583 -2.4869 228
      vertex -9.76043 -2.09586 218.632
      vertex -9.68583 -2.4869 209
    endloop
  endfacet
  facet normal -0.684545 -0.728971 0
    outer loop
      vertex -7.28969 -6.84547 209
      vertex -6.37424 -7.70513 228
      vertex -7.28969 -6.84547 228
    endloop
  endfacet
  facet normal -0.684545 -0.728971 -0
    outer loop
      vertex -6.37424 -7.70513 228
      vertex -7.28969 -6.84547 209
      vertex -6.37424 -7.70513 209
    endloop
  endfacet
  facet normal 0.982285 0.187394 0
    outer loop
      vertex 9.68583 2.4869 228
      vertex 9.76043 2.09586 218.632
      vertex 9.68583 2.4869 209
    endloop
  endfacet
  facet normal 0.982314 0.187244 6.49838e-06
    outer loop
      vertex 9.68583 2.4869 228
      vertex 9.76673 2.0628 218.893
      vertex 9.76043 2.09586 218.632
    endloop
  endfacet
  facet normal 0.982287 0.18738 -9.60289e-08
    outer loop
      vertex 9.68583 2.4869 228
      vertex 9.77924 1.99722 219.149
      vertex 9.76673 2.0628 218.893
    endloop
  endfacet
  facet normal 0.982286 0.18739 -6.32771e-07
    outer loop
      vertex 9.68583 2.4869 228
      vertex 9.79776 1.90014 219.394
      vertex 9.77924 1.99722 219.149
    endloop
  endfacet
  facet normal 0.982282 0.187407 -1.88306e-06
    outer loop
      vertex 9.68583 2.4869 228
      vertex 9.822 1.77309 219.625
      vertex 9.79776 1.90014 219.394
    endloop
  endfacet
  facet normal 0.982287 0.187383 2.36946e-07
    outer loop
      vertex 9.68583 2.4869 228
      vertex 9.85157 1.61808 219.839
      vertex 9.822 1.77309 219.625
    endloop
  endfacet
  facet normal 0.982285 0.187391 -6.69942e-07
    outer loop
      vertex 9.68583 2.4869 228
      vertex 9.88601 1.43755 220.031
      vertex 9.85157 1.61808 219.839
    endloop
  endfacet
  facet normal 0.982287 0.187384 -0
    outer loop
      vertex 9.92115 1.25333 220.183
      vertex 9.68583 2.4869 228
      vertex 9.92115 1.25333 228
    endloop
  endfacet
  facet normal 0.982289 0.187373 1.81098e-06
    outer loop
      vertex 9.68583 2.4869 228
      vertex 9.92115 1.25333 220.183
      vertex 9.88601 1.43755 220.031
    endloop
  endfacet
  facet normal 0.982285 0.187394 -0
    outer loop
      vertex 9.76043 2.09586 218.368
      vertex 9.68583 2.4869 209
      vertex 9.76043 2.09586 218.632
    endloop
  endfacet
  facet normal 0.982314 0.187244 -6.49838e-06
    outer loop
      vertex 9.76673 2.0628 218.107
      vertex 9.68583 2.4869 209
      vertex 9.76043 2.09586 218.368
    endloop
  endfacet
  facet normal 0.982287 0.18738 9.60289e-08
    outer loop
      vertex 9.77924 1.99722 217.851
      vertex 9.68583 2.4869 209
      vertex 9.76673 2.0628 218.107
    endloop
  endfacet
  facet normal 0.982286 0.18739 6.32771e-07
    outer loop
      vertex 9.79776 1.90014 217.606
      vertex 9.68583 2.4869 209
      vertex 9.77924 1.99722 217.851
    endloop
  endfacet
  facet normal 0.982282 0.187407 1.88306e-06
    outer loop
      vertex 9.822 1.77309 217.375
      vertex 9.68583 2.4869 209
      vertex 9.79776 1.90014 217.606
    endloop
  endfacet
  facet normal 0.982287 0.187383 -2.36946e-07
    outer loop
      vertex 9.85157 1.61808 217.161
      vertex 9.68583 2.4869 209
      vertex 9.822 1.77309 217.375
    endloop
  endfacet
  facet normal 0.982285 0.187391 6.69942e-07
    outer loop
      vertex 9.88601 1.43755 216.969
      vertex 9.68583 2.4869 209
      vertex 9.85157 1.61808 217.161
    endloop
  endfacet
  facet normal 0.982289 0.187373 -1.81098e-06
    outer loop
      vertex 9.92115 1.25333 216.817
      vertex 9.68583 2.4869 209
      vertex 9.88601 1.43755 216.969
    endloop
  endfacet
  facet normal 0.982287 0.187384 0
    outer loop
      vertex 9.68583 2.4869 209
      vertex 9.92115 1.25333 216.817
      vertex 9.92115 1.25333 209
    endloop
  endfacet
  facet normal 0.99804 0.0625747 0
    outer loop
      vertex 9.92234 1.23435 216.801
      vertex 9.92115 1.25333 209
      vertex 9.92115 1.25333 216.817
    endloop
  endfacet
  facet normal 0.998027 0.0627937 5.34947e-07
    outer loop
      vertex 9.93635 1.01168 216.66
      vertex 9.92115 1.25333 209
      vertex 9.92234 1.23435 216.801
    endloop
  endfacet
  facet normal 0.998027 0.0627795 8.48399e-08
    outer loop
      vertex 9.95136 0.773061 216.547
      vertex 9.92115 1.25333 209
      vertex 9.93635 1.01168 216.66
    endloop
  endfacet
  facet normal 0.998027 0.062791 8.18394e-07
    outer loop
      vertex 9.96714 0.522248 216.466
      vertex 9.92115 1.25333 209
      vertex 9.95136 0.773061 216.547
    endloop
  endfacet
  facet normal 0.998026 0.062798 1.50629e-06
    outer loop
      vertex 9.98344 0.263199 216.417
      vertex 9.92115 1.25333 209
      vertex 9.96714 0.522248 216.466
    endloop
  endfacet
  facet normal 0.998027 0.062794 -0
    outer loop
      vertex 10 0 209
      vertex 9.98344 0.263199 216.417
      vertex 10 0 216.4
    endloop
  endfacet
  facet normal 0.998027 0.0627883 2.04379e-07
    outer loop
      vertex 9.98344 0.263199 216.417
      vertex 10 0 209
      vertex 9.92115 1.25333 209
    endloop
  endfacet
  facet normal 0.99804 0.0625747 0
    outer loop
      vertex 9.92115 1.25333 228
      vertex 9.92234 1.23435 220.199
      vertex 9.92115 1.25333 220.183
    endloop
  endfacet
  facet normal 0.998027 0.0627937 -5.34947e-07
    outer loop
      vertex 9.92115 1.25333 228
      vertex 9.93635 1.01168 220.34
      vertex 9.92234 1.23435 220.199
    endloop
  endfacet
  facet normal 0.998027 0.0627795 -8.48399e-08
    outer loop
      vertex 9.92115 1.25333 228
      vertex 9.95136 0.773061 220.453
      vertex 9.93635 1.01168 220.34
    endloop
  endfacet
  facet normal 0.998027 0.062791 -8.18394e-07
    outer loop
      vertex 9.92115 1.25333 228
      vertex 9.96714 0.522248 220.534
      vertex 9.95136 0.773061 220.453
    endloop
  endfacet
  facet normal 0.998026 0.062798 -1.50629e-06
    outer loop
      vertex 9.92115 1.25333 228
      vertex 9.98344 0.263199 220.583
      vertex 9.96714 0.522248 220.534
    endloop
  endfacet
  facet normal 0.998027 0.0627883 -2.04379e-07
    outer loop
      vertex 10 0 228
      vertex 9.98344 0.263199 220.583
      vertex 9.92115 1.25333 228
    endloop
  endfacet
  facet normal 0.998027 0.062794 0
    outer loop
      vertex 9.98344 0.263199 220.583
      vertex 10 0 228
      vertex 10 0 220.6
    endloop
  endfacet
  facet normal 0.951055 0.309021 0
    outer loop
      vertex 9.68583 2.4869 228
      vertex 9.29776 3.68124 209
      vertex 9.29776 3.68124 228
    endloop
  endfacet
  facet normal 0.951055 0.309021 0
    outer loop
      vertex 9.29776 3.68124 209
      vertex 9.68583 2.4869 228
      vertex 9.68583 2.4869 209
    endloop
  endfacet
  facet normal 0.248691 0.968583 -0
    outer loop
      vertex 3.09017 9.51056 209
      vertex 1.87381 9.82287 228
      vertex 3.09017 9.51056 228
    endloop
  endfacet
  facet normal 0.248691 0.968583 0
    outer loop
      vertex 1.87381 9.82287 228
      vertex 3.09017 9.51056 209
      vertex 1.87381 9.82287 209
    endloop
  endfacet
  facet normal 0.368122 0.929777 -0
    outer loop
      vertex 4.25779 9.04827 209
      vertex 3.09017 9.51056 228
      vertex 4.25779 9.04827 228
    endloop
  endfacet
  facet normal 0.368122 0.929777 0
    outer loop
      vertex 3.09017 9.51056 228
      vertex 4.25779 9.04827 209
      vertex 3.09017 9.51056 209
    endloop
  endfacet
  facet normal 0.904831 -0.425771 0
    outer loop
      vertex 8.76307 -4.81754 228
      vertex 9.29776 -3.68124 209
      vertex 9.29776 -3.68124 228
    endloop
  endfacet
  facet normal 0.904831 -0.425771 0
    outer loop
      vertex 9.29776 -3.68124 209
      vertex 8.76307 -4.81754 228
      vertex 8.76307 -4.81754 209
    endloop
  endfacet
  facet normal -0.481751 -0.876308 0
    outer loop
      vertex -5.35827 -8.44328 209
      vertex -4.25779 -9.04827 228
      vertex -5.35827 -8.44328 228
    endloop
  endfacet
  facet normal -0.481751 -0.876308 -0
    outer loop
      vertex -4.25779 -9.04827 228
      vertex -5.35827 -8.44328 209
      vertex -4.25779 -9.04827 209
    endloop
  endfacet
  facet normal 0.248691 -0.968583 0
    outer loop
      vertex 1.87381 -9.82287 209
      vertex 3.09017 -9.51056 228
      vertex 1.87381 -9.82287 228
    endloop
  endfacet
  facet normal 0.248691 -0.968583 0
    outer loop
      vertex 3.09017 -9.51056 228
      vertex 1.87381 -9.82287 209
      vertex 3.09017 -9.51056 209
    endloop
  endfacet
  facet normal 0.844325 0.535831 0
    outer loop
      vertex 8.76307 4.81754 228
      vertex 8.09017 5.87785 209
      vertex 8.09017 5.87785 228
    endloop
  endfacet
  facet normal 0.844325 0.535831 0
    outer loop
      vertex 8.09017 5.87785 209
      vertex 8.76307 4.81754 228
      vertex 8.76307 4.81754 209
    endloop
  endfacet
  facet normal 0.904831 0.425771 0
    outer loop
      vertex 9.29776 3.68124 228
      vertex 8.76307 4.81754 209
      vertex 8.76307 4.81754 228
    endloop
  endfacet
  facet normal 0.904831 0.425771 0
    outer loop
      vertex 8.76307 4.81754 209
      vertex 9.29776 3.68124 228
      vertex 9.29776 3.68124 209
    endloop
  endfacet
  facet normal -0.125338 0.992114 0
    outer loop
      vertex -0.627905 9.98027 209
      vertex -1.87381 9.82287 228
      vertex -0.627905 9.98027 228
    endloop
  endfacet
  facet normal -0.125338 0.992114 0
    outer loop
      vertex -1.87381 9.82287 228
      vertex -0.627905 9.98027 209
      vertex -1.87381 9.82287 209
    endloop
  endfacet
  facet normal 0.951055 -0.309021 0
    outer loop
      vertex 9.29776 -3.68124 228
      vertex 9.68583 -2.4869 209
      vertex 9.68583 -2.4869 228
    endloop
  endfacet
  facet normal 0.951055 -0.309021 0
    outer loop
      vertex 9.68583 -2.4869 209
      vertex 9.29776 -3.68124 228
      vertex 9.29776 -3.68124 209
    endloop
  endfacet
  facet normal -0.684545 0.728971 0
    outer loop
      vertex -6.37424 7.70513 209
      vertex -7.28969 6.84547 228
      vertex -6.37424 7.70513 228
    endloop
  endfacet
  facet normal -0.684545 0.728971 0
    outer loop
      vertex -7.28969 6.84547 228
      vertex -6.37424 7.70513 209
      vertex -7.28969 6.84547 209
    endloop
  endfacet
  facet normal -0.951055 0.309021 0
    outer loop
      vertex -9.68583 2.4869 209
      vertex -9.29776 3.68124 228
      vertex -9.29776 3.68124 209
    endloop
  endfacet
  facet normal -0.951055 0.309021 0
    outer loop
      vertex -9.29776 3.68124 228
      vertex -9.68583 2.4869 209
      vertex -9.68583 2.4869 228
    endloop
  endfacet
  facet normal -0.998027 -0.062794 0
    outer loop
      vertex -10 0 209
      vertex -9.98344 -0.263199 216.417
      vertex -10 0 216.4
    endloop
  endfacet
  facet normal -0.998027 -0.0627883 2.04379e-07
    outer loop
      vertex -9.92115 -1.25333 209
      vertex -9.98344 -0.263199 216.417
      vertex -10 0 209
    endloop
  endfacet
  facet normal -0.998026 -0.062798 1.50629e-06
    outer loop
      vertex -9.98344 -0.263199 216.417
      vertex -9.92115 -1.25333 209
      vertex -9.96714 -0.522248 216.466
    endloop
  endfacet
  facet normal -0.998027 -0.062791 8.18394e-07
    outer loop
      vertex -9.96714 -0.522248 216.466
      vertex -9.92115 -1.25333 209
      vertex -9.95136 -0.773061 216.547
    endloop
  endfacet
  facet normal -0.998027 -0.0627795 8.48399e-08
    outer loop
      vertex -9.95136 -0.773061 216.547
      vertex -9.92115 -1.25333 209
      vertex -9.93635 -1.01168 216.66
    endloop
  endfacet
  facet normal -0.998027 -0.0627937 5.34947e-07
    outer loop
      vertex -9.93635 -1.01168 216.66
      vertex -9.92115 -1.25333 209
      vertex -9.92234 -1.23435 216.801
    endloop
  endfacet
  facet normal -0.99804 -0.0625747 0
    outer loop
      vertex -9.92234 -1.23435 216.801
      vertex -9.92115 -1.25333 209
      vertex -9.92115 -1.25333 216.817
    endloop
  endfacet
  facet normal -0.998027 -0.062794 0
    outer loop
      vertex -9.98344 -0.263199 220.583
      vertex -10 0 228
      vertex -10 0 220.6
    endloop
  endfacet
  facet normal -0.998026 -0.062798 -1.50629e-06
    outer loop
      vertex -9.92115 -1.25333 228
      vertex -9.98344 -0.263199 220.583
      vertex -9.96714 -0.522248 220.534
    endloop
  endfacet
  facet normal -0.998027 -0.062791 -8.18394e-07
    outer loop
      vertex -9.92115 -1.25333 228
      vertex -9.96714 -0.522248 220.534
      vertex -9.95136 -0.773061 220.453
    endloop
  endfacet
  facet normal -0.998027 -0.0627795 -8.48399e-08
    outer loop
      vertex -9.92115 -1.25333 228
      vertex -9.95136 -0.773061 220.453
      vertex -9.93635 -1.01168 220.34
    endloop
  endfacet
  facet normal -0.998027 -0.0627937 -5.34947e-07
    outer loop
      vertex -9.92115 -1.25333 228
      vertex -9.93635 -1.01168 220.34
      vertex -9.92234 -1.23435 220.199
    endloop
  endfacet
  facet normal -0.99804 -0.0625747 -0
    outer loop
      vertex -9.92115 -1.25333 228
      vertex -9.92234 -1.23435 220.199
      vertex -9.92115 -1.25333 220.183
    endloop
  endfacet
  facet normal -0.998027 -0.0627883 -2.04379e-07
    outer loop
      vertex -9.98344 -0.263199 220.583
      vertex -9.92115 -1.25333 228
      vertex -10 0 228
    endloop
  endfacet
  facet normal 0.844325 -0.535831 0
    outer loop
      vertex 8.09017 -5.87785 228
      vertex 8.76307 -4.81754 209
      vertex 8.76307 -4.81754 228
    endloop
  endfacet
  facet normal 0.844325 -0.535831 0
    outer loop
      vertex 8.76307 -4.81754 209
      vertex 8.09017 -5.87785 228
      vertex 8.09017 -5.87785 209
    endloop
  endfacet
  facet normal 0.125338 -0.992114 0
    outer loop
      vertex 0.627905 -9.98027 209
      vertex 1.87381 -9.82287 228
      vertex 0.627905 -9.98027 228
    endloop
  endfacet
  facet normal 0.125338 -0.992114 0
    outer loop
      vertex 1.87381 -9.82287 228
      vertex 0.627905 -9.98027 209
      vertex 1.87381 -9.82287 209
    endloop
  endfacet
  facet normal 0.998027 -0.062794 0
    outer loop
      vertex 9.98344 -0.263199 216.417
      vertex 10 0 209
      vertex 10 0 216.4
    endloop
  endfacet
  facet normal 0.998026 -0.062798 1.50629e-06
    outer loop
      vertex 9.92115 -1.25333 209
      vertex 9.98344 -0.263199 216.417
      vertex 9.96714 -0.522248 216.466
    endloop
  endfacet
  facet normal 0.998027 -0.062791 8.18394e-07
    outer loop
      vertex 9.92115 -1.25333 209
      vertex 9.96714 -0.522248 216.466
      vertex 9.95136 -0.773061 216.547
    endloop
  endfacet
  facet normal 0.998027 -0.0627795 8.48399e-08
    outer loop
      vertex 9.92115 -1.25333 209
      vertex 9.95136 -0.773061 216.547
      vertex 9.93635 -1.01168 216.66
    endloop
  endfacet
  facet normal 0.998027 -0.0627937 5.34947e-07
    outer loop
      vertex 9.92115 -1.25333 209
      vertex 9.93635 -1.01168 216.66
      vertex 9.92234 -1.23435 216.801
    endloop
  endfacet
  facet normal 0.99804 -0.0625747 0
    outer loop
      vertex 9.92115 -1.25333 209
      vertex 9.92234 -1.23435 216.801
      vertex 9.92115 -1.25333 216.817
    endloop
  endfacet
  facet normal 0.998027 -0.0627883 2.04379e-07
    outer loop
      vertex 9.98344 -0.263199 216.417
      vertex 9.92115 -1.25333 209
      vertex 10 0 209
    endloop
  endfacet
  facet normal 0.998027 -0.062794 0
    outer loop
      vertex 10 0 228
      vertex 9.98344 -0.263199 220.583
      vertex 10 0 220.6
    endloop
  endfacet
  facet normal 0.998027 -0.0627883 -2.04379e-07
    outer loop
      vertex 9.92115 -1.25333 228
      vertex 9.98344 -0.263199 220.583
      vertex 10 0 228
    endloop
  endfacet
  facet normal 0.998026 -0.062798 -1.50629e-06
    outer loop
      vertex 9.98344 -0.263199 220.583
      vertex 9.92115 -1.25333 228
      vertex 9.96714 -0.522248 220.534
    endloop
  endfacet
  facet normal 0.998027 -0.062791 -8.18394e-07
    outer loop
      vertex 9.96714 -0.522248 220.534
      vertex 9.92115 -1.25333 228
      vertex 9.95136 -0.773061 220.453
    endloop
  endfacet
  facet normal 0.998027 -0.0627795 -8.48399e-08
    outer loop
      vertex 9.95136 -0.773061 220.453
      vertex 9.92115 -1.25333 228
      vertex 9.93635 -1.01168 220.34
    endloop
  endfacet
  facet normal 0.998027 -0.0627937 -5.34947e-07
    outer loop
      vertex 9.93635 -1.01168 220.34
      vertex 9.92115 -1.25333 228
      vertex 9.92234 -1.23435 220.199
    endloop
  endfacet
  facet normal 0.99804 -0.0625747 0
    outer loop
      vertex 9.92234 -1.23435 220.199
      vertex 9.92115 -1.25333 228
      vertex 9.92115 -1.25333 220.183
    endloop
  endfacet
  facet normal 0.684545 0.728971 -0
    outer loop
      vertex 7.28969 6.84547 209
      vertex 6.37424 7.70513 228
      vertex 7.28969 6.84547 228
    endloop
  endfacet
  facet normal 0.684545 0.728971 0
    outer loop
      vertex 6.37424 7.70513 228
      vertex 7.28969 6.84547 209
      vertex 6.37424 7.70513 209
    endloop
  endfacet
  facet normal -0.248691 -0.968583 0
    outer loop
      vertex -3.09017 -9.51056 209
      vertex -1.87381 -9.82287 228
      vertex -3.09017 -9.51056 228
    endloop
  endfacet
  facet normal -0.248691 -0.968583 -0
    outer loop
      vertex -1.87381 -9.82287 228
      vertex -3.09017 -9.51056 209
      vertex -1.87381 -9.82287 209
    endloop
  endfacet
  facet normal -0.844325 -0.535831 0
    outer loop
      vertex -8.09017 -5.87785 209
      vertex -8.76307 -4.81754 228
      vertex -8.76307 -4.81754 209
    endloop
  endfacet
  facet normal -0.844325 -0.535831 0
    outer loop
      vertex -8.76307 -4.81754 228
      vertex -8.09017 -5.87785 209
      vertex -8.09017 -5.87785 228
    endloop
  endfacet
  facet normal -0.99804 0.0625747 0
    outer loop
      vertex -9.92115 1.25333 209
      vertex -9.92234 1.23435 216.801
      vertex -9.92115 1.25333 216.817
    endloop
  endfacet
  facet normal -0.998027 0.0627937 5.34947e-07
    outer loop
      vertex -9.92115 1.25333 209
      vertex -9.93635 1.01168 216.66
      vertex -9.92234 1.23435 216.801
    endloop
  endfacet
  facet normal -0.998027 0.0627795 8.48399e-08
    outer loop
      vertex -9.92115 1.25333 209
      vertex -9.95136 0.773061 216.547
      vertex -9.93635 1.01168 216.66
    endloop
  endfacet
  facet normal -0.998027 0.062791 8.18394e-07
    outer loop
      vertex -9.92115 1.25333 209
      vertex -9.96714 0.522248 216.466
      vertex -9.95136 0.773061 216.547
    endloop
  endfacet
  facet normal -0.998026 0.062798 1.50629e-06
    outer loop
      vertex -9.92115 1.25333 209
      vertex -9.98344 0.263199 216.417
      vertex -9.96714 0.522248 216.466
    endloop
  endfacet
  facet normal -0.998027 0.0627883 2.04379e-07
    outer loop
      vertex -10 0 209
      vertex -9.98344 0.263199 216.417
      vertex -9.92115 1.25333 209
    endloop
  endfacet
  facet normal -0.998027 0.062794 0
    outer loop
      vertex -9.98344 0.263199 216.417
      vertex -10 0 209
      vertex -10 0 216.4
    endloop
  endfacet
  facet normal -0.99804 0.0625747 0
    outer loop
      vertex -9.92234 1.23435 220.199
      vertex -9.92115 1.25333 228
      vertex -9.92115 1.25333 220.183
    endloop
  endfacet
  facet normal -0.998027 0.0627937 -5.34947e-07
    outer loop
      vertex -9.93635 1.01168 220.34
      vertex -9.92115 1.25333 228
      vertex -9.92234 1.23435 220.199
    endloop
  endfacet
  facet normal -0.998027 0.0627795 -8.48399e-08
    outer loop
      vertex -9.95136 0.773061 220.453
      vertex -9.92115 1.25333 228
      vertex -9.93635 1.01168 220.34
    endloop
  endfacet
  facet normal -0.998027 0.062791 -8.18394e-07
    outer loop
      vertex -9.96714 0.522248 220.534
      vertex -9.92115 1.25333 228
      vertex -9.95136 0.773061 220.453
    endloop
  endfacet
  facet normal -0.998026 0.062798 -1.50629e-06
    outer loop
      vertex -9.98344 0.263199 220.583
      vertex -9.92115 1.25333 228
      vertex -9.96714 0.522248 220.534
    endloop
  endfacet
  facet normal -0.998027 0.062794 0
    outer loop
      vertex -10 0 228
      vertex -9.98344 0.263199 220.583
      vertex -10 0 220.6
    endloop
  endfacet
  facet normal -0.998027 0.0627883 -2.04379e-07
    outer loop
      vertex -9.98344 0.263199 220.583
      vertex -10 0 228
      vertex -9.92115 1.25333 228
    endloop
  endfacet
  facet normal -0.844325 0.535831 0
    outer loop
      vertex -8.76307 4.81754 209
      vertex -8.09017 5.87785 228
      vertex -8.09017 5.87785 209
    endloop
  endfacet
  facet normal -0.844325 0.535831 0
    outer loop
      vertex -8.09017 5.87785 228
      vertex -8.76307 4.81754 209
      vertex -8.76307 4.81754 228
    endloop
  endfacet
  facet normal 0.481751 -0.876308 0
    outer loop
      vertex 4.25779 -9.04827 209
      vertex 5.35827 -8.44328 228
      vertex 4.25779 -9.04827 228
    endloop
  endfacet
  facet normal 0.481751 -0.876308 0
    outer loop
      vertex 5.35827 -8.44328 228
      vertex 4.25779 -9.04827 209
      vertex 5.35827 -8.44328 209
    endloop
  endfacet
  facet normal -0.481751 0.876308 0
    outer loop
      vertex -4.25779 9.04827 209
      vertex -5.35827 8.44328 228
      vertex -4.25779 9.04827 228
    endloop
  endfacet
  facet normal -0.481751 0.876308 0
    outer loop
      vertex -5.35827 8.44328 228
      vertex -4.25779 9.04827 209
      vertex -5.35827 8.44328 209
    endloop
  endfacet
  facet normal 0.368122 -0.929777 0
    outer loop
      vertex 3.09017 -9.51056 209
      vertex 4.25779 -9.04827 228
      vertex 3.09017 -9.51056 228
    endloop
  endfacet
  facet normal 0.368122 -0.929777 0
    outer loop
      vertex 4.25779 -9.04827 228
      vertex 3.09017 -9.51056 209
      vertex 4.25779 -9.04827 209
    endloop
  endfacet
  facet normal 0.982287 -0.187384 0
    outer loop
      vertex 9.68583 -2.4869 228
      vertex 9.92115 -1.25333 220.183
      vertex 9.92115 -1.25333 228
    endloop
  endfacet
  facet normal 0.982289 -0.187373 1.81098e-06
    outer loop
      vertex 9.92115 -1.25333 220.183
      vertex 9.68583 -2.4869 228
      vertex 9.88601 -1.43755 220.031
    endloop
  endfacet
  facet normal 0.982285 -0.187391 -6.69942e-07
    outer loop
      vertex 9.88601 -1.43755 220.031
      vertex 9.68583 -2.4869 228
      vertex 9.85157 -1.61808 219.839
    endloop
  endfacet
  facet normal 0.982287 -0.187383 2.36946e-07
    outer loop
      vertex 9.85157 -1.61808 219.839
      vertex 9.68583 -2.4869 228
      vertex 9.822 -1.77309 219.625
    endloop
  endfacet
  facet normal 0.982282 -0.187407 -1.88306e-06
    outer loop
      vertex 9.822 -1.77309 219.625
      vertex 9.68583 -2.4869 228
      vertex 9.79776 -1.90014 219.394
    endloop
  endfacet
  facet normal 0.982286 -0.18739 -6.32771e-07
    outer loop
      vertex 9.79776 -1.90014 219.394
      vertex 9.68583 -2.4869 228
      vertex 9.77924 -1.99722 219.149
    endloop
  endfacet
  facet normal 0.982287 -0.18738 -9.60289e-08
    outer loop
      vertex 9.77924 -1.99722 219.149
      vertex 9.68583 -2.4869 228
      vertex 9.76673 -2.0628 218.893
    endloop
  endfacet
  facet normal 0.982285 -0.187394 0
    outer loop
      vertex 9.76043 -2.09586 218.632
      vertex 9.68583 -2.4869 228
      vertex 9.76043 -2.09586 218.368
    endloop
  endfacet
  facet normal 0.982314 -0.187244 6.49838e-06
    outer loop
      vertex 9.76673 -2.0628 218.893
      vertex 9.68583 -2.4869 228
      vertex 9.76043 -2.09586 218.632
    endloop
  endfacet
  facet normal 0.982289 -0.187373 -1.81098e-06
    outer loop
      vertex 9.68583 -2.4869 209
      vertex 9.92115 -1.25333 216.817
      vertex 9.88601 -1.43755 216.969
    endloop
  endfacet
  facet normal 0.982285 -0.187391 6.69942e-07
    outer loop
      vertex 9.68583 -2.4869 209
      vertex 9.88601 -1.43755 216.969
      vertex 9.85157 -1.61808 217.161
    endloop
  endfacet
  facet normal 0.982287 -0.187383 -2.36946e-07
    outer loop
      vertex 9.68583 -2.4869 209
      vertex 9.85157 -1.61808 217.161
      vertex 9.822 -1.77309 217.375
    endloop
  endfacet
  facet normal 0.982282 -0.187407 1.88306e-06
    outer loop
      vertex 9.68583 -2.4869 209
      vertex 9.822 -1.77309 217.375
      vertex 9.79776 -1.90014 217.606
    endloop
  endfacet
  facet normal 0.982286 -0.18739 6.32771e-07
    outer loop
      vertex 9.68583 -2.4869 209
      vertex 9.79776 -1.90014 217.606
      vertex 9.77924 -1.99722 217.851
    endloop
  endfacet
  facet normal 0.982287 -0.18738 9.60289e-08
    outer loop
      vertex 9.68583 -2.4869 209
      vertex 9.77924 -1.99722 217.851
      vertex 9.76673 -2.0628 218.107
    endloop
  endfacet
  facet normal 0.982314 -0.187244 -6.49838e-06
    outer loop
      vertex 9.68583 -2.4869 209
      vertex 9.76673 -2.0628 218.107
      vertex 9.76043 -2.09586 218.368
    endloop
  endfacet
  facet normal 0.982287 -0.187384 0
    outer loop
      vertex 9.92115 -1.25333 216.817
      vertex 9.68583 -2.4869 209
      vertex 9.92115 -1.25333 209
    endloop
  endfacet
  facet normal 0.982285 -0.187394 0
    outer loop
      vertex 9.68583 -2.4869 209
      vertex 9.76043 -2.09586 218.368
      vertex 9.68583 -2.4869 228
    endloop
  endfacet
  facet normal -0.904831 0.425771 0
    outer loop
      vertex -9.29776 3.68124 209
      vertex -8.76307 4.81754 228
      vertex -8.76307 4.81754 209
    endloop
  endfacet
  facet normal -0.904831 0.425771 0
    outer loop
      vertex -8.76307 4.81754 228
      vertex -9.29776 3.68124 209
      vertex -9.29776 3.68124 228
    endloop
  endfacet
  facet normal 0 1 -0
    outer loop
      vertex 0.627905 9.98027 209
      vertex -0.627905 9.98027 228
      vertex 0.627905 9.98027 228
    endloop
  endfacet
  facet normal 0 1 0
    outer loop
      vertex -0.627905 9.98027 228
      vertex 0.627905 9.98027 209
      vertex -0.627905 9.98027 209
    endloop
  endfacet
  facet normal 0.770515 -0.637422 0
    outer loop
      vertex 7.28969 -6.84547 228
      vertex 8.09017 -5.87785 209
      vertex 8.09017 -5.87785 228
    endloop
  endfacet
  facet normal 0.770515 -0.637422 0
    outer loop
      vertex 8.09017 -5.87785 209
      vertex 7.28969 -6.84547 228
      vertex 7.28969 -6.84547 209
    endloop
  endfacet
  facet normal -0.368122 0.929777 0
    outer loop
      vertex -3.09017 9.51056 209
      vertex -4.25779 9.04827 228
      vertex -3.09017 9.51056 228
    endloop
  endfacet
  facet normal -0.368122 0.929777 0
    outer loop
      vertex -4.25779 9.04827 228
      vertex -3.09017 9.51056 209
      vertex -4.25779 9.04827 209
    endloop
  endfacet
  facet normal -0.982285 0.187394 0
    outer loop
      vertex -9.68583 2.4869 209
      vertex -9.76043 2.09586 218.368
      vertex -9.68583 2.4869 228
    endloop
  endfacet
  facet normal -0.982314 0.187244 -6.49838e-06
    outer loop
      vertex -9.68583 2.4869 209
      vertex -9.76673 2.0628 218.107
      vertex -9.76043 2.09586 218.368
    endloop
  endfacet
  facet normal -0.982287 0.18738 9.60289e-08
    outer loop
      vertex -9.68583 2.4869 209
      vertex -9.77924 1.99722 217.851
      vertex -9.76673 2.0628 218.107
    endloop
  endfacet
  facet normal -0.982286 0.18739 6.32771e-07
    outer loop
      vertex -9.68583 2.4869 209
      vertex -9.79776 1.90014 217.606
      vertex -9.77924 1.99722 217.851
    endloop
  endfacet
  facet normal -0.982282 0.187407 1.88306e-06
    outer loop
      vertex -9.68583 2.4869 209
      vertex -9.822 1.77309 217.375
      vertex -9.79776 1.90014 217.606
    endloop
  endfacet
  facet normal -0.982287 0.187383 -2.36946e-07
    outer loop
      vertex -9.68583 2.4869 209
      vertex -9.85157 1.61808 217.161
      vertex -9.822 1.77309 217.375
    endloop
  endfacet
  facet normal -0.982285 0.187391 6.69942e-07
    outer loop
      vertex -9.68583 2.4869 209
      vertex -9.88601 1.43755 216.969
      vertex -9.85157 1.61808 217.161
    endloop
  endfacet
  facet normal -0.982287 0.187384 0
    outer loop
      vertex -9.92115 1.25333 216.817
      vertex -9.68583 2.4869 209
      vertex -9.92115 1.25333 209
    endloop
  endfacet
  facet normal -0.982289 0.187373 -1.81098e-06
    outer loop
      vertex -9.68583 2.4869 209
      vertex -9.92115 1.25333 216.817
      vertex -9.88601 1.43755 216.969
    endloop
  endfacet
  facet normal -0.982285 0.187394 0
    outer loop
      vertex -9.76043 2.09586 218.632
      vertex -9.68583 2.4869 228
      vertex -9.76043 2.09586 218.368
    endloop
  endfacet
  facet normal -0.982314 0.187244 6.49838e-06
    outer loop
      vertex -9.76673 2.0628 218.893
      vertex -9.68583 2.4869 228
      vertex -9.76043 2.09586 218.632
    endloop
  endfacet
  facet normal -0.982287 0.18738 -9.60289e-08
    outer loop
      vertex -9.77924 1.99722 219.149
      vertex -9.68583 2.4869 228
      vertex -9.76673 2.0628 218.893
    endloop
  endfacet
  facet normal -0.982286 0.18739 -6.32771e-07
    outer loop
      vertex -9.79776 1.90014 219.394
      vertex -9.68583 2.4869 228
      vertex -9.77924 1.99722 219.149
    endloop
  endfacet
  facet normal -0.982282 0.187407 -1.88306e-06
    outer loop
      vertex -9.822 1.77309 219.625
      vertex -9.68583 2.4869 228
      vertex -9.79776 1.90014 219.394
    endloop
  endfacet
  facet normal -0.982287 0.187383 2.36946e-07
    outer loop
      vertex -9.85157 1.61808 219.839
      vertex -9.68583 2.4869 228
      vertex -9.822 1.77309 219.625
    endloop
  endfacet
  facet normal -0.982285 0.187391 -6.69942e-07
    outer loop
      vertex -9.88601 1.43755 220.031
      vertex -9.68583 2.4869 228
      vertex -9.85157 1.61808 219.839
    endloop
  endfacet
  facet normal -0.982289 0.187373 1.81098e-06
    outer loop
      vertex -9.92115 1.25333 220.183
      vertex -9.68583 2.4869 228
      vertex -9.88601 1.43755 220.031
    endloop
  endfacet
  facet normal -0.982287 0.187384 0
    outer loop
      vertex -9.68583 2.4869 228
      vertex -9.92115 1.25333 220.183
      vertex -9.92115 1.25333 228
    endloop
  endfacet
  facet normal 0.125338 0.992114 -0
    outer loop
      vertex 1.87381 9.82287 209
      vertex 0.627905 9.98027 228
      vertex 1.87381 9.82287 228
    endloop
  endfacet
  facet normal 0.125338 0.992114 0
    outer loop
      vertex 0.627905 9.98027 228
      vertex 1.87381 9.82287 209
      vertex 0.627905 9.98027 209
    endloop
  endfacet
  facet normal -0.587788 -0.809015 0
    outer loop
      vertex -6.37424 -7.70513 209
      vertex -5.35827 -8.44328 228
      vertex -6.37424 -7.70513 228
    endloop
  endfacet
  facet normal -0.587788 -0.809015 -0
    outer loop
      vertex -5.35827 -8.44328 228
      vertex -6.37424 -7.70513 209
      vertex -5.35827 -8.44328 209
    endloop
  endfacet
  facet normal 0.481751 0.876308 -0
    outer loop
      vertex 5.35827 8.44328 209
      vertex 4.25779 9.04827 228
      vertex 5.35827 8.44328 228
    endloop
  endfacet
  facet normal 0.481751 0.876308 0
    outer loop
      vertex 4.25779 9.04827 228
      vertex 5.35827 8.44328 209
      vertex 4.25779 9.04827 209
    endloop
  endfacet
  facet normal -0.951055 -0.309021 0
    outer loop
      vertex -9.29776 -3.68124 209
      vertex -9.68583 -2.4869 228
      vertex -9.68583 -2.4869 209
    endloop
  endfacet
  facet normal -0.951055 -0.309021 0
    outer loop
      vertex -9.68583 -2.4869 228
      vertex -9.29776 -3.68124 209
      vertex -9.29776 -3.68124 228
    endloop
  endfacet
  facet normal -0.770515 0.637422 0
    outer loop
      vertex -8.09017 5.87785 209
      vertex -7.28969 6.84547 228
      vertex -7.28969 6.84547 209
    endloop
  endfacet
  facet normal -0.770515 0.637422 0
    outer loop
      vertex -7.28969 6.84547 228
      vertex -8.09017 5.87785 209
      vertex -8.09017 5.87785 228
    endloop
  endfacet
  facet normal -0.770515 -0.637422 0
    outer loop
      vertex -7.28969 -6.84547 209
      vertex -8.09017 -5.87785 228
      vertex -8.09017 -5.87785 209
    endloop
  endfacet
  facet normal -0.770515 -0.637422 0
    outer loop
      vertex -8.09017 -5.87785 228
      vertex -7.28969 -6.84547 209
      vertex -7.28969 -6.84547 228
    endloop
  endfacet
  facet normal 0.684545 -0.728971 0
    outer loop
      vertex 6.37424 -7.70513 209
      vertex 7.28969 -6.84547 228
      vertex 6.37424 -7.70513 228
    endloop
  endfacet
  facet normal 0.684545 -0.728971 0
    outer loop
      vertex 7.28969 -6.84547 228
      vertex 6.37424 -7.70513 209
      vertex 7.28969 -6.84547 209
    endloop
  endfacet
  facet normal 0 -1 0
    outer loop
      vertex -0.627905 -9.98027 209
      vertex 0.627905 -9.98027 228
      vertex -0.627905 -9.98027 228
    endloop
  endfacet
  facet normal 0 -1 -0
    outer loop
      vertex 0.627905 -9.98027 228
      vertex -0.627905 -9.98027 209
      vertex 0.627905 -9.98027 209
    endloop
  endfacet
  facet normal -0.125338 -0.992114 0
    outer loop
      vertex -1.87381 -9.82287 209
      vertex -0.627905 -9.98027 228
      vertex -1.87381 -9.82287 228
    endloop
  endfacet
  facet normal -0.125338 -0.992114 -0
    outer loop
      vertex -0.627905 -9.98027 228
      vertex -1.87381 -9.82287 209
      vertex -0.627905 -9.98027 209
    endloop
  endfacet
  facet normal -0.587788 0.809015 0
    outer loop
      vertex -5.35827 8.44328 209
      vertex -6.37424 7.70513 228
      vertex -5.35827 8.44328 228
    endloop
  endfacet
  facet normal -0.587788 0.809015 0
    outer loop
      vertex -6.37424 7.70513 228
      vertex -5.35827 8.44328 209
      vertex -6.37424 7.70513 209
    endloop
  endfacet
  facet normal 0.587788 0.809015 -0
    outer loop
      vertex 6.37424 7.70513 209
      vertex 5.35827 8.44328 228
      vertex 6.37424 7.70513 228
    endloop
  endfacet
  facet normal 0.587788 0.809015 0
    outer loop
      vertex 5.35827 8.44328 228
      vertex 6.37424 7.70513 209
      vertex 5.35827 8.44328 209
    endloop
  endfacet
  facet normal -0.248691 0.968583 0
    outer loop
      vertex -1.87381 9.82287 209
      vertex -3.09017 9.51056 228
      vertex -1.87381 9.82287 228
    endloop
  endfacet
  facet normal -0.248691 0.968583 0
    outer loop
      vertex -3.09017 9.51056 228
      vertex -1.87381 9.82287 209
      vertex -3.09017 9.51056 209
    endloop
  endfacet
  facet normal 0 0 1
    outer loop
      vertex 5 0 228
      vertex 10 0 228
      vertex 9.92115 1.25333 228
    endloop
  endfacet
  facet normal 0 0 1
    outer loop
      vertex 4.96057 0.626666 228
      vertex 9.92115 1.25333 228
      vertex 9.68583 2.4869 228
    endloop
  endfacet
  facet normal 0 0 1
    outer loop
      vertex 10 0 228
      vertex 5 0 228
      vertex 9.92115 -1.25333 228
    endloop
  endfacet
  facet normal 0 0 1
    outer loop
      vertex 4.84292 1.24345 228
      vertex 9.68583 2.4869 228
      vertex 9.29776 3.68124 228
    endloop
  endfacet
  facet normal -0 0 1
    outer loop
      vertex 4.96057 -0.626666 228
      vertex 9.92115 -1.25333 228
      vertex 5 0 228
    endloop
  endfacet
  facet normal 0 0 1
    outer loop
      vertex 4.64888 1.84062 228
      vertex 9.29776 3.68124 228
      vertex 8.76307 4.81754 228
    endloop
  endfacet
  facet normal 0 0 1
    outer loop
      vertex 9.92115 -1.25333 228
      vertex 4.96057 -0.626666 228
      vertex 9.68583 -2.4869 228
    endloop
  endfacet
  facet normal 0 0 1
    outer loop
      vertex 4.38153 2.40877 228
      vertex 8.76307 4.81754 228
      vertex 8.09017 5.87785 228
    endloop
  endfacet
  facet normal -0 0 1
    outer loop
      vertex 4.84292 -1.24345 228
      vertex 9.68583 -2.4869 228
      vertex 4.96057 -0.626666 228
    endloop
  endfacet
  facet normal 0 0 1
    outer loop
      vertex 4.04508 2.93893 228
      vertex 8.09017 5.87785 228
      vertex 7.28969 6.84547 228
    endloop
  endfacet
  facet normal 0 0 1
    outer loop
      vertex 9.68583 -2.4869 228
      vertex 4.84292 -1.24345 228
      vertex 9.29776 -3.68124 228
    endloop
  endfacet
  facet normal 0 0 1
    outer loop
      vertex 3.64484 3.42274 228
      vertex 7.28969 6.84547 228
      vertex 6.37424 7.70513 228
    endloop
  endfacet
  facet normal -0 0 1
    outer loop
      vertex 4.64888 -1.84062 228
      vertex 9.29776 -3.68124 228
      vertex 4.84292 -1.24345 228
    endloop
  endfacet
  facet normal 0 0 1
    outer loop
      vertex 3.18712 3.85257 228
      vertex 6.37424 7.70513 228
      vertex 5.35827 8.44328 228
    endloop
  endfacet
  facet normal 0 0 1
    outer loop
      vertex 9.29776 -3.68124 228
      vertex 4.64888 -1.84062 228
      vertex 8.76307 -4.81754 228
    endloop
  endfacet
  facet normal -0 0 1
    outer loop
      vertex 4.38153 -2.40877 228
      vertex 8.76307 -4.81754 228
      vertex 4.64888 -1.84062 228
    endloop
  endfacet
  facet normal 0 0 1
    outer loop
      vertex 9.92115 1.25333 228
      vertex 4.96057 0.626666 228
      vertex 5 0 228
    endloop
  endfacet
  facet normal 0 0 1
    outer loop
      vertex 9.68583 2.4869 228
      vertex 4.84292 1.24345 228
      vertex 4.96057 0.626666 228
    endloop
  endfacet
  facet normal 0 0 1
    outer loop
      vertex 9.29776 3.68124 228
      vertex 4.64888 1.84062 228
      vertex 4.84292 1.24345 228
    endloop
  endfacet
  facet normal 0 0 1
    outer loop
      vertex 8.76307 4.81754 228
      vertex 4.38153 2.40877 228
      vertex 4.64888 1.84062 228
    endloop
  endfacet
  facet normal 0 0 1
    outer loop
      vertex 2.67913 4.22164 228
      vertex 5.35827 8.44328 228
      vertex 4.25779 9.04827 228
    endloop
  endfacet
  facet normal 0 0 1
    outer loop
      vertex 8.09017 5.87785 228
      vertex 4.04508 2.93893 228
      vertex 4.38153 2.40877 228
    endloop
  endfacet
  facet normal 0 0 1
    outer loop
      vertex 7.28969 6.84547 228
      vertex 3.64484 3.42274 228
      vertex 4.04508 2.93893 228
    endloop
  endfacet
  facet normal 0 0 1
    outer loop
      vertex 6.37424 7.70513 228
      vertex 3.18712 3.85257 228
      vertex 3.64484 3.42274 228
    endloop
  endfacet
  facet normal 0 0 1
    outer loop
      vertex 2.1289 4.52413 228
      vertex 4.25779 9.04827 228
      vertex 3.09017 9.51056 228
    endloop
  endfacet
  facet normal 0 0 1
    outer loop
      vertex 5.35827 8.44328 228
      vertex 2.67913 4.22164 228
      vertex 3.18712 3.85257 228
    endloop
  endfacet
  facet normal 0 0 1
    outer loop
      vertex 4.25779 9.04827 228
      vertex 2.1289 4.52413 228
      vertex 2.67913 4.22164 228
    endloop
  endfacet
  facet normal 0 0 1
    outer loop
      vertex 1.54508 4.75528 228
      vertex 3.09017 9.51056 228
      vertex 1.87381 9.82287 228
    endloop
  endfacet
  facet normal 0 0 1
    outer loop
      vertex 3.09017 9.51056 228
      vertex 1.54508 4.75528 228
      vertex 2.1289 4.52413 228
    endloop
  endfacet
  facet normal 0 0 1
    outer loop
      vertex 1.87381 9.82287 228
      vertex 0.936906 4.91144 228
      vertex 1.54508 4.75528 228
    endloop
  endfacet
  facet normal 0 0 1
    outer loop
      vertex 0.627905 9.98027 228
      vertex 0.936906 4.91144 228
      vertex 1.87381 9.82287 228
    endloop
  endfacet
  facet normal 0 0 1
    outer loop
      vertex 0.627905 9.98027 228
      vertex 0.313952 4.99013 228
      vertex 0.936906 4.91144 228
    endloop
  endfacet
  facet normal 0 0 1
    outer loop
      vertex 0.627905 9.98027 228
      vertex -0.313952 4.99013 228
      vertex 0.313952 4.99013 228
    endloop
  endfacet
  facet normal -0 0 1
    outer loop
      vertex -0.627905 9.98027 228
      vertex -0.313952 4.99013 228
      vertex 0.627905 9.98027 228
    endloop
  endfacet
  facet normal 0 0 1
    outer loop
      vertex -0.627905 9.98027 228
      vertex -0.936906 4.91144 228
      vertex -0.313952 4.99013 228
    endloop
  endfacet
  facet normal -0 0 1
    outer loop
      vertex -1.87381 9.82287 228
      vertex -0.936906 4.91144 228
      vertex -0.627905 9.98027 228
    endloop
  endfacet
  facet normal 0 0 1
    outer loop
      vertex -0.936906 4.91144 228
      vertex -1.87381 9.82287 228
      vertex -1.54508 4.75528 228
    endloop
  endfacet
  facet normal -0 0 1
    outer loop
      vertex -3.09017 9.51056 228
      vertex -1.54508 4.75528 228
      vertex -1.87381 9.82287 228
    endloop
  endfacet
  facet normal 0 0 1
    outer loop
      vertex -1.54508 4.75528 228
      vertex -3.09017 9.51056 228
      vertex -2.1289 4.52413 228
    endloop
  endfacet
  facet normal -0 0 1
    outer loop
      vertex -4.25779 9.04827 228
      vertex -2.1289 4.52413 228
      vertex -3.09017 9.51056 228
    endloop
  endfacet
  facet normal 0 0 1
    outer loop
      vertex -2.1289 4.52413 228
      vertex -4.25779 9.04827 228
      vertex -2.67913 4.22164 228
    endloop
  endfacet
  facet normal -0 0 1
    outer loop
      vertex -5.35827 8.44328 228
      vertex -2.67913 4.22164 228
      vertex -4.25779 9.04827 228
    endloop
  endfacet
  facet normal 0 0 1
    outer loop
      vertex -2.67913 4.22164 228
      vertex -5.35827 8.44328 228
      vertex -3.18712 3.85257 228
    endloop
  endfacet
  facet normal -0 0 1
    outer loop
      vertex -6.37424 7.70513 228
      vertex -3.18712 3.85257 228
      vertex -5.35827 8.44328 228
    endloop
  endfacet
  facet normal 0 0 1
    outer loop
      vertex -3.18712 3.85257 228
      vertex -6.37424 7.70513 228
      vertex -3.64484 3.42274 228
    endloop
  endfacet
  facet normal -0 0 1
    outer loop
      vertex -7.28969 6.84547 228
      vertex -3.64484 3.42274 228
      vertex -6.37424 7.70513 228
    endloop
  endfacet
  facet normal 0 0 1
    outer loop
      vertex -3.64484 3.42274 228
      vertex -7.28969 6.84547 228
      vertex -4.04508 2.93893 228
    endloop
  endfacet
  facet normal -0 0 1
    outer loop
      vertex -8.09017 5.87785 228
      vertex -4.04508 2.93893 228
      vertex -7.28969 6.84547 228
    endloop
  endfacet
  facet normal -0 0 1
    outer loop
      vertex -8.76307 4.81754 228
      vertex -4.38153 2.40877 228
      vertex -8.09017 5.87785 228
    endloop
  endfacet
  facet normal 0 0 1
    outer loop
      vertex -4.04508 2.93893 228
      vertex -8.09017 5.87785 228
      vertex -4.38153 2.40877 228
    endloop
  endfacet
  facet normal 0 0 1
    outer loop
      vertex 8.76307 -4.81754 228
      vertex 4.38153 -2.40877 228
      vertex 8.09017 -5.87785 228
    endloop
  endfacet
  facet normal -0 0 1
    outer loop
      vertex 4.04508 -2.93893 228
      vertex 8.09017 -5.87785 228
      vertex 4.38153 -2.40877 228
    endloop
  endfacet
  facet normal 0 0 1
    outer loop
      vertex 8.09017 -5.87785 228
      vertex 4.04508 -2.93893 228
      vertex 7.28969 -6.84547 228
    endloop
  endfacet
  facet normal -0 0 1
    outer loop
      vertex 3.64484 -3.42274 228
      vertex 7.28969 -6.84547 228
      vertex 4.04508 -2.93893 228
    endloop
  endfacet
  facet normal 0 0 1
    outer loop
      vertex 7.28969 -6.84547 228
      vertex 3.64484 -3.42274 228
      vertex 6.37424 -7.70513 228
    endloop
  endfacet
  facet normal -0 0 1
    outer loop
      vertex 3.18712 -3.85257 228
      vertex 6.37424 -7.70513 228
      vertex 3.64484 -3.42274 228
    endloop
  endfacet
  facet normal 0 0 1
    outer loop
      vertex 6.37424 -7.70513 228
      vertex 3.18712 -3.85257 228
      vertex 5.35827 -8.44328 228
    endloop
  endfacet
  facet normal -0 0 1
    outer loop
      vertex 2.67913 -4.22164 228
      vertex 5.35827 -8.44328 228
      vertex 3.18712 -3.85257 228
    endloop
  endfacet
  facet normal 0 0 1
    outer loop
      vertex 5.35827 -8.44328 228
      vertex 2.67913 -4.22164 228
      vertex 4.25779 -9.04827 228
    endloop
  endfacet
  facet normal -0 0 1
    outer loop
      vertex 2.1289 -4.52413 228
      vertex 4.25779 -9.04827 228
      vertex 2.67913 -4.22164 228
    endloop
  endfacet
  facet normal 0 0 1
    outer loop
      vertex 4.25779 -9.04827 228
      vertex 2.1289 -4.52413 228
      vertex 3.09017 -9.51056 228
    endloop
  endfacet
  facet normal -0 0 1
    outer loop
      vertex 1.54508 -4.75528 228
      vertex 3.09017 -9.51056 228
      vertex 2.1289 -4.52413 228
    endloop
  endfacet
  facet normal 0 0 1
    outer loop
      vertex 3.09017 -9.51056 228
      vertex 1.54508 -4.75528 228
      vertex 1.87381 -9.82287 228
    endloop
  endfacet
  facet normal -0 0 1
    outer loop
      vertex 0.936906 -4.91144 228
      vertex 1.87381 -9.82287 228
      vertex 1.54508 -4.75528 228
    endloop
  endfacet
  facet normal 0 0 1
    outer loop
      vertex 0.936906 -4.91144 228
      vertex 0.627905 -9.98027 228
      vertex 1.87381 -9.82287 228
    endloop
  endfacet
  facet normal -0 0 1
    outer loop
      vertex 0.313952 -4.99013 228
      vertex 0.627905 -9.98027 228
      vertex 0.936906 -4.91144 228
    endloop
  endfacet
  facet normal -0 0 1
    outer loop
      vertex -0.313952 -4.99013 228
      vertex 0.627905 -9.98027 228
      vertex 0.313952 -4.99013 228
    endloop
  endfacet
  facet normal 0 0 1
    outer loop
      vertex -0.313952 -4.99013 228
      vertex -0.627905 -9.98027 228
      vertex 0.627905 -9.98027 228
    endloop
  endfacet
  facet normal 0 0 1
    outer loop
      vertex -0.936906 -4.91144 228
      vertex -0.627905 -9.98027 228
      vertex -0.313952 -4.99013 228
    endloop
  endfacet
  facet normal 0 0 1
    outer loop
      vertex -1.87381 -9.82287 228
      vertex -0.936906 -4.91144 228
      vertex -1.54508 -4.75528 228
    endloop
  endfacet
  facet normal 0 0 1
    outer loop
      vertex -0.936906 -4.91144 228
      vertex -1.87381 -9.82287 228
      vertex -0.627905 -9.98027 228
    endloop
  endfacet
  facet normal 0 0 1
    outer loop
      vertex -3.09017 -9.51056 228
      vertex -1.54508 -4.75528 228
      vertex -2.1289 -4.52413 228
    endloop
  endfacet
  facet normal 0 0 1
    outer loop
      vertex -4.25779 -9.04827 228
      vertex -2.1289 -4.52413 228
      vertex -2.67913 -4.22164 228
    endloop
  endfacet
  facet normal 0 0 1
    outer loop
      vertex -1.54508 -4.75528 228
      vertex -3.09017 -9.51056 228
      vertex -1.87381 -9.82287 228
    endloop
  endfacet
  facet normal 0 0 1
    outer loop
      vertex -5.35827 -8.44328 228
      vertex -2.67913 -4.22164 228
      vertex -3.18712 -3.85257 228
    endloop
  endfacet
  facet normal 0 0 1
    outer loop
      vertex -6.37424 -7.70513 228
      vertex -3.18712 -3.85257 228
      vertex -3.64484 -3.42274 228
    endloop
  endfacet
  facet normal 0 0 1
    outer loop
      vertex -7.28969 -6.84547 228
      vertex -3.64484 -3.42274 228
      vertex -4.04508 -2.93893 228
    endloop
  endfacet
  facet normal 0 0 1
    outer loop
      vertex -2.1289 -4.52413 228
      vertex -4.25779 -9.04827 228
      vertex -3.09017 -9.51056 228
    endloop
  endfacet
  facet normal 0 0 1
    outer loop
      vertex -8.09017 -5.87785 228
      vertex -4.04508 -2.93893 228
      vertex -4.38153 -2.40877 228
    endloop
  endfacet
  facet normal 0 0 1
    outer loop
      vertex -8.76307 -4.81754 228
      vertex -4.38153 -2.40877 228
      vertex -4.64888 -1.84062 228
    endloop
  endfacet
  facet normal 0 0 1
    outer loop
      vertex -9.29776 -3.68124 228
      vertex -4.64888 -1.84062 228
      vertex -4.84292 -1.24345 228
    endloop
  endfacet
  facet normal 0 0 1
    outer loop
      vertex -9.68583 -2.4869 228
      vertex -4.84292 -1.24345 228
      vertex -4.96057 -0.626666 228
    endloop
  endfacet
  facet normal 0 0 1
    outer loop
      vertex -2.67913 -4.22164 228
      vertex -5.35827 -8.44328 228
      vertex -4.25779 -9.04827 228
    endloop
  endfacet
  facet normal 0 0 1
    outer loop
      vertex -9.92115 -1.25333 228
      vertex -4.96057 -0.626666 228
      vertex -5 0 228
    endloop
  endfacet
  facet normal 0 0 1
    outer loop
      vertex -4.38153 2.40877 228
      vertex -8.76307 4.81754 228
      vertex -4.64888 1.84062 228
    endloop
  endfacet
  facet normal -0 0 1
    outer loop
      vertex -9.29776 3.68124 228
      vertex -4.64888 1.84062 228
      vertex -8.76307 4.81754 228
    endloop
  endfacet
  facet normal 0 0 1
    outer loop
      vertex -3.18712 -3.85257 228
      vertex -6.37424 -7.70513 228
      vertex -5.35827 -8.44328 228
    endloop
  endfacet
  facet normal 0 0 1
    outer loop
      vertex -4.64888 1.84062 228
      vertex -9.29776 3.68124 228
      vertex -4.84292 1.24345 228
    endloop
  endfacet
  facet normal 0 0 1
    outer loop
      vertex -3.64484 -3.42274 228
      vertex -7.28969 -6.84547 228
      vertex -6.37424 -7.70513 228
    endloop
  endfacet
  facet normal -0 0 1
    outer loop
      vertex -9.68583 2.4869 228
      vertex -4.84292 1.24345 228
      vertex -9.29776 3.68124 228
    endloop
  endfacet
  facet normal 0 0 1
    outer loop
      vertex -4.04508 -2.93893 228
      vertex -8.09017 -5.87785 228
      vertex -7.28969 -6.84547 228
    endloop
  endfacet
  facet normal 0 0 1
    outer loop
      vertex -4.84292 1.24345 228
      vertex -9.68583 2.4869 228
      vertex -4.96057 0.626666 228
    endloop
  endfacet
  facet normal 0 0 1
    outer loop
      vertex -4.38153 -2.40877 228
      vertex -8.76307 -4.81754 228
      vertex -8.09017 -5.87785 228
    endloop
  endfacet
  facet normal -0 0 1
    outer loop
      vertex -9.92115 1.25333 228
      vertex -4.96057 0.626666 228
      vertex -9.68583 2.4869 228
    endloop
  endfacet
  facet normal 0 0 1
    outer loop
      vertex -4.64888 -1.84062 228
      vertex -9.29776 -3.68124 228
      vertex -8.76307 -4.81754 228
    endloop
  endfacet
  facet normal 0 0 1
    outer loop
      vertex -4.96057 0.626666 228
      vertex -9.92115 1.25333 228
      vertex -5 0 228
    endloop
  endfacet
  facet normal 0 0 1
    outer loop
      vertex -4.84292 -1.24345 228
      vertex -9.68583 -2.4869 228
      vertex -9.29776 -3.68124 228
    endloop
  endfacet
  facet normal 0 0 1
    outer loop
      vertex -10 0 228
      vertex -5 0 228
      vertex -9.92115 1.25333 228
    endloop
  endfacet
  facet normal 0 0 1
    outer loop
      vertex -4.96057 -0.626666 228
      vertex -9.92115 -1.25333 228
      vertex -9.68583 -2.4869 228
    endloop
  endfacet
  facet normal 0 0 1
    outer loop
      vertex -5 0 228
      vertex -10 0 228
      vertex -9.92115 -1.25333 228
    endloop
  endfacet
  facet normal 0.770515 0.637422 0
    outer loop
      vertex 8.09017 5.87785 228
      vertex 7.28969 6.84547 209
      vertex 7.28969 6.84547 228
    endloop
  endfacet
  facet normal 0.770515 0.637422 0
    outer loop
      vertex 7.28969 6.84547 209
      vertex 8.09017 5.87785 228
      vertex 8.09017 5.87785 209
    endloop
  endfacet
  facet normal -0.904831 -0.425771 0
    outer loop
      vertex -8.76307 -4.81754 209
      vertex -9.29776 -3.68124 228
      vertex -9.29776 -3.68124 209
    endloop
  endfacet
  facet normal -0.904831 -0.425771 0
    outer loop
      vertex -9.29776 -3.68124 228
      vertex -8.76307 -4.81754 209
      vertex -8.76307 -4.81754 228
    endloop
  endfacet
  facet normal 0.587788 -0.809015 0
    outer loop
      vertex 5.35827 -8.44328 209
      vertex 6.37424 -7.70513 228
      vertex 5.35827 -8.44328 228
    endloop
  endfacet
  facet normal 0.587788 -0.809015 0
    outer loop
      vertex 6.37424 -7.70513 228
      vertex 5.35827 -8.44328 209
      vertex 6.37424 -7.70513 209
    endloop
  endfacet
  facet normal -0.368122 -0.929777 0
    outer loop
      vertex -4.25779 -9.04827 209
      vertex -3.09017 -9.51056 228
      vertex -4.25779 -9.04827 228
    endloop
  endfacet
  facet normal -0.368122 -0.929777 -0
    outer loop
      vertex -3.09017 -9.51056 228
      vertex -4.25779 -9.04827 209
      vertex -3.09017 -9.51056 209
    endloop
  endfacet
  facet normal 0.707077 -7.01537e-06 0.707137
    outer loop
      vertex -2 14.6708 44.5147
      vertex -0.936906 4.91144 43.4516
      vertex -0.313952 4.99013 42.8287
    endloop
  endfacet
  facet normal 0.707119 2.5068e-05 0.707095
    outer loop
      vertex -8.06653 12.3552 50.5812
      vertex -1.54508 4.75528 44.0598
      vertex -0.936906 4.91144 43.4516
    endloop
  endfacet
  facet normal 0.707097 -1.20427e-05 0.707117
    outer loop
      vertex -8.06653 12.3552 50.5812
      vertex -2.1289 4.52413 44.6436
      vertex -1.54508 4.75528 44.0598
    endloop
  endfacet
  facet normal 0.707138 5.00505e-05 0.707076
    outer loop
      vertex -8.06653 12.3552 50.5812
      vertex -2.67913 4.22164 45.1939
      vertex -2.1289 4.52413 44.6436
    endloop
  endfacet
  facet normal 0.707065 -5.74718e-05 0.707149
    outer loop
      vertex -8.48528 12.0451 51
      vertex -3.18712 3.85257 45.7018
      vertex -2.67913 4.22164 45.1939
    endloop
  endfacet
  facet normal 0.707146 4.75755e-05 0.707067
    outer loop
      vertex -8.48528 12.0451 51
      vertex -3.64484 3.42274 46.1596
      vertex -3.18712 3.85257 45.7018
    endloop
  endfacet
  facet normal 0.707085 -2.16804e-05 0.707129
    outer loop
      vertex -8.48528 12.0451 51
      vertex -4.04508 2.93893 46.5598
      vertex -3.64484 3.42274 46.1596
    endloop
  endfacet
  facet normal 0.707136 2.89746e-05 0.707077
    outer loop
      vertex -8.48528 12.0451 51
      vertex -4.38153 2.40877 46.8963
      vertex -4.04508 2.93893 46.5598
    endloop
  endfacet
  facet normal 0.70707 -2.76384e-05 0.707144
    outer loop
      vertex -8.48528 12.0451 51
      vertex -4.64888 1.84062 47.1636
      vertex -4.38153 2.40877 46.8963
    endloop
  endfacet
  facet normal 0.707073 -2.5407e-05 0.707141
    outer loop
      vertex -8.48528 12.0451 51
      vertex -4.84292 1.24345 47.3576
      vertex -4.64888 1.84062 47.1636
    endloop
  endfacet
  facet normal 0.707164 3.56628e-05 0.70705
    outer loop
      vertex -8.48528 12.0451 51
      vertex -4.96057 0.626666 47.4753
      vertex -4.84292 1.24345 47.3576
    endloop
  endfacet
  facet normal 0.70706 -2.80163e-05 0.707153
    outer loop
      vertex -8.48528 12.0451 51
      vertex -5 0 47.5147
      vertex -4.96057 0.626666 47.4753
    endloop
  endfacet
  facet normal 0.707109 -0 0.707105
    outer loop
      vertex -8.48528 -12.0451 51
      vertex -5 0 47.5147
      vertex -8.48528 12.0451 51
    endloop
  endfacet
  facet normal 0.70706 2.80163e-05 0.707153
    outer loop
      vertex -5 0 47.5147
      vertex -8.48528 -12.0451 51
      vertex -4.96057 -0.626666 47.4753
    endloop
  endfacet
  facet normal 0.707164 -3.56628e-05 0.70705
    outer loop
      vertex -4.96057 -0.626666 47.4753
      vertex -8.48528 -12.0451 51
      vertex -4.84292 -1.24345 47.3576
    endloop
  endfacet
  facet normal 0.707073 2.5407e-05 0.707141
    outer loop
      vertex -8.48528 -12.0451 51
      vertex -4.64888 -1.84062 47.1636
      vertex -4.84292 -1.24345 47.3576
    endloop
  endfacet
  facet normal 0.70707 2.76384e-05 0.707144
    outer loop
      vertex -8.48528 -12.0451 51
      vertex -4.38153 -2.40877 46.8963
      vertex -4.64888 -1.84062 47.1636
    endloop
  endfacet
  facet normal 0.707136 -2.89746e-05 0.707077
    outer loop
      vertex -8.48528 -12.0451 51
      vertex -4.04508 -2.93893 46.5598
      vertex -4.38153 -2.40877 46.8963
    endloop
  endfacet
  facet normal 0.707085 2.16804e-05 0.707129
    outer loop
      vertex -8.48528 -12.0451 51
      vertex -3.64484 -3.42274 46.1596
      vertex -4.04508 -2.93893 46.5598
    endloop
  endfacet
  facet normal 0.707146 -4.75755e-05 0.707067
    outer loop
      vertex -8.48528 -12.0451 51
      vertex -3.18712 -3.85257 45.7018
      vertex -3.64484 -3.42274 46.1596
    endloop
  endfacet
  facet normal 0.707065 5.74718e-05 0.707149
    outer loop
      vertex -8.48528 -12.0451 51
      vertex -2.67913 -4.22164 45.1939
      vertex -3.18712 -3.85257 45.7018
    endloop
  endfacet
  facet normal 0.707133 -4.33513e-05 0.707081
    outer loop
      vertex -8.06653 -12.3552 50.5812
      vertex -2.67913 -4.22164 45.1939
      vertex -8.48528 -12.0451 51
    endloop
  endfacet
  facet normal 0.707081 2.49003e-05 0.707132
    outer loop
      vertex -7.7493 -12.561 50.264
      vertex -2.67913 -4.22164 45.1939
      vertex -8.06653 -12.3552 50.5812
    endloop
  endfacet
  facet normal 0.707139 -4.54381e-05 0.707074
    outer loop
      vertex -2.67913 -4.22164 45.1939
      vertex -7.7493 -12.561 50.264
      vertex -2.1289 -4.52413 44.6436
    endloop
  endfacet
  facet normal 0.707103 4.88235e-06 0.70711
    outer loop
      vertex -6.29568 -13.379 48.8104
      vertex -2.1289 -4.52413 44.6436
      vertex -7.7493 -12.561 50.264
    endloop
  endfacet
  facet normal 0.707097 1.0955e-05 0.707117
    outer loop
      vertex -2.1289 -4.52413 44.6436
      vertex -6.29568 -13.379 48.8104
      vertex -1.54508 -4.75528 44.0598
    endloop
  endfacet
  facet normal 0.707109 -2.02269e-06 0.707105
    outer loop
      vertex -4.72339 -14.0207 47.2381
      vertex -1.54508 -4.75528 44.0598
      vertex -6.29568 -13.379 48.8104
    endloop
  endfacet
  facet normal 0.707 -0.000226381 0.707214
    outer loop
      vertex -7.7493 -12.561 50.264
      vertex -8.06653 -12.3552 50.5812
      vertex -7.91302 -12.4689 50.4277
    endloop
  endfacet
  facet normal 0.707002 7.11595e-05 0.707212
    outer loop
      vertex -4.57524 -14.0811 47.09
      vertex -1.54508 -4.75528 44.0598
      vertex -4.72339 -14.0207 47.2381
    endloop
  endfacet
  facet normal 0.707121 -6.26637e-06 0.707092
    outer loop
      vertex -1.54508 -4.75528 44.0598
      vertex -4.57524 -14.0811 47.09
      vertex -0.936906 -4.91144 43.4516
    endloop
  endfacet
  facet normal 0.707119 -4.57193e-06 0.707095
    outer loop
      vertex -2.9165 -14.5265 45.4312
      vertex -0.936906 -4.91144 43.4516
      vertex -4.57524 -14.0811 47.09
    endloop
  endfacet
  facet normal 0.707107 4.23557e-07 0.707107
    outer loop
      vertex -2.639 -14.5828 45.1537
      vertex -0.936906 -4.91144 43.4516
      vertex -2.9165 -14.5265 45.4312
    endloop
  endfacet
  facet normal 0.707107 4.283e-07 0.707107
    outer loop
      vertex -2 -14.6708 44.5147
      vertex -0.936906 -4.91144 43.4516
      vertex -2.639 -14.5828 45.1537
    endloop
  endfacet
  facet normal 0.707421 0.00312973 0.706786
    outer loop
      vertex -2.639 -14.5828 45.1537
      vertex -2.9165 -14.5265 45.4312
      vertex -2.77816 -14.5636 45.2929
    endloop
  endfacet
  facet normal 0.707077 7.01537e-06 0.707137
    outer loop
      vertex -0.936906 -4.91144 43.4516
      vertex -2 -14.6708 44.5147
      vertex -0.313952 -4.99013 42.8287
    endloop
  endfacet
  facet normal 0.707161 -2.23334e-05 0.707053
    outer loop
      vertex -0.313952 -4.99013 42.8287
      vertex -2 -14.6708 44.5147
      vertex 0 -4.99013 42.5147
    endloop
  endfacet
  facet normal 0.707107 0 0.707107
    outer loop
      vertex 0 -19.7526 42.5147
      vertex -2 -14.6708 44.5147
      vertex -2 -19.7055 44.5147
    endloop
  endfacet
  facet normal 0.707107 0 0.707107
    outer loop
      vertex -2 -14.6708 44.5147
      vertex 0 -19.7526 42.5147
      vertex 0 -4.99013 42.5147
    endloop
  endfacet
  facet normal 0.707107 -0 0.707107
    outer loop
      vertex -2 14.6708 44.5147
      vertex 0 19.7526 42.5147
      vertex -2 19.7055 44.5147
    endloop
  endfacet
  facet normal 0.707421 -0.00312973 0.706786
    outer loop
      vertex -2.9165 14.5265 45.4312
      vertex -2.639 14.5828 45.1537
      vertex -2.77816 14.5636 45.2929
    endloop
  endfacet
  facet normal 0.707107 -4.23557e-07 0.707107
    outer loop
      vertex -0.936906 4.91144 43.4516
      vertex -2.639 14.5828 45.1537
      vertex -2.9165 14.5265 45.4312
    endloop
  endfacet
  facet normal 0.707119 4.57193e-06 0.707095
    outer loop
      vertex -0.936906 4.91144 43.4516
      vertex -2.9165 14.5265 45.4312
      vertex -4.57524 14.0811 47.09
    endloop
  endfacet
  facet normal 0.707005 -8.58982e-05 0.707209
    outer loop
      vertex -0.936906 4.91144 43.4516
      vertex -4.57524 14.0811 47.09
      vertex -4.72339 14.0207 47.2381
    endloop
  endfacet
  facet normal 0.707109 5.36409e-07 0.707105
    outer loop
      vertex -0.936906 4.91144 43.4516
      vertex -4.72339 14.0207 47.2381
      vertex -6.29568 13.379 48.8104
    endloop
  endfacet
  facet normal 0.707104 -6.1412e-06 0.70711
    outer loop
      vertex -0.936906 4.91144 43.4516
      vertex -6.29568 13.379 48.8104
      vertex -7.7493 12.561 50.264
    endloop
  endfacet
  facet normal 0.707 0.000226381 0.707214
    outer loop
      vertex -8.06653 12.3552 50.5812
      vertex -7.7493 12.561 50.264
      vertex -7.91302 12.4689 50.4277
    endloop
  endfacet
  facet normal 0.707086 -3.80976e-05 0.707128
    outer loop
      vertex -0.936906 4.91144 43.4516
      vertex -7.7493 12.561 50.264
      vertex -8.06653 12.3552 50.5812
    endloop
  endfacet
  facet normal 0.707133 4.33513e-05 0.707081
    outer loop
      vertex -2.67913 4.22164 45.1939
      vertex -8.06653 12.3552 50.5812
      vertex -8.48528 12.0451 51
    endloop
  endfacet
  facet normal 0.707107 -4.283e-07 0.707107
    outer loop
      vertex -0.936906 4.91144 43.4516
      vertex -2 14.6708 44.5147
      vertex -2.639 14.5828 45.1537
    endloop
  endfacet
  facet normal 0.707161 2.23334e-05 0.707053
    outer loop
      vertex 0 4.99013 42.5147
      vertex -2 14.6708 44.5147
      vertex -0.313952 4.99013 42.8287
    endloop
  endfacet
  facet normal 0.707107 0 0.707107
    outer loop
      vertex -2 14.6708 44.5147
      vertex 0 4.99013 42.5147
      vertex 0 19.7526 42.5147
    endloop
  endfacet
  facet normal 0.707161 -2.26808e-05 -0.707053
    outer loop
      vertex -2 -14.5225 57.4853
      vertex -0.313952 -4.99013 59.1713
      vertex 0 -4.99013 59.4853
    endloop
  endfacet
  facet normal 0.707125 -4.4514e-05 -0.707089
    outer loop
      vertex -0.313952 -4.99013 59.1713
      vertex -8.06772 -12.3427 51.4176
      vertex -8.48528 -12.0451 51
    endloop
  endfacet
  facet normal 0.707074 6.24101e-05 -0.707139
    outer loop
      vertex -0.313952 -4.99013 59.1713
      vertex -7.72807 -12.5534 51.7572
      vertex -8.06772 -12.3427 51.4176
    endloop
  endfacet
  facet normal 0.706851 -0.000656097 -0.707362
    outer loop
      vertex -8.06772 -12.3427 51.4176
      vertex -7.72807 -12.5534 51.7572
      vertex -7.90601 -12.4579 51.5793
    endloop
  endfacet
  facet normal 0.70711 -7.35129e-06 -0.707104
    outer loop
      vertex -0.313952 -4.99013 59.1713
      vertex -6.27439 -13.3337 53.2109
      vertex -7.72807 -12.5534 51.7572
    endloop
  endfacet
  facet normal 0.707101 5.33489e-06 -0.707113
    outer loop
      vertex -0.313952 -4.99013 59.1713
      vertex -4.76166 -13.9142 54.7236
      vertex -6.27439 -13.3337 53.2109
    endloop
  endfacet
  facet normal 0.707148 -4.20088e-05 -0.707065
    outer loop
      vertex -0.313952 -4.99013 59.1713
      vertex -4.54769 -13.9963 54.9376
      vertex -4.76166 -13.9142 54.7236
    endloop
  endfacet
  facet normal 0.707115 -1.03407e-05 -0.707099
    outer loop
      vertex -0.313952 -4.99013 59.1713
      vertex -2.99233 -14.3775 56.493
      vertex -4.54769 -13.9963 54.9376
    endloop
  endfacet
  facet normal 0.707072 1.41056e-05 -0.707142
    outer loop
      vertex -0.313952 -4.99013 59.1713
      vertex -2.50498 -14.4645 56.9803
      vertex -2.99233 -14.3775 56.493
    endloop
  endfacet
  facet normal 0.707093 0.000247108 -0.707121
    outer loop
      vertex -2.99233 -14.3775 56.493
      vertex -2.50498 -14.4645 56.9803
      vertex -2.7538 -14.4359 56.7315
    endloop
  endfacet
  facet normal 0.70712 -8.34441e-06 -0.707093
    outer loop
      vertex -0.313952 -4.99013 59.1713
      vertex -2 -14.5225 57.4853
      vertex -2.50498 -14.4645 56.9803
    endloop
  endfacet
  facet normal 0.707107 0 -0.707107
    outer loop
      vertex 0 -19.3533 59.4853
      vertex -2 -14.5225 57.4853
      vertex 0 -4.99013 59.4853
    endloop
  endfacet
  facet normal 0.707107 0 -0.707107
    outer loop
      vertex -2 -14.5225 57.4853
      vertex 0 -19.3533 59.4853
      vertex -2 -19.4003 57.4853
    endloop
  endfacet
  facet normal 0.707107 0 -0.707107
    outer loop
      vertex 0 19.3533 59.4853
      vertex -2 14.5225 57.4853
      vertex -2 19.4003 57.4853
    endloop
  endfacet
  facet normal 0.707093 -0.000247108 -0.707121
    outer loop
      vertex -2.50498 14.4645 56.9803
      vertex -2.99233 14.3775 56.493
      vertex -2.7538 14.4359 56.7315
    endloop
  endfacet
  facet normal 0.707121 2.62291e-06 -0.707093
    outer loop
      vertex -0.936906 4.91144 58.5484
      vertex -2.50498 14.4645 56.9803
      vertex -2 14.5225 57.4853
    endloop
  endfacet
  facet normal 0.707072 -1.34394e-05 -0.707142
    outer loop
      vertex -2.50498 14.4645 56.9803
      vertex -0.936906 4.91144 58.5484
      vertex -2.99233 14.3775 56.493
    endloop
  endfacet
  facet normal 0.707121 7.91522e-06 -0.707093
    outer loop
      vertex -1.54508 4.75528 57.9402
      vertex -2.99233 14.3775 56.493
      vertex -0.936906 4.91144 58.5484
    endloop
  endfacet
  facet normal 0.707115 6.18155e-06 -0.707098
    outer loop
      vertex -2.99233 14.3775 56.493
      vertex -1.54508 4.75528 57.9402
      vertex -4.54769 13.9963 54.9376
    endloop
  endfacet
  facet normal 0.707096 -8.8244e-06 -0.707117
    outer loop
      vertex -2.1289 4.52413 57.3564
      vertex -4.76166 13.9142 54.7236
      vertex -1.54508 4.75528 57.9402
    endloop
  endfacet
  facet normal 0.707101 -6.26942e-06 -0.707113
    outer loop
      vertex -4.76166 13.9142 54.7236
      vertex -2.1289 4.52413 57.3564
      vertex -6.27439 13.3337 53.2109
    endloop
  endfacet
  facet normal 0.707111 3.01394e-06 -0.707103
    outer loop
      vertex -6.27439 13.3337 53.2109
      vertex -2.1289 4.52413 57.3564
      vertex -7.72807 12.5534 51.7572
    endloop
  endfacet
  facet normal 0.70714 4.34352e-05 -0.707074
    outer loop
      vertex -2.67913 4.22164 56.8061
      vertex -7.72807 12.5534 51.7572
      vertex -2.1289 4.52413 57.3564
    endloop
  endfacet
  facet normal 0.707107 0 -0.707107
    outer loop
      vertex 0 4.99013 59.4853
      vertex -2 14.5225 57.4853
      vertex 0 19.3533 59.4853
    endloop
  endfacet
  facet normal 0.707161 2.26808e-05 -0.707053
    outer loop
      vertex -0.313952 4.99013 59.1713
      vertex -2 14.5225 57.4853
      vertex 0 4.99013 59.4853
    endloop
  endfacet
  facet normal 0.707077 -7.12213e-06 -0.707137
    outer loop
      vertex -0.936906 4.91144 58.5484
      vertex -2 14.5225 57.4853
      vertex -0.313952 4.99013 59.1713
    endloop
  endfacet
  facet normal 0.707151 2.93207e-05 -0.707063
    outer loop
      vertex -4.54769 13.9963 54.9376
      vertex -1.54508 4.75528 57.9402
      vertex -4.76166 13.9142 54.7236
    endloop
  endfacet
  facet normal 0.707068 -4.33803e-05 -0.707145
    outer loop
      vertex -8.06772 12.3427 51.4176
      vertex -7.72807 12.5534 51.7572
      vertex -2.67913 4.22164 56.8061
    endloop
  endfacet
  facet normal 0.706851 0.000656097 -0.707362
    outer loop
      vertex -7.72807 12.5534 51.7572
      vertex -8.06772 12.3427 51.4176
      vertex -7.90601 12.4579 51.5793
    endloop
  endfacet
  facet normal 0.707128 3.58342e-05 -0.707086
    outer loop
      vertex -8.06772 12.3427 51.4176
      vertex -2.67913 4.22164 56.8061
      vertex -8.48528 12.0451 51
    endloop
  endfacet
  facet normal 0.707065 -5.74718e-05 -0.707149
    outer loop
      vertex -3.18712 3.85257 56.2982
      vertex -8.48528 12.0451 51
      vertex -2.67913 4.22164 56.8061
    endloop
  endfacet
  facet normal 0.707146 4.75755e-05 -0.707067
    outer loop
      vertex -3.64484 3.42274 55.8404
      vertex -8.48528 12.0451 51
      vertex -3.18712 3.85257 56.2982
    endloop
  endfacet
  facet normal 0.707085 -2.16804e-05 -0.707129
    outer loop
      vertex -4.04508 2.93893 55.4402
      vertex -8.48528 12.0451 51
      vertex -3.64484 3.42274 55.8404
    endloop
  endfacet
  facet normal 0.707136 2.89746e-05 -0.707077
    outer loop
      vertex -4.38153 2.40877 55.1037
      vertex -8.48528 12.0451 51
      vertex -4.04508 2.93893 55.4402
    endloop
  endfacet
  facet normal 0.70707 -2.76384e-05 -0.707144
    outer loop
      vertex -4.64888 1.84062 54.8364
      vertex -8.48528 12.0451 51
      vertex -4.38153 2.40877 55.1037
    endloop
  endfacet
  facet normal 0.707073 -2.5407e-05 -0.707141
    outer loop
      vertex -4.84292 1.24345 54.6424
      vertex -8.48528 12.0451 51
      vertex -4.64888 1.84062 54.8364
    endloop
  endfacet
  facet normal 0.707164 3.56628e-05 -0.70705
    outer loop
      vertex -4.96057 0.626666 54.5247
      vertex -8.48528 12.0451 51
      vertex -4.84292 1.24345 54.6424
    endloop
  endfacet
  facet normal 0.70706 -2.80163e-05 -0.707153
    outer loop
      vertex -5 0 54.4853
      vertex -8.48528 12.0451 51
      vertex -4.96057 0.626666 54.5247
    endloop
  endfacet
  facet normal 0.70706 2.80163e-05 -0.707153
    outer loop
      vertex -8.48528 -12.0451 51
      vertex -5 0 54.4853
      vertex -4.96057 -0.626666 54.5247
    endloop
  endfacet
  facet normal 0.707164 -3.56628e-05 -0.70705
    outer loop
      vertex -8.48528 -12.0451 51
      vertex -4.96057 -0.626666 54.5247
      vertex -4.84292 -1.24345 54.6424
    endloop
  endfacet
  facet normal 0.707109 0 -0.707105
    outer loop
      vertex -5 0 54.4853
      vertex -8.48528 -12.0451 51
      vertex -8.48528 12.0451 51
    endloop
  endfacet
  facet normal 0.707073 2.5407e-05 -0.707141
    outer loop
      vertex -4.64888 -1.84062 54.8364
      vertex -8.48528 -12.0451 51
      vertex -4.84292 -1.24345 54.6424
    endloop
  endfacet
  facet normal 0.70707 2.76384e-05 -0.707144
    outer loop
      vertex -4.38153 -2.40877 55.1037
      vertex -8.48528 -12.0451 51
      vertex -4.64888 -1.84062 54.8364
    endloop
  endfacet
  facet normal 0.707136 -2.89746e-05 -0.707077
    outer loop
      vertex -4.04508 -2.93893 55.4402
      vertex -8.48528 -12.0451 51
      vertex -4.38153 -2.40877 55.1037
    endloop
  endfacet
  facet normal 0.707085 2.16804e-05 -0.707129
    outer loop
      vertex -3.64484 -3.42274 55.8404
      vertex -8.48528 -12.0451 51
      vertex -4.04508 -2.93893 55.4402
    endloop
  endfacet
  facet normal 0.707146 -4.75755e-05 -0.707067
    outer loop
      vertex -3.18712 -3.85257 56.2982
      vertex -8.48528 -12.0451 51
      vertex -3.64484 -3.42274 55.8404
    endloop
  endfacet
  facet normal 0.707065 5.74718e-05 -0.707149
    outer loop
      vertex -2.67913 -4.22164 56.8061
      vertex -8.48528 -12.0451 51
      vertex -3.18712 -3.85257 56.2982
    endloop
  endfacet
  facet normal 0.707138 -5.06236e-05 -0.707076
    outer loop
      vertex -2.1289 -4.52413 57.3564
      vertex -8.48528 -12.0451 51
      vertex -2.67913 -4.22164 56.8061
    endloop
  endfacet
  facet normal 0.707098 1.67487e-05 -0.707116
    outer loop
      vertex -1.54508 -4.75528 57.9402
      vertex -8.48528 -12.0451 51
      vertex -2.1289 -4.52413 57.3564
    endloop
  endfacet
  facet normal 0.707119 -2.31259e-05 -0.707095
    outer loop
      vertex -0.936906 -4.91144 58.5484
      vertex -8.48528 -12.0451 51
      vertex -1.54508 -4.75528 57.9402
    endloop
  endfacet
  facet normal 0.70708 5.94867e-05 -0.707134
    outer loop
      vertex -8.48528 -12.0451 51
      vertex -0.936906 -4.91144 58.5484
      vertex -0.313952 -4.99013 59.1713
    endloop
  endfacet
  facet normal -0.707161 -2.23334e-05 0.707053
    outer loop
      vertex 2 -14.6708 44.5147
      vertex 0.313952 -4.99013 42.8287
      vertex 0 -4.99013 42.5147
    endloop
  endfacet
  facet normal -0.707129 -5.41492e-05 0.707085
    outer loop
      vertex 0.313952 -4.99013 42.8287
      vertex 8.06653 -12.3552 50.5812
      vertex 8.48528 -12.0451 51
    endloop
  endfacet
  facet normal -0.707085 3.73775e-05 0.707128
    outer loop
      vertex 0.313952 -4.99013 42.8287
      vertex 7.7493 -12.561 50.264
      vertex 8.06653 -12.3552 50.5812
    endloop
  endfacet
  facet normal -0.707 -0.000226381 0.707214
    outer loop
      vertex 8.06653 -12.3552 50.5812
      vertex 7.7493 -12.561 50.264
      vertex 7.91302 -12.4689 50.4277
    endloop
  endfacet
  facet normal -0.707103 3.26644e-06 0.707111
    outer loop
      vertex 0.313952 -4.99013 42.8287
      vertex 6.29568 -13.379 48.8104
      vertex 7.7493 -12.561 50.264
    endloop
  endfacet
  facet normal -0.707108 -4.31207e-06 0.707105
    outer loop
      vertex 0.313952 -4.99013 42.8287
      vertex 4.72339 -14.0207 47.2381
      vertex 6.29568 -13.379 48.8104
    endloop
  endfacet
  facet normal -0.707007 9.4712e-05 0.707207
    outer loop
      vertex 0.313952 -4.99013 42.8287
      vertex 4.57524 -14.0811 47.09
      vertex 4.72339 -14.0207 47.2381
    endloop
  endfacet
  facet normal -0.707118 -9.81966e-06 0.707095
    outer loop
      vertex 0.313952 -4.99013 42.8287
      vertex 2.9165 -14.5265 45.4312
      vertex 4.57524 -14.0811 47.09
    endloop
  endfacet
  facet normal -0.707106 -3.3724e-06 0.707107
    outer loop
      vertex 0.313952 -4.99013 42.8287
      vertex 2.639 -14.5828 45.1537
      vertex 2.9165 -14.5265 45.4312
    endloop
  endfacet
  facet normal -0.707421 0.00312973 0.706786
    outer loop
      vertex 2.9165 -14.5265 45.4312
      vertex 2.639 -14.5828 45.1537
      vertex 2.77816 -14.5636 45.2929
    endloop
  endfacet
  facet normal -0.707107 -3.42395e-06 0.707107
    outer loop
      vertex 0.313952 -4.99013 42.8287
      vertex 2 -14.6708 44.5147
      vertex 2.639 -14.5828 45.1537
    endloop
  endfacet
  facet normal -0.707107 0 0.707107
    outer loop
      vertex 0 -19.7526 42.5147
      vertex 2 -14.6708 44.5147
      vertex 0 -4.99013 42.5147
    endloop
  endfacet
  facet normal -0.707107 0 0.707107
    outer loop
      vertex 2 -14.6708 44.5147
      vertex 0 -19.7526 42.5147
      vertex 2 -19.7055 44.5147
    endloop
  endfacet
  facet normal -0.707107 0 0.707107
    outer loop
      vertex 0 19.7526 42.5147
      vertex 2 14.6708 44.5147
      vertex 2 19.7055 44.5147
    endloop
  endfacet
  facet normal -0.707421 -0.00312973 0.706786
    outer loop
      vertex 2.639 14.5828 45.1537
      vertex 2.9165 14.5265 45.4312
      vertex 2.77816 14.5636 45.2929
    endloop
  endfacet
  facet normal -0.707107 -4.283e-07 0.707107
    outer loop
      vertex 0.936906 4.91144 43.4516
      vertex 2.639 14.5828 45.1537
      vertex 2 14.6708 44.5147
    endloop
  endfacet
  facet normal -0.707107 -4.23557e-07 0.707107
    outer loop
      vertex 2.639 14.5828 45.1537
      vertex 0.936906 4.91144 43.4516
      vertex 2.9165 14.5265 45.4312
    endloop
  endfacet
  facet normal -0.707119 4.57193e-06 0.707095
    outer loop
      vertex 2.9165 14.5265 45.4312
      vertex 0.936906 4.91144 43.4516
      vertex 4.57524 14.0811 47.09
    endloop
  endfacet
  facet normal -0.707121 6.26637e-06 0.707092
    outer loop
      vertex 1.54508 4.75528 44.0598
      vertex 4.57524 14.0811 47.09
      vertex 0.936906 4.91144 43.4516
    endloop
  endfacet
  facet normal -0.707109 2.02269e-06 0.707105
    outer loop
      vertex 4.72339 14.0207 47.2381
      vertex 1.54508 4.75528 44.0598
      vertex 6.29568 13.379 48.8104
    endloop
  endfacet
  facet normal -0.707097 -1.0955e-05 0.707117
    outer loop
      vertex 2.1289 4.52413 44.6436
      vertex 6.29568 13.379 48.8104
      vertex 1.54508 4.75528 44.0598
    endloop
  endfacet
  facet normal -0.707103 -4.88235e-06 0.70711
    outer loop
      vertex 6.29568 13.379 48.8104
      vertex 2.1289 4.52413 44.6436
      vertex 7.7493 12.561 50.264
    endloop
  endfacet
  facet normal -0.707139 4.54381e-05 0.707074
    outer loop
      vertex 2.67913 4.22164 45.1939
      vertex 7.7493 12.561 50.264
      vertex 2.1289 4.52413 44.6436
    endloop
  endfacet
  facet normal -0.707107 0 0.707107
    outer loop
      vertex 0 4.99013 42.5147
      vertex 2 14.6708 44.5147
      vertex 0 19.7526 42.5147
    endloop
  endfacet
  facet normal -0.707161 2.23334e-05 0.707053
    outer loop
      vertex 0.313952 4.99013 42.8287
      vertex 2 14.6708 44.5147
      vertex 0 4.99013 42.5147
    endloop
  endfacet
  facet normal -0.707077 -7.01537e-06 0.707137
    outer loop
      vertex 0.936906 4.91144 43.4516
      vertex 2 14.6708 44.5147
      vertex 0.313952 4.99013 42.8287
    endloop
  endfacet
  facet normal -0.707002 -7.11595e-05 0.707212
    outer loop
      vertex 4.57524 14.0811 47.09
      vertex 1.54508 4.75528 44.0598
      vertex 4.72339 14.0207 47.2381
    endloop
  endfacet
  facet normal -0.707081 -2.49003e-05 0.707132
    outer loop
      vertex 8.06653 12.3552 50.5812
      vertex 7.7493 12.561 50.264
      vertex 2.67913 4.22164 45.1939
    endloop
  endfacet
  facet normal -0.707 0.000226381 0.707214
    outer loop
      vertex 7.7493 12.561 50.264
      vertex 8.06653 12.3552 50.5812
      vertex 7.91302 12.4689 50.4277
    endloop
  endfacet
  facet normal -0.707133 4.33513e-05 0.707081
    outer loop
      vertex 8.06653 12.3552 50.5812
      vertex 2.67913 4.22164 45.1939
      vertex 8.48528 12.0451 51
    endloop
  endfacet
  facet normal -0.707065 -5.74718e-05 0.707149
    outer loop
      vertex 3.18712 3.85257 45.7018
      vertex 8.48528 12.0451 51
      vertex 2.67913 4.22164 45.1939
    endloop
  endfacet
  facet normal -0.707146 4.75755e-05 0.707067
    outer loop
      vertex 3.64484 3.42274 46.1596
      vertex 8.48528 12.0451 51
      vertex 3.18712 3.85257 45.7018
    endloop
  endfacet
  facet normal -0.707085 -2.16804e-05 0.707129
    outer loop
      vertex 4.04508 2.93893 46.5598
      vertex 8.48528 12.0451 51
      vertex 3.64484 3.42274 46.1596
    endloop
  endfacet
  facet normal -0.707136 2.89746e-05 0.707077
    outer loop
      vertex 4.38153 2.40877 46.8963
      vertex 8.48528 12.0451 51
      vertex 4.04508 2.93893 46.5598
    endloop
  endfacet
  facet normal -0.70707 -2.76384e-05 0.707144
    outer loop
      vertex 4.64888 1.84062 47.1636
      vertex 8.48528 12.0451 51
      vertex 4.38153 2.40877 46.8963
    endloop
  endfacet
  facet normal -0.707073 -2.5407e-05 0.707141
    outer loop
      vertex 4.84292 1.24345 47.3576
      vertex 8.48528 12.0451 51
      vertex 4.64888 1.84062 47.1636
    endloop
  endfacet
  facet normal -0.707164 3.56628e-05 0.70705
    outer loop
      vertex 4.96057 0.626666 47.4753
      vertex 8.48528 12.0451 51
      vertex 4.84292 1.24345 47.3576
    endloop
  endfacet
  facet normal -0.70706 -2.80163e-05 0.707153
    outer loop
      vertex 5 0 47.5147
      vertex 8.48528 12.0451 51
      vertex 4.96057 0.626666 47.4753
    endloop
  endfacet
  facet normal -0.70706 2.80163e-05 0.707153
    outer loop
      vertex 8.48528 -12.0451 51
      vertex 5 0 47.5147
      vertex 4.96057 -0.626666 47.4753
    endloop
  endfacet
  facet normal -0.707164 -3.56628e-05 0.70705
    outer loop
      vertex 8.48528 -12.0451 51
      vertex 4.96057 -0.626666 47.4753
      vertex 4.84292 -1.24345 47.3576
    endloop
  endfacet
  facet normal -0.707109 0 0.707105
    outer loop
      vertex 5 0 47.5147
      vertex 8.48528 -12.0451 51
      vertex 8.48528 12.0451 51
    endloop
  endfacet
  facet normal -0.707073 2.5407e-05 0.707141
    outer loop
      vertex 4.64888 -1.84062 47.1636
      vertex 8.48528 -12.0451 51
      vertex 4.84292 -1.24345 47.3576
    endloop
  endfacet
  facet normal -0.70707 2.76384e-05 0.707144
    outer loop
      vertex 4.38153 -2.40877 46.8963
      vertex 8.48528 -12.0451 51
      vertex 4.64888 -1.84062 47.1636
    endloop
  endfacet
  facet normal -0.707136 -2.89746e-05 0.707077
    outer loop
      vertex 4.04508 -2.93893 46.5598
      vertex 8.48528 -12.0451 51
      vertex 4.38153 -2.40877 46.8963
    endloop
  endfacet
  facet normal -0.707085 2.16804e-05 0.707129
    outer loop
      vertex 3.64484 -3.42274 46.1596
      vertex 8.48528 -12.0451 51
      vertex 4.04508 -2.93893 46.5598
    endloop
  endfacet
  facet normal -0.707146 -4.75755e-05 0.707067
    outer loop
      vertex 3.18712 -3.85257 45.7018
      vertex 8.48528 -12.0451 51
      vertex 3.64484 -3.42274 46.1596
    endloop
  endfacet
  facet normal -0.707065 5.74718e-05 0.707149
    outer loop
      vertex 2.67913 -4.22164 45.1939
      vertex 8.48528 -12.0451 51
      vertex 3.18712 -3.85257 45.7018
    endloop
  endfacet
  facet normal -0.707138 -5.06236e-05 0.707076
    outer loop
      vertex 2.1289 -4.52413 44.6436
      vertex 8.48528 -12.0451 51
      vertex 2.67913 -4.22164 45.1939
    endloop
  endfacet
  facet normal -0.707098 1.67487e-05 0.707116
    outer loop
      vertex 1.54508 -4.75528 44.0598
      vertex 8.48528 -12.0451 51
      vertex 2.1289 -4.52413 44.6436
    endloop
  endfacet
  facet normal -0.707119 -2.31259e-05 0.707095
    outer loop
      vertex 0.936906 -4.91144 43.4516
      vertex 8.48528 -12.0451 51
      vertex 1.54508 -4.75528 44.0598
    endloop
  endfacet
  facet normal -0.70708 5.94867e-05 0.707134
    outer loop
      vertex 8.48528 -12.0451 51
      vertex 0.936906 -4.91144 43.4516
      vertex 0.313952 -4.99013 42.8287
    endloop
  endfacet
  facet normal -0.707077 -7.12213e-06 -0.707137
    outer loop
      vertex 2 14.5225 57.4853
      vertex 0.936906 4.91144 58.5484
      vertex 0.313952 4.99013 59.1713
    endloop
  endfacet
  facet normal -0.707119 2.43415e-05 -0.707095
    outer loop
      vertex 8.06772 12.3427 51.4176
      vertex 1.54508 4.75528 57.9402
      vertex 0.936906 4.91144 58.5484
    endloop
  endfacet
  facet normal -0.707097 -1.27551e-05 -0.707116
    outer loop
      vertex 8.06772 12.3427 51.4176
      vertex 2.1289 4.52413 57.3564
      vertex 1.54508 4.75528 57.9402
    endloop
  endfacet
  facet normal -0.707138 4.94757e-05 -0.707075
    outer loop
      vertex 8.06772 12.3427 51.4176
      vertex 2.67913 4.22164 56.8061
      vertex 2.1289 4.52413 57.3564
    endloop
  endfacet
  facet normal -0.707065 -5.74718e-05 -0.707149
    outer loop
      vertex 8.48528 12.0451 51
      vertex 3.18712 3.85257 56.2982
      vertex 2.67913 4.22164 56.8061
    endloop
  endfacet
  facet normal -0.707146 4.75755e-05 -0.707067
    outer loop
      vertex 8.48528 12.0451 51
      vertex 3.64484 3.42274 55.8404
      vertex 3.18712 3.85257 56.2982
    endloop
  endfacet
  facet normal -0.707085 -2.16804e-05 -0.707129
    outer loop
      vertex 8.48528 12.0451 51
      vertex 4.04508 2.93893 55.4402
      vertex 3.64484 3.42274 55.8404
    endloop
  endfacet
  facet normal -0.707136 2.89746e-05 -0.707077
    outer loop
      vertex 8.48528 12.0451 51
      vertex 4.38153 2.40877 55.1037
      vertex 4.04508 2.93893 55.4402
    endloop
  endfacet
  facet normal -0.70707 -2.76384e-05 -0.707144
    outer loop
      vertex 8.48528 12.0451 51
      vertex 4.64888 1.84062 54.8364
      vertex 4.38153 2.40877 55.1037
    endloop
  endfacet
  facet normal -0.707073 -2.5407e-05 -0.707141
    outer loop
      vertex 8.48528 12.0451 51
      vertex 4.84292 1.24345 54.6424
      vertex 4.64888 1.84062 54.8364
    endloop
  endfacet
  facet normal -0.707164 3.56628e-05 -0.70705
    outer loop
      vertex 8.48528 12.0451 51
      vertex 4.96057 0.626666 54.5247
      vertex 4.84292 1.24345 54.6424
    endloop
  endfacet
  facet normal -0.70706 -2.80163e-05 -0.707153
    outer loop
      vertex 8.48528 12.0451 51
      vertex 5 0 54.4853
      vertex 4.96057 0.626666 54.5247
    endloop
  endfacet
  facet normal -0.707109 0 -0.707105
    outer loop
      vertex 8.48528 -12.0451 51
      vertex 5 0 54.4853
      vertex 8.48528 12.0451 51
    endloop
  endfacet
  facet normal -0.70706 2.80163e-05 -0.707153
    outer loop
      vertex 5 0 54.4853
      vertex 8.48528 -12.0451 51
      vertex 4.96057 -0.626666 54.5247
    endloop
  endfacet
  facet normal -0.707164 -3.56628e-05 -0.70705
    outer loop
      vertex 4.96057 -0.626666 54.5247
      vertex 8.48528 -12.0451 51
      vertex 4.84292 -1.24345 54.6424
    endloop
  endfacet
  facet normal -0.707073 2.5407e-05 -0.707141
    outer loop
      vertex 8.48528 -12.0451 51
      vertex 4.64888 -1.84062 54.8364
      vertex 4.84292 -1.24345 54.6424
    endloop
  endfacet
  facet normal -0.70707 2.76384e-05 -0.707144
    outer loop
      vertex 8.48528 -12.0451 51
      vertex 4.38153 -2.40877 55.1037
      vertex 4.64888 -1.84062 54.8364
    endloop
  endfacet
  facet normal -0.707136 -2.89746e-05 -0.707077
    outer loop
      vertex 8.48528 -12.0451 51
      vertex 4.04508 -2.93893 55.4402
      vertex 4.38153 -2.40877 55.1037
    endloop
  endfacet
  facet normal -0.707085 2.16804e-05 -0.707129
    outer loop
      vertex 8.48528 -12.0451 51
      vertex 3.64484 -3.42274 55.8404
      vertex 4.04508 -2.93893 55.4402
    endloop
  endfacet
  facet normal -0.707146 -4.75755e-05 -0.707067
    outer loop
      vertex 8.48528 -12.0451 51
      vertex 3.18712 -3.85257 56.2982
      vertex 3.64484 -3.42274 55.8404
    endloop
  endfacet
  facet normal -0.707065 5.74718e-05 -0.707149
    outer loop
      vertex 8.48528 -12.0451 51
      vertex 2.67913 -4.22164 56.8061
      vertex 3.18712 -3.85257 56.2982
    endloop
  endfacet
  facet normal -0.707128 -3.58342e-05 -0.707086
    outer loop
      vertex 8.06772 -12.3427 51.4176
      vertex 2.67913 -4.22164 56.8061
      vertex 8.48528 -12.0451 51
    endloop
  endfacet
  facet normal -0.707068 4.33803e-05 -0.707145
    outer loop
      vertex 7.72807 -12.5534 51.7572
      vertex 2.67913 -4.22164 56.8061
      vertex 8.06772 -12.3427 51.4176
    endloop
  endfacet
  facet normal -0.70714 -4.34352e-05 -0.707074
    outer loop
      vertex 2.67913 -4.22164 56.8061
      vertex 7.72807 -12.5534 51.7572
      vertex 2.1289 -4.52413 57.3564
    endloop
  endfacet
  facet normal -0.707111 -3.01394e-06 -0.707103
    outer loop
      vertex 6.27439 -13.3337 53.2109
      vertex 2.1289 -4.52413 57.3564
      vertex 7.72807 -12.5534 51.7572
    endloop
  endfacet
  facet normal -0.707101 6.26942e-06 -0.707113
    outer loop
      vertex 4.76166 -13.9142 54.7236
      vertex 2.1289 -4.52413 57.3564
      vertex 6.27439 -13.3337 53.2109
    endloop
  endfacet
  facet normal -0.707096 8.8244e-06 -0.707117
    outer loop
      vertex 2.1289 -4.52413 57.3564
      vertex 4.76166 -13.9142 54.7236
      vertex 1.54508 -4.75528 57.9402
    endloop
  endfacet
  facet normal -0.706851 -0.000656097 -0.707362
    outer loop
      vertex 7.72807 -12.5534 51.7572
      vertex 8.06772 -12.3427 51.4176
      vertex 7.90601 -12.4579 51.5793
    endloop
  endfacet
  facet normal -0.707151 -2.93207e-05 -0.707063
    outer loop
      vertex 4.54769 -13.9963 54.9376
      vertex 1.54508 -4.75528 57.9402
      vertex 4.76166 -13.9142 54.7236
    endloop
  endfacet
  facet normal -0.707115 -6.18155e-06 -0.707098
    outer loop
      vertex 2.99233 -14.3775 56.493
      vertex 1.54508 -4.75528 57.9402
      vertex 4.54769 -13.9963 54.9376
    endloop
  endfacet
  facet normal -0.707121 -7.91522e-06 -0.707093
    outer loop
      vertex 1.54508 -4.75528 57.9402
      vertex 2.99233 -14.3775 56.493
      vertex 0.936906 -4.91144 58.5484
    endloop
  endfacet
  facet normal -0.707072 1.34394e-05 -0.707142
    outer loop
      vertex 2.50498 -14.4645 56.9803
      vertex 0.936906 -4.91144 58.5484
      vertex 2.99233 -14.3775 56.493
    endloop
  endfacet
  facet normal -0.707121 -2.62291e-06 -0.707093
    outer loop
      vertex 2 -14.5225 57.4853
      vertex 0.936906 -4.91144 58.5484
      vertex 2.50498 -14.4645 56.9803
    endloop
  endfacet
  facet normal -0.707093 0.000247108 -0.707121
    outer loop
      vertex 2.50498 -14.4645 56.9803
      vertex 2.99233 -14.3775 56.493
      vertex 2.7538 -14.4359 56.7315
    endloop
  endfacet
  facet normal -0.707077 7.12213e-06 -0.707137
    outer loop
      vertex 0.936906 -4.91144 58.5484
      vertex 2 -14.5225 57.4853
      vertex 0.313952 -4.99013 59.1713
    endloop
  endfacet
  facet normal -0.707161 -2.26808e-05 -0.707053
    outer loop
      vertex 0.313952 -4.99013 59.1713
      vertex 2 -14.5225 57.4853
      vertex 0 -4.99013 59.4853
    endloop
  endfacet
  facet normal -0.707107 0 -0.707107
    outer loop
      vertex 2 -14.5225 57.4853
      vertex 0 -19.3533 59.4853
      vertex 0 -4.99013 59.4853
    endloop
  endfacet
  facet normal -0.707107 0 -0.707107
    outer loop
      vertex 0 -19.3533 59.4853
      vertex 2 -14.5225 57.4853
      vertex 2 -19.4003 57.4853
    endloop
  endfacet
  facet normal -0.707107 0 -0.707107
    outer loop
      vertex 2 14.5225 57.4853
      vertex 0 19.3533 59.4853
      vertex 2 19.4003 57.4853
    endloop
  endfacet
  facet normal -0.707093 -0.000247108 -0.707121
    outer loop
      vertex 2.99233 14.3775 56.493
      vertex 2.50498 14.4645 56.9803
      vertex 2.7538 14.4359 56.7315
    endloop
  endfacet
  facet normal -0.707072 -1.34394e-05 -0.707142
    outer loop
      vertex 0.936906 4.91144 58.5484
      vertex 2.50498 14.4645 56.9803
      vertex 2.99233 14.3775 56.493
    endloop
  endfacet
  facet normal -0.707115 5.45124e-06 -0.707098
    outer loop
      vertex 0.936906 4.91144 58.5484
      vertex 2.99233 14.3775 56.493
      vertex 4.54769 13.9963 54.9376
    endloop
  endfacet
  facet normal -0.70715 3.31071e-05 -0.707064
    outer loop
      vertex 0.936906 4.91144 58.5484
      vertex 4.54769 13.9963 54.9376
      vertex 4.76166 13.9142 54.7236
    endloop
  endfacet
  facet normal -0.707101 -8.22909e-06 -0.707112
    outer loop
      vertex 0.936906 4.91144 58.5484
      vertex 4.76166 13.9142 54.7236
      vertex 6.27439 13.3337 53.2109
    endloop
  endfacet
  facet normal -0.707111 3.59801e-06 -0.707103
    outer loop
      vertex 0.936906 4.91144 58.5484
      vertex 6.27439 13.3337 53.2109
      vertex 7.72807 12.5534 51.7572
    endloop
  endfacet
  facet normal -0.706851 0.000656097 -0.707362
    outer loop
      vertex 8.06772 12.3427 51.4176
      vertex 7.72807 12.5534 51.7572
      vertex 7.90601 12.4579 51.5793
    endloop
  endfacet
  facet normal -0.707074 -6.17812e-05 -0.70714
    outer loop
      vertex 0.936906 4.91144 58.5484
      vertex 7.72807 12.5534 51.7572
      vertex 8.06772 12.3427 51.4176
    endloop
  endfacet
  facet normal -0.707128 3.58342e-05 -0.707086
    outer loop
      vertex 2.67913 4.22164 56.8061
      vertex 8.06772 12.3427 51.4176
      vertex 8.48528 12.0451 51
    endloop
  endfacet
  facet normal -0.707121 2.62291e-06 -0.707093
    outer loop
      vertex 0.936906 4.91144 58.5484
      vertex 2 14.5225 57.4853
      vertex 2.50498 14.4645 56.9803
    endloop
  endfacet
  facet normal -0.707161 2.26808e-05 -0.707053
    outer loop
      vertex 0 4.99013 59.4853
      vertex 2 14.5225 57.4853
      vertex 0.313952 4.99013 59.1713
    endloop
  endfacet
  facet normal -0.707107 0 -0.707107
    outer loop
      vertex 2 14.5225 57.4853
      vertex 0 4.99013 59.4853
      vertex 0 19.3533 59.4853
    endloop
  endfacet
  facet normal 0.707077 -7.26724e-06 0.707137
    outer loop
      vertex -2 14.3279 74.5147
      vertex -0.936906 4.91144 73.4516
      vertex -0.313952 4.99013 72.8287
    endloop
  endfacet
  facet normal 0.707119 2.00614e-05 0.707094
    outer loop
      vertex -8.10905 11.9032 80.6238
      vertex -1.54508 4.75528 74.0598
      vertex -0.936906 4.91144 73.4516
    endloop
  endfacet
  facet normal 0.707098 -1.849e-05 0.707115
    outer loop
      vertex -8.10905 11.9032 80.6238
      vertex -2.1289 4.52413 74.6436
      vertex -1.54508 4.75528 74.0598
    endloop
  endfacet
  facet normal 0.707139 4.71171e-05 0.707075
    outer loop
      vertex -8.10905 11.9032 80.6238
      vertex -2.67913 4.22164 75.1939
      vertex -2.1289 4.52413 74.6436
    endloop
  endfacet
  facet normal 0.707066 -5.95513e-05 0.707148
    outer loop
      vertex -8.48528 11.6246 81
      vertex -3.18712 3.85257 75.7018
      vertex -2.67913 4.22164 75.1939
    endloop
  endfacet
  facet normal 0.707145 4.9145e-05 0.707068
    outer loop
      vertex -8.48528 11.6246 81
      vertex -3.64484 3.42274 76.1596
      vertex -3.18712 3.85257 75.7018
    endloop
  endfacet
  facet normal 0.707085 -2.23291e-05 0.707129
    outer loop
      vertex -8.48528 11.6246 81
      vertex -4.04508 2.93893 76.5598
      vertex -3.64484 3.42274 76.1596
    endloop
  endfacet
  facet normal 0.707078 -2.9754e-05 0.707136
    outer loop
      vertex -8.48528 11.6246 81
      vertex -4.38153 2.40877 76.8962
      vertex -4.04508 2.93893 76.5598
    endloop
  endfacet
  facet normal 0.707143 2.82834e-05 0.707071
    outer loop
      vertex -8.48528 11.6246 81
      vertex -4.64888 1.84062 77.1636
      vertex -4.38153 2.40877 76.8962
    endloop
  endfacet
  facet normal 0.707074 -2.59018e-05 0.70714
    outer loop
      vertex -8.48528 11.6246 81
      vertex -4.84292 1.24345 77.3576
      vertex -4.64888 1.84062 77.1636
    endloop
  endfacet
  facet normal 0.707162 3.61717e-05 0.707051
    outer loop
      vertex -8.48528 11.6246 81
      vertex -4.96057 0.626666 77.4753
      vertex -4.84292 1.24345 77.3576
    endloop
  endfacet
  facet normal 0.707062 -2.8192e-05 0.707152
    outer loop
      vertex -8.48528 11.6246 81
      vertex -5 0 77.5147
      vertex -4.96057 0.626666 77.4753
    endloop
  endfacet
  facet normal 0.707109 -0 0.707105
    outer loop
      vertex -8.48528 -11.6246 81
      vertex -5 0 77.5147
      vertex -8.48528 11.6246 81
    endloop
  endfacet
  facet normal 0.707062 2.8192e-05 0.707152
    outer loop
      vertex -5 0 77.5147
      vertex -8.48528 -11.6246 81
      vertex -4.96057 -0.626666 77.4753
    endloop
  endfacet
  facet normal 0.707162 -3.61717e-05 0.707051
    outer loop
      vertex -4.96057 -0.626666 77.4753
      vertex -8.48528 -11.6246 81
      vertex -4.84292 -1.24345 77.3576
    endloop
  endfacet
  facet normal 0.707074 2.59018e-05 0.70714
    outer loop
      vertex -8.48528 -11.6246 81
      vertex -4.64888 -1.84062 77.1636
      vertex -4.84292 -1.24345 77.3576
    endloop
  endfacet
  facet normal 0.707143 -2.82834e-05 0.707071
    outer loop
      vertex -8.48528 -11.6246 81
      vertex -4.38153 -2.40877 76.8962
      vertex -4.64888 -1.84062 77.1636
    endloop
  endfacet
  facet normal 0.707078 2.9754e-05 0.707136
    outer loop
      vertex -8.48528 -11.6246 81
      vertex -4.04508 -2.93893 76.5598
      vertex -4.38153 -2.40877 76.8962
    endloop
  endfacet
  facet normal 0.707085 2.23291e-05 0.707129
    outer loop
      vertex -8.48528 -11.6246 81
      vertex -3.64484 -3.42274 76.1596
      vertex -4.04508 -2.93893 76.5598
    endloop
  endfacet
  facet normal 0.707145 -4.9145e-05 0.707068
    outer loop
      vertex -8.48528 -11.6246 81
      vertex -3.18712 -3.85257 75.7018
      vertex -3.64484 -3.42274 76.1596
    endloop
  endfacet
  facet normal 0.707066 5.95513e-05 0.707148
    outer loop
      vertex -8.48528 -11.6246 81
      vertex -2.67913 -4.22164 75.1939
      vertex -3.18712 -3.85257 75.7018
    endloop
  endfacet
  facet normal 0.707088 2.49541e-05 0.707126
    outer loop
      vertex -8.10905 -11.9032 80.6238
      vertex -2.67913 -4.22164 75.1939
      vertex -8.48528 -11.6246 81
    endloop
  endfacet
  facet normal 0.707106 -1.26223e-06 0.707107
    outer loop
      vertex -7.32875 -12.4094 79.8435
      vertex -2.67913 -4.22164 75.1939
      vertex -8.10905 -11.9032 80.6238
    endloop
  endfacet
  facet normal 0.707141 -4.02453e-05 0.707073
    outer loop
      vertex -2.67913 -4.22164 75.1939
      vertex -7.32875 -12.4094 79.8435
      vertex -2.1289 -4.52413 74.6436
    endloop
  endfacet
  facet normal 0.707123 -1.69468e-05 0.707091
    outer loop
      vertex -6.15122 -13.072 78.6659
      vertex -2.1289 -4.52413 74.6436
      vertex -7.32875 -12.4094 79.8435
    endloop
  endfacet
  facet normal 0.707095 9.57023e-06 0.707119
    outer loop
      vertex -4.87757 -13.5918 77.3923
      vertex -2.1289 -4.52413 74.6436
      vertex -6.15122 -13.072 78.6659
    endloop
  endfacet
  facet normal 0.707096 8.64487e-06 0.707117
    outer loop
      vertex -2.1289 -4.52413 74.6436
      vertex -4.87757 -13.5918 77.3923
      vertex -1.54508 -4.75528 74.0598
    endloop
  endfacet
  facet normal 0.707041 -0.000204102 0.707173
    outer loop
      vertex -7.32875 -12.4094 79.8435
      vertex -8.10905 -11.9032 80.6238
      vertex -7.73146 -12.1828 80.2462
    endloop
  endfacet
  facet normal 0.707099 6.367e-06 0.707114
    outer loop
      vertex -4.47026 -13.7581 76.985
      vertex -1.54508 -4.75528 74.0598
      vertex -4.87757 -13.5918 77.3923
    endloop
  endfacet
  facet normal 0.707112 -1.69354e-06 0.707102
    outer loop
      vertex -3.12358 -14.1196 75.6383
      vertex -1.54508 -4.75528 74.0598
      vertex -4.47026 -13.7581 76.985
    endloop
  endfacet
  facet normal 0.707121 -4.88414e-06 0.707092
    outer loop
      vertex -1.54508 -4.75528 74.0598
      vertex -3.12358 -14.1196 75.6383
      vertex -0.936906 -4.91144 73.4516
    endloop
  endfacet
  facet normal 0.707091 9.71262e-06 0.707123
    outer loop
      vertex -2.30284 -14.2861 74.8176
      vertex -0.936906 -4.91144 73.4516
      vertex -3.12358 -14.1196 75.6383
    endloop
  endfacet
  facet normal 0.707176 -1.51286e-05 0.707038
    outer loop
      vertex -2 -14.3279 74.5147
      vertex -0.936906 -4.91144 73.4516
      vertex -2.30284 -14.2861 74.8176
    endloop
  endfacet
  facet normal 0.706955 -0.00131829 0.707257
    outer loop
      vertex -2.30284 -14.2861 74.8176
      vertex -3.12358 -14.1196 75.6383
      vertex -2.71441 -14.2294 75.2291
    endloop
  endfacet
  facet normal 0.707077 7.26724e-06 0.707137
    outer loop
      vertex -0.936906 -4.91144 73.4516
      vertex -2 -14.3279 74.5147
      vertex -0.313952 -4.99013 72.8287
    endloop
  endfacet
  facet normal 0.707161 -2.31535e-05 0.707053
    outer loop
      vertex -0.313952 -4.99013 72.8287
      vertex -2 -14.3279 74.5147
      vertex 0 -4.99013 72.5147
    endloop
  endfacet
  facet normal 0.707107 0 0.707107
    outer loop
      vertex 0 -19.0467 72.5147
      vertex -2 -14.3279 74.5147
      vertex -2 -18.9997 74.5147
    endloop
  endfacet
  facet normal 0.707107 0 0.707107
    outer loop
      vertex -2 -14.3279 74.5147
      vertex 0 -19.0467 72.5147
      vertex 0 -4.99013 72.5147
    endloop
  endfacet
  facet normal 0.707107 -0 0.707107
    outer loop
      vertex -2 14.3279 74.5147
      vertex 0 19.0467 72.5147
      vertex -2 18.9997 74.5147
    endloop
  endfacet
  facet normal 0.706955 0.00131829 0.707257
    outer loop
      vertex -3.12358 14.1196 75.6383
      vertex -2.30284 14.2861 74.8176
      vertex -2.71441 14.2294 75.2291
    endloop
  endfacet
  facet normal 0.707091 -9.71262e-06 0.707123
    outer loop
      vertex -0.936906 4.91144 73.4516
      vertex -2.30284 14.2861 74.8176
      vertex -3.12358 14.1196 75.6383
    endloop
  endfacet
  facet normal 0.707112 4.67426e-07 0.707102
    outer loop
      vertex -0.936906 4.91144 73.4516
      vertex -3.12358 14.1196 75.6383
      vertex -4.47026 13.7581 76.985
    endloop
  endfacet
  facet normal 0.7071 -9.12291e-06 0.707114
    outer loop
      vertex -0.936906 4.91144 73.4516
      vertex -4.47026 13.7581 76.985
      vertex -4.87757 13.5918 77.3923
    endloop
  endfacet
  facet normal 0.707096 -1.31064e-05 0.707118
    outer loop
      vertex -0.936906 4.91144 73.4516
      vertex -4.87757 13.5918 77.3923
      vertex -6.15122 13.072 78.6659
    endloop
  endfacet
  facet normal 0.707122 2.06476e-05 0.707092
    outer loop
      vertex -0.936906 4.91144 73.4516
      vertex -6.15122 13.072 78.6659
      vertex -7.32875 12.4094 79.8435
    endloop
  endfacet
  facet normal 0.707041 0.000204102 0.707173
    outer loop
      vertex -8.10905 11.9032 80.6238
      vertex -7.32875 12.4094 79.8435
      vertex -7.73146 12.1828 80.2462
    endloop
  endfacet
  facet normal 0.707108 -3.40057e-06 0.707106
    outer loop
      vertex -0.936906 4.91144 73.4516
      vertex -7.32875 12.4094 79.8435
      vertex -8.10905 11.9032 80.6238
    endloop
  endfacet
  facet normal 0.707088 -2.49541e-05 0.707126
    outer loop
      vertex -2.67913 4.22164 75.1939
      vertex -8.10905 11.9032 80.6238
      vertex -8.48528 11.6246 81
    endloop
  endfacet
  facet normal 0.707176 1.51286e-05 0.707038
    outer loop
      vertex -0.936906 4.91144 73.4516
      vertex -2 14.3279 74.5147
      vertex -2.30284 14.2861 74.8176
    endloop
  endfacet
  facet normal 0.707161 2.31535e-05 0.707053
    outer loop
      vertex 0 4.99013 72.5147
      vertex -2 14.3279 74.5147
      vertex -0.313952 4.99013 72.8287
    endloop
  endfacet
  facet normal 0.707107 0 0.707107
    outer loop
      vertex -2 14.3279 74.5147
      vertex 0 4.99013 72.5147
      vertex 0 19.0467 72.5147
    endloop
  endfacet
  facet normal -0.707161 -2.31535e-05 0.707053
    outer loop
      vertex 2 -14.3279 74.5147
      vertex 0.313952 -4.99013 72.8287
      vertex 0 -4.99013 72.5147
    endloop
  endfacet
  facet normal -0.707091 3.47597e-05 0.707122
    outer loop
      vertex 0.313952 -4.99013 72.8287
      vertex 8.10905 -11.9032 80.6238
      vertex 8.48528 -11.6246 81
    endloop
  endfacet
  facet normal -0.707107 1.18147e-07 0.707107
    outer loop
      vertex 0.313952 -4.99013 72.8287
      vertex 7.32875 -12.4094 79.8435
      vertex 8.10905 -11.9032 80.6238
    endloop
  endfacet
  facet normal -0.707041 -0.000204102 0.707173
    outer loop
      vertex 8.10905 -11.9032 80.6238
      vertex 7.32875 -12.4094 79.8435
      vertex 7.73146 -12.1828 80.2462
    endloop
  endfacet
  facet normal -0.707121 -2.58168e-05 0.707093
    outer loop
      vertex 0.313952 -4.99013 72.8287
      vertex 6.15122 -13.072 78.6659
      vertex 7.32875 -12.4094 79.8435
    endloop
  endfacet
  facet normal -0.707095 1.08901e-05 0.707118
    outer loop
      vertex 0.313952 -4.99013 72.8287
      vertex 4.87757 -13.5918 77.3923
      vertex 6.15122 -13.072 78.6659
    endloop
  endfacet
  facet normal -0.707099 6.35446e-06 0.707114
    outer loop
      vertex 0.313952 -4.99013 72.8287
      vertex 4.47026 -13.7581 76.985
      vertex 4.87757 -13.5918 77.3923
    endloop
  endfacet
  facet normal -0.707111 -4.98842e-06 0.707102
    outer loop
      vertex 0.313952 -4.99013 72.8287
      vertex 3.12358 -14.1196 75.6383
      vertex 4.47026 -13.7581 76.985
    endloop
  endfacet
  facet normal -0.70709 7.94148e-06 0.707123
    outer loop
      vertex 0.313952 -4.99013 72.8287
      vertex 2.30284 -14.2861 74.8176
      vertex 3.12358 -14.1196 75.6383
    endloop
  endfacet
  facet normal -0.706955 -0.00131829 0.707257
    outer loop
      vertex 3.12358 -14.1196 75.6383
      vertex 2.30284 -14.2861 74.8176
      vertex 2.71441 -14.2294 75.2291
    endloop
  endfacet
  facet normal -0.707175 -2.82245e-05 0.707039
    outer loop
      vertex 0.313952 -4.99013 72.8287
      vertex 2 -14.3279 74.5147
      vertex 2.30284 -14.2861 74.8176
    endloop
  endfacet
  facet normal -0.707107 0 0.707107
    outer loop
      vertex 0 -19.0467 72.5147
      vertex 2 -14.3279 74.5147
      vertex 0 -4.99013 72.5147
    endloop
  endfacet
  facet normal -0.707107 0 0.707107
    outer loop
      vertex 2 -14.3279 74.5147
      vertex 0 -19.0467 72.5147
      vertex 2 -18.9997 74.5147
    endloop
  endfacet
  facet normal -0.707107 0 0.707107
    outer loop
      vertex 0 19.0467 72.5147
      vertex 2 14.3279 74.5147
      vertex 2 18.9997 74.5147
    endloop
  endfacet
  facet normal -0.707176 1.51286e-05 0.707038
    outer loop
      vertex 0.936906 4.91144 73.4516
      vertex 2.30284 14.2861 74.8176
      vertex 2 14.3279 74.5147
    endloop
  endfacet
  facet normal -0.706955 0.00131829 0.707257
    outer loop
      vertex 2.30284 14.2861 74.8176
      vertex 3.12358 14.1196 75.6383
      vertex 2.71441 14.2294 75.2291
    endloop
  endfacet
  facet normal -0.707091 -9.71262e-06 0.707123
    outer loop
      vertex 2.30284 14.2861 74.8176
      vertex 0.936906 4.91144 73.4516
      vertex 3.12358 14.1196 75.6383
    endloop
  endfacet
  facet normal -0.707121 4.88414e-06 0.707092
    outer loop
      vertex 1.54508 4.75528 74.0598
      vertex 3.12358 14.1196 75.6383
      vertex 0.936906 4.91144 73.4516
    endloop
  endfacet
  facet normal -0.707112 1.69354e-06 0.707102
    outer loop
      vertex 3.12358 14.1196 75.6383
      vertex 1.54508 4.75528 74.0598
      vertex 4.47026 13.7581 76.985
    endloop
  endfacet
  facet normal -0.707096 -8.64487e-06 0.707117
    outer loop
      vertex 2.1289 4.52413 74.6436
      vertex 4.87757 13.5918 77.3923
      vertex 1.54508 4.75528 74.0598
    endloop
  endfacet
  facet normal -0.707095 -9.57023e-06 0.707119
    outer loop
      vertex 4.87757 13.5918 77.3923
      vertex 2.1289 4.52413 74.6436
      vertex 6.15122 13.072 78.6659
    endloop
  endfacet
  facet normal -0.707123 1.69468e-05 0.707091
    outer loop
      vertex 6.15122 13.072 78.6659
      vertex 2.1289 4.52413 74.6436
      vertex 7.32875 12.4094 79.8435
    endloop
  endfacet
  facet normal -0.707141 4.02453e-05 0.707073
    outer loop
      vertex 2.67913 4.22164 75.1939
      vertex 7.32875 12.4094 79.8435
      vertex 2.1289 4.52413 74.6436
    endloop
  endfacet
  facet normal -0.707107 0 0.707107
    outer loop
      vertex 0 4.99013 72.5147
      vertex 2 14.3279 74.5147
      vertex 0 19.0467 72.5147
    endloop
  endfacet
  facet normal -0.707161 2.31535e-05 0.707053
    outer loop
      vertex 0.313952 4.99013 72.8287
      vertex 2 14.3279 74.5147
      vertex 0 4.99013 72.5147
    endloop
  endfacet
  facet normal -0.707077 -7.26724e-06 0.707137
    outer loop
      vertex 0.936906 4.91144 73.4516
      vertex 2 14.3279 74.5147
      vertex 0.313952 4.99013 72.8287
    endloop
  endfacet
  facet normal -0.707099 -6.367e-06 0.707114
    outer loop
      vertex 4.47026 13.7581 76.985
      vertex 1.54508 4.75528 74.0598
      vertex 4.87757 13.5918 77.3923
    endloop
  endfacet
  facet normal -0.707106 1.26223e-06 0.707107
    outer loop
      vertex 8.10905 11.9032 80.6238
      vertex 7.32875 12.4094 79.8435
      vertex 2.67913 4.22164 75.1939
    endloop
  endfacet
  facet normal -0.707041 0.000204102 0.707173
    outer loop
      vertex 7.32875 12.4094 79.8435
      vertex 8.10905 11.9032 80.6238
      vertex 7.73146 12.1828 80.2462
    endloop
  endfacet
  facet normal -0.707088 -2.49541e-05 0.707126
    outer loop
      vertex 8.10905 11.9032 80.6238
      vertex 2.67913 4.22164 75.1939
      vertex 8.48528 11.6246 81
    endloop
  endfacet
  facet normal -0.707066 -5.95513e-05 0.707148
    outer loop
      vertex 3.18712 3.85257 75.7018
      vertex 8.48528 11.6246 81
      vertex 2.67913 4.22164 75.1939
    endloop
  endfacet
  facet normal -0.707145 4.9145e-05 0.707068
    outer loop
      vertex 3.64484 3.42274 76.1596
      vertex 8.48528 11.6246 81
      vertex 3.18712 3.85257 75.7018
    endloop
  endfacet
  facet normal -0.707085 -2.23291e-05 0.707129
    outer loop
      vertex 4.04508 2.93893 76.5598
      vertex 8.48528 11.6246 81
      vertex 3.64484 3.42274 76.1596
    endloop
  endfacet
  facet normal -0.707078 -2.9754e-05 0.707136
    outer loop
      vertex 4.38153 2.40877 76.8962
      vertex 8.48528 11.6246 81
      vertex 4.04508 2.93893 76.5598
    endloop
  endfacet
  facet normal -0.707143 2.82834e-05 0.707071
    outer loop
      vertex 4.64888 1.84062 77.1636
      vertex 8.48528 11.6246 81
      vertex 4.38153 2.40877 76.8962
    endloop
  endfacet
  facet normal -0.707074 -2.59018e-05 0.70714
    outer loop
      vertex 4.84292 1.24345 77.3576
      vertex 8.48528 11.6246 81
      vertex 4.64888 1.84062 77.1636
    endloop
  endfacet
  facet normal -0.707162 3.61717e-05 0.707051
    outer loop
      vertex 4.96057 0.626666 77.4753
      vertex 8.48528 11.6246 81
      vertex 4.84292 1.24345 77.3576
    endloop
  endfacet
  facet normal -0.707062 -2.8192e-05 0.707152
    outer loop
      vertex 5 0 77.5147
      vertex 8.48528 11.6246 81
      vertex 4.96057 0.626666 77.4753
    endloop
  endfacet
  facet normal -0.707062 2.8192e-05 0.707152
    outer loop
      vertex 8.48528 -11.6246 81
      vertex 5 0 77.5147
      vertex 4.96057 -0.626666 77.4753
    endloop
  endfacet
  facet normal -0.707162 -3.61717e-05 0.707051
    outer loop
      vertex 8.48528 -11.6246 81
      vertex 4.96057 -0.626666 77.4753
      vertex 4.84292 -1.24345 77.3576
    endloop
  endfacet
  facet normal -0.707109 0 0.707105
    outer loop
      vertex 5 0 77.5147
      vertex 8.48528 -11.6246 81
      vertex 8.48528 11.6246 81
    endloop
  endfacet
  facet normal -0.707074 2.59018e-05 0.70714
    outer loop
      vertex 4.64888 -1.84062 77.1636
      vertex 8.48528 -11.6246 81
      vertex 4.84292 -1.24345 77.3576
    endloop
  endfacet
  facet normal -0.707143 -2.82834e-05 0.707071
    outer loop
      vertex 4.38153 -2.40877 76.8962
      vertex 8.48528 -11.6246 81
      vertex 4.64888 -1.84062 77.1636
    endloop
  endfacet
  facet normal -0.707078 2.9754e-05 0.707136
    outer loop
      vertex 4.04508 -2.93893 76.5598
      vertex 8.48528 -11.6246 81
      vertex 4.38153 -2.40877 76.8962
    endloop
  endfacet
  facet normal -0.707085 2.23291e-05 0.707129
    outer loop
      vertex 3.64484 -3.42274 76.1596
      vertex 8.48528 -11.6246 81
      vertex 4.04508 -2.93893 76.5598
    endloop
  endfacet
  facet normal -0.707145 -4.9145e-05 0.707068
    outer loop
      vertex 3.18712 -3.85257 75.7018
      vertex 8.48528 -11.6246 81
      vertex 3.64484 -3.42274 76.1596
    endloop
  endfacet
  facet normal -0.707066 5.95513e-05 0.707148
    outer loop
      vertex 2.67913 -4.22164 75.1939
      vertex 8.48528 -11.6246 81
      vertex 3.18712 -3.85257 75.7018
    endloop
  endfacet
  facet normal -0.707137 -5.26328e-05 0.707076
    outer loop
      vertex 2.1289 -4.52413 74.6436
      vertex 8.48528 -11.6246 81
      vertex 2.67913 -4.22164 75.1939
    endloop
  endfacet
  facet normal -0.707098 1.74811e-05 0.707115
    outer loop
      vertex 1.54508 -4.75528 74.0598
      vertex 8.48528 -11.6246 81
      vertex 2.1289 -4.52413 74.6436
    endloop
  endfacet
  facet normal -0.707119 -2.425e-05 0.707095
    outer loop
      vertex 0.936906 -4.91144 73.4516
      vertex 8.48528 -11.6246 81
      vertex 1.54508 -4.75528 74.0598
    endloop
  endfacet
  facet normal -0.70708 6.27494e-05 0.707133
    outer loop
      vertex 8.48528 -11.6246 81
      vertex 0.936906 -4.91144 73.4516
      vertex 0.313952 -4.99013 72.8287
    endloop
  endfacet
  facet normal 0.707161 -2.35271e-05 -0.707053
    outer loop
      vertex -2 -14.1796 87.4853
      vertex -0.313952 -4.99013 89.1713
      vertex 0 -4.99013 89.4853
    endloop
  endfacet
  facet normal 0.707126 -5.10447e-05 -0.707087
    outer loop
      vertex -0.313952 -4.99013 89.1713
      vertex -8.11012 -11.8919 81.3752
      vertex -8.48528 -11.6246 81
    endloop
  endfacet
  facet normal 0.707098 1.31961e-05 -0.707116
    outer loop
      vertex -0.313952 -4.99013 89.1713
      vertex -7.29539 -12.3974 82.1899
      vertex -8.11012 -11.8919 81.3752
    endloop
  endfacet
  facet normal 0.707006 -0.000282733 -0.707207
    outer loop
      vertex -8.11012 -11.8919 81.3752
      vertex -7.29539 -12.3974 82.1899
      vertex -7.72222 -12.1683 81.7631
    endloop
  endfacet
  facet normal 0.707114 -1.7579e-05 -0.707099
    outer loop
      vertex -0.313952 -4.99013 89.1713
      vertex -6.12853 -13.0238 83.3568
      vertex -7.29539 -12.3974 82.1899
    endloop
  endfacet
  facet normal 0.707092 1.44195e-05 -0.707121
    outer loop
      vertex -0.313952 -4.99013 89.1713
      vertex -4.91427 -13.4897 84.571
      vertex -6.12853 -13.0238 83.3568
    endloop
  endfacet
  facet normal 0.707107 -1.23988e-06 -0.707107
    outer loop
      vertex -0.313952 -4.99013 89.1713
      vertex -4.44197 -13.671 85.0433
      vertex -4.91427 -13.4897 84.571
    endloop
  endfacet
  facet normal 0.707112 -6.1497e-06 -0.707102
    outer loop
      vertex -0.313952 -4.99013 89.1713
      vertex -3.19659 -13.9761 86.2887
      vertex -4.44197 -13.671 85.0433
    endloop
  endfacet
  facet normal 0.707116 -9.04371e-06 -0.707097
    outer loop
      vertex -0.313952 -4.99013 89.1713
      vertex -2.16112 -14.1611 87.3242
      vertex -3.19659 -13.9761 86.2887
    endloop
  endfacet
  facet normal 0.707163 0.000518617 -0.70705
    outer loop
      vertex -3.19659 -13.9761 86.2887
      vertex -2.16112 -14.1611 87.3242
      vertex -2.68978 -14.1003 86.7955
    endloop
  endfacet
  facet normal 0.707064 1.21556e-05 -0.70715
    outer loop
      vertex -0.313952 -4.99013 89.1713
      vertex -2 -14.1796 87.4853
      vertex -2.16112 -14.1611 87.3242
    endloop
  endfacet
  facet normal 0.707107 0 -0.707107
    outer loop
      vertex 0 -18.6474 89.4853
      vertex -2 -14.1796 87.4853
      vertex 0 -4.99013 89.4853
    endloop
  endfacet
  facet normal 0.707107 0 -0.707107
    outer loop
      vertex -2 -14.1796 87.4853
      vertex 0 -18.6474 89.4853
      vertex -2 -18.6945 87.4853
    endloop
  endfacet
  facet normal 0.707107 0 -0.707107
    outer loop
      vertex 0 18.6474 89.4853
      vertex -2 14.1796 87.4853
      vertex -2 18.6945 87.4853
    endloop
  endfacet
  facet normal 0.707063 -1.03896e-05 -0.70715
    outer loop
      vertex -0.936906 4.91144 88.5484
      vertex -2.16112 14.1611 87.3242
      vertex -2 14.1796 87.4853
    endloop
  endfacet
  facet normal 0.707163 -0.000518617 -0.70705
    outer loop
      vertex -2.16112 14.1611 87.3242
      vertex -3.19659 13.9761 86.2887
      vertex -2.68978 14.1003 86.7955
    endloop
  endfacet
  facet normal 0.707117 3.69429e-06 -0.707097
    outer loop
      vertex -2.16112 14.1611 87.3242
      vertex -0.936906 4.91144 88.5484
      vertex -3.19659 13.9761 86.2887
    endloop
  endfacet
  facet normal 0.707121 5.90927e-06 -0.707092
    outer loop
      vertex -1.54508 4.75528 87.9402
      vertex -3.19659 13.9761 86.2887
      vertex -0.936906 4.91144 88.5484
    endloop
  endfacet
  facet normal 0.707107 -7.05151e-07 -0.707107
    outer loop
      vertex -4.44197 13.671 85.0433
      vertex -1.54508 4.75528 87.9402
      vertex -4.91427 13.4897 84.571
    endloop
  endfacet
  facet normal 0.707096 -8.80835e-06 -0.707117
    outer loop
      vertex -2.1289 4.52413 87.3564
      vertex -4.91427 13.4897 84.571
      vertex -1.54508 4.75528 87.9402
    endloop
  endfacet
  facet normal 0.707092 -1.18132e-05 -0.707122
    outer loop
      vertex -4.91427 13.4897 84.571
      vertex -2.1289 4.52413 87.3564
      vertex -6.12853 13.0238 83.3568
    endloop
  endfacet
  facet normal 0.707116 1.10983e-05 -0.707098
    outer loop
      vertex -6.12853 13.0238 83.3568
      vertex -2.1289 4.52413 87.3564
      vertex -7.29539 12.3974 82.1899
    endloop
  endfacet
  facet normal 0.707096 -7.04432e-06 -0.707118
    outer loop
      vertex -8.11012 11.8919 81.3752
      vertex -7.29539 12.3974 82.1899
      vertex -2.67913 4.22164 86.8061
    endloop
  endfacet
  facet normal 0.707107 0 -0.707107
    outer loop
      vertex 0 4.99013 89.4853
      vertex -2 14.1796 87.4853
      vertex 0 18.6474 89.4853
    endloop
  endfacet
  facet normal 0.707161 2.35271e-05 -0.707053
    outer loop
      vertex -0.313952 4.99013 89.1713
      vertex -2 14.1796 87.4853
      vertex 0 4.99013 89.4853
    endloop
  endfacet
  facet normal 0.707077 -7.38187e-06 -0.707137
    outer loop
      vertex -0.936906 4.91144 88.5484
      vertex -2 14.1796 87.4853
      vertex -0.313952 4.99013 89.1713
    endloop
  endfacet
  facet normal 0.707112 2.68299e-06 -0.707101
    outer loop
      vertex -3.19659 13.9761 86.2887
      vertex -1.54508 4.75528 87.9402
      vertex -4.44197 13.671 85.0433
    endloop
  endfacet
  facet normal 0.70714 4.27191e-05 -0.707074
    outer loop
      vertex -2.67913 4.22164 86.8061
      vertex -7.29539 12.3974 82.1899
      vertex -2.1289 4.52413 87.3564
    endloop
  endfacet
  facet normal 0.707006 0.000282733 -0.707207
    outer loop
      vertex -7.29539 12.3974 82.1899
      vertex -8.11012 11.8919 81.3752
      vertex -7.72222 12.1683 81.7631
    endloop
  endfacet
  facet normal 0.70713 4.09955e-05 -0.707084
    outer loop
      vertex -8.11012 11.8919 81.3752
      vertex -2.67913 4.22164 86.8061
      vertex -8.48528 11.6246 81
    endloop
  endfacet
  facet normal 0.707066 -5.95513e-05 -0.707148
    outer loop
      vertex -3.18712 3.85257 86.2982
      vertex -8.48528 11.6246 81
      vertex -2.67913 4.22164 86.8061
    endloop
  endfacet
  facet normal 0.707145 4.9145e-05 -0.707068
    outer loop
      vertex -3.64484 3.42274 85.8404
      vertex -8.48528 11.6246 81
      vertex -3.18712 3.85257 86.2982
    endloop
  endfacet
  facet normal 0.707085 -2.23291e-05 -0.707129
    outer loop
      vertex -4.04508 2.93893 85.4402
      vertex -8.48528 11.6246 81
      vertex -3.64484 3.42274 85.8404
    endloop
  endfacet
  facet normal 0.707136 2.97515e-05 -0.707078
    outer loop
      vertex -4.38153 2.40877 85.1037
      vertex -8.48528 11.6246 81
      vertex -4.04508 2.93893 85.4402
    endloop
  endfacet
  facet normal 0.707071 -2.82863e-05 -0.707143
    outer loop
      vertex -4.64888 1.84062 84.8364
      vertex -8.48528 11.6246 81
      vertex -4.38153 2.40877 85.1037
    endloop
  endfacet
  facet normal 0.707074 -2.59018e-05 -0.70714
    outer loop
      vertex -4.84292 1.24345 84.6424
      vertex -8.48528 11.6246 81
      vertex -4.64888 1.84062 84.8364
    endloop
  endfacet
  facet normal 0.707162 3.61717e-05 -0.707051
    outer loop
      vertex -4.96057 0.626666 84.5247
      vertex -8.48528 11.6246 81
      vertex -4.84292 1.24345 84.6424
    endloop
  endfacet
  facet normal 0.707062 -2.8192e-05 -0.707152
    outer loop
      vertex -5 0 84.4853
      vertex -8.48528 11.6246 81
      vertex -4.96057 0.626666 84.5247
    endloop
  endfacet
  facet normal 0.707062 2.8192e-05 -0.707152
    outer loop
      vertex -8.48528 -11.6246 81
      vertex -5 0 84.4853
      vertex -4.96057 -0.626666 84.5247
    endloop
  endfacet
  facet normal 0.707162 -3.61717e-05 -0.707051
    outer loop
      vertex -8.48528 -11.6246 81
      vertex -4.96057 -0.626666 84.5247
      vertex -4.84292 -1.24345 84.6424
    endloop
  endfacet
  facet normal 0.707109 0 -0.707105
    outer loop
      vertex -5 0 84.4853
      vertex -8.48528 -11.6246 81
      vertex -8.48528 11.6246 81
    endloop
  endfacet
  facet normal 0.707074 2.59018e-05 -0.70714
    outer loop
      vertex -4.64888 -1.84062 84.8364
      vertex -8.48528 -11.6246 81
      vertex -4.84292 -1.24345 84.6424
    endloop
  endfacet
  facet normal 0.707071 2.82863e-05 -0.707143
    outer loop
      vertex -4.38153 -2.40877 85.1037
      vertex -8.48528 -11.6246 81
      vertex -4.64888 -1.84062 84.8364
    endloop
  endfacet
  facet normal 0.707136 -2.97515e-05 -0.707078
    outer loop
      vertex -4.04508 -2.93893 85.4402
      vertex -8.48528 -11.6246 81
      vertex -4.38153 -2.40877 85.1037
    endloop
  endfacet
  facet normal 0.707085 2.23291e-05 -0.707129
    outer loop
      vertex -3.64484 -3.42274 85.8404
      vertex -8.48528 -11.6246 81
      vertex -4.04508 -2.93893 85.4402
    endloop
  endfacet
  facet normal 0.707145 -4.9145e-05 -0.707068
    outer loop
      vertex -3.18712 -3.85257 86.2982
      vertex -8.48528 -11.6246 81
      vertex -3.64484 -3.42274 85.8404
    endloop
  endfacet
  facet normal 0.707066 5.95513e-05 -0.707148
    outer loop
      vertex -2.67913 -4.22164 86.8061
      vertex -8.48528 -11.6246 81
      vertex -3.18712 -3.85257 86.2982
    endloop
  endfacet
  facet normal 0.707137 -5.26328e-05 -0.707076
    outer loop
      vertex -2.1289 -4.52413 87.3564
      vertex -8.48528 -11.6246 81
      vertex -2.67913 -4.22164 86.8061
    endloop
  endfacet
  facet normal 0.707098 1.74811e-05 -0.707115
    outer loop
      vertex -1.54508 -4.75528 87.9402
      vertex -8.48528 -11.6246 81
      vertex -2.1289 -4.52413 87.3564
    endloop
  endfacet
  facet normal 0.707119 -2.425e-05 -0.707095
    outer loop
      vertex -0.936906 -4.91144 88.5484
      vertex -8.48528 -11.6246 81
      vertex -1.54508 -4.75528 87.9402
    endloop
  endfacet
  facet normal 0.70708 6.27494e-05 -0.707133
    outer loop
      vertex -8.48528 -11.6246 81
      vertex -0.936906 -4.91144 88.5484
      vertex -0.313952 -4.99013 89.1713
    endloop
  endfacet
  facet normal -0.707077 -7.38187e-06 -0.707137
    outer loop
      vertex 2 14.1796 87.4853
      vertex 0.936906 4.91144 88.5484
      vertex 0.313952 4.99013 89.1713
    endloop
  endfacet
  facet normal -0.707119 2.57005e-05 -0.707095
    outer loop
      vertex 8.11012 11.8919 81.3752
      vertex 1.54508 4.75528 87.9402
      vertex 0.936906 4.91144 88.5484
    endloop
  endfacet
  facet normal -0.707097 -1.34292e-05 -0.707116
    outer loop
      vertex 8.11012 11.8919 81.3752
      vertex 2.1289 4.52413 87.3564
      vertex 1.54508 4.75528 87.9402
    endloop
  endfacet
  facet normal -0.707138 5.18185e-05 -0.707076
    outer loop
      vertex 8.11012 11.8919 81.3752
      vertex 2.67913 4.22164 86.8061
      vertex 2.1289 4.52413 87.3564
    endloop
  endfacet
  facet normal -0.707066 -5.95513e-05 -0.707148
    outer loop
      vertex 8.48528 11.6246 81
      vertex 3.18712 3.85257 86.2982
      vertex 2.67913 4.22164 86.8061
    endloop
  endfacet
  facet normal -0.707145 4.9145e-05 -0.707068
    outer loop
      vertex 8.48528 11.6246 81
      vertex 3.64484 3.42274 85.8404
      vertex 3.18712 3.85257 86.2982
    endloop
  endfacet
  facet normal -0.707085 -2.23291e-05 -0.707129
    outer loop
      vertex 8.48528 11.6246 81
      vertex 4.04508 2.93893 85.4402
      vertex 3.64484 3.42274 85.8404
    endloop
  endfacet
  facet normal -0.707136 2.97515e-05 -0.707078
    outer loop
      vertex 8.48528 11.6246 81
      vertex 4.38153 2.40877 85.1037
      vertex 4.04508 2.93893 85.4402
    endloop
  endfacet
  facet normal -0.707071 -2.82863e-05 -0.707143
    outer loop
      vertex 8.48528 11.6246 81
      vertex 4.64888 1.84062 84.8364
      vertex 4.38153 2.40877 85.1037
    endloop
  endfacet
  facet normal -0.707074 -2.59018e-05 -0.70714
    outer loop
      vertex 8.48528 11.6246 81
      vertex 4.84292 1.24345 84.6424
      vertex 4.64888 1.84062 84.8364
    endloop
  endfacet
  facet normal -0.707162 3.61717e-05 -0.707051
    outer loop
      vertex 8.48528 11.6246 81
      vertex 4.96057 0.626666 84.5247
      vertex 4.84292 1.24345 84.6424
    endloop
  endfacet
  facet normal -0.707062 -2.8192e-05 -0.707152
    outer loop
      vertex 8.48528 11.6246 81
      vertex 5 0 84.4853
      vertex 4.96057 0.626666 84.5247
    endloop
  endfacet
  facet normal -0.707109 0 -0.707105
    outer loop
      vertex 8.48528 -11.6246 81
      vertex 5 0 84.4853
      vertex 8.48528 11.6246 81
    endloop
  endfacet
  facet normal -0.707062 2.8192e-05 -0.707152
    outer loop
      vertex 5 0 84.4853
      vertex 8.48528 -11.6246 81
      vertex 4.96057 -0.626666 84.5247
    endloop
  endfacet
  facet normal -0.707162 -3.61717e-05 -0.707051
    outer loop
      vertex 4.96057 -0.626666 84.5247
      vertex 8.48528 -11.6246 81
      vertex 4.84292 -1.24345 84.6424
    endloop
  endfacet
  facet normal -0.707074 2.59018e-05 -0.70714
    outer loop
      vertex 8.48528 -11.6246 81
      vertex 4.64888 -1.84062 84.8364
      vertex 4.84292 -1.24345 84.6424
    endloop
  endfacet
  facet normal -0.707071 2.82863e-05 -0.707143
    outer loop
      vertex 8.48528 -11.6246 81
      vertex 4.38153 -2.40877 85.1037
      vertex 4.64888 -1.84062 84.8364
    endloop
  endfacet
  facet normal -0.707136 -2.97515e-05 -0.707078
    outer loop
      vertex 8.48528 -11.6246 81
      vertex 4.04508 -2.93893 85.4402
      vertex 4.38153 -2.40877 85.1037
    endloop
  endfacet
  facet normal -0.707085 2.23291e-05 -0.707129
    outer loop
      vertex 8.48528 -11.6246 81
      vertex 3.64484 -3.42274 85.8404
      vertex 4.04508 -2.93893 85.4402
    endloop
  endfacet
  facet normal -0.707145 -4.9145e-05 -0.707068
    outer loop
      vertex 8.48528 -11.6246 81
      vertex 3.18712 -3.85257 86.2982
      vertex 3.64484 -3.42274 85.8404
    endloop
  endfacet
  facet normal -0.707066 5.95513e-05 -0.707148
    outer loop
      vertex 8.48528 -11.6246 81
      vertex 2.67913 -4.22164 86.8061
      vertex 3.18712 -3.85257 86.2982
    endloop
  endfacet
  facet normal -0.70713 -4.09955e-05 -0.707084
    outer loop
      vertex 8.11012 -11.8919 81.3752
      vertex 2.67913 -4.22164 86.8061
      vertex 8.48528 -11.6246 81
    endloop
  endfacet
  facet normal -0.707096 7.04432e-06 -0.707118
    outer loop
      vertex 7.29539 -12.3974 82.1899
      vertex 2.67913 -4.22164 86.8061
      vertex 8.11012 -11.8919 81.3752
    endloop
  endfacet
  facet normal -0.70714 -4.27191e-05 -0.707074
    outer loop
      vertex 2.67913 -4.22164 86.8061
      vertex 7.29539 -12.3974 82.1899
      vertex 2.1289 -4.52413 87.3564
    endloop
  endfacet
  facet normal -0.707116 -1.10983e-05 -0.707098
    outer loop
      vertex 6.12853 -13.0238 83.3568
      vertex 2.1289 -4.52413 87.3564
      vertex 7.29539 -12.3974 82.1899
    endloop
  endfacet
  facet normal -0.707092 1.18132e-05 -0.707122
    outer loop
      vertex 4.91427 -13.4897 84.571
      vertex 2.1289 -4.52413 87.3564
      vertex 6.12853 -13.0238 83.3568
    endloop
  endfacet
  facet normal -0.707096 8.80835e-06 -0.707117
    outer loop
      vertex 2.1289 -4.52413 87.3564
      vertex 4.91427 -13.4897 84.571
      vertex 1.54508 -4.75528 87.9402
    endloop
  endfacet
  facet normal -0.707006 -0.000282733 -0.707207
    outer loop
      vertex 7.29539 -12.3974 82.1899
      vertex 8.11012 -11.8919 81.3752
      vertex 7.72222 -12.1683 81.7631
    endloop
  endfacet
  facet normal -0.707107 7.05151e-07 -0.707107
    outer loop
      vertex 4.44197 -13.671 85.0433
      vertex 1.54508 -4.75528 87.9402
      vertex 4.91427 -13.4897 84.571
    endloop
  endfacet
  facet normal -0.707112 -2.68299e-06 -0.707101
    outer loop
      vertex 3.19659 -13.9761 86.2887
      vertex 1.54508 -4.75528 87.9402
      vertex 4.44197 -13.671 85.0433
    endloop
  endfacet
  facet normal -0.707121 -5.90927e-06 -0.707092
    outer loop
      vertex 1.54508 -4.75528 87.9402
      vertex 3.19659 -13.9761 86.2887
      vertex 0.936906 -4.91144 88.5484
    endloop
  endfacet
  facet normal -0.707117 -3.69429e-06 -0.707097
    outer loop
      vertex 2.16112 -14.1611 87.3242
      vertex 0.936906 -4.91144 88.5484
      vertex 3.19659 -13.9761 86.2887
    endloop
  endfacet
  facet normal -0.707063 1.03896e-05 -0.70715
    outer loop
      vertex 2 -14.1796 87.4853
      vertex 0.936906 -4.91144 88.5484
      vertex 2.16112 -14.1611 87.3242
    endloop
  endfacet
  facet normal -0.707163 0.000518617 -0.70705
    outer loop
      vertex 2.16112 -14.1611 87.3242
      vertex 3.19659 -13.9761 86.2887
      vertex 2.68978 -14.1003 86.7955
    endloop
  endfacet
  facet normal -0.707077 7.38187e-06 -0.707137
    outer loop
      vertex 0.936906 -4.91144 88.5484
      vertex 2 -14.1796 87.4853
      vertex 0.313952 -4.99013 89.1713
    endloop
  endfacet
  facet normal -0.707161 -2.35271e-05 -0.707053
    outer loop
      vertex 0.313952 -4.99013 89.1713
      vertex 2 -14.1796 87.4853
      vertex 0 -4.99013 89.4853
    endloop
  endfacet
  facet normal -0.707107 0 -0.707107
    outer loop
      vertex 2 -14.1796 87.4853
      vertex 0 -18.6474 89.4853
      vertex 0 -4.99013 89.4853
    endloop
  endfacet
  facet normal -0.707107 0 -0.707107
    outer loop
      vertex 0 -18.6474 89.4853
      vertex 2 -14.1796 87.4853
      vertex 2 -18.6945 87.4853
    endloop
  endfacet
  facet normal -0.707107 0 -0.707107
    outer loop
      vertex 2 14.1796 87.4853
      vertex 0 18.6474 89.4853
      vertex 2 18.6945 87.4853
    endloop
  endfacet
  facet normal -0.707163 -0.000518617 -0.70705
    outer loop
      vertex 3.19659 13.9761 86.2887
      vertex 2.16112 14.1611 87.3242
      vertex 2.68978 14.1003 86.7955
    endloop
  endfacet
  facet normal -0.707117 3.69429e-06 -0.707097
    outer loop
      vertex 0.936906 4.91144 88.5484
      vertex 2.16112 14.1611 87.3242
      vertex 3.19659 13.9761 86.2887
    endloop
  endfacet
  facet normal -0.707112 1.49158e-06 -0.707101
    outer loop
      vertex 0.936906 4.91144 88.5484
      vertex 3.19659 13.9761 86.2887
      vertex 4.44197 13.671 85.0433
    endloop
  endfacet
  facet normal -0.707107 -2.51912e-06 -0.707106
    outer loop
      vertex 0.936906 4.91144 88.5484
      vertex 4.44197 13.671 85.0433
      vertex 4.91427 13.4897 84.571
    endloop
  endfacet
  facet normal -0.707092 -1.62731e-05 -0.707121
    outer loop
      vertex 0.936906 4.91144 88.5484
      vertex 4.91427 13.4897 84.571
      vertex 6.12853 13.0238 83.3568
    endloop
  endfacet
  facet normal -0.707115 1.31028e-05 -0.707098
    outer loop
      vertex 0.936906 4.91144 88.5484
      vertex 6.12853 13.0238 83.3568
      vertex 7.29539 12.3974 82.1899
    endloop
  endfacet
  facet normal -0.707006 0.000282733 -0.707207
    outer loop
      vertex 8.11012 11.8919 81.3752
      vertex 7.29539 12.3974 82.1899
      vertex 7.72222 12.1683 81.7631
    endloop
  endfacet
  facet normal -0.707099 -1.54729e-05 -0.707115
    outer loop
      vertex 0.936906 4.91144 88.5484
      vertex 7.29539 12.3974 82.1899
      vertex 8.11012 11.8919 81.3752
    endloop
  endfacet
  facet normal -0.70713 4.09955e-05 -0.707084
    outer loop
      vertex 2.67913 4.22164 86.8061
      vertex 8.11012 11.8919 81.3752
      vertex 8.48528 11.6246 81
    endloop
  endfacet
  facet normal -0.707063 -1.03896e-05 -0.70715
    outer loop
      vertex 0.936906 4.91144 88.5484
      vertex 2 14.1796 87.4853
      vertex 2.16112 14.1611 87.3242
    endloop
  endfacet
  facet normal -0.707161 2.35271e-05 -0.707053
    outer loop
      vertex 0 4.99013 89.4853
      vertex 2 14.1796 87.4853
      vertex 0.313952 4.99013 89.1713
    endloop
  endfacet
  facet normal -0.707107 0 -0.707107
    outer loop
      vertex 2 14.1796 87.4853
      vertex 0 4.99013 89.4853
      vertex 0 18.6474 89.4853
    endloop
  endfacet
  facet normal 0.707132 1.32467e-05 0.707082
    outer loop
      vertex -2 13.9849 104.515
      vertex -0.936906 4.91144 103.452
      vertex -0.313952 4.99013 102.829
    endloop
  endfacet
  facet normal 0.707021 -0.000117144 0.707193
    outer loop
      vertex -8.15158 11.4511 110.666
      vertex -1.54508 4.75528 104.06
      vertex -0.936906 4.91144 103.452
    endloop
  endfacet
  facet normal 0.707178 0.000192629 0.707036
    outer loop
      vertex -8.15158 11.4511 110.666
      vertex -2.1289 4.52413 104.644
      vertex -1.54508 4.75528 104.06
    endloop
  endfacet
  facet normal 0.706994 -0.000126933 0.70722
    outer loop
      vertex -8.15158 11.4511 110.666
      vertex -2.67913 4.22164 105.194
      vertex -2.1289 4.52413 104.644
    endloop
  endfacet
  facet normal 0.707108 1.66852e-05 0.707106
    outer loop
      vertex -8.48528 11.204 111
      vertex -3.18712 3.85257 105.702
      vertex -2.67913 4.22164 105.194
    endloop
  endfacet
  facet normal 0.707231 0.000195061 0.706982
    outer loop
      vertex -8.48528 11.204 111
      vertex -3.64484 3.42274 106.16
      vertex -3.18712 3.85257 105.702
    endloop
  endfacet
  facet normal 0.706972 -0.000127755 0.707242
    outer loop
      vertex -8.48528 11.204 111
      vertex -4.04508 2.93893 106.56
      vertex -3.64484 3.42274 106.16
    endloop
  endfacet
  facet normal 0.706843 -0.000265987 0.70737
    outer loop
      vertex -8.48528 11.204 111
      vertex -4.38153 2.40877 106.896
      vertex -4.04508 2.93893 106.56
    endloop
  endfacet
  facet normal 0.707549 0.000392435 0.706665
    outer loop
      vertex -8.48528 11.204 111
      vertex -4.64888 1.84062 107.164
      vertex -4.38153 2.40877 106.896
    endloop
  endfacet
  facet normal 0.707054 -1.30557e-05 0.70716
    outer loop
      vertex -8.48528 11.204 111
      vertex -4.84292 1.24345 107.358
      vertex -4.64888 1.84062 107.164
    endloop
  endfacet
  facet normal 0.706413 -0.000481441 0.7078
    outer loop
      vertex -8.48528 11.204 111
      vertex -4.96057 0.626666 107.475
      vertex -4.84292 1.24345 107.358
    endloop
  endfacet
  facet normal 0.707941 0.000537299 0.706271
    outer loop
      vertex -8.48528 11.204 111
      vertex -5 0 107.515
      vertex -4.96057 0.626666 107.475
    endloop
  endfacet
  facet normal 0.707078 -0 0.707135
    outer loop
      vertex -8.48528 -11.204 111
      vertex -5 0 107.515
      vertex -8.48528 11.204 111
    endloop
  endfacet
  facet normal 0.707941 -0.000537299 0.706271
    outer loop
      vertex -5 0 107.515
      vertex -8.48528 -11.204 111
      vertex -4.96057 -0.626666 107.475
    endloop
  endfacet
  facet normal 0.706413 0.000481441 0.7078
    outer loop
      vertex -4.96057 -0.626666 107.475
      vertex -8.48528 -11.204 111
      vertex -4.84292 -1.24345 107.358
    endloop
  endfacet
  facet normal 0.707054 1.30557e-05 0.70716
    outer loop
      vertex -8.48528 -11.204 111
      vertex -4.64888 -1.84062 107.164
      vertex -4.84292 -1.24345 107.358
    endloop
  endfacet
  facet normal 0.707549 -0.000392435 0.706665
    outer loop
      vertex -8.48528 -11.204 111
      vertex -4.38153 -2.40877 106.896
      vertex -4.64888 -1.84062 107.164
    endloop
  endfacet
  facet normal 0.706843 0.000265987 0.70737
    outer loop
      vertex -8.48528 -11.204 111
      vertex -4.04508 -2.93893 106.56
      vertex -4.38153 -2.40877 106.896
    endloop
  endfacet
  facet normal 0.706972 0.000127755 0.707242
    outer loop
      vertex -8.48528 -11.204 111
      vertex -3.64484 -3.42274 106.16
      vertex -4.04508 -2.93893 106.56
    endloop
  endfacet
  facet normal 0.707231 -0.000195061 0.706982
    outer loop
      vertex -8.48528 -11.204 111
      vertex -3.18712 -3.85257 105.702
      vertex -3.64484 -3.42274 106.16
    endloop
  endfacet
  facet normal 0.707108 -1.66852e-05 0.707106
    outer loop
      vertex -8.48528 -11.204 111
      vertex -2.67913 -4.22164 105.194
      vertex -3.18712 -3.85257 105.702
    endloop
  endfacet
  facet normal 0.7073 -0.000336471 0.706914
    outer loop
      vertex -8.15158 -11.4511 110.666
      vertex -2.67913 -4.22164 105.194
      vertex -8.48528 -11.204 111
    endloop
  endfacet
  facet normal 0.706836 0.000365257 0.707377
    outer loop
      vertex -7.54989 -11.8967 110.065
      vertex -2.67913 -4.22164 105.194
      vertex -8.15158 -11.4511 110.666
    endloop
  endfacet
  facet normal 0.707241 -0.000148575 0.706972
    outer loop
      vertex -6.90821 -12.2578 109.423
      vertex -2.67913 -4.22164 105.194
      vertex -7.54989 -11.8967 110.065
    endloop
  endfacet
  facet normal 0.706991 0.000115204 0.707223
    outer loop
      vertex -2.67913 -4.22164 105.194
      vertex -6.90821 -12.2578 109.423
      vertex -2.1289 -4.52413 104.644
    endloop
  endfacet
  facet normal 0.707264 -0.000222409 0.70695
    outer loop
      vertex -6.00677 -12.765 108.521
      vertex -2.1289 -4.52413 104.644
      vertex -6.90821 -12.2578 109.423
    endloop
  endfacet
  facet normal 0.707085 -5.40352e-05 0.707129
    outer loop
      vertex -5.03174 -13.163 107.546
      vertex -2.1289 -4.52413 104.644
      vertex -6.00677 -12.765 108.521
    endloop
  endfacet
  facet normal 0.707191 -0.000125322 0.707023
    outer loop
      vertex -2.1289 -4.52413 104.644
      vertex -5.03174 -13.163 107.546
      vertex -1.54508 -4.75528 104.06
    endloop
  endfacet
  facet normal 0.706893 0.000121902 0.707321
    outer loop
      vertex -4.36529 -13.435 106.88
      vertex -1.54508 -4.75528 104.06
      vertex -5.03174 -13.163 107.546
    endloop
  endfacet
  facet normal 0.707218 -8.9251e-05 0.706996
    outer loop
      vertex -3.33065 -13.7127 105.845
      vertex -1.54508 -4.75528 104.06
      vertex -4.36529 -13.435 106.88
    endloop
  endfacet
  facet normal 0.707005 -4.4422e-06 0.707209
    outer loop
      vertex -1.54508 -4.75528 104.06
      vertex -3.33065 -13.7127 105.845
      vertex -0.936906 -4.91144 103.452
    endloop
  endfacet
  facet normal 0.707109 -6.09769e-05 0.707105
    outer loop
      vertex -2.65067 -13.8953 105.165
      vertex -0.936906 -4.91144 103.452
      vertex -3.33065 -13.7127 105.845
    endloop
  endfacet
  facet normal 0.706748 7.67847e-05 0.707466
    outer loop
      vertex -2 -13.9849 104.515
      vertex -0.936906 -4.91144 103.452
      vertex -2.65067 -13.8953 105.165
    endloop
  endfacet
  facet normal 0.707132 -1.32467e-05 0.707082
    outer loop
      vertex -0.936906 -4.91144 103.452
      vertex -2 -13.9849 104.515
      vertex -0.313952 -4.99013 102.829
    endloop
  endfacet
  facet normal 0.707161 -2.40364e-05 0.707053
    outer loop
      vertex -0.313952 -4.99013 102.829
      vertex -2 -13.9849 104.515
      vertex 0 -4.99013 102.515
    endloop
  endfacet
  facet normal 0.707107 0 0.707107
    outer loop
      vertex 0 -18.3408 102.515
      vertex -2 -13.9849 104.515
      vertex -2 -18.2938 104.515
    endloop
  endfacet
  facet normal 0.707107 0 0.707107
    outer loop
      vertex -2 -13.9849 104.515
      vertex 0 -18.3408 102.515
      vertex 0 -4.99013 102.515
    endloop
  endfacet
  facet normal 0.707107 -0 0.707107
    outer loop
      vertex -2 13.9849 104.515
      vertex 0 18.3408 102.515
      vertex -2 18.2938 104.515
    endloop
  endfacet
  facet normal 0.707109 6.09769e-05 0.707105
    outer loop
      vertex -0.936906 4.91144 103.452
      vertex -2.65067 13.8953 105.165
      vertex -3.33065 13.7127 105.845
    endloop
  endfacet
  facet normal 0.707214 0.000118053 0.707
    outer loop
      vertex -0.936906 4.91144 103.452
      vertex -3.33065 13.7127 105.845
      vertex -4.36529 13.435 106.88
    endloop
  endfacet
  facet normal 0.706896 -0.000137639 0.707317
    outer loop
      vertex -0.936906 4.91144 103.452
      vertex -4.36529 13.435 106.88
      vertex -5.03174 13.163 107.546
    endloop
  endfacet
  facet normal 0.707086 5.04536e-05 0.707128
    outer loop
      vertex -0.936906 4.91144 103.452
      vertex -5.03174 13.163 107.546
      vertex -6.00677 12.765 108.521
    endloop
  endfacet
  facet normal 0.707252 0.000265027 0.706962
    outer loop
      vertex -0.936906 4.91144 103.452
      vertex -6.00677 12.765 108.521
      vertex -6.90821 12.2578 109.423
    endloop
  endfacet
  facet normal 0.707222 0.000216709 0.706991
    outer loop
      vertex -0.936906 4.91144 103.452
      vertex -6.90821 12.2578 109.423
      vertex -7.54989 11.8967 110.065
    endloop
  endfacet
  facet normal 0.706869 -0.000452381 0.707345
    outer loop
      vertex -0.936906 4.91144 103.452
      vertex -7.54989 11.8967 110.065
      vertex -8.15158 11.4511 110.666
    endloop
  endfacet
  facet normal 0.7073 0.000336471 0.706914
    outer loop
      vertex -2.67913 4.22164 105.194
      vertex -8.15158 11.4511 110.666
      vertex -8.48528 11.204 111
    endloop
  endfacet
  facet normal 0.706748 -7.67847e-05 0.707466
    outer loop
      vertex -0.936906 4.91144 103.452
      vertex -2 13.9849 104.515
      vertex -2.65067 13.8953 105.165
    endloop
  endfacet
  facet normal 0.707161 2.40364e-05 0.707053
    outer loop
      vertex 0 4.99013 102.515
      vertex -2 13.9849 104.515
      vertex -0.313952 4.99013 102.829
    endloop
  endfacet
  facet normal 0.707107 0 0.707107
    outer loop
      vertex -2 13.9849 104.515
      vertex 0 4.99013 102.515
      vertex 0 18.3408 102.515
    endloop
  endfacet
  facet normal -0.707161 -2.40364e-05 0.707053
    outer loop
      vertex 2 -13.9849 104.515
      vertex 0.313952 -4.99013 102.829
      vertex 0 -4.99013 102.515
    endloop
  endfacet
  facet normal -0.707261 -0.000442348 0.706953
    outer loop
      vertex 0.313952 -4.99013 102.829
      vertex 8.15158 -11.4511 110.666
      vertex 8.48528 -11.204 111
    endloop
  endfacet
  facet normal -0.70688 0.000482112 0.707334
    outer loop
      vertex 0.313952 -4.99013 102.829
      vertex 7.54989 -11.8967 110.065
      vertex 8.15158 -11.4511 110.666
    endloop
  endfacet
  facet normal -0.707219 -0.000228387 0.706995
    outer loop
      vertex 0.313952 -4.99013 102.829
      vertex 6.90821 -12.2578 109.423
      vertex 7.54989 -11.8967 110.065
    endloop
  endfacet
  facet normal -0.707247 -0.000280426 0.706966
    outer loop
      vertex 0.313952 -4.99013 102.829
      vertex 6.00677 -12.765 108.521
      vertex 6.90821 -12.2578 109.423
    endloop
  endfacet
  facet normal -0.707087 -4.50131e-05 0.707127
    outer loop
      vertex 0.313952 -4.99013 102.829
      vertex 5.03174 -13.163 107.546
      vertex 6.00677 -12.765 108.521
    endloop
  endfacet
  facet normal -0.706902 0.000167929 0.707311
    outer loop
      vertex 0.313952 -4.99013 102.829
      vertex 4.36529 -13.435 106.88
      vertex 5.03174 -13.163 107.546
    endloop
  endfacet
  facet normal -0.707212 -0.000129622 0.707001
    outer loop
      vertex 0.313952 -4.99013 102.829
      vertex 3.33065 -13.7127 105.845
      vertex 4.36529 -13.435 106.88
    endloop
  endfacet
  facet normal -0.707109 -5.83572e-05 0.707104
    outer loop
      vertex 0.313952 -4.99013 102.829
      vertex 2.65067 -13.8953 105.165
      vertex 3.33065 -13.7127 105.845
    endloop
  endfacet
  facet normal -0.706751 0.000129435 0.707462
    outer loop
      vertex 0.313952 -4.99013 102.829
      vertex 2 -13.9849 104.515
      vertex 2.65067 -13.8953 105.165
    endloop
  endfacet
  facet normal -0.707107 0 0.707107
    outer loop
      vertex 0 -18.3408 102.515
      vertex 2 -13.9849 104.515
      vertex 0 -4.99013 102.515
    endloop
  endfacet
  facet normal -0.707107 0 0.707107
    outer loop
      vertex 2 -13.9849 104.515
      vertex 0 -18.3408 102.515
      vertex 2 -18.2938 104.515
    endloop
  endfacet
  facet normal -0.707107 0 0.707107
    outer loop
      vertex 0 18.3408 102.515
      vertex 2 13.9849 104.515
      vertex 2 18.2938 104.515
    endloop
  endfacet
  facet normal -0.706748 -7.67847e-05 0.707466
    outer loop
      vertex 0.936906 4.91144 103.452
      vertex 2.65067 13.8953 105.165
      vertex 2 13.9849 104.515
    endloop
  endfacet
  facet normal -0.707109 6.09769e-05 0.707105
    outer loop
      vertex 2.65067 13.8953 105.165
      vertex 0.936906 4.91144 103.452
      vertex 3.33065 13.7127 105.845
    endloop
  endfacet
  facet normal -0.707005 4.4422e-06 0.707209
    outer loop
      vertex 1.54508 4.75528 104.06
      vertex 3.33065 13.7127 105.845
      vertex 0.936906 4.91144 103.452
    endloop
  endfacet
  facet normal -0.706893 -0.000121902 0.707321
    outer loop
      vertex 4.36529 13.435 106.88
      vertex 1.54508 4.75528 104.06
      vertex 5.03174 13.163 107.546
    endloop
  endfacet
  facet normal -0.707191 0.000125322 0.707023
    outer loop
      vertex 2.1289 4.52413 104.644
      vertex 5.03174 13.163 107.546
      vertex 1.54508 4.75528 104.06
    endloop
  endfacet
  facet normal -0.707085 5.40352e-05 0.707129
    outer loop
      vertex 5.03174 13.163 107.546
      vertex 2.1289 4.52413 104.644
      vertex 6.00677 12.765 108.521
    endloop
  endfacet
  facet normal -0.707264 0.000222409 0.70695
    outer loop
      vertex 6.00677 12.765 108.521
      vertex 2.1289 4.52413 104.644
      vertex 6.90821 12.2578 109.423
    endloop
  endfacet
  facet normal -0.707241 0.000148575 0.706972
    outer loop
      vertex 6.90821 12.2578 109.423
      vertex 2.67913 4.22164 105.194
      vertex 7.54989 11.8967 110.065
    endloop
  endfacet
  facet normal -0.707107 0 0.707107
    outer loop
      vertex 0 4.99013 102.515
      vertex 2 13.9849 104.515
      vertex 0 18.3408 102.515
    endloop
  endfacet
  facet normal -0.707161 2.40364e-05 0.707053
    outer loop
      vertex 0.313952 4.99013 102.829
      vertex 2 13.9849 104.515
      vertex 0 4.99013 102.515
    endloop
  endfacet
  facet normal -0.707132 1.32467e-05 0.707082
    outer loop
      vertex 0.936906 4.91144 103.452
      vertex 2 13.9849 104.515
      vertex 0.313952 4.99013 102.829
    endloop
  endfacet
  facet normal -0.707218 8.9251e-05 0.706996
    outer loop
      vertex 3.33065 13.7127 105.845
      vertex 1.54508 4.75528 104.06
      vertex 4.36529 13.435 106.88
    endloop
  endfacet
  facet normal -0.706991 -0.000115204 0.707223
    outer loop
      vertex 2.67913 4.22164 105.194
      vertex 6.90821 12.2578 109.423
      vertex 2.1289 4.52413 104.644
    endloop
  endfacet
  facet normal -0.706836 -0.000365257 0.707377
    outer loop
      vertex 7.54989 11.8967 110.065
      vertex 2.67913 4.22164 105.194
      vertex 8.15158 11.4511 110.666
    endloop
  endfacet
  facet normal -0.7073 0.000336471 0.706914
    outer loop
      vertex 8.15158 11.4511 110.666
      vertex 2.67913 4.22164 105.194
      vertex 8.48528 11.204 111
    endloop
  endfacet
  facet normal -0.707108 1.66852e-05 0.707106
    outer loop
      vertex 3.18712 3.85257 105.702
      vertex 8.48528 11.204 111
      vertex 2.67913 4.22164 105.194
    endloop
  endfacet
  facet normal -0.707231 0.000195061 0.706982
    outer loop
      vertex 3.64484 3.42274 106.16
      vertex 8.48528 11.204 111
      vertex 3.18712 3.85257 105.702
    endloop
  endfacet
  facet normal -0.706972 -0.000127755 0.707242
    outer loop
      vertex 4.04508 2.93893 106.56
      vertex 8.48528 11.204 111
      vertex 3.64484 3.42274 106.16
    endloop
  endfacet
  facet normal -0.706843 -0.000265987 0.70737
    outer loop
      vertex 4.38153 2.40877 106.896
      vertex 8.48528 11.204 111
      vertex 4.04508 2.93893 106.56
    endloop
  endfacet
  facet normal -0.707549 0.000392435 0.706665
    outer loop
      vertex 4.64888 1.84062 107.164
      vertex 8.48528 11.204 111
      vertex 4.38153 2.40877 106.896
    endloop
  endfacet
  facet normal -0.707054 -1.30557e-05 0.70716
    outer loop
      vertex 4.84292 1.24345 107.358
      vertex 8.48528 11.204 111
      vertex 4.64888 1.84062 107.164
    endloop
  endfacet
  facet normal -0.706413 -0.000481441 0.7078
    outer loop
      vertex 4.96057 0.626666 107.475
      vertex 8.48528 11.204 111
      vertex 4.84292 1.24345 107.358
    endloop
  endfacet
  facet normal -0.707941 0.000537299 0.706271
    outer loop
      vertex 5 0 107.515
      vertex 8.48528 11.204 111
      vertex 4.96057 0.626666 107.475
    endloop
  endfacet
  facet normal -0.707941 -0.000537299 0.706271
    outer loop
      vertex 8.48528 -11.204 111
      vertex 5 0 107.515
      vertex 4.96057 -0.626666 107.475
    endloop
  endfacet
  facet normal -0.706413 0.000481441 0.7078
    outer loop
      vertex 8.48528 -11.204 111
      vertex 4.96057 -0.626666 107.475
      vertex 4.84292 -1.24345 107.358
    endloop
  endfacet
  facet normal -0.707078 0 0.707135
    outer loop
      vertex 5 0 107.515
      vertex 8.48528 -11.204 111
      vertex 8.48528 11.204 111
    endloop
  endfacet
  facet normal -0.707054 1.30557e-05 0.70716
    outer loop
      vertex 4.64888 -1.84062 107.164
      vertex 8.48528 -11.204 111
      vertex 4.84292 -1.24345 107.358
    endloop
  endfacet
  facet normal -0.707549 -0.000392435 0.706665
    outer loop
      vertex 4.38153 -2.40877 106.896
      vertex 8.48528 -11.204 111
      vertex 4.64888 -1.84062 107.164
    endloop
  endfacet
  facet normal -0.706843 0.000265987 0.70737
    outer loop
      vertex 4.04508 -2.93893 106.56
      vertex 8.48528 -11.204 111
      vertex 4.38153 -2.40877 106.896
    endloop
  endfacet
  facet normal -0.706972 0.000127755 0.707242
    outer loop
      vertex 3.64484 -3.42274 106.16
      vertex 8.48528 -11.204 111
      vertex 4.04508 -2.93893 106.56
    endloop
  endfacet
  facet normal -0.707231 -0.000195061 0.706982
    outer loop
      vertex 3.18712 -3.85257 105.702
      vertex 8.48528 -11.204 111
      vertex 3.64484 -3.42274 106.16
    endloop
  endfacet
  facet normal -0.707108 -1.66852e-05 0.707106
    outer loop
      vertex 2.67913 -4.22164 105.194
      vertex 8.48528 -11.204 111
      vertex 3.18712 -3.85257 105.702
    endloop
  endfacet
  facet normal -0.707002 0.000158274 0.707211
    outer loop
      vertex 2.1289 -4.52413 104.644
      vertex 8.48528 -11.204 111
      vertex 2.67913 -4.22164 105.194
    endloop
  endfacet
  facet normal -0.70718 -0.000179882 0.707033
    outer loop
      vertex 1.54508 -4.75528 104.06
      vertex 8.48528 -11.204 111
      vertex 2.1289 -4.52413 104.644
    endloop
  endfacet
  facet normal -0.707025 0.00015342 0.707188
    outer loop
      vertex 0.936906 -4.91144 103.452
      vertex 8.48528 -11.204 111
      vertex 1.54508 -4.75528 104.06
    endloop
  endfacet
  facet normal -0.707127 -9.08867e-05 0.707086
    outer loop
      vertex 8.48528 -11.204 111
      vertex 0.936906 -4.91144 103.452
      vertex 0.313952 -4.99013 102.829
    endloop
  endfacet
  facet normal 0.707161 -2.44391e-05 -0.707053
    outer loop
      vertex -2 -13.8367 117.485
      vertex -0.313952 -4.99013 119.171
      vertex 0 -4.99013 119.485
    endloop
  endfacet
  facet normal 0.707231 -0.000365439 -0.706982
    outer loop
      vertex -0.313952 -4.99013 119.171
      vertex -8.15252 -11.4411 111.333
      vertex -8.48528 -11.204 111
    endloop
  endfacet
  facet normal 0.707067 3.41219e-05 -0.707146
    outer loop
      vertex -0.313952 -4.99013 119.171
      vertex -7.53843 -11.8787 111.947
      vertex -8.15252 -11.4411 111.333
    endloop
  endfacet
  facet normal 0.707195 -0.000235001 -0.707018
    outer loop
      vertex -0.313952 -4.99013 119.171
      vertex -6.86272 -12.2414 112.623
      vertex -7.53843 -11.8787 111.947
    endloop
  endfacet
  facet normal 0.70708 -2.60043e-05 -0.707134
    outer loop
      vertex -0.313952 -4.99013 119.171
      vertex -5.98267 -12.7138 113.503
      vertex -6.86272 -12.2414 112.623
    endloop
  endfacet
  facet normal 0.706859 0.00029813 -0.707355
    outer loop
      vertex -0.313952 -4.99013 119.171
      vertex -5.06688 -13.0652 114.418
      vertex -5.98267 -12.7138 113.503
    endloop
  endfacet
  facet normal 0.707254 -0.000166753 -0.70696
    outer loop
      vertex -0.313952 -4.99013 119.171
      vertex -4.33625 -13.3456 115.149
      vertex -5.06688 -13.0652 114.418
    endloop
  endfacet
  facet normal 0.706965 0.000110922 -0.707248
    outer loop
      vertex -0.313952 -4.99013 119.171
      vertex -3.40084 -13.5748 116.084
      vertex -4.33625 -13.3456 115.149
    endloop
  endfacet
  facet normal 0.707497 -0.000271745 -0.706716
    outer loop
      vertex -0.313952 -4.99013 119.171
      vertex -2.62577 -13.7648 116.86
      vertex -3.40084 -13.5748 116.084
    endloop
  endfacet
  facet normal 0.70668 0.000158615 -0.707533
    outer loop
      vertex -0.313952 -4.99013 119.171
      vertex -2 -13.8367 117.485
      vertex -2.62577 -13.7648 116.86
    endloop
  endfacet
  facet normal 0.707107 0 -0.707107
    outer loop
      vertex 0 -17.9415 119.485
      vertex -2 -13.8367 117.485
      vertex 0 -4.99013 119.485
    endloop
  endfacet
  facet normal 0.707107 0 -0.707107
    outer loop
      vertex -2 -13.8367 117.485
      vertex 0 -17.9415 119.485
      vertex -2 -17.9886 117.485
    endloop
  endfacet
  facet normal 0.707107 0 -0.707107
    outer loop
      vertex 0 17.9415 119.485
      vertex -2 13.8367 117.485
      vertex -2 17.9886 117.485
    endloop
  endfacet
  facet normal 0.706677 -9.49481e-05 -0.707536
    outer loop
      vertex -0.936906 4.91144 118.548
      vertex -2.62577 13.7648 116.86
      vertex -2 13.8367 117.485
    endloop
  endfacet
  facet normal 0.707504 0.00022042 -0.70671
    outer loop
      vertex -2.62577 13.7648 116.86
      vertex -0.936906 4.91144 118.548
      vertex -3.40084 13.5748 116.084
    endloop
  endfacet
  facet normal 0.707013 -5.86495e-05 -0.7072
    outer loop
      vertex -1.54508 4.75528 117.94
      vertex -3.40084 13.5748 116.084
      vertex -0.936906 4.91144 118.548
    endloop
  endfacet
  facet normal 0.707264 0.000115866 -0.70695
    outer loop
      vertex -4.33625 13.3456 115.149
      vertex -1.54508 4.75528 117.94
      vertex -5.06688 13.0652 114.418
    endloop
  endfacet
  facet normal 0.707203 6.45369e-05 -0.707011
    outer loop
      vertex -2.1289 4.52413 117.356
      vertex -5.06688 13.0652 114.418
      vertex -1.54508 4.75528 117.94
    endloop
  endfacet
  facet normal 0.706837 -0.000186891 -0.707376
    outer loop
      vertex -5.06688 13.0652 114.418
      vertex -2.1289 4.52413 117.356
      vertex -5.98267 12.7138 113.503
    endloop
  endfacet
  facet normal 0.707076 3.79854e-05 -0.707137
    outer loop
      vertex -5.98267 12.7138 113.503
      vertex -2.1289 4.52413 117.356
      vertex -6.86272 12.2414 112.623
    endloop
  endfacet
  facet normal 0.707214 0.000164295 -0.706999
    outer loop
      vertex -6.86272 12.2414 112.623
      vertex -2.67913 4.22164 116.806
      vertex -7.53843 11.8787 111.947
    endloop
  endfacet
  facet normal 0.707107 0 -0.707107
    outer loop
      vertex 0 4.99013 119.485
      vertex -2 13.8367 117.485
      vertex 0 17.9415 119.485
    endloop
  endfacet
  facet normal 0.707161 2.44391e-05 -0.707053
    outer loop
      vertex -0.313952 4.99013 119.171
      vertex -2 13.8367 117.485
      vertex 0 4.99013 119.485
    endloop
  endfacet
  facet normal 0.707132 1.34634e-05 -0.707082
    outer loop
      vertex -0.936906 4.91144 118.548
      vertex -2 13.8367 117.485
      vertex -0.313952 4.99013 119.171
    endloop
  endfacet
  facet normal 0.706962 -8.03321e-05 -0.707252
    outer loop
      vertex -3.40084 13.5748 116.084
      vertex -1.54508 4.75528 117.94
      vertex -4.33625 13.3456 115.149
    endloop
  endfacet
  facet normal 0.706981 -7.94132e-05 -0.707233
    outer loop
      vertex -2.67913 4.22164 116.806
      vertex -6.86272 12.2414 112.623
      vertex -2.1289 4.52413 117.356
    endloop
  endfacet
  facet normal 0.707064 -2.62115e-05 -0.707149
    outer loop
      vertex -7.53843 11.8787 111.947
      vertex -2.67913 4.22164 116.806
      vertex -8.15252 11.4411 111.333
    endloop
  endfacet
  facet normal 0.707102 3.14363e-05 -0.707111
    outer loop
      vertex -3.18712 3.85257 116.298
      vertex -8.15252 11.4411 111.333
      vertex -2.67913 4.22164 116.806
    endloop
  endfacet
  facet normal 0.707272 0.000252956 -0.706942
    outer loop
      vertex -8.15252 11.4411 111.333
      vertex -3.18712 3.85257 116.298
      vertex -8.48528 11.204 111
    endloop
  endfacet
  facet normal 0.707231 0.000195061 -0.706982
    outer loop
      vertex -3.64484 3.42274 115.84
      vertex -8.48528 11.204 111
      vertex -3.18712 3.85257 116.298
    endloop
  endfacet
  facet normal 0.706972 -0.000127755 -0.707242
    outer loop
      vertex -4.04508 2.93893 115.44
      vertex -8.48528 11.204 111
      vertex -3.64484 3.42274 115.84
    endloop
  endfacet
  facet normal 0.706843 -0.000265987 -0.70737
    outer loop
      vertex -4.38153 2.40877 115.104
      vertex -8.48528 11.204 111
      vertex -4.04508 2.93893 115.44
    endloop
  endfacet
  facet normal 0.707549 0.000392435 -0.706665
    outer loop
      vertex -4.64888 1.84062 114.836
      vertex -8.48528 11.204 111
      vertex -4.38153 2.40877 115.104
    endloop
  endfacet
  facet normal 0.707054 -1.30557e-05 -0.70716
    outer loop
      vertex -4.84292 1.24345 114.642
      vertex -8.48528 11.204 111
      vertex -4.64888 1.84062 114.836
    endloop
  endfacet
  facet normal 0.706413 -0.000481441 -0.7078
    outer loop
      vertex -4.96057 0.626666 114.525
      vertex -8.48528 11.204 111
      vertex -4.84292 1.24345 114.642
    endloop
  endfacet
  facet normal 0.707941 0.000537299 -0.706271
    outer loop
      vertex -5 0 114.485
      vertex -8.48528 11.204 111
      vertex -4.96057 0.626666 114.525
    endloop
  endfacet
  facet normal 0.707941 -0.000537299 -0.706271
    outer loop
      vertex -8.48528 -11.204 111
      vertex -5 0 114.485
      vertex -4.96057 -0.626666 114.525
    endloop
  endfacet
  facet normal 0.706413 0.000481441 -0.7078
    outer loop
      vertex -8.48528 -11.204 111
      vertex -4.96057 -0.626666 114.525
      vertex -4.84292 -1.24345 114.642
    endloop
  endfacet
  facet normal 0.707078 0 -0.707135
    outer loop
      vertex -5 0 114.485
      vertex -8.48528 -11.204 111
      vertex -8.48528 11.204 111
    endloop
  endfacet
  facet normal 0.707054 1.30557e-05 -0.70716
    outer loop
      vertex -4.64888 -1.84062 114.836
      vertex -8.48528 -11.204 111
      vertex -4.84292 -1.24345 114.642
    endloop
  endfacet
  facet normal 0.707549 -0.000392435 -0.706665
    outer loop
      vertex -4.38153 -2.40877 115.104
      vertex -8.48528 -11.204 111
      vertex -4.64888 -1.84062 114.836
    endloop
  endfacet
  facet normal 0.706843 0.000265987 -0.70737
    outer loop
      vertex -4.04508 -2.93893 115.44
      vertex -8.48528 -11.204 111
      vertex -4.38153 -2.40877 115.104
    endloop
  endfacet
  facet normal 0.706972 0.000127755 -0.707242
    outer loop
      vertex -3.64484 -3.42274 115.84
      vertex -8.48528 -11.204 111
      vertex -4.04508 -2.93893 115.44
    endloop
  endfacet
  facet normal 0.707231 -0.000195061 -0.706982
    outer loop
      vertex -3.18712 -3.85257 116.298
      vertex -8.48528 -11.204 111
      vertex -3.64484 -3.42274 115.84
    endloop
  endfacet
  facet normal 0.707108 -1.66852e-05 -0.707106
    outer loop
      vertex -2.67913 -4.22164 116.806
      vertex -8.48528 -11.204 111
      vertex -3.18712 -3.85257 116.298
    endloop
  endfacet
  facet normal 0.707002 0.000158274 -0.707211
    outer loop
      vertex -2.1289 -4.52413 117.356
      vertex -8.48528 -11.204 111
      vertex -2.67913 -4.22164 116.806
    endloop
  endfacet
  facet normal 0.70718 -0.000179882 -0.707033
    outer loop
      vertex -1.54508 -4.75528 117.94
      vertex -8.48528 -11.204 111
      vertex -2.1289 -4.52413 117.356
    endloop
  endfacet
  facet normal 0.707025 0.00015342 -0.707188
    outer loop
      vertex -0.936906 -4.91144 118.548
      vertex -8.48528 -11.204 111
      vertex -1.54508 -4.75528 117.94
    endloop
  endfacet
  facet normal 0.707127 -9.08867e-05 -0.707086
    outer loop
      vertex -8.48528 -11.204 111
      vertex -0.936906 -4.91144 118.548
      vertex -0.313952 -4.99013 119.171
    endloop
  endfacet
  facet normal -0.707132 1.34634e-05 -0.707082
    outer loop
      vertex 2 13.8367 117.485
      vertex 0.936906 4.91144 118.548
      vertex 0.313952 4.99013 119.171
    endloop
  endfacet
  facet normal -0.707021 -0.000122365 -0.707192
    outer loop
      vertex 8.15252 11.4411 111.333
      vertex 1.54508 4.75528 117.94
      vertex 0.936906 4.91144 118.548
    endloop
  endfacet
  facet normal -0.707178 0.000188289 -0.707035
    outer loop
      vertex 8.15252 11.4411 111.333
      vertex 2.1289 4.52413 117.356
      vertex 1.54508 4.75528 117.94
    endloop
  endfacet
  facet normal -0.706995 -0.000131226 -0.707219
    outer loop
      vertex 8.15252 11.4411 111.333
      vertex 2.67913 4.22164 116.806
      vertex 2.1289 4.52413 117.356
    endloop
  endfacet
  facet normal -0.707102 3.14363e-05 -0.707111
    outer loop
      vertex 8.15252 11.4411 111.333
      vertex 3.18712 3.85257 116.298
      vertex 2.67913 4.22164 116.806
    endloop
  endfacet
  facet normal -0.707231 0.000195061 -0.706982
    outer loop
      vertex 8.48528 11.204 111
      vertex 3.64484 3.42274 115.84
      vertex 3.18712 3.85257 116.298
    endloop
  endfacet
  facet normal -0.706972 -0.000127755 -0.707242
    outer loop
      vertex 8.48528 11.204 111
      vertex 4.04508 2.93893 115.44
      vertex 3.64484 3.42274 115.84
    endloop
  endfacet
  facet normal -0.706843 -0.000265987 -0.70737
    outer loop
      vertex 8.48528 11.204 111
      vertex 4.38153 2.40877 115.104
      vertex 4.04508 2.93893 115.44
    endloop
  endfacet
  facet normal -0.707549 0.000392435 -0.706665
    outer loop
      vertex 8.48528 11.204 111
      vertex 4.64888 1.84062 114.836
      vertex 4.38153 2.40877 115.104
    endloop
  endfacet
  facet normal -0.707054 -1.30557e-05 -0.70716
    outer loop
      vertex 8.48528 11.204 111
      vertex 4.84292 1.24345 114.642
      vertex 4.64888 1.84062 114.836
    endloop
  endfacet
  facet normal -0.706413 -0.000481441 -0.7078
    outer loop
      vertex 8.48528 11.204 111
      vertex 4.96057 0.626666 114.525
      vertex 4.84292 1.24345 114.642
    endloop
  endfacet
  facet normal -0.707941 0.000537299 -0.706271
    outer loop
      vertex 8.48528 11.204 111
      vertex 5 0 114.485
      vertex 4.96057 0.626666 114.525
    endloop
  endfacet
  facet normal -0.707078 0 -0.707135
    outer loop
      vertex 8.48528 -11.204 111
      vertex 5 0 114.485
      vertex 8.48528 11.204 111
    endloop
  endfacet
  facet normal -0.707941 -0.000537299 -0.706271
    outer loop
      vertex 5 0 114.485
      vertex 8.48528 -11.204 111
      vertex 4.96057 -0.626666 114.525
    endloop
  endfacet
  facet normal -0.706413 0.000481441 -0.7078
    outer loop
      vertex 4.96057 -0.626666 114.525
      vertex 8.48528 -11.204 111
      vertex 4.84292 -1.24345 114.642
    endloop
  endfacet
  facet normal -0.707054 1.30557e-05 -0.70716
    outer loop
      vertex 8.48528 -11.204 111
      vertex 4.64888 -1.84062 114.836
      vertex 4.84292 -1.24345 114.642
    endloop
  endfacet
  facet normal -0.707549 -0.000392435 -0.706665
    outer loop
      vertex 8.48528 -11.204 111
      vertex 4.38153 -2.40877 115.104
      vertex 4.64888 -1.84062 114.836
    endloop
  endfacet
  facet normal -0.706843 0.000265987 -0.70737
    outer loop
      vertex 8.48528 -11.204 111
      vertex 4.04508 -2.93893 115.44
      vertex 4.38153 -2.40877 115.104
    endloop
  endfacet
  facet normal -0.706972 0.000127755 -0.707242
    outer loop
      vertex 8.48528 -11.204 111
      vertex 3.64484 -3.42274 115.84
      vertex 4.04508 -2.93893 115.44
    endloop
  endfacet
  facet normal -0.707231 -0.000195061 -0.706982
    outer loop
      vertex 8.48528 -11.204 111
      vertex 3.18712 -3.85257 116.298
      vertex 3.64484 -3.42274 115.84
    endloop
  endfacet
  facet normal -0.707272 -0.000252956 -0.706942
    outer loop
      vertex 8.15252 -11.4411 111.333
      vertex 3.18712 -3.85257 116.298
      vertex 8.48528 -11.204 111
    endloop
  endfacet
  facet normal -0.707102 -3.14363e-05 -0.707111
    outer loop
      vertex 3.18712 -3.85257 116.298
      vertex 8.15252 -11.4411 111.333
      vertex 2.67913 -4.22164 116.806
    endloop
  endfacet
  facet normal -0.707064 2.62115e-05 -0.707149
    outer loop
      vertex 7.53843 -11.8787 111.947
      vertex 2.67913 -4.22164 116.806
      vertex 8.15252 -11.4411 111.333
    endloop
  endfacet
  facet normal -0.707214 -0.000164295 -0.706999
    outer loop
      vertex 6.86272 -12.2414 112.623
      vertex 2.67913 -4.22164 116.806
      vertex 7.53843 -11.8787 111.947
    endloop
  endfacet
  facet normal -0.706981 7.94132e-05 -0.707233
    outer loop
      vertex 2.67913 -4.22164 116.806
      vertex 6.86272 -12.2414 112.623
      vertex 2.1289 -4.52413 117.356
    endloop
  endfacet
  facet normal -0.707076 -3.79854e-05 -0.707137
    outer loop
      vertex 5.98267 -12.7138 113.503
      vertex 2.1289 -4.52413 117.356
      vertex 6.86272 -12.2414 112.623
    endloop
  endfacet
  facet normal -0.706837 0.000186891 -0.707376
    outer loop
      vertex 5.06688 -13.0652 114.418
      vertex 2.1289 -4.52413 117.356
      vertex 5.98267 -12.7138 113.503
    endloop
  endfacet
  facet normal -0.707203 -6.45369e-05 -0.707011
    outer loop
      vertex 2.1289 -4.52413 117.356
      vertex 5.06688 -13.0652 114.418
      vertex 1.54508 -4.75528 117.94
    endloop
  endfacet
  facet normal -0.707264 -0.000115866 -0.70695
    outer loop
      vertex 4.33625 -13.3456 115.149
      vertex 1.54508 -4.75528 117.94
      vertex 5.06688 -13.0652 114.418
    endloop
  endfacet
  facet normal -0.706962 8.03321e-05 -0.707252
    outer loop
      vertex 3.40084 -13.5748 116.084
      vertex 1.54508 -4.75528 117.94
      vertex 4.33625 -13.3456 115.149
    endloop
  endfacet
  facet normal -0.707013 5.86495e-05 -0.7072
    outer loop
      vertex 1.54508 -4.75528 117.94
      vertex 3.40084 -13.5748 116.084
      vertex 0.936906 -4.91144 118.548
    endloop
  endfacet
  facet normal -0.707504 -0.00022042 -0.70671
    outer loop
      vertex 2.62577 -13.7648 116.86
      vertex 0.936906 -4.91144 118.548
      vertex 3.40084 -13.5748 116.084
    endloop
  endfacet
  facet normal -0.706677 9.49481e-05 -0.707536
    outer loop
      vertex 2 -13.8367 117.485
      vertex 0.936906 -4.91144 118.548
      vertex 2.62577 -13.7648 116.86
    endloop
  endfacet
  facet normal -0.707132 -1.34634e-05 -0.707082
    outer loop
      vertex 0.936906 -4.91144 118.548
      vertex 2 -13.8367 117.485
      vertex 0.313952 -4.99013 119.171
    endloop
  endfacet
  facet normal -0.707161 -2.44391e-05 -0.707053
    outer loop
      vertex 0.313952 -4.99013 119.171
      vertex 2 -13.8367 117.485
      vertex 0 -4.99013 119.485
    endloop
  endfacet
  facet normal -0.707107 0 -0.707107
    outer loop
      vertex 2 -13.8367 117.485
      vertex 0 -17.9415 119.485
      vertex 0 -4.99013 119.485
    endloop
  endfacet
  facet normal -0.707107 0 -0.707107
    outer loop
      vertex 0 -17.9415 119.485
      vertex 2 -13.8367 117.485
      vertex 2 -17.9886 117.485
    endloop
  endfacet
  facet normal -0.707107 0 -0.707107
    outer loop
      vertex 2 13.8367 117.485
      vertex 0 17.9415 119.485
      vertex 2 17.9886 117.485
    endloop
  endfacet
  facet normal -0.707504 0.00022042 -0.70671
    outer loop
      vertex 0.936906 4.91144 118.548
      vertex 2.62577 13.7648 116.86
      vertex 3.40084 13.5748 116.084
    endloop
  endfacet
  facet normal -0.706962 -8.74587e-05 -0.707251
    outer loop
      vertex 0.936906 4.91144 118.548
      vertex 3.40084 13.5748 116.084
      vertex 4.33625 13.3456 115.149
    endloop
  endfacet
  facet normal -0.707257 0.000149937 -0.706957
    outer loop
      vertex 0.936906 4.91144 118.548
      vertex 4.33625 13.3456 115.149
      vertex 5.06688 13.0652 114.418
    endloop
  endfacet
  facet normal -0.706852 -0.000260667 -0.707362
    outer loop
      vertex 0.936906 4.91144 118.548
      vertex 5.06688 13.0652 114.418
      vertex 5.98267 12.7138 113.503
    endloop
  endfacet
  facet normal -0.707078 3.21128e-05 -0.707135
    outer loop
      vertex 0.936906 4.91144 118.548
      vertex 5.98267 12.7138 113.503
      vertex 6.86272 12.2414 112.623
    endloop
  endfacet
  facet normal -0.707198 0.000225827 -0.707016
    outer loop
      vertex 0.936906 4.91144 118.548
      vertex 6.86272 12.2414 112.623
      vertex 7.53843 11.8787 111.947
    endloop
  endfacet
  facet normal -0.707065 -2.68711e-05 -0.707149
    outer loop
      vertex 0.936906 4.91144 118.548
      vertex 7.53843 11.8787 111.947
      vertex 8.15252 11.4411 111.333
    endloop
  endfacet
  facet normal -0.707272 0.000252956 -0.706942
    outer loop
      vertex 3.18712 3.85257 116.298
      vertex 8.15252 11.4411 111.333
      vertex 8.48528 11.204 111
    endloop
  endfacet
  facet normal -0.706677 -9.49481e-05 -0.707536
    outer loop
      vertex 0.936906 4.91144 118.548
      vertex 2 13.8367 117.485
      vertex 2.62577 13.7648 116.86
    endloop
  endfacet
  facet normal -0.707161 2.44391e-05 -0.707053
    outer loop
      vertex 0 4.99013 119.485
      vertex 2 13.8367 117.485
      vertex 0.313952 4.99013 119.171
    endloop
  endfacet
  facet normal -0.707107 0 -0.707107
    outer loop
      vertex 2 13.8367 117.485
      vertex 0 4.99013 119.485
      vertex 0 17.9415 119.485
    endloop
  endfacet
  facet normal 0.707107 0 0.707107
    outer loop
      vertex -2 13.642 134.515
      vertex 0 4.99013 132.515
      vertex 0 17.6349 132.515
    endloop
  endfacet
  facet normal 0.707161 2.49891e-05 0.707053
    outer loop
      vertex 0 4.99013 132.515
      vertex -2 13.642 134.515
      vertex -0.313952 4.99013 132.829
    endloop
  endfacet
  facet normal 0.707132 1.37591e-05 0.707082
    outer loop
      vertex -0.313952 4.99013 132.829
      vertex -2 13.642 134.515
      vertex -0.936906 4.91144 133.452
    endloop
  endfacet
  facet normal 0.707107 -0 0.707107
    outer loop
      vertex -2 13.642 134.515
      vertex 0 17.6349 132.515
      vertex -2 17.5879 134.515
    endloop
  endfacet
  facet normal 0.707154 1.90287e-05 0.70706
    outer loop
      vertex -2.58692 13.5611 135.102
      vertex -0.936906 4.91144 133.452
      vertex -2 13.642 134.515
    endloop
  endfacet
  facet normal 0.706823 -0.00010692 0.70739
    outer loop
      vertex -3.53772 13.3059 136.052
      vertex -0.936906 4.91144 133.452
      vertex -2.58692 13.5611 135.102
    endloop
  endfacet
  facet normal 0.707005 5.455e-06 0.707209
    outer loop
      vertex -0.936906 4.91144 133.452
      vertex -3.53772 13.3059 136.052
      vertex -1.54508 4.75528 134.06
    endloop
  endfacet
  facet normal 0.707289 0.000137768 0.706925
    outer loop
      vertex -4.26031 13.1119 136.775
      vertex -1.54508 4.75528 134.06
      vertex -3.53772 13.3059 136.052
    endloop
  endfacet
  facet normal 0.707235 0.000102634 0.706979
    outer loop
      vertex -5.18592 12.7341 137.701
      vertex -1.54508 4.75528 134.06
      vertex -4.26031 13.1119 136.775
    endloop
  endfacet
  facet normal 0.707201 7.2239e-05 0.707012
    outer loop
      vertex -1.54508 4.75528 134.06
      vertex -5.18592 12.7341 137.701
      vertex -2.1289 4.52413 134.644
    endloop
  endfacet
  facet normal 0.706925 -0.000133706 0.707289
    outer loop
      vertex -5.86232 12.4581 138.377
      vertex -2.1289 4.52413 134.644
      vertex -5.18592 12.7341 137.701
    endloop
  endfacet
  facet normal 0.706942 -0.000117672 0.707272
    outer loop
      vertex -6.48767 12.1062 139.002
      vertex -2.1289 4.52413 134.644
      vertex -5.86232 12.4581 138.377
    endloop
  endfacet
  facet normal 0.706979 -7.45625e-05 0.707234
    outer loop
      vertex -2.1289 4.52413 134.644
      vertex -6.48767 12.1062 139.002
      vertex -2.67913 4.22164 135.194
    endloop
  endfacet
  facet normal 0.707203 0.000141741 0.70701
    outer loop
      vertex -7.36833 11.6106 139.883
      vertex -2.67913 4.22164 135.194
      vertex -6.48767 12.1062 139.002
    endloop
  endfacet
  facet normal 0.707169 9.80408e-05 0.707045
    outer loop
      vertex -8.1941 10.9991 140.709
      vertex -2.67913 4.22164 135.194
      vertex -7.36833 11.6106 139.883
    endloop
  endfacet
  facet normal 0.707112 5.15132e-06 0.707102
    outer loop
      vertex -2.67913 4.22164 135.194
      vertex -8.1941 10.9991 140.709
      vertex -3.18712 3.85257 135.702
    endloop
  endfacet
  facet normal 0.707228 0.000201951 0.706985
    outer loop
      vertex -3.18712 3.85257 135.702
      vertex -8.48528 10.7835 141
      vertex -3.64484 3.42274 136.16
    endloop
  endfacet
  facet normal 0.706974 -0.00013182 0.707239
    outer loop
      vertex -3.64484 3.42274 136.16
      vertex -8.48528 10.7835 141
      vertex -4.04508 2.93893 136.56
    endloop
  endfacet
  facet normal 0.706849 -0.000273521 0.707364
    outer loop
      vertex -4.04508 2.93893 136.56
      vertex -8.48528 10.7835 141
      vertex -4.38153 2.40877 136.896
    endloop
  endfacet
  facet normal 0.707201 -7.2239e-05 0.707012
    outer loop
      vertex -5.18592 -12.7341 137.701
      vertex -1.54508 -4.75528 134.06
      vertex -2.1289 -4.52413 134.644
    endloop
  endfacet
  facet normal 0.707155 1.42149e-06 0.707058
    outer loop
      vertex -1.54508 -4.75528 134.06
      vertex -2.58692 -13.5611 135.102
      vertex -2 -13.642 134.515
    endloop
  endfacet
  facet normal 0.706979 7.45625e-05 0.707234
    outer loop
      vertex -6.48767 -12.1062 139.002
      vertex -2.1289 -4.52413 134.644
      vertex -2.67913 -4.22164 135.194
    endloop
  endfacet
  facet normal 0.707112 -5.15132e-06 0.707102
    outer loop
      vertex -8.1941 -10.9991 140.709
      vertex -2.67913 -4.22164 135.194
      vertex -3.18712 -3.85257 135.702
    endloop
  endfacet
  facet normal 0.70682 8.07097e-05 0.707393
    outer loop
      vertex -1.54508 -4.75528 134.06
      vertex -3.53772 -13.3059 136.052
      vertex -2.58692 -13.5611 135.102
    endloop
  endfacet
  facet normal 0.707228 -0.000201951 0.706985
    outer loop
      vertex -8.48528 -10.7835 141
      vertex -3.18712 -3.85257 135.702
      vertex -3.64484 -3.42274 136.16
    endloop
  endfacet
  facet normal 0.706974 0.00013182 0.707239
    outer loop
      vertex -8.48528 -10.7835 141
      vertex -3.64484 -3.42274 136.16
      vertex -4.04508 -2.93893 136.56
    endloop
  endfacet
  facet normal 0.707289 -0.000137768 0.706925
    outer loop
      vertex -1.54508 -4.75528 134.06
      vertex -4.26031 -13.1119 136.775
      vertex -3.53772 -13.3059 136.052
    endloop
  endfacet
  facet normal 0.706849 0.000273521 0.707364
    outer loop
      vertex -8.48528 -10.7835 141
      vertex -4.04508 -2.93893 136.56
      vertex -4.38153 -2.40877 136.896
    endloop
  endfacet
  facet normal 0.707538 -0.000402093 0.706675
    outer loop
      vertex -8.48528 -10.7835 141
      vertex -4.38153 -2.40877 136.896
      vertex -4.64888 -1.84062 137.164
    endloop
  endfacet
  facet normal 0.707054 1.33203e-05 0.707159
    outer loop
      vertex -8.48528 -10.7835 141
      vertex -4.64888 -1.84062 137.164
      vertex -4.84292 -1.24345 137.358
    endloop
  endfacet
  facet normal 0.706432 0.000488498 0.707781
    outer loop
      vertex -8.48528 -10.7835 141
      vertex -4.84292 -1.24345 137.358
      vertex -4.96057 -0.626666 137.475
    endloop
  endfacet
  facet normal 0.707914 -0.000540734 0.706298
    outer loop
      vertex -8.48528 -10.7835 141
      vertex -4.96057 -0.626666 137.475
      vertex -5 0 137.515
    endloop
  endfacet
  facet normal 0.707235 -0.000102634 0.706979
    outer loop
      vertex -1.54508 -4.75528 134.06
      vertex -5.18592 -12.7341 137.701
      vertex -4.26031 -13.1119 136.775
    endloop
  endfacet
  facet normal 0.707538 0.000402093 0.706675
    outer loop
      vertex -4.38153 2.40877 136.896
      vertex -8.48528 10.7835 141
      vertex -4.64888 1.84062 137.164
    endloop
  endfacet
  facet normal 0.706963 -0.000202989 0.70725
    outer loop
      vertex -8.48528 10.7835 141
      vertex -3.18712 3.85257 135.702
      vertex -8.1941 10.9991 140.709
    endloop
  endfacet
  facet normal 0.707054 -1.33203e-05 0.707159
    outer loop
      vertex -4.64888 1.84062 137.164
      vertex -8.48528 10.7835 141
      vertex -4.84292 1.24345 137.358
    endloop
  endfacet
  facet normal 0.706942 0.000117672 0.707272
    outer loop
      vertex -2.1289 -4.52413 134.644
      vertex -6.48767 -12.1062 139.002
      vertex -5.86232 -12.4581 138.377
    endloop
  endfacet
  facet normal 0.706925 0.000133706 0.707289
    outer loop
      vertex -2.1289 -4.52413 134.644
      vertex -5.86232 -12.4581 138.377
      vertex -5.18592 -12.7341 137.701
    endloop
  endfacet
  facet normal 0.706432 -0.000488498 0.707781
    outer loop
      vertex -4.84292 1.24345 137.358
      vertex -8.48528 10.7835 141
      vertex -4.96057 0.626666 137.475
    endloop
  endfacet
  facet normal 0.707914 0.000540734 0.706298
    outer loop
      vertex -4.96057 0.626666 137.475
      vertex -8.48528 10.7835 141
      vertex -5 0 137.515
    endloop
  endfacet
  facet normal 0.707169 -9.80408e-05 0.707045
    outer loop
      vertex -2.67913 -4.22164 135.194
      vertex -8.1941 -10.9991 140.709
      vertex -7.36833 -11.6106 139.883
    endloop
  endfacet
  facet normal 0.707203 -0.000141741 0.70701
    outer loop
      vertex -2.67913 -4.22164 135.194
      vertex -7.36833 -11.6106 139.883
      vertex -6.48767 -12.1062 139.002
    endloop
  endfacet
  facet normal 0.707078 -0 0.707135
    outer loop
      vertex -8.48528 -10.7835 141
      vertex -5 0 137.515
      vertex -8.48528 10.7835 141
    endloop
  endfacet
  facet normal 0.706963 0.000202989 0.70725
    outer loop
      vertex -3.18712 -3.85257 135.702
      vertex -8.48528 -10.7835 141
      vertex -8.1941 -10.9991 140.709
    endloop
  endfacet
  facet normal 0.707161 -2.49891e-05 0.707053
    outer loop
      vertex -2 -13.642 134.515
      vertex 0 -4.99013 132.515
      vertex -0.313952 -4.99013 132.829
    endloop
  endfacet
  facet normal 0.707132 -1.37591e-05 0.707082
    outer loop
      vertex -2 -13.642 134.515
      vertex -0.313952 -4.99013 132.829
      vertex -0.936906 -4.91144 133.452
    endloop
  endfacet
  facet normal 0.707008 1.65071e-05 0.707206
    outer loop
      vertex -2 -13.642 134.515
      vertex -0.936906 -4.91144 133.452
      vertex -1.54508 -4.75528 134.06
    endloop
  endfacet
  facet normal 0.707107 0 0.707107
    outer loop
      vertex 0 -4.99013 132.515
      vertex -2 -13.642 134.515
      vertex 0 -17.6349 132.515
    endloop
  endfacet
  facet normal 0.707107 0 0.707107
    outer loop
      vertex 0 -17.6349 132.515
      vertex -2 -13.642 134.515
      vertex -2 -17.5879 134.515
    endloop
  endfacet
  facet normal 0.707107 0 -0.707107
    outer loop
      vertex -2 -13.4937 147.485
      vertex 0 -4.99013 149.485
      vertex 0 -17.2356 149.485
    endloop
  endfacet
  facet normal 0.707161 -2.54249e-05 -0.707053
    outer loop
      vertex 0 -4.99013 149.485
      vertex -2 -13.4937 147.485
      vertex -0.313952 -4.99013 149.171
    endloop
  endfacet
  facet normal 0.707132 -1.39932e-05 -0.707082
    outer loop
      vertex -0.313952 -4.99013 149.171
      vertex -2 -13.4937 147.485
      vertex -0.936906 -4.91144 148.548
    endloop
  endfacet
  facet normal 0.707107 0 -0.707107
    outer loop
      vertex -2 -13.4937 147.485
      vertex 0 -17.2356 149.485
      vertex -2 -17.2827 147.485
    endloop
  endfacet
  facet normal 0.70664 0.000107738 -0.707573
    outer loop
      vertex -2.56175 -13.4292 146.924
      vertex -0.936906 -4.91144 148.548
      vertex -2 -13.4937 147.485
    endloop
  endfacet
  facet normal 0.707312 -0.000148409 -0.706901
    outer loop
      vertex -3.60509 -13.1735 145.88
      vertex -0.936906 -4.91144 148.548
      vertex -2.56175 -13.4292 146.924
    endloop
  endfacet
  facet normal 0.707011 4.57949e-05 -0.707202
    outer loop
      vertex -0.936906 -4.91144 148.548
      vertex -3.60509 -13.1735 145.88
      vertex -1.54508 -4.75528 147.94
    endloop
  endfacet
  facet normal 0.706872 0.000114088 -0.707342
    outer loop
      vertex -4.23053 -13.0202 145.255
      vertex -1.54508 -4.75528 147.94
      vertex -3.60509 -13.1735 145.88
    endloop
  endfacet
  facet normal 0.707113 -4.24939e-05 -0.707101
    outer loop
      vertex -5.21949 -12.6407 144.266
      vertex -1.54508 -4.75528 147.94
      vertex -4.23053 -13.0202 145.255
    endloop
  endfacet
  facet normal 0.707193 -0.00011679 -0.707021
    outer loop
      vertex -1.54508 -4.75528 147.94
      vertex -5.21949 -12.6407 144.266
      vertex -2.1289 -4.52413 147.356
    endloop
  endfacet
  facet normal 0.707438 -0.000303495 -0.706776
    outer loop
      vertex -5.83681 -12.4039 143.648
      vertex -2.1289 -4.52413 147.356
      vertex -5.21949 -12.6407 144.266
    endloop
  endfacet
  facet normal 0.706999 0.00010945 -0.707214
    outer loop
      vertex -6.43004 -12.0854 143.055
      vertex -2.1289 -4.52413 147.356
      vertex -5.83681 -12.4039 143.648
    endloop
  endfacet
  facet normal 0.706991 0.000118127 -0.707222
    outer loop
      vertex -2.1289 -4.52413 147.356
      vertex -6.43004 -12.0854 143.055
      vertex -2.67913 -4.22164 146.806
    endloop
  endfacet
  facet normal 0.706926 0.000180745 -0.707288
    outer loop
      vertex -7.35464 -11.5891 142.131
      vertex -2.67913 -4.22164 146.806
      vertex -6.43004 -12.0854 143.055
    endloop
  endfacet
  facet normal 0.707116 6.65488e-06 -0.707097
    outer loop
      vertex -2.67913 -4.22164 146.806
      vertex -8.19492 -10.9903 141.29
      vertex -3.18712 -3.85257 146.298
    endloop
  endfacet
  facet normal 0.706819 0.000423527 -0.707394
    outer loop
      vertex -8.48528 -10.7835 141
      vertex -3.18712 -3.85257 146.298
      vertex -8.19492 -10.9903 141.29
    endloop
  endfacet
  facet normal 0.707228 -0.000201951 -0.706985
    outer loop
      vertex -3.18712 -3.85257 146.298
      vertex -8.48528 -10.7835 141
      vertex -3.64484 -3.42274 145.84
    endloop
  endfacet
  facet normal 0.706974 0.00013182 -0.707239
    outer loop
      vertex -3.64484 -3.42274 145.84
      vertex -8.48528 -10.7835 141
      vertex -4.04508 -2.93893 145.44
    endloop
  endfacet
  facet normal 0.706849 0.000273521 -0.707364
    outer loop
      vertex -4.04508 -2.93893 145.44
      vertex -8.48528 -10.7835 141
      vertex -4.38153 -2.40877 145.104
    endloop
  endfacet
  facet normal 0.707193 0.00011679 -0.707021
    outer loop
      vertex -5.21949 12.6407 144.266
      vertex -1.54508 4.75528 147.94
      vertex -2.1289 4.52413 147.356
    endloop
  endfacet
  facet normal 0.706637 -5.53277e-05 -0.707576
    outer loop
      vertex -1.54508 4.75528 147.94
      vertex -2.56175 13.4292 146.924
      vertex -2 13.4937 147.485
    endloop
  endfacet
  facet normal 0.706991 -0.000118127 -0.707222
    outer loop
      vertex -6.43004 12.0854 143.055
      vertex -2.1289 4.52413 147.356
      vertex -2.67913 4.22164 146.806
    endloop
  endfacet
  facet normal 0.707116 -6.65488e-06 -0.707097
    outer loop
      vertex -8.19492 10.9903 141.29
      vertex -2.67913 4.22164 146.806
      vertex -3.18712 3.85257 146.298
    endloop
  endfacet
  facet normal 0.707318 0.000104027 -0.706896
    outer loop
      vertex -1.54508 4.75528 147.94
      vertex -3.60509 13.1735 145.88
      vertex -2.56175 13.4292 146.924
    endloop
  endfacet
  facet normal 0.707228 0.000201951 -0.706985
    outer loop
      vertex -8.48528 10.7835 141
      vertex -3.18712 3.85257 146.298
      vertex -3.64484 3.42274 145.84
    endloop
  endfacet
  facet normal 0.706974 -0.00013182 -0.707239
    outer loop
      vertex -8.48528 10.7835 141
      vertex -3.64484 3.42274 145.84
      vertex -4.04508 2.93893 145.44
    endloop
  endfacet
  facet normal 0.706872 -0.000114088 -0.707342
    outer loop
      vertex -1.54508 4.75528 147.94
      vertex -4.23053 13.0202 145.255
      vertex -3.60509 13.1735 145.88
    endloop
  endfacet
  facet normal 0.706849 -0.000273521 -0.707364
    outer loop
      vertex -8.48528 10.7835 141
      vertex -4.04508 2.93893 145.44
      vertex -4.38153 2.40877 145.104
    endloop
  endfacet
  facet normal 0.707538 0.000402093 -0.706675
    outer loop
      vertex -8.48528 10.7835 141
      vertex -4.38153 2.40877 145.104
      vertex -4.64888 1.84062 144.836
    endloop
  endfacet
  facet normal 0.707054 -1.33203e-05 -0.707159
    outer loop
      vertex -8.48528 10.7835 141
      vertex -4.64888 1.84062 144.836
      vertex -4.84292 1.24345 144.642
    endloop
  endfacet
  facet normal 0.706432 -0.000488498 -0.707781
    outer loop
      vertex -8.48528 10.7835 141
      vertex -4.84292 1.24345 144.642
      vertex -4.96057 0.626666 144.525
    endloop
  endfacet
  facet normal 0.707914 0.000540734 -0.706298
    outer loop
      vertex -8.48528 10.7835 141
      vertex -4.96057 0.626666 144.525
      vertex -5 0 144.485
    endloop
  endfacet
  facet normal 0.707113 4.24939e-05 -0.707101
    outer loop
      vertex -1.54508 4.75528 147.94
      vertex -5.21949 12.6407 144.266
      vertex -4.23053 13.0202 145.255
    endloop
  endfacet
  facet normal 0.707538 -0.000402093 -0.706675
    outer loop
      vertex -4.38153 -2.40877 145.104
      vertex -8.48528 -10.7835 141
      vertex -4.64888 -1.84062 144.836
    endloop
  endfacet
  facet normal 0.707303 -0.000298391 -0.70691
    outer loop
      vertex -8.19492 -10.9903 141.29
      vertex -2.67913 -4.22164 146.806
      vertex -7.35464 -11.5891 142.131
    endloop
  endfacet
  facet normal 0.707054 1.33203e-05 -0.707159
    outer loop
      vertex -4.64888 -1.84062 144.836
      vertex -8.48528 -10.7835 141
      vertex -4.84292 -1.24345 144.642
    endloop
  endfacet
  facet normal 0.706999 -0.00010945 -0.707214
    outer loop
      vertex -2.1289 4.52413 147.356
      vertex -6.43004 12.0854 143.055
      vertex -5.83681 12.4039 143.648
    endloop
  endfacet
  facet normal 0.707438 0.000303495 -0.706776
    outer loop
      vertex -2.1289 4.52413 147.356
      vertex -5.83681 12.4039 143.648
      vertex -5.21949 12.6407 144.266
    endloop
  endfacet
  facet normal 0.706432 0.000488498 -0.707781
    outer loop
      vertex -4.84292 -1.24345 144.642
      vertex -8.48528 -10.7835 141
      vertex -4.96057 -0.626666 144.525
    endloop
  endfacet
  facet normal 0.707914 -0.000540734 -0.706298
    outer loop
      vertex -4.96057 -0.626666 144.525
      vertex -8.48528 -10.7835 141
      vertex -5 0 144.485
    endloop
  endfacet
  facet normal 0.707303 0.000298391 -0.70691
    outer loop
      vertex -2.67913 4.22164 146.806
      vertex -8.19492 10.9903 141.29
      vertex -7.35464 11.5891 142.131
    endloop
  endfacet
  facet normal 0.706926 -0.000180745 -0.707288
    outer loop
      vertex -2.67913 4.22164 146.806
      vertex -7.35464 11.5891 142.131
      vertex -6.43004 12.0854 143.055
    endloop
  endfacet
  facet normal 0.707078 0 -0.707135
    outer loop
      vertex -8.48528 10.7835 141
      vertex -5 0 144.485
      vertex -8.48528 -10.7835 141
    endloop
  endfacet
  facet normal 0.706819 -0.000423527 -0.707394
    outer loop
      vertex -3.18712 3.85257 146.298
      vertex -8.48528 10.7835 141
      vertex -8.19492 10.9903 141.29
    endloop
  endfacet
  facet normal 0.707161 2.54249e-05 -0.707053
    outer loop
      vertex -2 13.4937 147.485
      vertex 0 4.99013 149.485
      vertex -0.313952 4.99013 149.171
    endloop
  endfacet
  facet normal 0.707132 1.39932e-05 -0.707082
    outer loop
      vertex -2 13.4937 147.485
      vertex -0.313952 4.99013 149.171
      vertex -0.936906 4.91144 148.548
    endloop
  endfacet
  facet normal 0.707008 -1.67835e-05 -0.707206
    outer loop
      vertex -2 13.4937 147.485
      vertex -0.936906 4.91144 148.548
      vertex -1.54508 4.75528 147.94
    endloop
  endfacet
  facet normal 0.707107 0 -0.707107
    outer loop
      vertex 0 4.99013 149.485
      vertex -2 13.4937 147.485
      vertex 0 17.2356 149.485
    endloop
  endfacet
  facet normal 0.707107 0 -0.707107
    outer loop
      vertex 0 17.2356 149.485
      vertex -2 13.4937 147.485
      vertex -2 17.2827 147.485
    endloop
  endfacet
  facet normal -0.707107 0 0.707107
    outer loop
      vertex 0 17.6349 132.515
      vertex 2 13.642 134.515
      vertex 2 17.5879 134.515
    endloop
  endfacet
  facet normal -0.707008 -1.65071e-05 0.707206
    outer loop
      vertex 2 13.642 134.515
      vertex 0.936906 4.91144 133.452
      vertex 1.54508 4.75528 134.06
    endloop
  endfacet
  facet normal -0.707132 1.37591e-05 0.707082
    outer loop
      vertex 2 13.642 134.515
      vertex 0.313952 4.99013 132.829
      vertex 0.936906 4.91144 133.452
    endloop
  endfacet
  facet normal -0.707107 0 0.707107
    outer loop
      vertex 0 4.99013 132.515
      vertex 2 13.642 134.515
      vertex 0 17.6349 132.515
    endloop
  endfacet
  facet normal -0.707161 2.49891e-05 0.707053
    outer loop
      vertex 2 13.642 134.515
      vertex 0 4.99013 132.515
      vertex 0.313952 4.99013 132.829
    endloop
  endfacet
  facet normal -0.706963 -0.000202989 0.70725
    outer loop
      vertex 3.18712 3.85257 135.702
      vertex 8.48528 10.7835 141
      vertex 8.1941 10.9991 140.709
    endloop
  endfacet
  facet normal -0.707078 0 0.707135
    outer loop
      vertex 8.48528 10.7835 141
      vertex 5 0 137.515
      vertex 8.48528 -10.7835 141
    endloop
  endfacet
  facet normal -0.707169 9.80408e-05 0.707045
    outer loop
      vertex 2.67913 4.22164 135.194
      vertex 8.1941 10.9991 140.709
      vertex 7.36833 11.6106 139.883
    endloop
  endfacet
  facet normal -0.707914 -0.000540734 0.706298
    outer loop
      vertex 4.96057 -0.626666 137.475
      vertex 8.48528 -10.7835 141
      vertex 5 0 137.515
    endloop
  endfacet
  facet normal -0.707203 0.000141741 0.70701
    outer loop
      vertex 2.67913 4.22164 135.194
      vertex 7.36833 11.6106 139.883
      vertex 6.48767 12.1062 139.002
    endloop
  endfacet
  facet normal -0.706432 0.000488498 0.707781
    outer loop
      vertex 4.84292 -1.24345 137.358
      vertex 8.48528 -10.7835 141
      vertex 4.96057 -0.626666 137.475
    endloop
  endfacet
  facet normal -0.706942 -0.000117672 0.707272
    outer loop
      vertex 2.1289 4.52413 134.644
      vertex 6.48767 12.1062 139.002
      vertex 5.86232 12.4581 138.377
    endloop
  endfacet
  facet normal -0.707054 1.33203e-05 0.707159
    outer loop
      vertex 4.64888 -1.84062 137.164
      vertex 8.48528 -10.7835 141
      vertex 4.84292 -1.24345 137.358
    endloop
  endfacet
  facet normal -0.706925 -0.000133706 0.707289
    outer loop
      vertex 2.1289 4.52413 134.644
      vertex 5.86232 12.4581 138.377
      vertex 5.18592 12.7341 137.701
    endloop
  endfacet
  facet normal -0.707538 -0.000402093 0.706675
    outer loop
      vertex 4.38153 -2.40877 136.896
      vertex 8.48528 -10.7835 141
      vertex 4.64888 -1.84062 137.164
    endloop
  endfacet
  facet normal -0.706849 0.000273521 0.707364
    outer loop
      vertex 4.04508 -2.93893 136.56
      vertex 8.48528 -10.7835 141
      vertex 4.38153 -2.40877 136.896
    endloop
  endfacet
  facet normal -0.707914 0.000540734 0.706298
    outer loop
      vertex 8.48528 10.7835 141
      vertex 4.96057 0.626666 137.475
      vertex 5 0 137.515
    endloop
  endfacet
  facet normal -0.706432 -0.000488498 0.707781
    outer loop
      vertex 8.48528 10.7835 141
      vertex 4.84292 1.24345 137.358
      vertex 4.96057 0.626666 137.475
    endloop
  endfacet
  facet normal -0.707054 -1.33203e-05 0.707159
    outer loop
      vertex 8.48528 10.7835 141
      vertex 4.64888 1.84062 137.164
      vertex 4.84292 1.24345 137.358
    endloop
  endfacet
  facet normal -0.707538 0.000402093 0.706675
    outer loop
      vertex 8.48528 10.7835 141
      vertex 4.38153 2.40877 136.896
      vertex 4.64888 1.84062 137.164
    endloop
  endfacet
  facet normal -0.707235 0.000102634 0.706979
    outer loop
      vertex 1.54508 4.75528 134.06
      vertex 5.18592 12.7341 137.701
      vertex 4.26031 13.1119 136.775
    endloop
  endfacet
  facet normal -0.706849 -0.000273521 0.707364
    outer loop
      vertex 8.48528 10.7835 141
      vertex 4.04508 2.93893 136.56
      vertex 4.38153 2.40877 136.896
    endloop
  endfacet
  facet normal -0.706974 -0.00013182 0.707239
    outer loop
      vertex 8.48528 10.7835 141
      vertex 3.64484 3.42274 136.16
      vertex 4.04508 2.93893 136.56
    endloop
  endfacet
  facet normal -0.707289 0.000137768 0.706925
    outer loop
      vertex 1.54508 4.75528 134.06
      vertex 4.26031 13.1119 136.775
      vertex 3.53772 13.3059 136.052
    endloop
  endfacet
  facet normal -0.707228 0.000201951 0.706985
    outer loop
      vertex 8.48528 10.7835 141
      vertex 3.18712 3.85257 135.702
      vertex 3.64484 3.42274 136.16
    endloop
  endfacet
  facet normal -0.707112 5.15132e-06 0.707102
    outer loop
      vertex 8.1941 10.9991 140.709
      vertex 2.67913 4.22164 135.194
      vertex 3.18712 3.85257 135.702
    endloop
  endfacet
  facet normal -0.70682 -8.07097e-05 0.707393
    outer loop
      vertex 1.54508 4.75528 134.06
      vertex 3.53772 13.3059 136.052
      vertex 2.58692 13.5611 135.102
    endloop
  endfacet
  facet normal -0.706979 -7.45625e-05 0.707234
    outer loop
      vertex 6.48767 12.1062 139.002
      vertex 2.1289 4.52413 134.644
      vertex 2.67913 4.22164 135.194
    endloop
  endfacet
  facet normal -0.707155 -1.42149e-06 0.707058
    outer loop
      vertex 1.54508 4.75528 134.06
      vertex 2.58692 13.5611 135.102
      vertex 2 13.642 134.515
    endloop
  endfacet
  facet normal -0.707201 7.2239e-05 0.707012
    outer loop
      vertex 5.18592 12.7341 137.701
      vertex 1.54508 4.75528 134.06
      vertex 2.1289 4.52413 134.644
    endloop
  endfacet
  facet normal -0.706974 0.00013182 0.707239
    outer loop
      vertex 3.64484 -3.42274 136.16
      vertex 8.48528 -10.7835 141
      vertex 4.04508 -2.93893 136.56
    endloop
  endfacet
  facet normal -0.707228 -0.000201951 0.706985
    outer loop
      vertex 3.18712 -3.85257 135.702
      vertex 8.48528 -10.7835 141
      vertex 3.64484 -3.42274 136.16
    endloop
  endfacet
  facet normal -0.706963 0.000202989 0.70725
    outer loop
      vertex 8.48528 -10.7835 141
      vertex 3.18712 -3.85257 135.702
      vertex 8.1941 -10.9991 140.709
    endloop
  endfacet
  facet normal -0.707112 -5.15132e-06 0.707102
    outer loop
      vertex 2.67913 -4.22164 135.194
      vertex 8.1941 -10.9991 140.709
      vertex 3.18712 -3.85257 135.702
    endloop
  endfacet
  facet normal -0.707169 -9.80408e-05 0.707045
    outer loop
      vertex 8.1941 -10.9991 140.709
      vertex 2.67913 -4.22164 135.194
      vertex 7.36833 -11.6106 139.883
    endloop
  endfacet
  facet normal -0.707203 -0.000141741 0.70701
    outer loop
      vertex 7.36833 -11.6106 139.883
      vertex 2.67913 -4.22164 135.194
      vertex 6.48767 -12.1062 139.002
    endloop
  endfacet
  facet normal -0.706979 7.45625e-05 0.707234
    outer loop
      vertex 2.1289 -4.52413 134.644
      vertex 6.48767 -12.1062 139.002
      vertex 2.67913 -4.22164 135.194
    endloop
  endfacet
  facet normal -0.706942 0.000117672 0.707272
    outer loop
      vertex 6.48767 -12.1062 139.002
      vertex 2.1289 -4.52413 134.644
      vertex 5.86232 -12.4581 138.377
    endloop
  endfacet
  facet normal -0.706925 0.000133706 0.707289
    outer loop
      vertex 5.86232 -12.4581 138.377
      vertex 2.1289 -4.52413 134.644
      vertex 5.18592 -12.7341 137.701
    endloop
  endfacet
  facet normal -0.707201 -7.2239e-05 0.707012
    outer loop
      vertex 1.54508 -4.75528 134.06
      vertex 5.18592 -12.7341 137.701
      vertex 2.1289 -4.52413 134.644
    endloop
  endfacet
  facet normal -0.707235 -0.000102634 0.706979
    outer loop
      vertex 5.18592 -12.7341 137.701
      vertex 1.54508 -4.75528 134.06
      vertex 4.26031 -13.1119 136.775
    endloop
  endfacet
  facet normal -0.707289 -0.000137768 0.706925
    outer loop
      vertex 4.26031 -13.1119 136.775
      vertex 1.54508 -4.75528 134.06
      vertex 3.53772 -13.3059 136.052
    endloop
  endfacet
  facet normal -0.707005 -5.455e-06 0.707209
    outer loop
      vertex 0.936906 -4.91144 133.452
      vertex 3.53772 -13.3059 136.052
      vertex 1.54508 -4.75528 134.06
    endloop
  endfacet
  facet normal -0.706823 0.00010692 0.70739
    outer loop
      vertex 3.53772 -13.3059 136.052
      vertex 0.936906 -4.91144 133.452
      vertex 2.58692 -13.5611 135.102
    endloop
  endfacet
  facet normal -0.707154 -1.90287e-05 0.70706
    outer loop
      vertex 2.58692 -13.5611 135.102
      vertex 0.936906 -4.91144 133.452
      vertex 2 -13.642 134.515
    endloop
  endfacet
  facet normal -0.707132 -1.37591e-05 0.707082
    outer loop
      vertex 0.313952 -4.99013 132.829
      vertex 2 -13.642 134.515
      vertex 0.936906 -4.91144 133.452
    endloop
  endfacet
  facet normal -0.707161 -2.49891e-05 0.707053
    outer loop
      vertex 0 -4.99013 132.515
      vertex 2 -13.642 134.515
      vertex 0.313952 -4.99013 132.829
    endloop
  endfacet
  facet normal -0.707107 0 0.707107
    outer loop
      vertex 2 -13.642 134.515
      vertex 0 -4.99013 132.515
      vertex 0 -17.6349 132.515
    endloop
  endfacet
  facet normal -0.707107 0 0.707107
    outer loop
      vertex 2 -13.642 134.515
      vertex 0 -17.6349 132.515
      vertex 2 -17.5879 134.515
    endloop
  endfacet
  facet normal -0.707107 0 -0.707107
    outer loop
      vertex 0 -17.2356 149.485
      vertex 2 -13.4937 147.485
      vertex 2 -17.2827 147.485
    endloop
  endfacet
  facet normal -0.707008 1.67835e-05 -0.707206
    outer loop
      vertex 2 -13.4937 147.485
      vertex 0.936906 -4.91144 148.548
      vertex 1.54508 -4.75528 147.94
    endloop
  endfacet
  facet normal -0.707132 -1.39932e-05 -0.707082
    outer loop
      vertex 2 -13.4937 147.485
      vertex 0.313952 -4.99013 149.171
      vertex 0.936906 -4.91144 148.548
    endloop
  endfacet
  facet normal -0.707107 -0 -0.707107
    outer loop
      vertex 0 -4.99013 149.485
      vertex 2 -13.4937 147.485
      vertex 0 -17.2356 149.485
    endloop
  endfacet
  facet normal -0.707161 -2.54249e-05 -0.707053
    outer loop
      vertex 2 -13.4937 147.485
      vertex 0 -4.99013 149.485
      vertex 0.313952 -4.99013 149.171
    endloop
  endfacet
  facet normal -0.706819 0.000423527 -0.707394
    outer loop
      vertex 3.18712 -3.85257 146.298
      vertex 8.48528 -10.7835 141
      vertex 8.19492 -10.9903 141.29
    endloop
  endfacet
  facet normal -0.707078 0 -0.707135
    outer loop
      vertex 8.48528 -10.7835 141
      vertex 5 0 144.485
      vertex 8.48528 10.7835 141
    endloop
  endfacet
  facet normal -0.707303 -0.000298391 -0.70691
    outer loop
      vertex 2.67913 -4.22164 146.806
      vertex 8.19492 -10.9903 141.29
      vertex 7.35464 -11.5891 142.131
    endloop
  endfacet
  facet normal -0.707914 0.000540734 -0.706298
    outer loop
      vertex 4.96057 0.626666 144.525
      vertex 8.48528 10.7835 141
      vertex 5 0 144.485
    endloop
  endfacet
  facet normal -0.706926 0.000180745 -0.707288
    outer loop
      vertex 2.67913 -4.22164 146.806
      vertex 7.35464 -11.5891 142.131
      vertex 6.43004 -12.0854 143.055
    endloop
  endfacet
  facet normal -0.706432 -0.000488498 -0.707781
    outer loop
      vertex 4.84292 1.24345 144.642
      vertex 8.48528 10.7835 141
      vertex 4.96057 0.626666 144.525
    endloop
  endfacet
  facet normal -0.706999 0.00010945 -0.707214
    outer loop
      vertex 2.1289 -4.52413 147.356
      vertex 6.43004 -12.0854 143.055
      vertex 5.83681 -12.4039 143.648
    endloop
  endfacet
  facet normal -0.707054 -1.33203e-05 -0.707159
    outer loop
      vertex 4.64888 1.84062 144.836
      vertex 8.48528 10.7835 141
      vertex 4.84292 1.24345 144.642
    endloop
  endfacet
  facet normal -0.707438 -0.000303495 -0.706776
    outer loop
      vertex 2.1289 -4.52413 147.356
      vertex 5.83681 -12.4039 143.648
      vertex 5.21949 -12.6407 144.266
    endloop
  endfacet
  facet normal -0.707538 0.000402093 -0.706675
    outer loop
      vertex 4.38153 2.40877 145.104
      vertex 8.48528 10.7835 141
      vertex 4.64888 1.84062 144.836
    endloop
  endfacet
  facet normal -0.706849 -0.000273521 -0.707364
    outer loop
      vertex 4.04508 2.93893 145.44
      vertex 8.48528 10.7835 141
      vertex 4.38153 2.40877 145.104
    endloop
  endfacet
  facet normal -0.707914 -0.000540734 -0.706298
    outer loop
      vertex 8.48528 -10.7835 141
      vertex 4.96057 -0.626666 144.525
      vertex 5 0 144.485
    endloop
  endfacet
  facet normal -0.706432 0.000488498 -0.707781
    outer loop
      vertex 8.48528 -10.7835 141
      vertex 4.84292 -1.24345 144.642
      vertex 4.96057 -0.626666 144.525
    endloop
  endfacet
  facet normal -0.707054 1.33203e-05 -0.707159
    outer loop
      vertex 8.48528 -10.7835 141
      vertex 4.64888 -1.84062 144.836
      vertex 4.84292 -1.24345 144.642
    endloop
  endfacet
  facet normal -0.707538 -0.000402093 -0.706675
    outer loop
      vertex 8.48528 -10.7835 141
      vertex 4.38153 -2.40877 145.104
      vertex 4.64888 -1.84062 144.836
    endloop
  endfacet
  facet normal -0.707113 -4.24939e-05 -0.707101
    outer loop
      vertex 1.54508 -4.75528 147.94
      vertex 5.21949 -12.6407 144.266
      vertex 4.23053 -13.0202 145.255
    endloop
  endfacet
  facet normal -0.706849 0.000273521 -0.707364
    outer loop
      vertex 8.48528 -10.7835 141
      vertex 4.04508 -2.93893 145.44
      vertex 4.38153 -2.40877 145.104
    endloop
  endfacet
  facet normal -0.706974 0.00013182 -0.707239
    outer loop
      vertex 8.48528 -10.7835 141
      vertex 3.64484 -3.42274 145.84
      vertex 4.04508 -2.93893 145.44
    endloop
  endfacet
  facet normal -0.706872 0.000114088 -0.707342
    outer loop
      vertex 1.54508 -4.75528 147.94
      vertex 4.23053 -13.0202 145.255
      vertex 3.60509 -13.1735 145.88
    endloop
  endfacet
  facet normal -0.707228 -0.000201951 -0.706985
    outer loop
      vertex 8.48528 -10.7835 141
      vertex 3.18712 -3.85257 146.298
      vertex 3.64484 -3.42274 145.84
    endloop
  endfacet
  facet normal -0.707116 6.65488e-06 -0.707097
    outer loop
      vertex 8.19492 -10.9903 141.29
      vertex 2.67913 -4.22164 146.806
      vertex 3.18712 -3.85257 146.298
    endloop
  endfacet
  facet normal -0.707318 -0.000104027 -0.706896
    outer loop
      vertex 1.54508 -4.75528 147.94
      vertex 3.60509 -13.1735 145.88
      vertex 2.56175 -13.4292 146.924
    endloop
  endfacet
  facet normal -0.706991 0.000118127 -0.707222
    outer loop
      vertex 6.43004 -12.0854 143.055
      vertex 2.1289 -4.52413 147.356
      vertex 2.67913 -4.22164 146.806
    endloop
  endfacet
  facet normal -0.706637 5.53277e-05 -0.707576
    outer loop
      vertex 1.54508 -4.75528 147.94
      vertex 2.56175 -13.4292 146.924
      vertex 2 -13.4937 147.485
    endloop
  endfacet
  facet normal -0.707193 -0.00011679 -0.707021
    outer loop
      vertex 5.21949 -12.6407 144.266
      vertex 1.54508 -4.75528 147.94
      vertex 2.1289 -4.52413 147.356
    endloop
  endfacet
  facet normal -0.706974 -0.00013182 -0.707239
    outer loop
      vertex 3.64484 3.42274 145.84
      vertex 8.48528 10.7835 141
      vertex 4.04508 2.93893 145.44
    endloop
  endfacet
  facet normal -0.707228 0.000201951 -0.706985
    outer loop
      vertex 3.18712 3.85257 146.298
      vertex 8.48528 10.7835 141
      vertex 3.64484 3.42274 145.84
    endloop
  endfacet
  facet normal -0.706819 -0.000423527 -0.707394
    outer loop
      vertex 8.48528 10.7835 141
      vertex 3.18712 3.85257 146.298
      vertex 8.19492 10.9903 141.29
    endloop
  endfacet
  facet normal -0.707116 -6.65488e-06 -0.707097
    outer loop
      vertex 2.67913 4.22164 146.806
      vertex 8.19492 10.9903 141.29
      vertex 3.18712 3.85257 146.298
    endloop
  endfacet
  facet normal -0.707303 0.000298391 -0.70691
    outer loop
      vertex 8.19492 10.9903 141.29
      vertex 2.67913 4.22164 146.806
      vertex 7.35464 11.5891 142.131
    endloop
  endfacet
  facet normal -0.706926 -0.000180745 -0.707288
    outer loop
      vertex 7.35464 11.5891 142.131
      vertex 2.67913 4.22164 146.806
      vertex 6.43004 12.0854 143.055
    endloop
  endfacet
  facet normal -0.706991 -0.000118127 -0.707222
    outer loop
      vertex 2.1289 4.52413 147.356
      vertex 6.43004 12.0854 143.055
      vertex 2.67913 4.22164 146.806
    endloop
  endfacet
  facet normal -0.706999 -0.00010945 -0.707214
    outer loop
      vertex 6.43004 12.0854 143.055
      vertex 2.1289 4.52413 147.356
      vertex 5.83681 12.4039 143.648
    endloop
  endfacet
  facet normal -0.707438 0.000303495 -0.706776
    outer loop
      vertex 5.83681 12.4039 143.648
      vertex 2.1289 4.52413 147.356
      vertex 5.21949 12.6407 144.266
    endloop
  endfacet
  facet normal -0.707193 0.00011679 -0.707021
    outer loop
      vertex 1.54508 4.75528 147.94
      vertex 5.21949 12.6407 144.266
      vertex 2.1289 4.52413 147.356
    endloop
  endfacet
  facet normal -0.707113 4.24939e-05 -0.707101
    outer loop
      vertex 5.21949 12.6407 144.266
      vertex 1.54508 4.75528 147.94
      vertex 4.23053 13.0202 145.255
    endloop
  endfacet
  facet normal -0.706872 -0.000114088 -0.707342
    outer loop
      vertex 4.23053 13.0202 145.255
      vertex 1.54508 4.75528 147.94
      vertex 3.60509 13.1735 145.88
    endloop
  endfacet
  facet normal -0.707011 -4.57949e-05 -0.707202
    outer loop
      vertex 0.936906 4.91144 148.548
      vertex 3.60509 13.1735 145.88
      vertex 1.54508 4.75528 147.94
    endloop
  endfacet
  facet normal -0.707312 0.000148409 -0.706901
    outer loop
      vertex 3.60509 13.1735 145.88
      vertex 0.936906 4.91144 148.548
      vertex 2.56175 13.4292 146.924
    endloop
  endfacet
  facet normal -0.70664 -0.000107738 -0.707573
    outer loop
      vertex 2.56175 13.4292 146.924
      vertex 0.936906 4.91144 148.548
      vertex 2 13.4937 147.485
    endloop
  endfacet
  facet normal -0.707132 1.39932e-05 -0.707082
    outer loop
      vertex 0.313952 4.99013 149.171
      vertex 2 13.4937 147.485
      vertex 0.936906 4.91144 148.548
    endloop
  endfacet
  facet normal -0.707161 2.54249e-05 -0.707053
    outer loop
      vertex 0 4.99013 149.485
      vertex 2 13.4937 147.485
      vertex 0.313952 4.99013 149.171
    endloop
  endfacet
  facet normal -0.707107 0 -0.707107
    outer loop
      vertex 2 13.4937 147.485
      vertex 0 4.99013 149.485
      vertex 0 17.2356 149.485
    endloop
  endfacet
  facet normal -0.707107 0 -0.707107
    outer loop
      vertex 2 13.4937 147.485
      vertex 0 17.2356 149.485
      vertex 2 17.2827 147.485
    endloop
  endfacet
  facet normal 0.707107 0 0.707107
    outer loop
      vertex -2 13.299 164.515
      vertex 0 4.99013 162.515
      vertex 0 16.9291 162.515
    endloop
  endfacet
  facet normal 0.707161 2.60206e-05 0.707053
    outer loop
      vertex 0 4.99013 162.515
      vertex -2 13.299 164.515
      vertex -0.313952 4.99013 162.829
    endloop
  endfacet
  facet normal 0.707132 1.43129e-05 0.707082
    outer loop
      vertex -0.313952 4.99013 162.829
      vertex -2 13.299 164.515
      vertex -0.936906 4.91144 163.452
    endloop
  endfacet
  facet normal 0.707107 -0 0.707107
    outer loop
      vertex -2 13.299 164.515
      vertex 0 16.9291 162.515
      vertex -2 16.882 164.515
    endloop
  endfacet
  facet normal 0.706987 -2.25213e-05 0.707227
    outer loop
      vertex -2.52318 13.227 165.038
      vertex -0.936906 4.91144 163.452
      vertex -2 13.299 164.515
    endloop
  endfacet
  facet normal 0.707211 6.31196e-05 0.707002
    outer loop
      vertex -3.74479 12.899 166.26
      vertex -0.936906 4.91144 163.452
      vertex -2.52318 13.227 165.038
    endloop
  endfacet
  facet normal 0.707015 -7.46575e-05 0.707198
    outer loop
      vertex -0.936906 4.91144 163.452
      vertex -3.74479 12.899 166.26
      vertex -1.54508 4.75528 164.06
    endloop
  endfacet
  facet normal 0.706676 -0.000257878 0.707537
    outer loop
      vertex -4.15533 12.7888 166.67
      vertex -1.54508 4.75528 164.06
      vertex -3.74479 12.899 166.26
    endloop
  endfacet
  facet normal 0.707163 5.88043e-05 0.70705
    outer loop
      vertex -5.3401 12.3053 167.855
      vertex -1.54508 4.75528 164.06
      vertex -4.15533 12.7888 166.67
    endloop
  endfacet
  facet normal 0.707197 9.29449e-05 0.707016
    outer loop
      vertex -1.54508 4.75528 164.06
      vertex -5.3401 12.3053 167.855
      vertex -2.1289 4.52413 164.644
    endloop
  endfacet
  facet normal 0.707095 8.46261e-06 0.707119
    outer loop
      vertex -6.06712 11.9546 168.582
      vertex -2.1289 4.52413 164.644
      vertex -5.3401 12.3053 167.855
    endloop
  endfacet
  facet normal 0.706988 -0.000105117 0.707226
    outer loop
      vertex -2.1289 4.52413 164.644
      vertex -6.06712 11.9546 168.582
      vertex -2.67913 4.22164 165.194
    endloop
  endfacet
  facet normal 0.706942 -0.000145045 0.707271
    outer loop
      vertex -7.18677 11.3245 169.701
      vertex -2.67913 4.22164 165.194
      vertex -6.06712 11.9546 168.582
    endloop
  endfacet
  facet normal 0.707125 8.69606e-05 0.707088
    outer loop
      vertex -8.23662 10.5471 170.751
      vertex -2.67913 4.22164 165.194
      vertex -7.18677 11.3245 169.701
    endloop
  endfacet
  facet normal 0.707099 4.08993e-05 0.707115
    outer loop
      vertex -2.67913 4.22164 165.194
      vertex -8.23662 10.5471 170.751
      vertex -3.18712 3.85257 165.702
    endloop
  endfacet
  facet normal 0.707404 0.000501526 0.706809
    outer loop
      vertex -8.48528 10.3629 171
      vertex -3.18712 3.85257 165.702
      vertex -8.23662 10.5471 170.751
    endloop
  endfacet
  facet normal 0.707225 0.000209347 0.706989
    outer loop
      vertex -3.18712 3.85257 165.702
      vertex -8.48528 10.3629 171
      vertex -3.64484 3.42274 166.16
    endloop
  endfacet
  facet normal 0.706855 -0.000281496 0.707358
    outer loop
      vertex -4.04508 2.93893 166.56
      vertex -8.48528 10.3629 171
      vertex -4.38153 2.40877 166.896
    endloop
  endfacet
  facet normal 0.706977 -0.000136154 0.707237
    outer loop
      vertex -3.64484 3.42274 166.16
      vertex -8.48528 10.3629 171
      vertex -4.04508 2.93893 166.56
    endloop
  endfacet
  facet normal 0.707197 -9.29449e-05 0.707016
    outer loop
      vertex -5.3401 -12.3053 167.855
      vertex -1.54508 -4.75528 164.06
      vertex -2.1289 -4.52413 164.644
    endloop
  endfacet
  facet normal 0.706986 1.94357e-05 0.707227
    outer loop
      vertex -1.54508 -4.75528 164.06
      vertex -2.52318 -13.227 165.038
      vertex -2 -13.299 164.515
    endloop
  endfacet
  facet normal 0.706988 0.000105117 0.707226
    outer loop
      vertex -6.06712 -11.9546 168.582
      vertex -2.1289 -4.52413 164.644
      vertex -2.67913 -4.22164 165.194
    endloop
  endfacet
  facet normal 0.707099 -4.08993e-05 0.707115
    outer loop
      vertex -8.23662 -10.5471 170.751
      vertex -2.67913 -4.22164 165.194
      vertex -3.18712 -3.85257 165.702
    endloop
  endfacet
  facet normal 0.707225 -0.000209347 0.706989
    outer loop
      vertex -8.48528 -10.3629 171
      vertex -3.18712 -3.85257 165.702
      vertex -3.64484 -3.42274 166.16
    endloop
  endfacet
  facet normal 0.707215 -3.33702e-05 0.706998
    outer loop
      vertex -1.54508 -4.75528 164.06
      vertex -3.74479 -12.899 166.26
      vertex -2.52318 -13.227 165.038
    endloop
  endfacet
  facet normal 0.706977 0.000136154 0.707237
    outer loop
      vertex -8.48528 -10.3629 171
      vertex -3.64484 -3.42274 166.16
      vertex -4.04508 -2.93893 166.56
    endloop
  endfacet
  facet normal 0.706676 0.000257878 0.707537
    outer loop
      vertex -1.54508 -4.75528 164.06
      vertex -4.15533 -12.7888 166.67
      vertex -3.74479 -12.899 166.26
    endloop
  endfacet
  facet normal 0.706855 0.000281496 0.707358
    outer loop
      vertex -8.48528 -10.3629 171
      vertex -4.04508 -2.93893 166.56
      vertex -4.38153 -2.40877 166.896
    endloop
  endfacet
  facet normal 0.707528 -0.000412241 0.706686
    outer loop
      vertex -8.48528 -10.3629 171
      vertex -4.38153 -2.40877 166.896
      vertex -4.64888 -1.84062 167.164
    endloop
  endfacet
  facet normal 0.707055 1.35959e-05 0.707159
    outer loop
      vertex -8.48528 -10.3629 171
      vertex -4.64888 -1.84062 167.164
      vertex -4.84292 -1.24345 167.358
    endloop
  endfacet
  facet normal 0.706451 0.000495767 0.707762
    outer loop
      vertex -8.48528 -10.3629 171
      vertex -4.84292 -1.24345 167.358
      vertex -4.96057 -0.626666 167.475
    endloop
  endfacet
  facet normal 0.707163 -5.88043e-05 0.70705
    outer loop
      vertex -1.54508 -4.75528 164.06
      vertex -5.3401 -12.3053 167.855
      vertex -4.15533 -12.7888 166.67
    endloop
  endfacet
  facet normal 0.707887 -0.000544214 0.706326
    outer loop
      vertex -8.48528 -10.3629 171
      vertex -4.96057 -0.626666 167.475
      vertex -5 0 167.515
    endloop
  endfacet
  facet normal 0.707528 0.000412241 0.706686
    outer loop
      vertex -4.38153 2.40877 166.896
      vertex -8.48528 10.3629 171
      vertex -4.64888 1.84062 167.164
    endloop
  endfacet
  facet normal 0.708602 -0.00630432 0.70558
    outer loop
      vertex -6.06712 11.9546 168.582
      vertex -5.3401 12.3053 167.855
      vertex -5.71786 12.1511 168.233
    endloop
  endfacet
  facet normal 0.707055 -1.35959e-05 0.707159
    outer loop
      vertex -4.64888 1.84062 167.164
      vertex -8.48528 10.3629 171
      vertex -4.84292 1.24345 167.358
    endloop
  endfacet
  facet normal 0.707095 -8.46261e-06 0.707119
    outer loop
      vertex -2.1289 -4.52413 164.644
      vertex -6.06712 -11.9546 168.582
      vertex -5.3401 -12.3053 167.855
    endloop
  endfacet
  facet normal 0.708602 0.00630432 0.70558
    outer loop
      vertex -5.3401 -12.3053 167.855
      vertex -6.06712 -11.9546 168.582
      vertex -5.71786 -12.1511 168.233
    endloop
  endfacet
  facet normal 0.706451 -0.000495767 0.707762
    outer loop
      vertex -4.84292 1.24345 167.358
      vertex -8.48528 10.3629 171
      vertex -4.96057 0.626666 167.475
    endloop
  endfacet
  facet normal 0.707887 0.000544214 0.706326
    outer loop
      vertex -4.96057 0.626666 167.475
      vertex -8.48528 10.3629 171
      vertex -5 0 167.515
    endloop
  endfacet
  facet normal 0.707125 -8.69606e-05 0.707088
    outer loop
      vertex -2.67913 -4.22164 165.194
      vertex -8.23662 -10.5471 170.751
      vertex -7.18677 -11.3245 169.701
    endloop
  endfacet
  facet normal 0.706942 0.000145045 0.707271
    outer loop
      vertex -2.67913 -4.22164 165.194
      vertex -7.18677 -11.3245 169.701
      vertex -6.06712 -11.9546 168.582
    endloop
  endfacet
  facet normal 0.707078 -0 0.707135
    outer loop
      vertex -8.48528 -10.3629 171
      vertex -5 0 167.515
      vertex -8.48528 10.3629 171
    endloop
  endfacet
  facet normal 0.707404 -0.000501526 0.706809
    outer loop
      vertex -3.18712 -3.85257 165.702
      vertex -8.48528 -10.3629 171
      vertex -8.23662 -10.5471 170.751
    endloop
  endfacet
  facet normal 0.707161 -2.60206e-05 0.707053
    outer loop
      vertex -2 -13.299 164.515
      vertex 0 -4.99013 162.515
      vertex -0.313952 -4.99013 162.829
    endloop
  endfacet
  facet normal 0.707132 -1.43129e-05 0.707082
    outer loop
      vertex -2 -13.299 164.515
      vertex -0.313952 -4.99013 162.829
      vertex -0.936906 -4.91144 163.452
    endloop
  endfacet
  facet normal 0.707008 1.71608e-05 0.707206
    outer loop
      vertex -2 -13.299 164.515
      vertex -0.936906 -4.91144 163.452
      vertex -1.54508 -4.75528 164.06
    endloop
  endfacet
  facet normal 0.707107 0 0.707107
    outer loop
      vertex 0 -4.99013 162.515
      vertex -2 -13.299 164.515
      vertex 0 -16.9291 162.515
    endloop
  endfacet
  facet normal 0.707107 0 0.707107
    outer loop
      vertex 0 -16.9291 162.515
      vertex -2 -13.299 164.515
      vertex -2 -16.882 164.515
    endloop
  endfacet
  facet normal 0.707107 0 -0.707107
    outer loop
      vertex -2 -13.1508 177.485
      vertex 0 -4.99013 179.485
      vertex 0 -16.5298 179.485
    endloop
  endfacet
  facet normal 0.707161 -2.64932e-05 -0.707053
    outer loop
      vertex 0 -4.99013 179.485
      vertex -2 -13.1508 177.485
      vertex -0.313952 -4.99013 179.171
    endloop
  endfacet
  facet normal 0.707132 -1.45662e-05 -0.707082
    outer loop
      vertex -0.313952 -4.99013 179.171
      vertex -2 -13.1508 177.485
      vertex -0.936906 -4.91144 178.548
    endloop
  endfacet
  facet normal 0.707107 0 -0.707107
    outer loop
      vertex -2 -13.1508 177.485
      vertex 0 -16.5298 179.485
      vertex -2 -16.5768 177.485
    endloop
  endfacet
  facet normal 0.706595 0.000123996 -0.707618
    outer loop
      vertex -2.49773 -13.0936 176.988
      vertex -0.936906 -4.91144 178.548
      vertex -2 -13.1508 177.485
    endloop
  endfacet
  facet normal 0.707196 -0.000105351 -0.707017
    outer loop
      vertex -3.80935 -12.7722 175.676
      vertex -0.936906 -4.91144 178.548
      vertex -2.49773 -13.0936 176.988
    endloop
  endfacet
  facet normal 0.70701 3.10748e-05 -0.707204
    outer loop
      vertex -0.936906 -4.91144 178.548
      vertex -3.80935 -12.7722 175.676
      vertex -1.54508 -4.75528 177.94
    endloop
  endfacet
  facet normal 0.707669 -0.000341738 -0.706544
    outer loop
      vertex -4.12481 -12.6949 175.36
      vertex -1.54508 -4.75528 177.94
      vertex -3.80935 -12.7722 175.676
    endloop
  endfacet
  facet normal 0.707038 6.88841e-05 -0.707176
    outer loop
      vertex -5.3721 -12.2163 174.113
      vertex -1.54508 -4.75528 177.94
      vertex -4.12481 -12.6949 175.36
    endloop
  endfacet
  facet normal 0.707197 -9.45125e-05 -0.707016
    outer loop
      vertex -1.54508 -4.75528 177.94
      vertex -5.3721 -12.2163 174.113
      vertex -2.1289 -4.52413 177.356
    endloop
  endfacet
  facet normal 0.706975 9.24818e-05 -0.707238
    outer loop
      vertex -5.99737 -11.9294 173.488
      vertex -2.1289 -4.52413 177.356
      vertex -5.3721 -12.2163 174.113
    endloop
  endfacet
  facet normal 0.706982 8.5106e-05 -0.707231
    outer loop
      vertex -2.1289 -4.52413 177.356
      vertex -5.99737 -11.9294 173.488
      vertex -2.67913 -4.22164 176.806
    endloop
  endfacet
  facet normal 0.707227 -0.000125328 -0.706987
    outer loop
      vertex -7.17086 -11.2995 172.314
      vertex -2.67913 -4.22164 176.806
      vertex -5.99737 -11.9294 173.488
    endloop
  endfacet
  facet normal 0.707008 0.000151882 -0.707205
    outer loop
      vertex -8.23732 -10.5396 171.248
      vertex -2.67913 -4.22164 176.806
      vertex -7.17086 -11.2995 172.314
    endloop
  endfacet
  facet normal 0.707106 -2.04438e-05 -0.707107
    outer loop
      vertex -2.67913 -4.22164 176.806
      vertex -8.23732 -10.5396 171.248
      vertex -3.18712 -3.85257 176.298
    endloop
  endfacet
  facet normal 0.707139 -6.97514e-05 -0.707075
    outer loop
      vertex -8.48528 -10.3629 171
      vertex -3.18712 -3.85257 176.298
      vertex -8.23732 -10.5396 171.248
    endloop
  endfacet
  facet normal 0.707225 -0.000209347 -0.706989
    outer loop
      vertex -3.18712 -3.85257 176.298
      vertex -8.48528 -10.3629 171
      vertex -3.64484 -3.42274 175.84
    endloop
  endfacet
  facet normal 0.706855 0.000281496 -0.707358
    outer loop
      vertex -4.04508 -2.93893 175.44
      vertex -8.48528 -10.3629 171
      vertex -4.38153 -2.40877 175.104
    endloop
  endfacet
  facet normal 0.706977 0.000136154 -0.707237
    outer loop
      vertex -3.64484 -3.42274 175.84
      vertex -8.48528 -10.3629 171
      vertex -4.04508 -2.93893 175.44
    endloop
  endfacet
  facet normal 0.707197 9.45125e-05 -0.707016
    outer loop
      vertex -5.3721 12.2163 174.113
      vertex -1.54508 4.75528 177.94
      vertex -2.1289 4.52413 177.356
    endloop
  endfacet
  facet normal 0.706591 -6.25895e-05 -0.707622
    outer loop
      vertex -1.54508 4.75528 177.94
      vertex -2.49773 13.0936 176.988
      vertex -2 13.1508 177.485
    endloop
  endfacet
  facet normal 0.706982 -8.5106e-05 -0.707231
    outer loop
      vertex -5.99737 11.9294 173.488
      vertex -2.1289 4.52413 177.356
      vertex -2.67913 4.22164 176.806
    endloop
  endfacet
  facet normal 0.707106 2.04438e-05 -0.707107
    outer loop
      vertex -8.23732 10.5396 171.248
      vertex -2.67913 4.22164 176.806
      vertex -3.18712 3.85257 176.298
    endloop
  endfacet
  facet normal 0.707225 0.000209347 -0.706989
    outer loop
      vertex -8.48528 10.3629 171
      vertex -3.18712 3.85257 176.298
      vertex -3.64484 3.42274 175.84
    endloop
  endfacet
  facet normal 0.7072 7.63781e-05 -0.707014
    outer loop
      vertex -1.54508 4.75528 177.94
      vertex -3.80935 12.7722 175.676
      vertex -2.49773 13.0936 176.988
    endloop
  endfacet
  facet normal 0.706977 -0.000136154 -0.707237
    outer loop
      vertex -8.48528 10.3629 171
      vertex -3.64484 3.42274 175.84
      vertex -4.04508 2.93893 175.44
    endloop
  endfacet
  facet normal 0.707669 0.000341738 -0.706544
    outer loop
      vertex -1.54508 4.75528 177.94
      vertex -4.12481 12.6949 175.36
      vertex -3.80935 12.7722 175.676
    endloop
  endfacet
  facet normal 0.706855 -0.000281496 -0.707358
    outer loop
      vertex -8.48528 10.3629 171
      vertex -4.04508 2.93893 175.44
      vertex -4.38153 2.40877 175.104
    endloop
  endfacet
  facet normal 0.707528 0.000412241 -0.706686
    outer loop
      vertex -8.48528 10.3629 171
      vertex -4.38153 2.40877 175.104
      vertex -4.64888 1.84062 174.836
    endloop
  endfacet
  facet normal 0.707055 -1.35959e-05 -0.707159
    outer loop
      vertex -8.48528 10.3629 171
      vertex -4.64888 1.84062 174.836
      vertex -4.84292 1.24345 174.642
    endloop
  endfacet
  facet normal 0.706451 -0.000495767 -0.707762
    outer loop
      vertex -8.48528 10.3629 171
      vertex -4.84292 1.24345 174.642
      vertex -4.96057 0.626666 174.525
    endloop
  endfacet
  facet normal 0.707038 -6.88841e-05 -0.707176
    outer loop
      vertex -1.54508 4.75528 177.94
      vertex -5.3721 12.2163 174.113
      vertex -4.12481 12.6949 175.36
    endloop
  endfacet
  facet normal 0.707887 0.000544214 -0.706326
    outer loop
      vertex -8.48528 10.3629 171
      vertex -4.96057 0.626666 174.525
      vertex -5 0 174.485
    endloop
  endfacet
  facet normal 0.707528 -0.000412241 -0.706686
    outer loop
      vertex -4.38153 -2.40877 175.104
      vertex -8.48528 -10.3629 171
      vertex -4.64888 -1.84062 174.836
    endloop
  endfacet
  facet normal 0.708874 0.00848888 -0.705284
    outer loop
      vertex -5.99737 -11.9294 173.488
      vertex -5.3721 -12.2163 174.113
      vertex -5.69095 -12.0939 173.794
    endloop
  endfacet
  facet normal 0.707055 1.35959e-05 -0.707159
    outer loop
      vertex -4.64888 -1.84062 174.836
      vertex -8.48528 -10.3629 171
      vertex -4.84292 -1.24345 174.642
    endloop
  endfacet
  facet normal 0.706975 -9.24818e-05 -0.707238
    outer loop
      vertex -2.1289 4.52413 177.356
      vertex -5.99737 11.9294 173.488
      vertex -5.3721 12.2163 174.113
    endloop
  endfacet
  facet normal 0.708874 -0.00848888 -0.705284
    outer loop
      vertex -5.3721 12.2163 174.113
      vertex -5.99737 11.9294 173.488
      vertex -5.69095 12.0939 173.794
    endloop
  endfacet
  facet normal 0.706451 0.000495767 -0.707762
    outer loop
      vertex -4.84292 -1.24345 174.642
      vertex -8.48528 -10.3629 171
      vertex -4.96057 -0.626666 174.525
    endloop
  endfacet
  facet normal 0.707887 -0.000544214 -0.706326
    outer loop
      vertex -4.96057 -0.626666 174.525
      vertex -8.48528 -10.3629 171
      vertex -5 0 174.485
    endloop
  endfacet
  facet normal 0.707008 -0.000151882 -0.707205
    outer loop
      vertex -2.67913 4.22164 176.806
      vertex -8.23732 10.5396 171.248
      vertex -7.17086 11.2995 172.314
    endloop
  endfacet
  facet normal 0.707227 0.000125328 -0.706987
    outer loop
      vertex -2.67913 4.22164 176.806
      vertex -7.17086 11.2995 172.314
      vertex -5.99737 11.9294 173.488
    endloop
  endfacet
  facet normal 0.707078 0 -0.707135
    outer loop
      vertex -8.48528 10.3629 171
      vertex -5 0 174.485
      vertex -8.48528 -10.3629 171
    endloop
  endfacet
  facet normal 0.707139 6.97514e-05 -0.707075
    outer loop
      vertex -3.18712 3.85257 176.298
      vertex -8.48528 10.3629 171
      vertex -8.23732 10.5396 171.248
    endloop
  endfacet
  facet normal 0.707161 2.64932e-05 -0.707053
    outer loop
      vertex -2 13.1508 177.485
      vertex 0 4.99013 179.485
      vertex -0.313952 4.99013 179.171
    endloop
  endfacet
  facet normal 0.707132 1.45662e-05 -0.707082
    outer loop
      vertex -2 13.1508 177.485
      vertex -0.313952 4.99013 179.171
      vertex -0.936906 4.91144 178.548
    endloop
  endfacet
  facet normal 0.707008 -1.74596e-05 -0.707206
    outer loop
      vertex -2 13.1508 177.485
      vertex -0.936906 4.91144 178.548
      vertex -1.54508 4.75528 177.94
    endloop
  endfacet
  facet normal 0.707107 0 -0.707107
    outer loop
      vertex 0 4.99013 179.485
      vertex -2 13.1508 177.485
      vertex 0 16.5298 179.485
    endloop
  endfacet
  facet normal 0.707107 0 -0.707107
    outer loop
      vertex 0 16.5298 179.485
      vertex -2 13.1508 177.485
      vertex -2 16.5768 177.485
    endloop
  endfacet
  facet normal -0.707107 0 0.707107
    outer loop
      vertex 0 16.9291 162.515
      vertex 2 13.299 164.515
      vertex 2 16.882 164.515
    endloop
  endfacet
  facet normal -0.707008 -1.71608e-05 0.707206
    outer loop
      vertex 2 13.299 164.515
      vertex 0.936906 4.91144 163.452
      vertex 1.54508 4.75528 164.06
    endloop
  endfacet
  facet normal -0.707132 1.43129e-05 0.707082
    outer loop
      vertex 2 13.299 164.515
      vertex 0.313952 4.99013 162.829
      vertex 0.936906 4.91144 163.452
    endloop
  endfacet
  facet normal -0.707107 0 0.707107
    outer loop
      vertex 0 4.99013 162.515
      vertex 2 13.299 164.515
      vertex 0 16.9291 162.515
    endloop
  endfacet
  facet normal -0.707161 2.60206e-05 0.707053
    outer loop
      vertex 2 13.299 164.515
      vertex 0 4.99013 162.515
      vertex 0.313952 4.99013 162.829
    endloop
  endfacet
  facet normal -0.707404 0.000501526 0.706809
    outer loop
      vertex 3.18712 3.85257 165.702
      vertex 8.48528 10.3629 171
      vertex 8.23662 10.5471 170.751
    endloop
  endfacet
  facet normal -0.707078 0 0.707135
    outer loop
      vertex 8.48528 10.3629 171
      vertex 5 0 167.515
      vertex 8.48528 -10.3629 171
    endloop
  endfacet
  facet normal -0.707125 8.69606e-05 0.707088
    outer loop
      vertex 2.67913 4.22164 165.194
      vertex 8.23662 10.5471 170.751
      vertex 7.18677 11.3245 169.701
    endloop
  endfacet
  facet normal -0.707887 -0.000544214 0.706326
    outer loop
      vertex 4.96057 -0.626666 167.475
      vertex 8.48528 -10.3629 171
      vertex 5 0 167.515
    endloop
  endfacet
  facet normal -0.706942 -0.000145045 0.707271
    outer loop
      vertex 2.67913 4.22164 165.194
      vertex 7.18677 11.3245 169.701
      vertex 6.06712 11.9546 168.582
    endloop
  endfacet
  facet normal -0.706451 0.000495767 0.707762
    outer loop
      vertex 4.84292 -1.24345 167.358
      vertex 8.48528 -10.3629 171
      vertex 4.96057 -0.626666 167.475
    endloop
  endfacet
  facet normal -0.708602 -0.00630432 0.70558
    outer loop
      vertex 5.3401 12.3053 167.855
      vertex 6.06712 11.9546 168.582
      vertex 5.71786 12.1511 168.233
    endloop
  endfacet
  facet normal -0.707055 1.35959e-05 0.707159
    outer loop
      vertex 4.64888 -1.84062 167.164
      vertex 8.48528 -10.3629 171
      vertex 4.84292 -1.24345 167.358
    endloop
  endfacet
  facet normal -0.707095 8.46261e-06 0.707119
    outer loop
      vertex 6.06712 11.9546 168.582
      vertex 5.3401 12.3053 167.855
      vertex 2.1289 4.52413 164.644
    endloop
  endfacet
  facet normal -0.707528 -0.000412241 0.706686
    outer loop
      vertex 4.38153 -2.40877 166.896
      vertex 8.48528 -10.3629 171
      vertex 4.64888 -1.84062 167.164
    endloop
  endfacet
  facet normal -0.706855 0.000281496 0.707358
    outer loop
      vertex 4.04508 -2.93893 166.56
      vertex 8.48528 -10.3629 171
      vertex 4.38153 -2.40877 166.896
    endloop
  endfacet
  facet normal -0.707887 0.000544214 0.706326
    outer loop
      vertex 8.48528 10.3629 171
      vertex 4.96057 0.626666 167.475
      vertex 5 0 167.515
    endloop
  endfacet
  facet normal -0.706451 -0.000495767 0.707762
    outer loop
      vertex 8.48528 10.3629 171
      vertex 4.84292 1.24345 167.358
      vertex 4.96057 0.626666 167.475
    endloop
  endfacet
  facet normal -0.707055 -1.35959e-05 0.707159
    outer loop
      vertex 8.48528 10.3629 171
      vertex 4.64888 1.84062 167.164
      vertex 4.84292 1.24345 167.358
    endloop
  endfacet
  facet normal -0.707528 0.000412241 0.706686
    outer loop
      vertex 8.48528 10.3629 171
      vertex 4.38153 2.40877 166.896
      vertex 4.64888 1.84062 167.164
    endloop
  endfacet
  facet normal -0.707163 5.88043e-05 0.70705
    outer loop
      vertex 1.54508 4.75528 164.06
      vertex 5.3401 12.3053 167.855
      vertex 4.15533 12.7888 166.67
    endloop
  endfacet
  facet normal -0.706855 -0.000281496 0.707358
    outer loop
      vertex 8.48528 10.3629 171
      vertex 4.04508 2.93893 166.56
      vertex 4.38153 2.40877 166.896
    endloop
  endfacet
  facet normal -0.706676 -0.000257878 0.707537
    outer loop
      vertex 1.54508 4.75528 164.06
      vertex 4.15533 12.7888 166.67
      vertex 3.74479 12.899 166.26
    endloop
  endfacet
  facet normal -0.706977 -0.000136154 0.707237
    outer loop
      vertex 8.48528 10.3629 171
      vertex 3.64484 3.42274 166.16
      vertex 4.04508 2.93893 166.56
    endloop
  endfacet
  facet normal -0.707225 0.000209347 0.706989
    outer loop
      vertex 8.48528 10.3629 171
      vertex 3.18712 3.85257 165.702
      vertex 3.64484 3.42274 166.16
    endloop
  endfacet
  facet normal -0.707099 4.08993e-05 0.707115
    outer loop
      vertex 8.23662 10.5471 170.751
      vertex 2.67913 4.22164 165.194
      vertex 3.18712 3.85257 165.702
    endloop
  endfacet
  facet normal -0.707215 3.33702e-05 0.706998
    outer loop
      vertex 1.54508 4.75528 164.06
      vertex 3.74479 12.899 166.26
      vertex 2.52318 13.227 165.038
    endloop
  endfacet
  facet normal -0.706988 -0.000105117 0.707226
    outer loop
      vertex 6.06712 11.9546 168.582
      vertex 2.1289 4.52413 164.644
      vertex 2.67913 4.22164 165.194
    endloop
  endfacet
  facet normal -0.706986 -1.94357e-05 0.707227
    outer loop
      vertex 1.54508 4.75528 164.06
      vertex 2.52318 13.227 165.038
      vertex 2 13.299 164.515
    endloop
  endfacet
  facet normal -0.707197 9.29449e-05 0.707016
    outer loop
      vertex 5.3401 12.3053 167.855
      vertex 1.54508 4.75528 164.06
      vertex 2.1289 4.52413 164.644
    endloop
  endfacet
  facet normal -0.706977 0.000136154 0.707237
    outer loop
      vertex 3.64484 -3.42274 166.16
      vertex 8.48528 -10.3629 171
      vertex 4.04508 -2.93893 166.56
    endloop
  endfacet
  facet normal -0.707225 -0.000209347 0.706989
    outer loop
      vertex 3.18712 -3.85257 165.702
      vertex 8.48528 -10.3629 171
      vertex 3.64484 -3.42274 166.16
    endloop
  endfacet
  facet normal -0.707404 -0.000501526 0.706809
    outer loop
      vertex 8.48528 -10.3629 171
      vertex 3.18712 -3.85257 165.702
      vertex 8.23662 -10.5471 170.751
    endloop
  endfacet
  facet normal -0.707099 -4.08993e-05 0.707115
    outer loop
      vertex 2.67913 -4.22164 165.194
      vertex 8.23662 -10.5471 170.751
      vertex 3.18712 -3.85257 165.702
    endloop
  endfacet
  facet normal -0.707125 -8.69606e-05 0.707088
    outer loop
      vertex 8.23662 -10.5471 170.751
      vertex 2.67913 -4.22164 165.194
      vertex 7.18677 -11.3245 169.701
    endloop
  endfacet
  facet normal -0.706942 0.000145045 0.707271
    outer loop
      vertex 7.18677 -11.3245 169.701
      vertex 2.67913 -4.22164 165.194
      vertex 6.06712 -11.9546 168.582
    endloop
  endfacet
  facet normal -0.706988 0.000105117 0.707226
    outer loop
      vertex 2.1289 -4.52413 164.644
      vertex 6.06712 -11.9546 168.582
      vertex 2.67913 -4.22164 165.194
    endloop
  endfacet
  facet normal -0.707095 -8.46261e-06 0.707119
    outer loop
      vertex 5.3401 -12.3053 167.855
      vertex 6.06712 -11.9546 168.582
      vertex 2.1289 -4.52413 164.644
    endloop
  endfacet
  facet normal -0.708602 0.00630432 0.70558
    outer loop
      vertex 6.06712 -11.9546 168.582
      vertex 5.3401 -12.3053 167.855
      vertex 5.71786 -12.1511 168.233
    endloop
  endfacet
  facet normal -0.707197 -9.29449e-05 0.707016
    outer loop
      vertex 1.54508 -4.75528 164.06
      vertex 5.3401 -12.3053 167.855
      vertex 2.1289 -4.52413 164.644
    endloop
  endfacet
  facet normal -0.707163 -5.88043e-05 0.70705
    outer loop
      vertex 5.3401 -12.3053 167.855
      vertex 1.54508 -4.75528 164.06
      vertex 4.15533 -12.7888 166.67
    endloop
  endfacet
  facet normal -0.706676 0.000257878 0.707537
    outer loop
      vertex 4.15533 -12.7888 166.67
      vertex 1.54508 -4.75528 164.06
      vertex 3.74479 -12.899 166.26
    endloop
  endfacet
  facet normal -0.707015 7.46575e-05 0.707198
    outer loop
      vertex 0.936906 -4.91144 163.452
      vertex 3.74479 -12.899 166.26
      vertex 1.54508 -4.75528 164.06
    endloop
  endfacet
  facet normal -0.707211 -6.31196e-05 0.707002
    outer loop
      vertex 3.74479 -12.899 166.26
      vertex 0.936906 -4.91144 163.452
      vertex 2.52318 -13.227 165.038
    endloop
  endfacet
  facet normal -0.706987 2.25213e-05 0.707227
    outer loop
      vertex 2.52318 -13.227 165.038
      vertex 0.936906 -4.91144 163.452
      vertex 2 -13.299 164.515
    endloop
  endfacet
  facet normal -0.707132 -1.43129e-05 0.707082
    outer loop
      vertex 0.313952 -4.99013 162.829
      vertex 2 -13.299 164.515
      vertex 0.936906 -4.91144 163.452
    endloop
  endfacet
  facet normal -0.707161 -2.60206e-05 0.707053
    outer loop
      vertex 0 -4.99013 162.515
      vertex 2 -13.299 164.515
      vertex 0.313952 -4.99013 162.829
    endloop
  endfacet
  facet normal -0.707107 0 0.707107
    outer loop
      vertex 2 -13.299 164.515
      vertex 0 -4.99013 162.515
      vertex 0 -16.9291 162.515
    endloop
  endfacet
  facet normal -0.707107 0 0.707107
    outer loop
      vertex 2 -13.299 164.515
      vertex 0 -16.9291 162.515
      vertex 2 -16.882 164.515
    endloop
  endfacet
  facet normal -0.707107 0 -0.707107
    outer loop
      vertex 0 -16.5298 179.485
      vertex 2 -13.1508 177.485
      vertex 2 -16.5768 177.485
    endloop
  endfacet
  facet normal -0.707008 1.74596e-05 -0.707206
    outer loop
      vertex 2 -13.1508 177.485
      vertex 0.936906 -4.91144 178.548
      vertex 1.54508 -4.75528 177.94
    endloop
  endfacet
  facet normal -0.707132 -1.45662e-05 -0.707082
    outer loop
      vertex 2 -13.1508 177.485
      vertex 0.313952 -4.99013 179.171
      vertex 0.936906 -4.91144 178.548
    endloop
  endfacet
  facet normal -0.707107 -0 -0.707107
    outer loop
      vertex 0 -4.99013 179.485
      vertex 2 -13.1508 177.485
      vertex 0 -16.5298 179.485
    endloop
  endfacet
  facet normal -0.707161 -2.64932e-05 -0.707053
    outer loop
      vertex 2 -13.1508 177.485
      vertex 0 -4.99013 179.485
      vertex 0.313952 -4.99013 179.171
    endloop
  endfacet
  facet normal -0.707139 -6.97514e-05 -0.707075
    outer loop
      vertex 3.18712 -3.85257 176.298
      vertex 8.48528 -10.3629 171
      vertex 8.23732 -10.5396 171.248
    endloop
  endfacet
  facet normal -0.707078 0 -0.707135
    outer loop
      vertex 8.48528 -10.3629 171
      vertex 5 0 174.485
      vertex 8.48528 10.3629 171
    endloop
  endfacet
  facet normal -0.707008 0.000151882 -0.707205
    outer loop
      vertex 2.67913 -4.22164 176.806
      vertex 8.23732 -10.5396 171.248
      vertex 7.17086 -11.2995 172.314
    endloop
  endfacet
  facet normal -0.707887 0.000544214 -0.706326
    outer loop
      vertex 4.96057 0.626666 174.525
      vertex 8.48528 10.3629 171
      vertex 5 0 174.485
    endloop
  endfacet
  facet normal -0.707227 -0.000125328 -0.706987
    outer loop
      vertex 2.67913 -4.22164 176.806
      vertex 7.17086 -11.2995 172.314
      vertex 5.99737 -11.9294 173.488
    endloop
  endfacet
  facet normal -0.706451 -0.000495767 -0.707762
    outer loop
      vertex 4.84292 1.24345 174.642
      vertex 8.48528 10.3629 171
      vertex 4.96057 0.626666 174.525
    endloop
  endfacet
  facet normal -0.708874 0.00848888 -0.705284
    outer loop
      vertex 5.3721 -12.2163 174.113
      vertex 5.99737 -11.9294 173.488
      vertex 5.69095 -12.0939 173.794
    endloop
  endfacet
  facet normal -0.707055 -1.35959e-05 -0.707159
    outer loop
      vertex 4.64888 1.84062 174.836
      vertex 8.48528 10.3629 171
      vertex 4.84292 1.24345 174.642
    endloop
  endfacet
  facet normal -0.706975 9.24818e-05 -0.707238
    outer loop
      vertex 5.99737 -11.9294 173.488
      vertex 5.3721 -12.2163 174.113
      vertex 2.1289 -4.52413 177.356
    endloop
  endfacet
  facet normal -0.707528 0.000412241 -0.706686
    outer loop
      vertex 4.38153 2.40877 175.104
      vertex 8.48528 10.3629 171
      vertex 4.64888 1.84062 174.836
    endloop
  endfacet
  facet normal -0.706855 -0.000281496 -0.707358
    outer loop
      vertex 4.04508 2.93893 175.44
      vertex 8.48528 10.3629 171
      vertex 4.38153 2.40877 175.104
    endloop
  endfacet
  facet normal -0.707887 -0.000544214 -0.706326
    outer loop
      vertex 8.48528 -10.3629 171
      vertex 4.96057 -0.626666 174.525
      vertex 5 0 174.485
    endloop
  endfacet
  facet normal -0.706451 0.000495767 -0.707762
    outer loop
      vertex 8.48528 -10.3629 171
      vertex 4.84292 -1.24345 174.642
      vertex 4.96057 -0.626666 174.525
    endloop
  endfacet
  facet normal -0.707055 1.35959e-05 -0.707159
    outer loop
      vertex 8.48528 -10.3629 171
      vertex 4.64888 -1.84062 174.836
      vertex 4.84292 -1.24345 174.642
    endloop
  endfacet
  facet normal -0.707528 -0.000412241 -0.706686
    outer loop
      vertex 8.48528 -10.3629 171
      vertex 4.38153 -2.40877 175.104
      vertex 4.64888 -1.84062 174.836
    endloop
  endfacet
  facet normal -0.707038 6.88841e-05 -0.707176
    outer loop
      vertex 1.54508 -4.75528 177.94
      vertex 5.3721 -12.2163 174.113
      vertex 4.12481 -12.6949 175.36
    endloop
  endfacet
  facet normal -0.706855 0.000281496 -0.707358
    outer loop
      vertex 8.48528 -10.3629 171
      vertex 4.04508 -2.93893 175.44
      vertex 4.38153 -2.40877 175.104
    endloop
  endfacet
  facet normal -0.707669 -0.000341738 -0.706544
    outer loop
      vertex 1.54508 -4.75528 177.94
      vertex 4.12481 -12.6949 175.36
      vertex 3.80935 -12.7722 175.676
    endloop
  endfacet
  facet normal -0.706977 0.000136154 -0.707237
    outer loop
      vertex 8.48528 -10.3629 171
      vertex 3.64484 -3.42274 175.84
      vertex 4.04508 -2.93893 175.44
    endloop
  endfacet
  facet normal -0.707225 -0.000209347 -0.706989
    outer loop
      vertex 8.48528 -10.3629 171
      vertex 3.18712 -3.85257 176.298
      vertex 3.64484 -3.42274 175.84
    endloop
  endfacet
  facet normal -0.707106 -2.04438e-05 -0.707107
    outer loop
      vertex 8.23732 -10.5396 171.248
      vertex 2.67913 -4.22164 176.806
      vertex 3.18712 -3.85257 176.298
    endloop
  endfacet
  facet normal -0.7072 -7.63781e-05 -0.707014
    outer loop
      vertex 1.54508 -4.75528 177.94
      vertex 3.80935 -12.7722 175.676
      vertex 2.49773 -13.0936 176.988
    endloop
  endfacet
  facet normal -0.706982 8.5106e-05 -0.707231
    outer loop
      vertex 5.99737 -11.9294 173.488
      vertex 2.1289 -4.52413 177.356
      vertex 2.67913 -4.22164 176.806
    endloop
  endfacet
  facet normal -0.706591 6.25895e-05 -0.707622
    outer loop
      vertex 1.54508 -4.75528 177.94
      vertex 2.49773 -13.0936 176.988
      vertex 2 -13.1508 177.485
    endloop
  endfacet
  facet normal -0.707197 -9.45125e-05 -0.707016
    outer loop
      vertex 5.3721 -12.2163 174.113
      vertex 1.54508 -4.75528 177.94
      vertex 2.1289 -4.52413 177.356
    endloop
  endfacet
  facet normal -0.706977 -0.000136154 -0.707237
    outer loop
      vertex 3.64484 3.42274 175.84
      vertex 8.48528 10.3629 171
      vertex 4.04508 2.93893 175.44
    endloop
  endfacet
  facet normal -0.707225 0.000209347 -0.706989
    outer loop
      vertex 3.18712 3.85257 176.298
      vertex 8.48528 10.3629 171
      vertex 3.64484 3.42274 175.84
    endloop
  endfacet
  facet normal -0.707139 6.97514e-05 -0.707075
    outer loop
      vertex 8.48528 10.3629 171
      vertex 3.18712 3.85257 176.298
      vertex 8.23732 10.5396 171.248
    endloop
  endfacet
  facet normal -0.707106 2.04438e-05 -0.707107
    outer loop
      vertex 2.67913 4.22164 176.806
      vertex 8.23732 10.5396 171.248
      vertex 3.18712 3.85257 176.298
    endloop
  endfacet
  facet normal -0.707008 -0.000151882 -0.707205
    outer loop
      vertex 8.23732 10.5396 171.248
      vertex 2.67913 4.22164 176.806
      vertex 7.17086 11.2995 172.314
    endloop
  endfacet
  facet normal -0.707227 0.000125328 -0.706987
    outer loop
      vertex 7.17086 11.2995 172.314
      vertex 2.67913 4.22164 176.806
      vertex 5.99737 11.9294 173.488
    endloop
  endfacet
  facet normal -0.706982 -8.5106e-05 -0.707231
    outer loop
      vertex 2.1289 4.52413 177.356
      vertex 5.99737 11.9294 173.488
      vertex 2.67913 4.22164 176.806
    endloop
  endfacet
  facet normal -0.706975 -9.24818e-05 -0.707238
    outer loop
      vertex 5.3721 12.2163 174.113
      vertex 5.99737 11.9294 173.488
      vertex 2.1289 4.52413 177.356
    endloop
  endfacet
  facet normal -0.708874 -0.00848888 -0.705284
    outer loop
      vertex 5.99737 11.9294 173.488
      vertex 5.3721 12.2163 174.113
      vertex 5.69095 12.0939 173.794
    endloop
  endfacet
  facet normal -0.707197 9.45125e-05 -0.707016
    outer loop
      vertex 1.54508 4.75528 177.94
      vertex 5.3721 12.2163 174.113
      vertex 2.1289 4.52413 177.356
    endloop
  endfacet
  facet normal -0.707038 -6.88841e-05 -0.707176
    outer loop
      vertex 5.3721 12.2163 174.113
      vertex 1.54508 4.75528 177.94
      vertex 4.12481 12.6949 175.36
    endloop
  endfacet
  facet normal -0.707669 0.000341738 -0.706544
    outer loop
      vertex 4.12481 12.6949 175.36
      vertex 1.54508 4.75528 177.94
      vertex 3.80935 12.7722 175.676
    endloop
  endfacet
  facet normal -0.70701 -3.10748e-05 -0.707204
    outer loop
      vertex 0.936906 4.91144 178.548
      vertex 3.80935 12.7722 175.676
      vertex 1.54508 4.75528 177.94
    endloop
  endfacet
  facet normal -0.707196 0.000105351 -0.707017
    outer loop
      vertex 3.80935 12.7722 175.676
      vertex 0.936906 4.91144 178.548
      vertex 2.49773 13.0936 176.988
    endloop
  endfacet
  facet normal -0.706595 -0.000123996 -0.707618
    outer loop
      vertex 2.49773 13.0936 176.988
      vertex 0.936906 4.91144 178.548
      vertex 2 13.1508 177.485
    endloop
  endfacet
  facet normal -0.707132 1.45662e-05 -0.707082
    outer loop
      vertex 0.313952 4.99013 179.171
      vertex 2 13.1508 177.485
      vertex 0.936906 4.91144 178.548
    endloop
  endfacet
  facet normal -0.707161 2.64932e-05 -0.707053
    outer loop
      vertex 0 4.99013 179.485
      vertex 2 13.1508 177.485
      vertex 0.313952 4.99013 179.171
    endloop
  endfacet
  facet normal -0.707107 0 -0.707107
    outer loop
      vertex 2 13.1508 177.485
      vertex 0 4.99013 179.485
      vertex 0 16.5298 179.485
    endloop
  endfacet
  facet normal -0.707107 0 -0.707107
    outer loop
      vertex 2 13.1508 177.485
      vertex 0 16.5298 179.485
      vertex 2 16.5768 177.485
    endloop
  endfacet
  facet normal -0.368124 -0.929777 0
    outer loop
      vertex 1.54508 4.75528 17.6203
      vertex 2.1289 4.52413 44.6436
      vertex 1.54508 4.75528 44.0598
    endloop
  endfacet
  facet normal -0.368086 -0.929792 -9.29008e-07
    outer loop
      vertex 1.69894 4.69437 17.4343
      vertex 2.1289 4.52413 44.6436
      vertex 1.54508 4.75528 17.6203
    endloop
  endfacet
  facet normal -0.368155 -0.929765 3.18543e-07
    outer loop
      vertex 1.84024 4.63842 17.2117
      vertex 2.1289 4.52413 44.6436
      vertex 1.69894 4.69437 17.4343
    endloop
  endfacet
  facet normal -0.368133 -0.929773 5.89005e-08
    outer loop
      vertex 1.95253 4.59396 16.9731
      vertex 2.1289 4.52413 44.6436
      vertex 1.84024 4.63842 17.2117
    endloop
  endfacet
  facet normal -0.368084 -0.929792 -3.03511e-07
    outer loop
      vertex 2.03402 4.5617 16.7222
      vertex 2.1289 4.52413 44.6436
      vertex 1.95253 4.59396 16.9731
    endloop
  endfacet
  facet normal -0.368177 -0.929756 6.10371e-08
    outer loop
      vertex 2.08344 4.54213 16.4632
      vertex 2.1289 4.52413 44.6436
      vertex 2.03402 4.5617 16.7222
    endloop
  endfacet
  facet normal -0.367814 -0.929899 -6.15876e-07
    outer loop
      vertex 2.1 4.53558 16.2
      vertex 2.1289 4.52413 44.6436
      vertex 2.08344 4.54213 16.4632
    endloop
  endfacet
  facet normal -0.368124 -0.929777 0
    outer loop
      vertex 2.1289 4.52413 0
      vertex 1.54508 4.75528 14.7797
      vertex 1.54508 4.75528 0
    endloop
  endfacet
  facet normal -0.368087 -0.929791 1.66353e-06
    outer loop
      vertex 1.54508 4.75528 14.7797
      vertex 2.1289 4.52413 0
      vertex 1.69894 4.69437 14.9657
    endloop
  endfacet
  facet normal -0.368154 -0.929765 -5.67863e-07
    outer loop
      vertex 1.69894 4.69437 14.9657
      vertex 2.1289 4.52413 0
      vertex 1.84024 4.63842 15.1883
    endloop
  endfacet
  facet normal -0.368133 -0.929773 -1.04538e-07
    outer loop
      vertex 1.84024 4.63842 15.1883
      vertex 2.1289 4.52413 0
      vertex 1.95253 4.59396 15.4269
    endloop
  endfacet
  facet normal -0.368085 -0.929792 5.36203e-07
    outer loop
      vertex 1.95253 4.59396 15.4269
      vertex 2.1289 4.52413 0
      vertex 2.03402 4.5617 15.6778
    endloop
  endfacet
  facet normal -0.368177 -0.929756 -1.07239e-07
    outer loop
      vertex 2.03402 4.5617 15.6778
      vertex 2.1289 4.52413 0
      vertex 2.08344 4.54213 15.9368
    endloop
  endfacet
  facet normal -0.368338 -0.929692 0
    outer loop
      vertex 2.1 4.53558 16.2
      vertex 2.1289 4.52413 0
      vertex 2.1289 4.52413 44.6436
    endloop
  endfacet
  facet normal -0.36782 -0.929897 1.0685e-06
    outer loop
      vertex 2.08344 4.54213 15.9368
      vertex 2.1289 4.52413 0
      vertex 2.1 4.53558 16.2
    endloop
  endfacet
  facet normal -0.368124 -0.929777 0
    outer loop
      vertex 1.54508 4.75528 177.94
      vertex 2.1289 4.52413 228
      vertex 1.54508 4.75528 228
    endloop
  endfacet
  facet normal -0.368124 -0.929777 -0
    outer loop
      vertex 2.1289 4.52413 228
      vertex 1.54508 4.75528 177.94
      vertex 2.1289 4.52413 177.356
    endloop
  endfacet
  facet normal -0.368124 -0.929777 0
    outer loop
      vertex 1.54508 4.75528 57.9402
      vertex 2.1289 4.52413 74.6436
      vertex 1.54508 4.75528 74.0598
    endloop
  endfacet
  facet normal -0.368124 -0.929777 -0
    outer loop
      vertex 2.1289 4.52413 74.6436
      vertex 1.54508 4.75528 57.9402
      vertex 2.1289 4.52413 57.3564
    endloop
  endfacet
  facet normal -0.368124 -0.929777 0
    outer loop
      vertex 1.54508 4.75528 87.9402
      vertex 2.1289 4.52413 104.644
      vertex 1.54508 4.75528 104.06
    endloop
  endfacet
  facet normal -0.368124 -0.929777 -0
    outer loop
      vertex 2.1289 4.52413 104.644
      vertex 1.54508 4.75528 87.9402
      vertex 2.1289 4.52413 87.3564
    endloop
  endfacet
  facet normal -0.368124 -0.929777 0
    outer loop
      vertex 1.54508 4.75528 117.94
      vertex 2.1289 4.52413 134.644
      vertex 1.54508 4.75528 134.06
    endloop
  endfacet
  facet normal -0.368124 -0.929777 -0
    outer loop
      vertex 2.1289 4.52413 134.644
      vertex 1.54508 4.75528 117.94
      vertex 2.1289 4.52413 117.356
    endloop
  endfacet
  facet normal -0.368124 -0.929777 0
    outer loop
      vertex 1.54508 4.75528 147.94
      vertex 2.1289 4.52413 164.644
      vertex 1.54508 4.75528 164.06
    endloop
  endfacet
  facet normal -0.368124 -0.929777 -0
    outer loop
      vertex 2.1289 4.52413 164.644
      vertex 1.54508 4.75528 147.94
      vertex 2.1289 4.52413 147.356
    endloop
  endfacet
  facet normal -0.98229 -0.187369 0
    outer loop
      vertex 4.96057 0.626666 0
      vertex 4.84292 1.24345 47.3576
      vertex 4.84292 1.24345 0
    endloop
  endfacet
  facet normal -0.98229 -0.187369 0
    outer loop
      vertex 4.84292 1.24345 47.3576
      vertex 4.96057 0.626666 0
      vertex 4.96057 0.626666 47.4753
    endloop
  endfacet
  facet normal -0.982405 -0.186765 0
    outer loop
      vertex 4.84465 1.23435 220.199
      vertex 4.84292 1.24345 228
      vertex 4.84292 1.24345 220.191
    endloop
  endfacet
  facet normal -0.982285 -0.187395 7.62227e-07
    outer loop
      vertex 4.88713 1.01168 220.34
      vertex 4.84292 1.24345 228
      vertex 4.84465 1.23435 220.199
    endloop
  endfacet
  facet normal -0.982287 -0.187385 4.36786e-07
    outer loop
      vertex 4.93265 0.773061 220.453
      vertex 4.84292 1.24345 228
      vertex 4.88713 1.01168 220.34
    endloop
  endfacet
  facet normal -0.982295 -0.187341 -2.40788e-06
    outer loop
      vertex 4.96057 0.626666 220.5
      vertex 4.84292 1.24345 228
      vertex 4.93265 0.773061 220.453
    endloop
  endfacet
  facet normal -0.98229 -0.187369 0
    outer loop
      vertex 4.84292 1.24345 228
      vertex 4.96057 0.626666 220.5
      vertex 4.96057 0.626666 228
    endloop
  endfacet
  facet normal -0.982405 -0.186765 0
    outer loop
      vertex 4.84292 1.24345 174.642
      vertex 4.84465 1.23435 216.801
      vertex 4.84292 1.24345 216.809
    endloop
  endfacet
  facet normal -0.982284 -0.187396 -1.41126e-07
    outer loop
      vertex 4.84292 1.24345 174.642
      vertex 4.88713 1.01168 216.66
      vertex 4.84465 1.23435 216.801
    endloop
  endfacet
  facet normal -0.982287 -0.187385 -8.05579e-08
    outer loop
      vertex 4.84292 1.24345 174.642
      vertex 4.93265 0.773061 216.547
      vertex 4.88713 1.01168 216.66
    endloop
  endfacet
  facet normal -0.98229 -0.187369 -0
    outer loop
      vertex 4.96057 0.626666 216.5
      vertex 4.84292 1.24345 174.642
      vertex 4.96057 0.626666 174.525
    endloop
  endfacet
  facet normal -0.982295 -0.18734 4.40743e-07
    outer loop
      vertex 4.84292 1.24345 174.642
      vertex 4.96057 0.626666 216.5
      vertex 4.93265 0.773061 216.547
    endloop
  endfacet
  facet normal -0.98229 -0.187369 0
    outer loop
      vertex 4.96057 0.626666 54.5247
      vertex 4.84292 1.24345 77.3576
      vertex 4.84292 1.24345 54.6424
    endloop
  endfacet
  facet normal -0.98229 -0.187369 0
    outer loop
      vertex 4.84292 1.24345 77.3576
      vertex 4.96057 0.626666 54.5247
      vertex 4.96057 0.626666 77.4753
    endloop
  endfacet
  facet normal -0.98229 -0.187369 0
    outer loop
      vertex 4.96057 0.626666 84.5247
      vertex 4.84292 1.24345 107.358
      vertex 4.84292 1.24345 84.6424
    endloop
  endfacet
  facet normal -0.98229 -0.187369 0
    outer loop
      vertex 4.84292 1.24345 107.358
      vertex 4.96057 0.626666 84.5247
      vertex 4.96057 0.626666 107.475
    endloop
  endfacet
  facet normal -0.98229 -0.187369 0
    outer loop
      vertex 4.96057 0.626666 114.525
      vertex 4.84292 1.24345 137.358
      vertex 4.84292 1.24345 114.642
    endloop
  endfacet
  facet normal -0.98229 -0.187369 0
    outer loop
      vertex 4.84292 1.24345 137.358
      vertex 4.96057 0.626666 114.525
      vertex 4.96057 0.626666 137.475
    endloop
  endfacet
  facet normal -0.98229 -0.187369 0
    outer loop
      vertex 4.96057 0.626666 144.525
      vertex 4.84292 1.24345 167.358
      vertex 4.84292 1.24345 144.642
    endloop
  endfacet
  facet normal -0.98229 -0.187369 0
    outer loop
      vertex 4.84292 1.24345 167.358
      vertex 4.96057 0.626666 144.525
      vertex 4.96057 0.626666 167.475
    endloop
  endfacet
  facet normal -0.998026 -0.0627961 0
    outer loop
      vertex 5 0 0
      vertex 4.96057 0.626666 47.4753
      vertex 4.96057 0.626666 0
    endloop
  endfacet
  facet normal -0.998026 -0.0627961 0
    outer loop
      vertex 4.96057 0.626666 47.4753
      vertex 5 0 0
      vertex 5 0 47.5147
    endloop
  endfacet
  facet normal -0.998026 -0.062796 0
    outer loop
      vertex 4.96714 0.522248 220.534
      vertex 4.96057 0.626666 228
      vertex 4.96057 0.626666 220.5
    endloop
  endfacet
  facet normal -0.998026 -0.0627983 3.16365e-08
    outer loop
      vertex 4.98344 0.263199 220.583
      vertex 4.96057 0.626666 228
      vertex 4.96714 0.522248 220.534
    endloop
  endfacet
  facet normal -0.998027 -0.062794 -1.77153e-07
    outer loop
      vertex 5 0 220.6
      vertex 4.96057 0.626666 228
      vertex 4.98344 0.263199 220.583
    endloop
  endfacet
  facet normal -0.998026 -0.0627961 0
    outer loop
      vertex 4.96057 0.626666 228
      vertex 5 0 220.6
      vertex 5 0 228
    endloop
  endfacet
  facet normal -0.998026 -0.062796 0
    outer loop
      vertex 4.96057 0.626666 174.525
      vertex 4.96714 0.522248 216.466
      vertex 4.96057 0.626666 216.5
    endloop
  endfacet
  facet normal -0.998026 -0.0627983 -5.64391e-09
    outer loop
      vertex 4.96057 0.626666 174.525
      vertex 4.98344 0.263199 216.417
      vertex 4.96714 0.522248 216.466
    endloop
  endfacet
  facet normal -0.998026 -0.0627961 -0
    outer loop
      vertex 5 0 216.4
      vertex 4.96057 0.626666 174.525
      vertex 5 0 174.485
    endloop
  endfacet
  facet normal -0.998027 -0.062794 3.14467e-08
    outer loop
      vertex 4.96057 0.626666 174.525
      vertex 5 0 216.4
      vertex 4.98344 0.263199 216.417
    endloop
  endfacet
  facet normal -0.998026 -0.0627961 0
    outer loop
      vertex 5 0 54.4853
      vertex 4.96057 0.626666 77.4753
      vertex 4.96057 0.626666 54.5247
    endloop
  endfacet
  facet normal -0.998026 -0.0627961 0
    outer loop
      vertex 4.96057 0.626666 77.4753
      vertex 5 0 54.4853
      vertex 5 0 77.5147
    endloop
  endfacet
  facet normal -0.998026 -0.0627961 0
    outer loop
      vertex 5 0 84.4853
      vertex 4.96057 0.626666 107.475
      vertex 4.96057 0.626666 84.5247
    endloop
  endfacet
  facet normal -0.998026 -0.0627961 0
    outer loop
      vertex 4.96057 0.626666 107.475
      vertex 5 0 84.4853
      vertex 5 0 107.515
    endloop
  endfacet
  facet normal -0.998026 -0.0627961 0
    outer loop
      vertex 5 0 114.485
      vertex 4.96057 0.626666 137.475
      vertex 4.96057 0.626666 114.525
    endloop
  endfacet
  facet normal -0.998026 -0.0627961 0
    outer loop
      vertex 4.96057 0.626666 137.475
      vertex 5 0 114.485
      vertex 5 0 137.515
    endloop
  endfacet
  facet normal -0.998026 -0.0627961 0
    outer loop
      vertex 5 0 144.485
      vertex 4.96057 0.626666 167.475
      vertex 4.96057 0.626666 144.525
    endloop
  endfacet
  facet normal -0.998026 -0.0627961 0
    outer loop
      vertex 4.96057 0.626666 167.475
      vertex 5 0 144.485
      vertex 5 0 167.515
    endloop
  endfacet
  facet normal -0.125262 0.992124 0
    outer loop
      vertex 0.936906 -4.91144 0
      vertex 0.894136 -4.91684 14.2999
      vertex 0.936906 -4.91144 14.3234
    endloop
  endfacet
  facet normal -0.125309 0.992118 -1.41731e-07
    outer loop
      vertex 0.936906 -4.91144 0
      vertex 0.648935 -4.94781 14.2028
      vertex 0.894136 -4.91684 14.2999
    endloop
  endfacet
  facet normal -0.125337 0.992114 -7.21813e-07
    outer loop
      vertex 0.936906 -4.91144 0
      vertex 0.3935 -4.98008 14.1372
      vertex 0.648935 -4.94781 14.2028
    endloop
  endfacet
  facet normal -0.125342 0.992114 -9.26714e-07
    outer loop
      vertex 0.936906 -4.91144 0
      vertex 0.313952 -4.99013 14.1271
      vertex 0.3935 -4.98008 14.1372
    endloop
  endfacet
  facet normal -0.125322 0.992116 0
    outer loop
      vertex 0.313952 -4.99013 14.1271
      vertex 0.936906 -4.91144 0
      vertex 0.313952 -4.99013 0
    endloop
  endfacet
  facet normal -0.125322 0.992116 0
    outer loop
      vertex 0.936906 -4.91144 228
      vertex 0.313952 -4.99013 179.171
      vertex 0.313952 -4.99013 228
    endloop
  endfacet
  facet normal -0.125322 0.992116 0
    outer loop
      vertex 0.313952 -4.99013 179.171
      vertex 0.936906 -4.91144 228
      vertex 0.936906 -4.91144 178.548
    endloop
  endfacet
  facet normal -0.125322 0.992116 0
    outer loop
      vertex 0.936906 -4.91144 18.0766
      vertex 0.313952 -4.99013 42.8287
      vertex 0.936906 -4.91144 43.4516
    endloop
  endfacet
  facet normal -0.125342 0.992114 0
    outer loop
      vertex 0.313952 -4.99013 42.8287
      vertex 0.3935 -4.98008 18.2628
      vertex 0.313952 -4.99013 18.2729
    endloop
  endfacet
  facet normal -0.125337 0.992114 1.70564e-08
    outer loop
      vertex 0.313952 -4.99013 42.8287
      vertex 0.648935 -4.94781 18.1972
      vertex 0.3935 -4.98008 18.2628
    endloop
  endfacet
  facet normal -0.125309 0.992118 4.10052e-07
    outer loop
      vertex 0.313952 -4.99013 42.8287
      vertex 0.894136 -4.91684 18.1001
      vertex 0.648935 -4.94781 18.1972
    endloop
  endfacet
  facet normal -0.125261 0.992124 1.53921e-06
    outer loop
      vertex 0.313952 -4.99013 42.8287
      vertex 0.936906 -4.91144 18.0766
      vertex 0.894136 -4.91684 18.1001
    endloop
  endfacet
  facet normal -0.125322 0.992116 0
    outer loop
      vertex 0.936906 -4.91144 73.4516
      vertex 0.313952 -4.99013 59.1713
      vertex 0.313952 -4.99013 72.8287
    endloop
  endfacet
  facet normal -0.125322 0.992116 0
    outer loop
      vertex 0.313952 -4.99013 59.1713
      vertex 0.936906 -4.91144 73.4516
      vertex 0.936906 -4.91144 58.5484
    endloop
  endfacet
  facet normal -0.125322 0.992116 0
    outer loop
      vertex 0.936906 -4.91144 103.452
      vertex 0.313952 -4.99013 89.1713
      vertex 0.313952 -4.99013 102.829
    endloop
  endfacet
  facet normal -0.125322 0.992116 0
    outer loop
      vertex 0.313952 -4.99013 89.1713
      vertex 0.936906 -4.91144 103.452
      vertex 0.936906 -4.91144 88.5484
    endloop
  endfacet
  facet normal -0.125322 0.992116 0
    outer loop
      vertex 0.936906 -4.91144 133.452
      vertex 0.313952 -4.99013 119.171
      vertex 0.313952 -4.99013 132.829
    endloop
  endfacet
  facet normal -0.125322 0.992116 0
    outer loop
      vertex 0.313952 -4.99013 119.171
      vertex 0.936906 -4.91144 133.452
      vertex 0.936906 -4.91144 118.548
    endloop
  endfacet
  facet normal -0.125322 0.992116 0
    outer loop
      vertex 0.936906 -4.91144 163.452
      vertex 0.313952 -4.99013 149.171
      vertex 0.313952 -4.99013 162.829
    endloop
  endfacet
  facet normal -0.125322 0.992116 0
    outer loop
      vertex 0.313952 -4.99013 149.171
      vertex 0.936906 -4.91144 163.452
      vertex 0.936906 -4.91144 148.548
    endloop
  endfacet
  facet normal -0.587779 0.809022 0
    outer loop
      vertex 3.18712 -3.85257 0
      vertex 2.67913 -4.22164 45.1939
      vertex 3.18712 -3.85257 45.7018
    endloop
  endfacet
  facet normal -0.587779 0.809022 0
    outer loop
      vertex 2.67913 -4.22164 45.1939
      vertex 3.18712 -3.85257 0
      vertex 2.67913 -4.22164 0
    endloop
  endfacet
  facet normal -0.587779 0.809022 0
    outer loop
      vertex 3.18712 -3.85257 228
      vertex 2.67913 -4.22164 176.806
      vertex 2.67913 -4.22164 228
    endloop
  endfacet
  facet normal -0.587779 0.809022 0
    outer loop
      vertex 2.67913 -4.22164 176.806
      vertex 3.18712 -3.85257 228
      vertex 3.18712 -3.85257 176.298
    endloop
  endfacet
  facet normal -0.587779 0.809022 0
    outer loop
      vertex 3.18712 -3.85257 75.7018
      vertex 2.67913 -4.22164 56.8061
      vertex 2.67913 -4.22164 75.1939
    endloop
  endfacet
  facet normal -0.587779 0.809022 0
    outer loop
      vertex 2.67913 -4.22164 56.8061
      vertex 3.18712 -3.85257 75.7018
      vertex 3.18712 -3.85257 56.2982
    endloop
  endfacet
  facet normal -0.587779 0.809022 0
    outer loop
      vertex 3.18712 -3.85257 105.702
      vertex 2.67913 -4.22164 86.8061
      vertex 2.67913 -4.22164 105.194
    endloop
  endfacet
  facet normal -0.587779 0.809022 0
    outer loop
      vertex 2.67913 -4.22164 86.8061
      vertex 3.18712 -3.85257 105.702
      vertex 3.18712 -3.85257 86.2982
    endloop
  endfacet
  facet normal -0.587779 0.809022 0
    outer loop
      vertex 3.18712 -3.85257 135.702
      vertex 2.67913 -4.22164 116.806
      vertex 2.67913 -4.22164 135.194
    endloop
  endfacet
  facet normal -0.587779 0.809022 0
    outer loop
      vertex 2.67913 -4.22164 116.806
      vertex 3.18712 -3.85257 135.702
      vertex 3.18712 -3.85257 116.298
    endloop
  endfacet
  facet normal -0.587779 0.809022 0
    outer loop
      vertex 3.18712 -3.85257 165.702
      vertex 2.67913 -4.22164 146.806
      vertex 2.67913 -4.22164 165.194
    endloop
  endfacet
  facet normal -0.587779 0.809022 0
    outer loop
      vertex 2.67913 -4.22164 146.806
      vertex 3.18712 -3.85257 165.702
      vertex 3.18712 -3.85257 146.298
    endloop
  endfacet
  facet normal -0.770515 -0.637422 0
    outer loop
      vertex 4.04508 2.93893 0
      vertex 3.64484 3.42274 46.1596
      vertex 3.64484 3.42274 0
    endloop
  endfacet
  facet normal -0.770515 -0.637422 0
    outer loop
      vertex 3.64484 3.42274 46.1596
      vertex 4.04508 2.93893 0
      vertex 4.04508 2.93893 46.5598
    endloop
  endfacet
  facet normal -0.770515 -0.637422 -0
    outer loop
      vertex 4.04508 2.93893 228
      vertex 3.64484 3.42274 175.84
      vertex 4.04508 2.93893 175.44
    endloop
  endfacet
  facet normal -0.770515 -0.637422 0
    outer loop
      vertex 3.64484 3.42274 175.84
      vertex 4.04508 2.93893 228
      vertex 3.64484 3.42274 228
    endloop
  endfacet
  facet normal -0.770515 -0.637422 0
    outer loop
      vertex 4.04508 2.93893 55.4402
      vertex 3.64484 3.42274 76.1596
      vertex 3.64484 3.42274 55.8404
    endloop
  endfacet
  facet normal -0.770515 -0.637422 0
    outer loop
      vertex 3.64484 3.42274 76.1596
      vertex 4.04508 2.93893 55.4402
      vertex 4.04508 2.93893 76.5598
    endloop
  endfacet
  facet normal -0.770515 -0.637422 0
    outer loop
      vertex 4.04508 2.93893 85.4402
      vertex 3.64484 3.42274 106.16
      vertex 3.64484 3.42274 85.8404
    endloop
  endfacet
  facet normal -0.770515 -0.637422 0
    outer loop
      vertex 3.64484 3.42274 106.16
      vertex 4.04508 2.93893 85.4402
      vertex 4.04508 2.93893 106.56
    endloop
  endfacet
  facet normal -0.770515 -0.637422 0
    outer loop
      vertex 4.04508 2.93893 115.44
      vertex 3.64484 3.42274 136.16
      vertex 3.64484 3.42274 115.84
    endloop
  endfacet
  facet normal -0.770515 -0.637422 0
    outer loop
      vertex 3.64484 3.42274 136.16
      vertex 4.04508 2.93893 115.44
      vertex 4.04508 2.93893 136.56
    endloop
  endfacet
  facet normal -0.770515 -0.637422 0
    outer loop
      vertex 4.04508 2.93893 145.44
      vertex 3.64484 3.42274 166.16
      vertex 3.64484 3.42274 145.84
    endloop
  endfacet
  facet normal -0.770515 -0.637422 0
    outer loop
      vertex 3.64484 3.42274 166.16
      vertex 4.04508 2.93893 145.44
      vertex 4.04508 2.93893 166.56
    endloop
  endfacet
  facet normal -0.770515 0.637422 0
    outer loop
      vertex 3.64484 -3.42274 46.1596
      vertex 4.04508 -2.93893 0
      vertex 3.64484 -3.42274 0
    endloop
  endfacet
  facet normal -0.770515 0.637422 0
    outer loop
      vertex 4.04508 -2.93893 0
      vertex 3.64484 -3.42274 46.1596
      vertex 4.04508 -2.93893 46.5598
    endloop
  endfacet
  facet normal -0.770515 0.637422 0
    outer loop
      vertex 3.64484 -3.42274 175.84
      vertex 4.04508 -2.93893 228
      vertex 4.04508 -2.93893 175.44
    endloop
  endfacet
  facet normal -0.770515 0.637422 0
    outer loop
      vertex 4.04508 -2.93893 228
      vertex 3.64484 -3.42274 175.84
      vertex 3.64484 -3.42274 228
    endloop
  endfacet
  facet normal -0.770515 0.637422 0
    outer loop
      vertex 3.64484 -3.42274 55.8404
      vertex 4.04508 -2.93893 76.5598
      vertex 4.04508 -2.93893 55.4402
    endloop
  endfacet
  facet normal -0.770515 0.637422 0
    outer loop
      vertex 4.04508 -2.93893 76.5598
      vertex 3.64484 -3.42274 55.8404
      vertex 3.64484 -3.42274 76.1596
    endloop
  endfacet
  facet normal -0.770515 0.637422 0
    outer loop
      vertex 3.64484 -3.42274 85.8404
      vertex 4.04508 -2.93893 106.56
      vertex 4.04508 -2.93893 85.4402
    endloop
  endfacet
  facet normal -0.770515 0.637422 0
    outer loop
      vertex 4.04508 -2.93893 106.56
      vertex 3.64484 -3.42274 85.8404
      vertex 3.64484 -3.42274 106.16
    endloop
  endfacet
  facet normal -0.770515 0.637422 0
    outer loop
      vertex 3.64484 -3.42274 115.84
      vertex 4.04508 -2.93893 136.56
      vertex 4.04508 -2.93893 115.44
    endloop
  endfacet
  facet normal -0.770515 0.637422 0
    outer loop
      vertex 4.04508 -2.93893 136.56
      vertex 3.64484 -3.42274 115.84
      vertex 3.64484 -3.42274 136.16
    endloop
  endfacet
  facet normal -0.770515 0.637422 0
    outer loop
      vertex 3.64484 -3.42274 145.84
      vertex 4.04508 -2.93893 166.56
      vertex 4.04508 -2.93893 145.44
    endloop
  endfacet
  facet normal -0.770515 0.637422 0
    outer loop
      vertex 4.04508 -2.93893 166.56
      vertex 3.64484 -3.42274 145.84
      vertex 3.64484 -3.42274 166.16
    endloop
  endfacet
  facet normal -0.844328 -0.535827 0
    outer loop
      vertex 4.38153 2.40877 0
      vertex 4.04508 2.93893 46.5598
      vertex 4.04508 2.93893 0
    endloop
  endfacet
  facet normal -0.844328 -0.535827 0
    outer loop
      vertex 4.04508 2.93893 46.5598
      vertex 4.38153 2.40877 0
      vertex 4.38153 2.40877 46.8963
    endloop
  endfacet
  facet normal -0.844328 -0.535827 -0
    outer loop
      vertex 4.38153 2.40877 228
      vertex 4.04508 2.93893 175.44
      vertex 4.38153 2.40877 175.104
    endloop
  endfacet
  facet normal -0.844328 -0.535827 0
    outer loop
      vertex 4.04508 2.93893 175.44
      vertex 4.38153 2.40877 228
      vertex 4.04508 2.93893 228
    endloop
  endfacet
  facet normal -0.844328 -0.535827 0
    outer loop
      vertex 4.38153 2.40877 55.1037
      vertex 4.04508 2.93893 76.5598
      vertex 4.04508 2.93893 55.4402
    endloop
  endfacet
  facet normal -0.844328 -0.535827 0
    outer loop
      vertex 4.04508 2.93893 76.5598
      vertex 4.38153 2.40877 55.1037
      vertex 4.38153 2.40877 76.8962
    endloop
  endfacet
  facet normal -0.844328 -0.535827 0
    outer loop
      vertex 4.38153 2.40877 85.1037
      vertex 4.04508 2.93893 106.56
      vertex 4.04508 2.93893 85.4402
    endloop
  endfacet
  facet normal -0.844328 -0.535827 0
    outer loop
      vertex 4.04508 2.93893 106.56
      vertex 4.38153 2.40877 85.1037
      vertex 4.38153 2.40877 106.896
    endloop
  endfacet
  facet normal -0.844328 -0.535827 0
    outer loop
      vertex 4.38153 2.40877 115.104
      vertex 4.04508 2.93893 136.56
      vertex 4.04508 2.93893 115.44
    endloop
  endfacet
  facet normal -0.844328 -0.535827 0
    outer loop
      vertex 4.04508 2.93893 136.56
      vertex 4.38153 2.40877 115.104
      vertex 4.38153 2.40877 136.896
    endloop
  endfacet
  facet normal -0.844328 -0.535827 0
    outer loop
      vertex 4.38153 2.40877 145.104
      vertex 4.04508 2.93893 166.56
      vertex 4.04508 2.93893 145.44
    endloop
  endfacet
  facet normal -0.844328 -0.535827 0
    outer loop
      vertex 4.04508 2.93893 166.56
      vertex 4.38153 2.40877 145.104
      vertex 4.38153 2.40877 166.896
    endloop
  endfacet
  facet normal 0.770515 -0.637422 0
    outer loop
      vertex -4.04508 2.93893 0
      vertex -3.64484 3.42274 46.1596
      vertex -4.04508 2.93893 46.5598
    endloop
  endfacet
  facet normal 0.770515 -0.637422 0
    outer loop
      vertex -3.64484 3.42274 46.1596
      vertex -4.04508 2.93893 0
      vertex -3.64484 3.42274 0
    endloop
  endfacet
  facet normal 0.770515 -0.637422 0
    outer loop
      vertex -4.04508 2.93893 228
      vertex -3.64484 3.42274 175.84
      vertex -3.64484 3.42274 228
    endloop
  endfacet
  facet normal 0.770515 -0.637422 0
    outer loop
      vertex -3.64484 3.42274 175.84
      vertex -4.04508 2.93893 228
      vertex -4.04508 2.93893 175.44
    endloop
  endfacet
  facet normal 0.770515 -0.637422 0
    outer loop
      vertex -4.04508 2.93893 76.5598
      vertex -3.64484 3.42274 55.8404
      vertex -3.64484 3.42274 76.1596
    endloop
  endfacet
  facet normal 0.770515 -0.637422 0
    outer loop
      vertex -3.64484 3.42274 55.8404
      vertex -4.04508 2.93893 76.5598
      vertex -4.04508 2.93893 55.4402
    endloop
  endfacet
  facet normal 0.770515 -0.637422 0
    outer loop
      vertex -4.04508 2.93893 106.56
      vertex -3.64484 3.42274 85.8404
      vertex -3.64484 3.42274 106.16
    endloop
  endfacet
  facet normal 0.770515 -0.637422 0
    outer loop
      vertex -3.64484 3.42274 85.8404
      vertex -4.04508 2.93893 106.56
      vertex -4.04508 2.93893 85.4402
    endloop
  endfacet
  facet normal 0.770515 -0.637422 0
    outer loop
      vertex -4.04508 2.93893 136.56
      vertex -3.64484 3.42274 115.84
      vertex -3.64484 3.42274 136.16
    endloop
  endfacet
  facet normal 0.770515 -0.637422 0
    outer loop
      vertex -3.64484 3.42274 115.84
      vertex -4.04508 2.93893 136.56
      vertex -4.04508 2.93893 115.44
    endloop
  endfacet
  facet normal 0.770515 -0.637422 0
    outer loop
      vertex -4.04508 2.93893 166.56
      vertex -3.64484 3.42274 145.84
      vertex -3.64484 3.42274 166.16
    endloop
  endfacet
  facet normal 0.770515 -0.637422 0
    outer loop
      vertex -3.64484 3.42274 145.84
      vertex -4.04508 2.93893 166.56
      vertex -4.04508 2.93893 145.44
    endloop
  endfacet
  facet normal 0.98229 -0.187369 0
    outer loop
      vertex -4.96057 0.626666 0
      vertex -4.84292 1.24345 47.3576
      vertex -4.96057 0.626666 47.4753
    endloop
  endfacet
  facet normal 0.98229 -0.187369 0
    outer loop
      vertex -4.84292 1.24345 47.3576
      vertex -4.96057 0.626666 0
      vertex -4.84292 1.24345 0
    endloop
  endfacet
  facet normal 0.982405 -0.186765 0
    outer loop
      vertex -4.84292 1.24345 228
      vertex -4.84465 1.23435 220.199
      vertex -4.84292 1.24345 220.191
    endloop
  endfacet
  facet normal 0.982285 -0.187395 7.62227e-07
    outer loop
      vertex -4.84292 1.24345 228
      vertex -4.88713 1.01168 220.34
      vertex -4.84465 1.23435 220.199
    endloop
  endfacet
  facet normal 0.982287 -0.187385 4.36786e-07
    outer loop
      vertex -4.84292 1.24345 228
      vertex -4.93265 0.773061 220.453
      vertex -4.88713 1.01168 220.34
    endloop
  endfacet
  facet normal 0.98229 -0.187369 0
    outer loop
      vertex -4.96057 0.626666 220.5
      vertex -4.84292 1.24345 228
      vertex -4.96057 0.626666 228
    endloop
  endfacet
  facet normal 0.982295 -0.187341 -2.40788e-06
    outer loop
      vertex -4.84292 1.24345 228
      vertex -4.96057 0.626666 220.5
      vertex -4.93265 0.773061 220.453
    endloop
  endfacet
  facet normal 0.982405 -0.186765 0
    outer loop
      vertex -4.84465 1.23435 216.801
      vertex -4.84292 1.24345 174.642
      vertex -4.84292 1.24345 216.809
    endloop
  endfacet
  facet normal 0.982284 -0.187396 -1.41126e-07
    outer loop
      vertex -4.88713 1.01168 216.66
      vertex -4.84292 1.24345 174.642
      vertex -4.84465 1.23435 216.801
    endloop
  endfacet
  facet normal 0.982287 -0.187385 -8.05579e-08
    outer loop
      vertex -4.93265 0.773061 216.547
      vertex -4.84292 1.24345 174.642
      vertex -4.88713 1.01168 216.66
    endloop
  endfacet
  facet normal 0.982295 -0.18734 4.40743e-07
    outer loop
      vertex -4.96057 0.626666 216.5
      vertex -4.84292 1.24345 174.642
      vertex -4.93265 0.773061 216.547
    endloop
  endfacet
  facet normal 0.98229 -0.187369 0
    outer loop
      vertex -4.84292 1.24345 174.642
      vertex -4.96057 0.626666 216.5
      vertex -4.96057 0.626666 174.525
    endloop
  endfacet
  facet normal 0.98229 -0.187369 0
    outer loop
      vertex -4.96057 0.626666 77.4753
      vertex -4.84292 1.24345 54.6424
      vertex -4.84292 1.24345 77.3576
    endloop
  endfacet
  facet normal 0.98229 -0.187369 0
    outer loop
      vertex -4.84292 1.24345 54.6424
      vertex -4.96057 0.626666 77.4753
      vertex -4.96057 0.626666 54.5247
    endloop
  endfacet
  facet normal 0.98229 -0.187369 0
    outer loop
      vertex -4.96057 0.626666 107.475
      vertex -4.84292 1.24345 84.6424
      vertex -4.84292 1.24345 107.358
    endloop
  endfacet
  facet normal 0.98229 -0.187369 0
    outer loop
      vertex -4.84292 1.24345 84.6424
      vertex -4.96057 0.626666 107.475
      vertex -4.96057 0.626666 84.5247
    endloop
  endfacet
  facet normal 0.98229 -0.187369 0
    outer loop
      vertex -4.96057 0.626666 137.475
      vertex -4.84292 1.24345 114.642
      vertex -4.84292 1.24345 137.358
    endloop
  endfacet
  facet normal 0.98229 -0.187369 0
    outer loop
      vertex -4.84292 1.24345 114.642
      vertex -4.96057 0.626666 137.475
      vertex -4.96057 0.626666 114.525
    endloop
  endfacet
  facet normal 0.98229 -0.187369 0
    outer loop
      vertex -4.96057 0.626666 167.475
      vertex -4.84292 1.24345 144.642
      vertex -4.84292 1.24345 167.358
    endloop
  endfacet
  facet normal 0.98229 -0.187369 0
    outer loop
      vertex -4.84292 1.24345 144.642
      vertex -4.96057 0.626666 167.475
      vertex -4.96057 0.626666 144.525
    endloop
  endfacet
  facet normal 0.125322 0.992116 0
    outer loop
      vertex -0.936906 -4.91144 0
      vertex -0.313952 -4.99013 14.1271
      vertex -0.313952 -4.99013 0
    endloop
  endfacet
  facet normal 0.125342 0.992114 -9.26714e-07
    outer loop
      vertex -0.313952 -4.99013 14.1271
      vertex -0.936906 -4.91144 0
      vertex -0.3935 -4.98008 14.1372
    endloop
  endfacet
  facet normal 0.125337 0.992114 -7.21813e-07
    outer loop
      vertex -0.3935 -4.98008 14.1372
      vertex -0.936906 -4.91144 0
      vertex -0.648935 -4.94781 14.2028
    endloop
  endfacet
  facet normal 0.125309 0.992118 -1.41731e-07
    outer loop
      vertex -0.648935 -4.94781 14.2028
      vertex -0.936906 -4.91144 0
      vertex -0.894136 -4.91684 14.2999
    endloop
  endfacet
  facet normal 0.125262 0.992124 0
    outer loop
      vertex -0.894136 -4.91684 14.2999
      vertex -0.936906 -4.91144 0
      vertex -0.936906 -4.91144 14.3234
    endloop
  endfacet
  facet normal 0.125322 0.992116 -0
    outer loop
      vertex -0.313952 -4.99013 179.171
      vertex -0.936906 -4.91144 228
      vertex -0.313952 -4.99013 228
    endloop
  endfacet
  facet normal 0.125322 0.992116 0
    outer loop
      vertex -0.936906 -4.91144 228
      vertex -0.313952 -4.99013 179.171
      vertex -0.936906 -4.91144 178.548
    endloop
  endfacet
  facet normal 0.125342 0.992114 0
    outer loop
      vertex -0.3935 -4.98008 18.2628
      vertex -0.313952 -4.99013 42.8287
      vertex -0.313952 -4.99013 18.2729
    endloop
  endfacet
  facet normal 0.125337 0.992114 1.70564e-08
    outer loop
      vertex -0.648935 -4.94781 18.1972
      vertex -0.313952 -4.99013 42.8287
      vertex -0.3935 -4.98008 18.2628
    endloop
  endfacet
  facet normal 0.125309 0.992118 4.10052e-07
    outer loop
      vertex -0.894136 -4.91684 18.1001
      vertex -0.313952 -4.99013 42.8287
      vertex -0.648935 -4.94781 18.1972
    endloop
  endfacet
  facet normal 0.125261 0.992124 1.53921e-06
    outer loop
      vertex -0.936906 -4.91144 18.0766
      vertex -0.313952 -4.99013 42.8287
      vertex -0.894136 -4.91684 18.1001
    endloop
  endfacet
  facet normal 0.125322 0.992116 0
    outer loop
      vertex -0.313952 -4.99013 42.8287
      vertex -0.936906 -4.91144 18.0766
      vertex -0.936906 -4.91144 43.4516
    endloop
  endfacet
  facet normal 0.125322 0.992116 -0
    outer loop
      vertex -0.313952 -4.99013 59.1713
      vertex -0.936906 -4.91144 73.4516
      vertex -0.313952 -4.99013 72.8287
    endloop
  endfacet
  facet normal 0.125322 0.992116 0
    outer loop
      vertex -0.936906 -4.91144 73.4516
      vertex -0.313952 -4.99013 59.1713
      vertex -0.936906 -4.91144 58.5484
    endloop
  endfacet
  facet normal 0.125322 0.992116 -0
    outer loop
      vertex -0.313952 -4.99013 89.1713
      vertex -0.936906 -4.91144 103.452
      vertex -0.313952 -4.99013 102.829
    endloop
  endfacet
  facet normal 0.125322 0.992116 0
    outer loop
      vertex -0.936906 -4.91144 103.452
      vertex -0.313952 -4.99013 89.1713
      vertex -0.936906 -4.91144 88.5484
    endloop
  endfacet
  facet normal 0.125322 0.992116 -0
    outer loop
      vertex -0.313952 -4.99013 119.171
      vertex -0.936906 -4.91144 133.452
      vertex -0.313952 -4.99013 132.829
    endloop
  endfacet
  facet normal 0.125322 0.992116 0
    outer loop
      vertex -0.936906 -4.91144 133.452
      vertex -0.313952 -4.99013 119.171
      vertex -0.936906 -4.91144 118.548
    endloop
  endfacet
  facet normal 0.125322 0.992116 -0
    outer loop
      vertex -0.313952 -4.99013 149.171
      vertex -0.936906 -4.91144 163.452
      vertex -0.313952 -4.99013 162.829
    endloop
  endfacet
  facet normal 0.125322 0.992116 0
    outer loop
      vertex -0.936906 -4.91144 163.452
      vertex -0.313952 -4.99013 149.171
      vertex -0.936906 -4.91144 148.548
    endloop
  endfacet
  facet normal -0.951053 -0.309028 0
    outer loop
      vertex 4.84292 1.24345 0
      vertex 4.64888 1.84062 47.1636
      vertex 4.64888 1.84062 0
    endloop
  endfacet
  facet normal -0.951053 -0.309028 0
    outer loop
      vertex 4.64888 1.84062 47.1636
      vertex 4.84292 1.24345 0
      vertex 4.84292 1.24345 47.3576
    endloop
  endfacet
  facet normal -0.951023 -0.309121 0
    outer loop
      vertex 4.67083 1.77309 219.625
      vertex 4.64888 1.84062 228
      vertex 4.64888 1.84062 219.502
    endloop
  endfacet
  facet normal -0.951066 -0.308986 -1.20178e-06
    outer loop
      vertex 4.72119 1.61808 219.839
      vertex 4.64888 1.84062 228
      vertex 4.67083 1.77309 219.625
    endloop
  endfacet
  facet normal -0.951053 -0.309028 4.52305e-08
    outer loop
      vertex 4.77985 1.43755 220.031
      vertex 4.64888 1.84062 228
      vertex 4.72119 1.61808 219.839
    endloop
  endfacet
  facet normal -0.951052 -0.309031 2.05347e-07
    outer loop
      vertex 4.84292 1.24345 220.191
      vertex 4.64888 1.84062 228
      vertex 4.77985 1.43755 220.031
    endloop
  endfacet
  facet normal -0.951053 -0.309028 0
    outer loop
      vertex 4.64888 1.84062 228
      vertex 4.84292 1.24345 220.191
      vertex 4.84292 1.24345 228
    endloop
  endfacet
  facet normal -0.951023 -0.309121 0
    outer loop
      vertex 4.64888 1.84062 174.836
      vertex 4.67083 1.77309 217.375
      vertex 4.64888 1.84062 217.498
    endloop
  endfacet
  facet normal -0.951067 -0.308985 2.38716e-07
    outer loop
      vertex 4.64888 1.84062 174.836
      vertex 4.72119 1.61808 217.161
      vertex 4.67083 1.77309 217.375
    endloop
  endfacet
  facet normal -0.951053 -0.309028 -8.92425e-09
    outer loop
      vertex 4.64888 1.84062 174.836
      vertex 4.77985 1.43755 216.969
      vertex 4.72119 1.61808 217.161
    endloop
  endfacet
  facet normal -0.951053 -0.309028 -0
    outer loop
      vertex 4.84292 1.24345 216.809
      vertex 4.64888 1.84062 174.836
      vertex 4.84292 1.24345 174.642
    endloop
  endfacet
  facet normal -0.951052 -0.309031 -4.0142e-08
    outer loop
      vertex 4.64888 1.84062 174.836
      vertex 4.84292 1.24345 216.809
      vertex 4.77985 1.43755 216.969
    endloop
  endfacet
  facet normal -0.951053 -0.309028 0
    outer loop
      vertex 4.84292 1.24345 54.6424
      vertex 4.64888 1.84062 77.1636
      vertex 4.64888 1.84062 54.8364
    endloop
  endfacet
  facet normal -0.951053 -0.309028 0
    outer loop
      vertex 4.64888 1.84062 77.1636
      vertex 4.84292 1.24345 54.6424
      vertex 4.84292 1.24345 77.3576
    endloop
  endfacet
  facet normal -0.951053 -0.309028 0
    outer loop
      vertex 4.84292 1.24345 84.6424
      vertex 4.64888 1.84062 107.164
      vertex 4.64888 1.84062 84.8364
    endloop
  endfacet
  facet normal -0.951053 -0.309028 0
    outer loop
      vertex 4.64888 1.84062 107.164
      vertex 4.84292 1.24345 84.6424
      vertex 4.84292 1.24345 107.358
    endloop
  endfacet
  facet normal -0.951053 -0.309028 0
    outer loop
      vertex 4.84292 1.24345 114.642
      vertex 4.64888 1.84062 137.164
      vertex 4.64888 1.84062 114.836
    endloop
  endfacet
  facet normal -0.951053 -0.309028 0
    outer loop
      vertex 4.64888 1.84062 137.164
      vertex 4.84292 1.24345 114.642
      vertex 4.84292 1.24345 137.358
    endloop
  endfacet
  facet normal -0.951053 -0.309028 0
    outer loop
      vertex 4.84292 1.24345 144.642
      vertex 4.64888 1.84062 167.164
      vertex 4.64888 1.84062 144.836
    endloop
  endfacet
  facet normal -0.951053 -0.309028 0
    outer loop
      vertex 4.64888 1.84062 167.164
      vertex 4.84292 1.24345 144.642
      vertex 4.84292 1.24345 167.358
    endloop
  endfacet
  facet normal -0.481752 -0.876308 0
    outer loop
      vertex 2.67913 4.22164 0
      vertex 2.1289 4.52413 44.6436
      vertex 2.1289 4.52413 0
    endloop
  endfacet
  facet normal -0.481752 -0.876308 0
    outer loop
      vertex 2.1289 4.52413 44.6436
      vertex 2.67913 4.22164 0
      vertex 2.67913 4.22164 45.1939
    endloop
  endfacet
  facet normal -0.481752 -0.876308 0
    outer loop
      vertex 2.1289 4.52413 177.356
      vertex 2.67913 4.22164 228
      vertex 2.1289 4.52413 228
    endloop
  endfacet
  facet normal -0.481752 -0.876308 -0
    outer loop
      vertex 2.67913 4.22164 228
      vertex 2.1289 4.52413 177.356
      vertex 2.67913 4.22164 176.806
    endloop
  endfacet
  facet normal -0.481752 -0.876308 0
    outer loop
      vertex 2.1289 4.52413 57.3564
      vertex 2.67913 4.22164 75.1939
      vertex 2.1289 4.52413 74.6436
    endloop
  endfacet
  facet normal -0.481752 -0.876308 -0
    outer loop
      vertex 2.67913 4.22164 75.1939
      vertex 2.1289 4.52413 57.3564
      vertex 2.67913 4.22164 56.8061
    endloop
  endfacet
  facet normal -0.481752 -0.876308 0
    outer loop
      vertex 2.1289 4.52413 87.3564
      vertex 2.67913 4.22164 105.194
      vertex 2.1289 4.52413 104.644
    endloop
  endfacet
  facet normal -0.481752 -0.876308 -0
    outer loop
      vertex 2.67913 4.22164 105.194
      vertex 2.1289 4.52413 87.3564
      vertex 2.67913 4.22164 86.8061
    endloop
  endfacet
  facet normal -0.481752 -0.876308 0
    outer loop
      vertex 2.1289 4.52413 117.356
      vertex 2.67913 4.22164 135.194
      vertex 2.1289 4.52413 134.644
    endloop
  endfacet
  facet normal -0.481752 -0.876308 -0
    outer loop
      vertex 2.67913 4.22164 135.194
      vertex 2.1289 4.52413 117.356
      vertex 2.67913 4.22164 116.806
    endloop
  endfacet
  facet normal -0.481752 -0.876308 0
    outer loop
      vertex 2.1289 4.52413 147.356
      vertex 2.67913 4.22164 165.194
      vertex 2.1289 4.52413 164.644
    endloop
  endfacet
  facet normal -0.481752 -0.876308 -0
    outer loop
      vertex 2.67913 4.22164 165.194
      vertex 2.1289 4.52413 147.356
      vertex 2.67913 4.22164 146.806
    endloop
  endfacet
  facet normal 0 -1 -0
    outer loop
      vertex -0.13186 4.99013 14.1041
      vertex -0.313952 4.99013 0
      vertex 0.13186 4.99013 14.1041
    endloop
  endfacet
  facet normal 0 -1 0
    outer loop
      vertex -0.313952 4.99013 0
      vertex -0.13186 4.99013 14.1041
      vertex -0.313952 4.99013 14.1271
    endloop
  endfacet
  facet normal 0 -1 0
    outer loop
      vertex 0.313952 4.99013 0
      vertex 0.13186 4.99013 14.1041
      vertex -0.313952 4.99013 0
    endloop
  endfacet
  facet normal 0 -1 0
    outer loop
      vertex 0.13186 4.99013 14.1041
      vertex 0.313952 4.99013 0
      vertex 0.313952 4.99013 14.1271
    endloop
  endfacet
  facet normal 0 -1 0
    outer loop
      vertex -0.313952 4.99013 228
      vertex 0 4.99013 179.485
      vertex 0.313952 4.99013 228
    endloop
  endfacet
  facet normal -0 -1 0
    outer loop
      vertex 0 4.99013 179.485
      vertex -0.313952 4.99013 228
      vertex -0.313952 4.99013 179.171
    endloop
  endfacet
  facet normal 0 -1 -0
    outer loop
      vertex 0.313952 4.99013 228
      vertex 0 4.99013 179.485
      vertex 0.313952 4.99013 179.171
    endloop
  endfacet
  facet normal 0 -1 0
    outer loop
      vertex -0.313952 4.99013 18.2729
      vertex 0 4.99013 42.5147
      vertex -0.313952 4.99013 42.8287
    endloop
  endfacet
  facet normal 0 -1 0
    outer loop
      vertex 0 4.99013 42.5147
      vertex -0.313952 4.99013 18.2729
      vertex -0.13186 4.99013 18.2959
    endloop
  endfacet
  facet normal 0 -1 0
    outer loop
      vertex 0.13186 4.99013 18.2959
      vertex 0 4.99013 42.5147
      vertex -0.13186 4.99013 18.2959
    endloop
  endfacet
  facet normal 0 -1 0
    outer loop
      vertex 0.313952 4.99013 18.2729
      vertex 0 4.99013 42.5147
      vertex 0.13186 4.99013 18.2959
    endloop
  endfacet
  facet normal 0 -1 0
    outer loop
      vertex 0 4.99013 42.5147
      vertex 0.313952 4.99013 18.2729
      vertex 0.313952 4.99013 42.8287
    endloop
  endfacet
  facet normal 0 -1 0
    outer loop
      vertex -0.313952 4.99013 72.8287
      vertex 0 4.99013 59.4853
      vertex 0 4.99013 72.5147
    endloop
  endfacet
  facet normal -0 -1 0
    outer loop
      vertex 0 4.99013 59.4853
      vertex -0.313952 4.99013 72.8287
      vertex -0.313952 4.99013 59.1713
    endloop
  endfacet
  facet normal 0 -1 0
    outer loop
      vertex 0 4.99013 59.4853
      vertex 0.313952 4.99013 72.8287
      vertex 0 4.99013 72.5147
    endloop
  endfacet
  facet normal 0 -1 -0
    outer loop
      vertex 0.313952 4.99013 72.8287
      vertex 0 4.99013 59.4853
      vertex 0.313952 4.99013 59.1713
    endloop
  endfacet
  facet normal 0 -1 0
    outer loop
      vertex -0.313952 4.99013 102.829
      vertex 0 4.99013 89.4853
      vertex 0 4.99013 102.515
    endloop
  endfacet
  facet normal -0 -1 0
    outer loop
      vertex 0 4.99013 89.4853
      vertex -0.313952 4.99013 102.829
      vertex -0.313952 4.99013 89.1713
    endloop
  endfacet
  facet normal 0 -1 0
    outer loop
      vertex 0 4.99013 89.4853
      vertex 0.313952 4.99013 102.829
      vertex 0 4.99013 102.515
    endloop
  endfacet
  facet normal 0 -1 -0
    outer loop
      vertex 0.313952 4.99013 102.829
      vertex 0 4.99013 89.4853
      vertex 0.313952 4.99013 89.1713
    endloop
  endfacet
  facet normal 0 -1 0
    outer loop
      vertex -0.313952 4.99013 132.829
      vertex 0 4.99013 119.485
      vertex 0 4.99013 132.515
    endloop
  endfacet
  facet normal -0 -1 0
    outer loop
      vertex 0 4.99013 119.485
      vertex -0.313952 4.99013 132.829
      vertex -0.313952 4.99013 119.171
    endloop
  endfacet
  facet normal 0 -1 0
    outer loop
      vertex 0 4.99013 119.485
      vertex 0.313952 4.99013 132.829
      vertex 0 4.99013 132.515
    endloop
  endfacet
  facet normal 0 -1 -0
    outer loop
      vertex 0.313952 4.99013 132.829
      vertex 0 4.99013 119.485
      vertex 0.313952 4.99013 119.171
    endloop
  endfacet
  facet normal 0 -1 0
    outer loop
      vertex -0.313952 4.99013 162.829
      vertex 0 4.99013 149.485
      vertex 0 4.99013 162.515
    endloop
  endfacet
  facet normal -0 -1 0
    outer loop
      vertex 0 4.99013 149.485
      vertex -0.313952 4.99013 162.829
      vertex -0.313952 4.99013 149.171
    endloop
  endfacet
  facet normal 0 -1 0
    outer loop
      vertex 0 4.99013 149.485
      vertex 0.313952 4.99013 162.829
      vertex 0 4.99013 162.515
    endloop
  endfacet
  facet normal 0 -1 -0
    outer loop
      vertex 0.313952 4.99013 162.829
      vertex 0 4.99013 149.485
      vertex 0.313952 4.99013 149.171
    endloop
  endfacet
  facet normal -0.248701 -0.96858 0
    outer loop
      vertex 1.54508 4.75528 0
      vertex 0.936906 4.91144 14.3234
      vertex 0.936906 4.91144 0
    endloop
  endfacet
  facet normal -0.248709 -0.968578 -3.70936e-07
    outer loop
      vertex 0.936906 4.91144 14.3234
      vertex 1.54508 4.75528 0
      vertex 1.12524 4.86308 14.4269
    endloop
  endfacet
  facet normal -0.248694 -0.968582 9.08473e-08
    outer loop
      vertex 1.12524 4.86308 14.4269
      vertex 1.54508 4.75528 0
      vertex 1.33859 4.8083 14.5819
    endloop
  endfacet
  facet normal -0.248695 -0.968582 7.44718e-08
    outer loop
      vertex 1.33859 4.8083 14.5819
      vertex 1.54508 4.75528 0
      vertex 1.53083 4.75894 14.7625
    endloop
  endfacet
  facet normal -0.248768 -0.968563 0
    outer loop
      vertex 1.53083 4.75894 14.7625
      vertex 1.54508 4.75528 0
      vertex 1.54508 4.75528 14.7797
    endloop
  endfacet
  facet normal -0.248701 -0.96858 0
    outer loop
      vertex 0.936906 4.91144 178.548
      vertex 1.54508 4.75528 228
      vertex 0.936906 4.91144 228
    endloop
  endfacet
  facet normal -0.248701 -0.96858 -0
    outer loop
      vertex 1.54508 4.75528 228
      vertex 0.936906 4.91144 178.548
      vertex 1.54508 4.75528 177.94
    endloop
  endfacet
  facet normal -0.248709 -0.968578 0
    outer loop
      vertex 1.12524 4.86308 17.9731
      vertex 0.936906 4.91144 43.4516
      vertex 0.936906 4.91144 18.0766
    endloop
  endfacet
  facet normal -0.248694 -0.968582 1.19935e-07
    outer loop
      vertex 1.33859 4.8083 17.8181
      vertex 0.936906 4.91144 43.4516
      vertex 1.12524 4.86308 17.9731
    endloop
  endfacet
  facet normal -0.248695 -0.968582 1.02012e-07
    outer loop
      vertex 1.53083 4.75894 17.6375
      vertex 0.936906 4.91144 43.4516
      vertex 1.33859 4.8083 17.8181
    endloop
  endfacet
  facet normal -0.248701 -0.96858 -3.84062e-08
    outer loop
      vertex 0.936906 4.91144 43.4516
      vertex 1.53083 4.75894 17.6375
      vertex 1.54508 4.75528 44.0598
    endloop
  endfacet
  facet normal -0.248768 -0.968563 -0
    outer loop
      vertex 1.54508 4.75528 44.0598
      vertex 1.53083 4.75894 17.6375
      vertex 1.54508 4.75528 17.6203
    endloop
  endfacet
  facet normal -0.248701 -0.96858 0
    outer loop
      vertex 0.936906 4.91144 58.5484
      vertex 1.54508 4.75528 74.0598
      vertex 0.936906 4.91144 73.4516
    endloop
  endfacet
  facet normal -0.248701 -0.96858 -0
    outer loop
      vertex 1.54508 4.75528 74.0598
      vertex 0.936906 4.91144 58.5484
      vertex 1.54508 4.75528 57.9402
    endloop
  endfacet
  facet normal -0.248701 -0.96858 0
    outer loop
      vertex 0.936906 4.91144 88.5484
      vertex 1.54508 4.75528 104.06
      vertex 0.936906 4.91144 103.452
    endloop
  endfacet
  facet normal -0.248701 -0.96858 -0
    outer loop
      vertex 1.54508 4.75528 104.06
      vertex 0.936906 4.91144 88.5484
      vertex 1.54508 4.75528 87.9402
    endloop
  endfacet
  facet normal -0.248701 -0.96858 0
    outer loop
      vertex 0.936906 4.91144 118.548
      vertex 1.54508 4.75528 134.06
      vertex 0.936906 4.91144 133.452
    endloop
  endfacet
  facet normal -0.248701 -0.96858 -0
    outer loop
      vertex 1.54508 4.75528 134.06
      vertex 0.936906 4.91144 118.548
      vertex 1.54508 4.75528 117.94
    endloop
  endfacet
  facet normal -0.248701 -0.96858 0
    outer loop
      vertex 0.936906 4.91144 148.548
      vertex 1.54508 4.75528 164.06
      vertex 0.936906 4.91144 163.452
    endloop
  endfacet
  facet normal -0.248701 -0.96858 -0
    outer loop
      vertex 1.54508 4.75528 164.06
      vertex 0.936906 4.91144 148.548
      vertex 1.54508 4.75528 147.94
    endloop
  endfacet
  facet normal -0.125322 -0.992116 0
    outer loop
      vertex 0.936906 4.91144 0
      vertex 0.313952 4.99013 14.1271
      vertex 0.313952 4.99013 0
    endloop
  endfacet
  facet normal -0.125342 -0.992114 -9.26714e-07
    outer loop
      vertex 0.313952 4.99013 14.1271
      vertex 0.936906 4.91144 0
      vertex 0.3935 4.98008 14.1372
    endloop
  endfacet
  facet normal -0.125337 -0.992114 -7.21813e-07
    outer loop
      vertex 0.3935 4.98008 14.1372
      vertex 0.936906 4.91144 0
      vertex 0.648935 4.94781 14.2028
    endloop
  endfacet
  facet normal -0.125309 -0.992118 -1.41731e-07
    outer loop
      vertex 0.648935 4.94781 14.2028
      vertex 0.936906 4.91144 0
      vertex 0.894136 4.91684 14.2999
    endloop
  endfacet
  facet normal -0.125262 -0.992124 0
    outer loop
      vertex 0.894136 4.91684 14.2999
      vertex 0.936906 4.91144 0
      vertex 0.936906 4.91144 14.3234
    endloop
  endfacet
  facet normal -0.125322 -0.992116 0
    outer loop
      vertex 0.313952 4.99013 179.171
      vertex 0.936906 4.91144 228
      vertex 0.313952 4.99013 228
    endloop
  endfacet
  facet normal -0.125322 -0.992116 -0
    outer loop
      vertex 0.936906 4.91144 228
      vertex 0.313952 4.99013 179.171
      vertex 0.936906 4.91144 178.548
    endloop
  endfacet
  facet normal -0.125342 -0.992114 0
    outer loop
      vertex 0.3935 4.98008 18.2628
      vertex 0.313952 4.99013 42.8287
      vertex 0.313952 4.99013 18.2729
    endloop
  endfacet
  facet normal -0.125337 -0.992114 1.70564e-08
    outer loop
      vertex 0.648935 4.94781 18.1972
      vertex 0.313952 4.99013 42.8287
      vertex 0.3935 4.98008 18.2628
    endloop
  endfacet
  facet normal -0.125309 -0.992118 4.10052e-07
    outer loop
      vertex 0.894136 4.91684 18.1001
      vertex 0.313952 4.99013 42.8287
      vertex 0.648935 4.94781 18.1972
    endloop
  endfacet
  facet normal -0.125261 -0.992124 1.53921e-06
    outer loop
      vertex 0.936906 4.91144 18.0766
      vertex 0.313952 4.99013 42.8287
      vertex 0.894136 4.91684 18.1001
    endloop
  endfacet
  facet normal -0.125322 -0.992116 0
    outer loop
      vertex 0.313952 4.99013 42.8287
      vertex 0.936906 4.91144 18.0766
      vertex 0.936906 4.91144 43.4516
    endloop
  endfacet
  facet normal -0.125322 -0.992116 0
    outer loop
      vertex 0.313952 4.99013 59.1713
      vertex 0.936906 4.91144 73.4516
      vertex 0.313952 4.99013 72.8287
    endloop
  endfacet
  facet normal -0.125322 -0.992116 -0
    outer loop
      vertex 0.936906 4.91144 73.4516
      vertex 0.313952 4.99013 59.1713
      vertex 0.936906 4.91144 58.5484
    endloop
  endfacet
  facet normal -0.125322 -0.992116 0
    outer loop
      vertex 0.313952 4.99013 89.1713
      vertex 0.936906 4.91144 103.452
      vertex 0.313952 4.99013 102.829
    endloop
  endfacet
  facet normal -0.125322 -0.992116 -0
    outer loop
      vertex 0.936906 4.91144 103.452
      vertex 0.313952 4.99013 89.1713
      vertex 0.936906 4.91144 88.5484
    endloop
  endfacet
  facet normal -0.125322 -0.992116 0
    outer loop
      vertex 0.313952 4.99013 119.171
      vertex 0.936906 4.91144 133.452
      vertex 0.313952 4.99013 132.829
    endloop
  endfacet
  facet normal -0.125322 -0.992116 -0
    outer loop
      vertex 0.936906 4.91144 133.452
      vertex 0.313952 4.99013 119.171
      vertex 0.936906 4.91144 118.548
    endloop
  endfacet
  facet normal -0.125322 -0.992116 0
    outer loop
      vertex 0.313952 4.99013 149.171
      vertex 0.936906 4.91144 163.452
      vertex 0.313952 4.99013 162.829
    endloop
  endfacet
  facet normal -0.125322 -0.992116 -0
    outer loop
      vertex 0.936906 4.91144 163.452
      vertex 0.313952 4.99013 149.171
      vertex 0.936906 4.91144 148.548
    endloop
  endfacet
  facet normal 0.951053 -0.309028 0
    outer loop
      vertex -4.84292 1.24345 0
      vertex -4.64888 1.84062 47.1636
      vertex -4.84292 1.24345 47.3576
    endloop
  endfacet
  facet normal 0.951053 -0.309028 0
    outer loop
      vertex -4.64888 1.84062 47.1636
      vertex -4.84292 1.24345 0
      vertex -4.64888 1.84062 0
    endloop
  endfacet
  facet normal 0.951023 -0.309121 0
    outer loop
      vertex -4.64888 1.84062 228
      vertex -4.67083 1.77309 219.625
      vertex -4.64888 1.84062 219.502
    endloop
  endfacet
  facet normal 0.951066 -0.308986 -1.20178e-06
    outer loop
      vertex -4.64888 1.84062 228
      vertex -4.72119 1.61808 219.839
      vertex -4.67083 1.77309 219.625
    endloop
  endfacet
  facet normal 0.951053 -0.309028 4.52305e-08
    outer loop
      vertex -4.64888 1.84062 228
      vertex -4.77985 1.43755 220.031
      vertex -4.72119 1.61808 219.839
    endloop
  endfacet
  facet normal 0.951053 -0.309028 0
    outer loop
      vertex -4.84292 1.24345 220.191
      vertex -4.64888 1.84062 228
      vertex -4.84292 1.24345 228
    endloop
  endfacet
  facet normal 0.951052 -0.309031 2.05347e-07
    outer loop
      vertex -4.64888 1.84062 228
      vertex -4.84292 1.24345 220.191
      vertex -4.77985 1.43755 220.031
    endloop
  endfacet
  facet normal 0.951023 -0.309121 0
    outer loop
      vertex -4.67083 1.77309 217.375
      vertex -4.64888 1.84062 174.836
      vertex -4.64888 1.84062 217.498
    endloop
  endfacet
  facet normal 0.951067 -0.308985 2.38716e-07
    outer loop
      vertex -4.72119 1.61808 217.161
      vertex -4.64888 1.84062 174.836
      vertex -4.67083 1.77309 217.375
    endloop
  endfacet
  facet normal 0.951053 -0.309028 -8.92425e-09
    outer loop
      vertex -4.77985 1.43755 216.969
      vertex -4.64888 1.84062 174.836
      vertex -4.72119 1.61808 217.161
    endloop
  endfacet
  facet normal 0.951052 -0.309031 -4.0142e-08
    outer loop
      vertex -4.84292 1.24345 216.809
      vertex -4.64888 1.84062 174.836
      vertex -4.77985 1.43755 216.969
    endloop
  endfacet
  facet normal 0.951053 -0.309028 0
    outer loop
      vertex -4.64888 1.84062 174.836
      vertex -4.84292 1.24345 216.809
      vertex -4.84292 1.24345 174.642
    endloop
  endfacet
  facet normal 0.951053 -0.309028 0
    outer loop
      vertex -4.84292 1.24345 77.3576
      vertex -4.64888 1.84062 54.8364
      vertex -4.64888 1.84062 77.1636
    endloop
  endfacet
  facet normal 0.951053 -0.309028 0
    outer loop
      vertex -4.64888 1.84062 54.8364
      vertex -4.84292 1.24345 77.3576
      vertex -4.84292 1.24345 54.6424
    endloop
  endfacet
  facet normal 0.951053 -0.309028 0
    outer loop
      vertex -4.84292 1.24345 107.358
      vertex -4.64888 1.84062 84.8364
      vertex -4.64888 1.84062 107.164
    endloop
  endfacet
  facet normal 0.951053 -0.309028 0
    outer loop
      vertex -4.64888 1.84062 84.8364
      vertex -4.84292 1.24345 107.358
      vertex -4.84292 1.24345 84.6424
    endloop
  endfacet
  facet normal 0.951053 -0.309028 0
    outer loop
      vertex -4.84292 1.24345 137.358
      vertex -4.64888 1.84062 114.836
      vertex -4.64888 1.84062 137.164
    endloop
  endfacet
  facet normal 0.951053 -0.309028 0
    outer loop
      vertex -4.64888 1.84062 114.836
      vertex -4.84292 1.24345 137.358
      vertex -4.84292 1.24345 114.642
    endloop
  endfacet
  facet normal 0.951053 -0.309028 0
    outer loop
      vertex -4.84292 1.24345 167.358
      vertex -4.64888 1.84062 144.836
      vertex -4.64888 1.84062 167.164
    endloop
  endfacet
  facet normal 0.951053 -0.309028 0
    outer loop
      vertex -4.64888 1.84062 144.836
      vertex -4.84292 1.24345 167.358
      vertex -4.84292 1.24345 144.642
    endloop
  endfacet
  facet normal -0.684549 -0.728967 0
    outer loop
      vertex 3.64484 3.42274 0
      vertex 3.18712 3.85257 45.7018
      vertex 3.18712 3.85257 0
    endloop
  endfacet
  facet normal -0.684549 -0.728967 0
    outer loop
      vertex 3.18712 3.85257 45.7018
      vertex 3.64484 3.42274 0
      vertex 3.64484 3.42274 46.1596
    endloop
  endfacet
  facet normal -0.684549 -0.728967 0
    outer loop
      vertex 3.18712 3.85257 176.298
      vertex 3.64484 3.42274 228
      vertex 3.18712 3.85257 228
    endloop
  endfacet
  facet normal -0.684549 -0.728967 -0
    outer loop
      vertex 3.64484 3.42274 228
      vertex 3.18712 3.85257 176.298
      vertex 3.64484 3.42274 175.84
    endloop
  endfacet
  facet normal -0.684549 -0.728967 0
    outer loop
      vertex 3.18712 3.85257 56.2982
      vertex 3.64484 3.42274 76.1596
      vertex 3.18712 3.85257 75.7018
    endloop
  endfacet
  facet normal -0.684549 -0.728967 -0
    outer loop
      vertex 3.64484 3.42274 76.1596
      vertex 3.18712 3.85257 56.2982
      vertex 3.64484 3.42274 55.8404
    endloop
  endfacet
  facet normal -0.684549 -0.728967 0
    outer loop
      vertex 3.18712 3.85257 86.2982
      vertex 3.64484 3.42274 106.16
      vertex 3.18712 3.85257 105.702
    endloop
  endfacet
  facet normal -0.684549 -0.728967 -0
    outer loop
      vertex 3.64484 3.42274 106.16
      vertex 3.18712 3.85257 86.2982
      vertex 3.64484 3.42274 85.8404
    endloop
  endfacet
  facet normal -0.684549 -0.728967 0
    outer loop
      vertex 3.18712 3.85257 116.298
      vertex 3.64484 3.42274 136.16
      vertex 3.18712 3.85257 135.702
    endloop
  endfacet
  facet normal -0.684549 -0.728967 -0
    outer loop
      vertex 3.64484 3.42274 136.16
      vertex 3.18712 3.85257 116.298
      vertex 3.64484 3.42274 115.84
    endloop
  endfacet
  facet normal -0.684549 -0.728967 0
    outer loop
      vertex 3.18712 3.85257 146.298
      vertex 3.64484 3.42274 166.16
      vertex 3.18712 3.85257 165.702
    endloop
  endfacet
  facet normal -0.684549 -0.728967 -0
    outer loop
      vertex 3.64484 3.42274 166.16
      vertex 3.18712 3.85257 146.298
      vertex 3.64484 3.42274 145.84
    endloop
  endfacet
  facet normal 0 1 0
    outer loop
      vertex 0.13186 -4.99013 14.1041
      vertex 0.313952 -4.99013 0
      vertex -0.13186 -4.99013 14.1041
    endloop
  endfacet
  facet normal 0 1 -0
    outer loop
      vertex 0.313952 -4.99013 0
      vertex 0.13186 -4.99013 14.1041
      vertex 0.313952 -4.99013 14.1271
    endloop
  endfacet
  facet normal 0 1 0
    outer loop
      vertex -0.313952 -4.99013 0
      vertex -0.13186 -4.99013 14.1041
      vertex 0.313952 -4.99013 0
    endloop
  endfacet
  facet normal 0 1 0
    outer loop
      vertex -0.13186 -4.99013 14.1041
      vertex -0.313952 -4.99013 0
      vertex -0.313952 -4.99013 14.1271
    endloop
  endfacet
  facet normal 0 1 0
    outer loop
      vertex 0.313952 -4.99013 228
      vertex 0 -4.99013 179.485
      vertex -0.313952 -4.99013 228
    endloop
  endfacet
  facet normal -0 1 0
    outer loop
      vertex 0 -4.99013 179.485
      vertex 0.313952 -4.99013 228
      vertex 0.313952 -4.99013 179.171
    endloop
  endfacet
  facet normal 0 1 0
    outer loop
      vertex -0.313952 -4.99013 228
      vertex 0 -4.99013 179.485
      vertex -0.313952 -4.99013 179.171
    endloop
  endfacet
  facet normal 0 1 -0
    outer loop
      vertex 0.313952 -4.99013 18.2729
      vertex 0 -4.99013 42.5147
      vertex 0.313952 -4.99013 42.8287
    endloop
  endfacet
  facet normal 0 1 0
    outer loop
      vertex 0 -4.99013 42.5147
      vertex 0.313952 -4.99013 18.2729
      vertex 0.13186 -4.99013 18.2959
    endloop
  endfacet
  facet normal 0 1 0
    outer loop
      vertex -0.13186 -4.99013 18.2959
      vertex 0 -4.99013 42.5147
      vertex 0.13186 -4.99013 18.2959
    endloop
  endfacet
  facet normal 0 1 0
    outer loop
      vertex -0.313952 -4.99013 18.2729
      vertex 0 -4.99013 42.5147
      vertex -0.13186 -4.99013 18.2959
    endloop
  endfacet
  facet normal 0 1 0
    outer loop
      vertex 0 -4.99013 42.5147
      vertex -0.313952 -4.99013 18.2729
      vertex -0.313952 -4.99013 42.8287
    endloop
  endfacet
  facet normal 0 1 0
    outer loop
      vertex 0.313952 -4.99013 72.8287
      vertex 0 -4.99013 59.4853
      vertex 0 -4.99013 72.5147
    endloop
  endfacet
  facet normal -0 1 0
    outer loop
      vertex 0 -4.99013 59.4853
      vertex 0.313952 -4.99013 72.8287
      vertex 0.313952 -4.99013 59.1713
    endloop
  endfacet
  facet normal 0 1 -0
    outer loop
      vertex 0 -4.99013 59.4853
      vertex -0.313952 -4.99013 72.8287
      vertex 0 -4.99013 72.5147
    endloop
  endfacet
  facet normal 0 1 0
    outer loop
      vertex -0.313952 -4.99013 72.8287
      vertex 0 -4.99013 59.4853
      vertex -0.313952 -4.99013 59.1713
    endloop
  endfacet
  facet normal 0 1 0
    outer loop
      vertex 0.313952 -4.99013 102.829
      vertex 0 -4.99013 89.4853
      vertex 0 -4.99013 102.515
    endloop
  endfacet
  facet normal -0 1 0
    outer loop
      vertex 0 -4.99013 89.4853
      vertex 0.313952 -4.99013 102.829
      vertex 0.313952 -4.99013 89.1713
    endloop
  endfacet
  facet normal 0 1 -0
    outer loop
      vertex 0 -4.99013 89.4853
      vertex -0.313952 -4.99013 102.829
      vertex 0 -4.99013 102.515
    endloop
  endfacet
  facet normal 0 1 0
    outer loop
      vertex -0.313952 -4.99013 102.829
      vertex 0 -4.99013 89.4853
      vertex -0.313952 -4.99013 89.1713
    endloop
  endfacet
  facet normal 0 1 0
    outer loop
      vertex 0.313952 -4.99013 132.829
      vertex 0 -4.99013 119.485
      vertex 0 -4.99013 132.515
    endloop
  endfacet
  facet normal -0 1 0
    outer loop
      vertex 0 -4.99013 119.485
      vertex 0.313952 -4.99013 132.829
      vertex 0.313952 -4.99013 119.171
    endloop
  endfacet
  facet normal 0 1 -0
    outer loop
      vertex 0 -4.99013 119.485
      vertex -0.313952 -4.99013 132.829
      vertex 0 -4.99013 132.515
    endloop
  endfacet
  facet normal 0 1 0
    outer loop
      vertex -0.313952 -4.99013 132.829
      vertex 0 -4.99013 119.485
      vertex -0.313952 -4.99013 119.171
    endloop
  endfacet
  facet normal 0 1 0
    outer loop
      vertex 0.313952 -4.99013 162.829
      vertex 0 -4.99013 149.485
      vertex 0 -4.99013 162.515
    endloop
  endfacet
  facet normal -0 1 0
    outer loop
      vertex 0 -4.99013 149.485
      vertex 0.313952 -4.99013 162.829
      vertex 0.313952 -4.99013 149.171
    endloop
  endfacet
  facet normal 0 1 -0
    outer loop
      vertex 0 -4.99013 149.485
      vertex -0.313952 -4.99013 162.829
      vertex 0 -4.99013 162.515
    endloop
  endfacet
  facet normal 0 1 0
    outer loop
      vertex -0.313952 -4.99013 162.829
      vertex 0 -4.99013 149.485
      vertex -0.313952 -4.99013 149.171
    endloop
  endfacet
  facet normal 0.587779 0.809022 0
    outer loop
      vertex -3.18712 -3.85257 0
      vertex -2.67913 -4.22164 45.1939
      vertex -2.67913 -4.22164 0
    endloop
  endfacet
  facet normal 0.587779 0.809022 0
    outer loop
      vertex -2.67913 -4.22164 45.1939
      vertex -3.18712 -3.85257 0
      vertex -3.18712 -3.85257 45.7018
    endloop
  endfacet
  facet normal 0.587779 0.809022 -0
    outer loop
      vertex -2.67913 -4.22164 176.806
      vertex -3.18712 -3.85257 228
      vertex -2.67913 -4.22164 228
    endloop
  endfacet
  facet normal 0.587779 0.809022 0
    outer loop
      vertex -3.18712 -3.85257 228
      vertex -2.67913 -4.22164 176.806
      vertex -3.18712 -3.85257 176.298
    endloop
  endfacet
  facet normal 0.587779 0.809022 -0
    outer loop
      vertex -2.67913 -4.22164 56.8061
      vertex -3.18712 -3.85257 75.7018
      vertex -2.67913 -4.22164 75.1939
    endloop
  endfacet
  facet normal 0.587779 0.809022 0
    outer loop
      vertex -3.18712 -3.85257 75.7018
      vertex -2.67913 -4.22164 56.8061
      vertex -3.18712 -3.85257 56.2982
    endloop
  endfacet
  facet normal 0.587779 0.809022 -0
    outer loop
      vertex -2.67913 -4.22164 86.8061
      vertex -3.18712 -3.85257 105.702
      vertex -2.67913 -4.22164 105.194
    endloop
  endfacet
  facet normal 0.587779 0.809022 0
    outer loop
      vertex -3.18712 -3.85257 105.702
      vertex -2.67913 -4.22164 86.8061
      vertex -3.18712 -3.85257 86.2982
    endloop
  endfacet
  facet normal 0.587779 0.809022 -0
    outer loop
      vertex -2.67913 -4.22164 116.806
      vertex -3.18712 -3.85257 135.702
      vertex -2.67913 -4.22164 135.194
    endloop
  endfacet
  facet normal 0.587779 0.809022 0
    outer loop
      vertex -3.18712 -3.85257 135.702
      vertex -2.67913 -4.22164 116.806
      vertex -3.18712 -3.85257 116.298
    endloop
  endfacet
  facet normal 0.587779 0.809022 -0
    outer loop
      vertex -2.67913 -4.22164 146.806
      vertex -3.18712 -3.85257 165.702
      vertex -2.67913 -4.22164 165.194
    endloop
  endfacet
  facet normal 0.587779 0.809022 0
    outer loop
      vertex -3.18712 -3.85257 165.702
      vertex -2.67913 -4.22164 146.806
      vertex -3.18712 -3.85257 146.298
    endloop
  endfacet
  facet normal -0.368124 0.929777 0
    outer loop
      vertex 2.1289 -4.52413 44.6436
      vertex 1.54508 -4.75528 17.6203
      vertex 1.54508 -4.75528 44.0598
    endloop
  endfacet
  facet normal -0.368086 0.929792 -9.29008e-07
    outer loop
      vertex 2.1289 -4.52413 44.6436
      vertex 1.69894 -4.69437 17.4343
      vertex 1.54508 -4.75528 17.6203
    endloop
  endfacet
  facet normal -0.368155 0.929765 3.18543e-07
    outer loop
      vertex 2.1289 -4.52413 44.6436
      vertex 1.84024 -4.63842 17.2117
      vertex 1.69894 -4.69437 17.4343
    endloop
  endfacet
  facet normal -0.368133 0.929773 5.89005e-08
    outer loop
      vertex 2.1289 -4.52413 44.6436
      vertex 1.95253 -4.59396 16.9731
      vertex 1.84024 -4.63842 17.2117
    endloop
  endfacet
  facet normal -0.368084 0.929792 -3.03511e-07
    outer loop
      vertex 2.1289 -4.52413 44.6436
      vertex 2.03402 -4.5617 16.7222
      vertex 1.95253 -4.59396 16.9731
    endloop
  endfacet
  facet normal -0.368177 0.929756 6.10371e-08
    outer loop
      vertex 2.1289 -4.52413 44.6436
      vertex 2.08344 -4.54213 16.4632
      vertex 2.03402 -4.5617 16.7222
    endloop
  endfacet
  facet normal -0.367814 0.929899 -6.15876e-07
    outer loop
      vertex 2.1289 -4.52413 44.6436
      vertex 2.1 -4.53558 16.2
      vertex 2.08344 -4.54213 16.4632
    endloop
  endfacet
  facet normal -0.368338 0.929692 0
    outer loop
      vertex 2.1289 -4.52413 0
      vertex 2.1 -4.53558 16.2
      vertex 2.1289 -4.52413 44.6436
    endloop
  endfacet
  facet normal -0.36782 0.929897 1.0685e-06
    outer loop
      vertex 2.1289 -4.52413 0
      vertex 2.08344 -4.54213 15.9368
      vertex 2.1 -4.53558 16.2
    endloop
  endfacet
  facet normal -0.368177 0.929756 -1.07239e-07
    outer loop
      vertex 2.1289 -4.52413 0
      vertex 2.03402 -4.5617 15.6778
      vertex 2.08344 -4.54213 15.9368
    endloop
  endfacet
  facet normal -0.368085 0.929792 5.36203e-07
    outer loop
      vertex 2.1289 -4.52413 0
      vertex 1.95253 -4.59396 15.4269
      vertex 2.03402 -4.5617 15.6778
    endloop
  endfacet
  facet normal -0.368133 0.929773 -1.04538e-07
    outer loop
      vertex 2.1289 -4.52413 0
      vertex 1.84024 -4.63842 15.1883
      vertex 1.95253 -4.59396 15.4269
    endloop
  endfacet
  facet normal -0.368154 0.929765 -5.67863e-07
    outer loop
      vertex 2.1289 -4.52413 0
      vertex 1.69894 -4.69437 14.9657
      vertex 1.84024 -4.63842 15.1883
    endloop
  endfacet
  facet normal -0.368087 0.929791 1.66353e-06
    outer loop
      vertex 2.1289 -4.52413 0
      vertex 1.54508 -4.75528 14.7797
      vertex 1.69894 -4.69437 14.9657
    endloop
  endfacet
  facet normal -0.368124 0.929777 0
    outer loop
      vertex 1.54508 -4.75528 14.7797
      vertex 2.1289 -4.52413 0
      vertex 1.54508 -4.75528 0
    endloop
  endfacet
  facet normal -0.368124 0.929777 0
    outer loop
      vertex 2.1289 -4.52413 228
      vertex 1.54508 -4.75528 177.94
      vertex 1.54508 -4.75528 228
    endloop
  endfacet
  facet normal -0.368124 0.929777 0
    outer loop
      vertex 1.54508 -4.75528 177.94
      vertex 2.1289 -4.52413 228
      vertex 2.1289 -4.52413 177.356
    endloop
  endfacet
  facet normal -0.368124 0.929777 0
    outer loop
      vertex 2.1289 -4.52413 74.6436
      vertex 1.54508 -4.75528 57.9402
      vertex 1.54508 -4.75528 74.0598
    endloop
  endfacet
  facet normal -0.368124 0.929777 0
    outer loop
      vertex 1.54508 -4.75528 57.9402
      vertex 2.1289 -4.52413 74.6436
      vertex 2.1289 -4.52413 57.3564
    endloop
  endfacet
  facet normal -0.368124 0.929777 0
    outer loop
      vertex 2.1289 -4.52413 104.644
      vertex 1.54508 -4.75528 87.9402
      vertex 1.54508 -4.75528 104.06
    endloop
  endfacet
  facet normal -0.368124 0.929777 0
    outer loop
      vertex 1.54508 -4.75528 87.9402
      vertex 2.1289 -4.52413 104.644
      vertex 2.1289 -4.52413 87.3564
    endloop
  endfacet
  facet normal -0.368124 0.929777 0
    outer loop
      vertex 2.1289 -4.52413 134.644
      vertex 1.54508 -4.75528 117.94
      vertex 1.54508 -4.75528 134.06
    endloop
  endfacet
  facet normal -0.368124 0.929777 0
    outer loop
      vertex 1.54508 -4.75528 117.94
      vertex 2.1289 -4.52413 134.644
      vertex 2.1289 -4.52413 117.356
    endloop
  endfacet
  facet normal -0.368124 0.929777 0
    outer loop
      vertex 2.1289 -4.52413 164.644
      vertex 1.54508 -4.75528 147.94
      vertex 1.54508 -4.75528 164.06
    endloop
  endfacet
  facet normal -0.368124 0.929777 0
    outer loop
      vertex 1.54508 -4.75528 147.94
      vertex 2.1289 -4.52413 164.644
      vertex 2.1289 -4.52413 147.356
    endloop
  endfacet
  facet normal 0.770515 0.637422 0
    outer loop
      vertex -3.64484 -3.42274 46.1596
      vertex -4.04508 -2.93893 0
      vertex -4.04508 -2.93893 46.5598
    endloop
  endfacet
  facet normal 0.770515 0.637422 0
    outer loop
      vertex -4.04508 -2.93893 0
      vertex -3.64484 -3.42274 46.1596
      vertex -3.64484 -3.42274 0
    endloop
  endfacet
  facet normal 0.770515 0.637422 -0
    outer loop
      vertex -3.64484 -3.42274 175.84
      vertex -4.04508 -2.93893 228
      vertex -3.64484 -3.42274 228
    endloop
  endfacet
  facet normal 0.770515 0.637422 0
    outer loop
      vertex -4.04508 -2.93893 228
      vertex -3.64484 -3.42274 175.84
      vertex -4.04508 -2.93893 175.44
    endloop
  endfacet
  facet normal 0.770515 0.637422 0
    outer loop
      vertex -3.64484 -3.42274 76.1596
      vertex -4.04508 -2.93893 55.4402
      vertex -4.04508 -2.93893 76.5598
    endloop
  endfacet
  facet normal 0.770515 0.637422 0
    outer loop
      vertex -4.04508 -2.93893 55.4402
      vertex -3.64484 -3.42274 76.1596
      vertex -3.64484 -3.42274 55.8404
    endloop
  endfacet
  facet normal 0.770515 0.637422 0
    outer loop
      vertex -3.64484 -3.42274 106.16
      vertex -4.04508 -2.93893 85.4402
      vertex -4.04508 -2.93893 106.56
    endloop
  endfacet
  facet normal 0.770515 0.637422 0
    outer loop
      vertex -4.04508 -2.93893 85.4402
      vertex -3.64484 -3.42274 106.16
      vertex -3.64484 -3.42274 85.8404
    endloop
  endfacet
  facet normal 0.770515 0.637422 0
    outer loop
      vertex -3.64484 -3.42274 136.16
      vertex -4.04508 -2.93893 115.44
      vertex -4.04508 -2.93893 136.56
    endloop
  endfacet
  facet normal 0.770515 0.637422 0
    outer loop
      vertex -4.04508 -2.93893 115.44
      vertex -3.64484 -3.42274 136.16
      vertex -3.64484 -3.42274 115.84
    endloop
  endfacet
  facet normal 0.770515 0.637422 0
    outer loop
      vertex -3.64484 -3.42274 166.16
      vertex -4.04508 -2.93893 145.44
      vertex -4.04508 -2.93893 166.56
    endloop
  endfacet
  facet normal 0.770515 0.637422 0
    outer loop
      vertex -4.04508 -2.93893 145.44
      vertex -3.64484 -3.42274 166.16
      vertex -3.64484 -3.42274 145.84
    endloop
  endfacet
  facet normal -0.684549 0.728967 0
    outer loop
      vertex 3.64484 -3.42274 0
      vertex 3.18712 -3.85257 45.7018
      vertex 3.64484 -3.42274 46.1596
    endloop
  endfacet
  facet normal -0.684549 0.728967 0
    outer loop
      vertex 3.18712 -3.85257 45.7018
      vertex 3.64484 -3.42274 0
      vertex 3.18712 -3.85257 0
    endloop
  endfacet
  facet normal -0.684549 0.728967 0
    outer loop
      vertex 3.64484 -3.42274 228
      vertex 3.18712 -3.85257 176.298
      vertex 3.18712 -3.85257 228
    endloop
  endfacet
  facet normal -0.684549 0.728967 0
    outer loop
      vertex 3.18712 -3.85257 176.298
      vertex 3.64484 -3.42274 228
      vertex 3.64484 -3.42274 175.84
    endloop
  endfacet
  facet normal -0.684549 0.728967 0
    outer loop
      vertex 3.64484 -3.42274 76.1596
      vertex 3.18712 -3.85257 56.2982
      vertex 3.18712 -3.85257 75.7018
    endloop
  endfacet
  facet normal -0.684549 0.728967 0
    outer loop
      vertex 3.18712 -3.85257 56.2982
      vertex 3.64484 -3.42274 76.1596
      vertex 3.64484 -3.42274 55.8404
    endloop
  endfacet
  facet normal -0.684549 0.728967 0
    outer loop
      vertex 3.64484 -3.42274 106.16
      vertex 3.18712 -3.85257 86.2982
      vertex 3.18712 -3.85257 105.702
    endloop
  endfacet
  facet normal -0.684549 0.728967 0
    outer loop
      vertex 3.18712 -3.85257 86.2982
      vertex 3.64484 -3.42274 106.16
      vertex 3.64484 -3.42274 85.8404
    endloop
  endfacet
  facet normal -0.684549 0.728967 0
    outer loop
      vertex 3.64484 -3.42274 136.16
      vertex 3.18712 -3.85257 116.298
      vertex 3.18712 -3.85257 135.702
    endloop
  endfacet
  facet normal -0.684549 0.728967 0
    outer loop
      vertex 3.18712 -3.85257 116.298
      vertex 3.64484 -3.42274 136.16
      vertex 3.64484 -3.42274 115.84
    endloop
  endfacet
  facet normal -0.684549 0.728967 0
    outer loop
      vertex 3.64484 -3.42274 166.16
      vertex 3.18712 -3.85257 146.298
      vertex 3.18712 -3.85257 165.702
    endloop
  endfacet
  facet normal -0.684549 0.728967 0
    outer loop
      vertex 3.18712 -3.85257 146.298
      vertex 3.64484 -3.42274 166.16
      vertex 3.64484 -3.42274 145.84
    endloop
  endfacet
  facet normal -0.844328 0.535827 0
    outer loop
      vertex 4.04508 -2.93893 46.5598
      vertex 4.38153 -2.40877 0
      vertex 4.04508 -2.93893 0
    endloop
  endfacet
  facet normal -0.844328 0.535827 0
    outer loop
      vertex 4.38153 -2.40877 0
      vertex 4.04508 -2.93893 46.5598
      vertex 4.38153 -2.40877 46.8963
    endloop
  endfacet
  facet normal -0.844328 0.535827 0
    outer loop
      vertex 4.04508 -2.93893 175.44
      vertex 4.38153 -2.40877 228
      vertex 4.38153 -2.40877 175.104
    endloop
  endfacet
  facet normal -0.844328 0.535827 0
    outer loop
      vertex 4.38153 -2.40877 228
      vertex 4.04508 -2.93893 175.44
      vertex 4.04508 -2.93893 228
    endloop
  endfacet
  facet normal -0.844328 0.535827 0
    outer loop
      vertex 4.04508 -2.93893 55.4402
      vertex 4.38153 -2.40877 76.8962
      vertex 4.38153 -2.40877 55.1037
    endloop
  endfacet
  facet normal -0.844328 0.535827 0
    outer loop
      vertex 4.38153 -2.40877 76.8962
      vertex 4.04508 -2.93893 55.4402
      vertex 4.04508 -2.93893 76.5598
    endloop
  endfacet
  facet normal -0.844328 0.535827 0
    outer loop
      vertex 4.04508 -2.93893 85.4402
      vertex 4.38153 -2.40877 106.896
      vertex 4.38153 -2.40877 85.1037
    endloop
  endfacet
  facet normal -0.844328 0.535827 0
    outer loop
      vertex 4.38153 -2.40877 106.896
      vertex 4.04508 -2.93893 85.4402
      vertex 4.04508 -2.93893 106.56
    endloop
  endfacet
  facet normal -0.844328 0.535827 0
    outer loop
      vertex 4.04508 -2.93893 115.44
      vertex 4.38153 -2.40877 136.896
      vertex 4.38153 -2.40877 115.104
    endloop
  endfacet
  facet normal -0.844328 0.535827 0
    outer loop
      vertex 4.38153 -2.40877 136.896
      vertex 4.04508 -2.93893 115.44
      vertex 4.04508 -2.93893 136.56
    endloop
  endfacet
  facet normal -0.844328 0.535827 0
    outer loop
      vertex 4.04508 -2.93893 145.44
      vertex 4.38153 -2.40877 166.896
      vertex 4.38153 -2.40877 145.104
    endloop
  endfacet
  facet normal -0.844328 0.535827 0
    outer loop
      vertex 4.38153 -2.40877 166.896
      vertex 4.04508 -2.93893 145.44
      vertex 4.04508 -2.93893 166.56
    endloop
  endfacet
  facet normal -0.998026 0.0627961 0
    outer loop
      vertex 4.96057 -0.626666 47.4753
      vertex 5 0 0
      vertex 4.96057 -0.626666 0
    endloop
  endfacet
  facet normal -0.998026 0.0627961 0
    outer loop
      vertex 5 0 0
      vertex 4.96057 -0.626666 47.4753
      vertex 5 0 47.5147
    endloop
  endfacet
  facet normal -0.998027 0.062794 -1.77153e-07
    outer loop
      vertex 4.96057 -0.626666 228
      vertex 5 0 220.6
      vertex 4.98344 -0.263199 220.583
    endloop
  endfacet
  facet normal -0.998026 0.0627983 3.16365e-08
    outer loop
      vertex 4.96057 -0.626666 228
      vertex 4.98344 -0.263199 220.583
      vertex 4.96714 -0.522248 220.534
    endloop
  endfacet
  facet normal -0.998026 0.062796 0
    outer loop
      vertex 4.96057 -0.626666 228
      vertex 4.96714 -0.522248 220.534
      vertex 4.96057 -0.626666 220.5
    endloop
  endfacet
  facet normal -0.998026 0.0627961 0
    outer loop
      vertex 5 0 220.6
      vertex 4.96057 -0.626666 228
      vertex 5 0 228
    endloop
  endfacet
  facet normal -0.998026 0.0627961 0
    outer loop
      vertex 4.96057 -0.626666 174.525
      vertex 5 0 216.4
      vertex 5 0 174.485
    endloop
  endfacet
  facet normal -0.998027 0.062794 3.14467e-08
    outer loop
      vertex 5 0 216.4
      vertex 4.96057 -0.626666 174.525
      vertex 4.98344 -0.263199 216.417
    endloop
  endfacet
  facet normal -0.998026 0.0627983 -5.64391e-09
    outer loop
      vertex 4.98344 -0.263199 216.417
      vertex 4.96057 -0.626666 174.525
      vertex 4.96714 -0.522248 216.466
    endloop
  endfacet
  facet normal -0.998026 0.062796 0
    outer loop
      vertex 4.96714 -0.522248 216.466
      vertex 4.96057 -0.626666 174.525
      vertex 4.96057 -0.626666 216.5
    endloop
  endfacet
  facet normal -0.998026 0.0627961 0
    outer loop
      vertex 4.96057 -0.626666 54.5247
      vertex 5 0 77.5147
      vertex 5 0 54.4853
    endloop
  endfacet
  facet normal -0.998026 0.0627961 0
    outer loop
      vertex 5 0 77.5147
      vertex 4.96057 -0.626666 54.5247
      vertex 4.96057 -0.626666 77.4753
    endloop
  endfacet
  facet normal -0.998026 0.0627961 0
    outer loop
      vertex 4.96057 -0.626666 84.5247
      vertex 5 0 107.515
      vertex 5 0 84.4853
    endloop
  endfacet
  facet normal -0.998026 0.0627961 0
    outer loop
      vertex 5 0 107.515
      vertex 4.96057 -0.626666 84.5247
      vertex 4.96057 -0.626666 107.475
    endloop
  endfacet
  facet normal -0.998026 0.0627961 0
    outer loop
      vertex 4.96057 -0.626666 114.525
      vertex 5 0 137.515
      vertex 5 0 114.485
    endloop
  endfacet
  facet normal -0.998026 0.0627961 0
    outer loop
      vertex 5 0 137.515
      vertex 4.96057 -0.626666 114.525
      vertex 4.96057 -0.626666 137.475
    endloop
  endfacet
  facet normal -0.998026 0.0627961 0
    outer loop
      vertex 4.96057 -0.626666 144.525
      vertex 5 0 167.515
      vertex 5 0 144.485
    endloop
  endfacet
  facet normal -0.998026 0.0627961 0
    outer loop
      vertex 5 0 167.515
      vertex 4.96057 -0.626666 144.525
      vertex 4.96057 -0.626666 167.475
    endloop
  endfacet
  facet normal 0.951053 0.309028 0
    outer loop
      vertex -4.64888 -1.84062 47.1636
      vertex -4.84292 -1.24345 0
      vertex -4.84292 -1.24345 47.3576
    endloop
  endfacet
  facet normal 0.951053 0.309028 0
    outer loop
      vertex -4.84292 -1.24345 0
      vertex -4.64888 -1.84062 47.1636
      vertex -4.64888 -1.84062 0
    endloop
  endfacet
  facet normal 0.951053 0.309028 0
    outer loop
      vertex -4.64888 -1.84062 228
      vertex -4.84292 -1.24345 220.191
      vertex -4.84292 -1.24345 228
    endloop
  endfacet
  facet normal 0.951052 0.309031 2.05347e-07
    outer loop
      vertex -4.84292 -1.24345 220.191
      vertex -4.64888 -1.84062 228
      vertex -4.77985 -1.43755 220.031
    endloop
  endfacet
  facet normal 0.951053 0.309028 4.52305e-08
    outer loop
      vertex -4.77985 -1.43755 220.031
      vertex -4.64888 -1.84062 228
      vertex -4.72119 -1.61808 219.839
    endloop
  endfacet
  facet normal 0.951066 0.308986 -1.20178e-06
    outer loop
      vertex -4.72119 -1.61808 219.839
      vertex -4.64888 -1.84062 228
      vertex -4.67083 -1.77309 219.625
    endloop
  endfacet
  facet normal 0.951023 0.309121 0
    outer loop
      vertex -4.67083 -1.77309 219.625
      vertex -4.64888 -1.84062 228
      vertex -4.64888 -1.84062 219.502
    endloop
  endfacet
  facet normal 0.951052 0.309031 -4.0142e-08
    outer loop
      vertex -4.64888 -1.84062 174.836
      vertex -4.84292 -1.24345 216.809
      vertex -4.77985 -1.43755 216.969
    endloop
  endfacet
  facet normal 0.951053 0.309028 -8.92425e-09
    outer loop
      vertex -4.64888 -1.84062 174.836
      vertex -4.77985 -1.43755 216.969
      vertex -4.72119 -1.61808 217.161
    endloop
  endfacet
  facet normal 0.951067 0.308985 2.38716e-07
    outer loop
      vertex -4.64888 -1.84062 174.836
      vertex -4.72119 -1.61808 217.161
      vertex -4.67083 -1.77309 217.375
    endloop
  endfacet
  facet normal 0.951023 0.309121 -0
    outer loop
      vertex -4.64888 -1.84062 174.836
      vertex -4.67083 -1.77309 217.375
      vertex -4.64888 -1.84062 217.498
    endloop
  endfacet
  facet normal 0.951053 0.309028 0
    outer loop
      vertex -4.84292 -1.24345 216.809
      vertex -4.64888 -1.84062 174.836
      vertex -4.84292 -1.24345 174.642
    endloop
  endfacet
  facet normal 0.951053 0.309028 0
    outer loop
      vertex -4.64888 -1.84062 77.1636
      vertex -4.84292 -1.24345 54.6424
      vertex -4.84292 -1.24345 77.3576
    endloop
  endfacet
  facet normal 0.951053 0.309028 0
    outer loop
      vertex -4.84292 -1.24345 54.6424
      vertex -4.64888 -1.84062 77.1636
      vertex -4.64888 -1.84062 54.8364
    endloop
  endfacet
  facet normal 0.951053 0.309028 0
    outer loop
      vertex -4.64888 -1.84062 107.164
      vertex -4.84292 -1.24345 84.6424
      vertex -4.84292 -1.24345 107.358
    endloop
  endfacet
  facet normal 0.951053 0.309028 0
    outer loop
      vertex -4.84292 -1.24345 84.6424
      vertex -4.64888 -1.84062 107.164
      vertex -4.64888 -1.84062 84.8364
    endloop
  endfacet
  facet normal 0.951053 0.309028 0
    outer loop
      vertex -4.64888 -1.84062 137.164
      vertex -4.84292 -1.24345 114.642
      vertex -4.84292 -1.24345 137.358
    endloop
  endfacet
  facet normal 0.951053 0.309028 0
    outer loop
      vertex -4.84292 -1.24345 114.642
      vertex -4.64888 -1.84062 137.164
      vertex -4.64888 -1.84062 114.836
    endloop
  endfacet
  facet normal 0.951053 0.309028 0
    outer loop
      vertex -4.64888 -1.84062 167.164
      vertex -4.84292 -1.24345 144.642
      vertex -4.84292 -1.24345 167.358
    endloop
  endfacet
  facet normal 0.951053 0.309028 0
    outer loop
      vertex -4.84292 -1.24345 144.642
      vertex -4.64888 -1.84062 167.164
      vertex -4.64888 -1.84062 144.836
    endloop
  endfacet
  facet normal -0.98229 0.187369 0
    outer loop
      vertex 4.84292 -1.24345 47.3576
      vertex 4.96057 -0.626666 0
      vertex 4.84292 -1.24345 0
    endloop
  endfacet
  facet normal -0.98229 0.187369 0
    outer loop
      vertex 4.96057 -0.626666 0
      vertex 4.84292 -1.24345 47.3576
      vertex 4.96057 -0.626666 47.4753
    endloop
  endfacet
  facet normal -0.982295 0.187341 -2.40788e-06
    outer loop
      vertex 4.84292 -1.24345 228
      vertex 4.96057 -0.626666 220.5
      vertex 4.93265 -0.773061 220.453
    endloop
  endfacet
  facet normal -0.982287 0.187385 4.36786e-07
    outer loop
      vertex 4.84292 -1.24345 228
      vertex 4.93265 -0.773061 220.453
      vertex 4.88713 -1.01168 220.34
    endloop
  endfacet
  facet normal -0.982285 0.187395 7.62227e-07
    outer loop
      vertex 4.84292 -1.24345 228
      vertex 4.88713 -1.01168 220.34
      vertex 4.84465 -1.23435 220.199
    endloop
  endfacet
  facet normal -0.982405 0.186765 0
    outer loop
      vertex 4.84292 -1.24345 228
      vertex 4.84465 -1.23435 220.199
      vertex 4.84292 -1.24345 220.191
    endloop
  endfacet
  facet normal -0.98229 0.187369 0
    outer loop
      vertex 4.96057 -0.626666 220.5
      vertex 4.84292 -1.24345 228
      vertex 4.96057 -0.626666 228
    endloop
  endfacet
  facet normal -0.98229 0.187369 0
    outer loop
      vertex 4.84292 -1.24345 174.642
      vertex 4.96057 -0.626666 216.5
      vertex 4.96057 -0.626666 174.525
    endloop
  endfacet
  facet normal -0.982295 0.18734 4.40743e-07
    outer loop
      vertex 4.96057 -0.626666 216.5
      vertex 4.84292 -1.24345 174.642
      vertex 4.93265 -0.773061 216.547
    endloop
  endfacet
  facet normal -0.982287 0.187385 -8.05579e-08
    outer loop
      vertex 4.93265 -0.773061 216.547
      vertex 4.84292 -1.24345 174.642
      vertex 4.88713 -1.01168 216.66
    endloop
  endfacet
  facet normal -0.982284 0.187396 -1.41126e-07
    outer loop
      vertex 4.88713 -1.01168 216.66
      vertex 4.84292 -1.24345 174.642
      vertex 4.84465 -1.23435 216.801
    endloop
  endfacet
  facet normal -0.982405 0.186765 0
    outer loop
      vertex 4.84465 -1.23435 216.801
      vertex 4.84292 -1.24345 174.642
      vertex 4.84292 -1.24345 216.809
    endloop
  endfacet
  facet normal -0.98229 0.187369 0
    outer loop
      vertex 4.84292 -1.24345 54.6424
      vertex 4.96057 -0.626666 77.4753
      vertex 4.96057 -0.626666 54.5247
    endloop
  endfacet
  facet normal -0.98229 0.187369 0
    outer loop
      vertex 4.96057 -0.626666 77.4753
      vertex 4.84292 -1.24345 54.6424
      vertex 4.84292 -1.24345 77.3576
    endloop
  endfacet
  facet normal -0.98229 0.187369 0
    outer loop
      vertex 4.84292 -1.24345 84.6424
      vertex 4.96057 -0.626666 107.475
      vertex 4.96057 -0.626666 84.5247
    endloop
  endfacet
  facet normal -0.98229 0.187369 0
    outer loop
      vertex 4.96057 -0.626666 107.475
      vertex 4.84292 -1.24345 84.6424
      vertex 4.84292 -1.24345 107.358
    endloop
  endfacet
  facet normal -0.98229 0.187369 0
    outer loop
      vertex 4.84292 -1.24345 114.642
      vertex 4.96057 -0.626666 137.475
      vertex 4.96057 -0.626666 114.525
    endloop
  endfacet
  facet normal -0.98229 0.187369 0
    outer loop
      vertex 4.96057 -0.626666 137.475
      vertex 4.84292 -1.24345 114.642
      vertex 4.84292 -1.24345 137.358
    endloop
  endfacet
  facet normal -0.98229 0.187369 0
    outer loop
      vertex 4.84292 -1.24345 144.642
      vertex 4.96057 -0.626666 167.475
      vertex 4.96057 -0.626666 144.525
    endloop
  endfacet
  facet normal -0.98229 0.187369 0
    outer loop
      vertex 4.96057 -0.626666 167.475
      vertex 4.84292 -1.24345 144.642
      vertex 4.84292 -1.24345 167.358
    endloop
  endfacet
  facet normal 0.844328 0.535827 0
    outer loop
      vertex -4.04508 -2.93893 46.5598
      vertex -4.38153 -2.40877 0
      vertex -4.38153 -2.40877 46.8963
    endloop
  endfacet
  facet normal 0.844328 0.535827 0
    outer loop
      vertex -4.38153 -2.40877 0
      vertex -4.04508 -2.93893 46.5598
      vertex -4.04508 -2.93893 0
    endloop
  endfacet
  facet normal 0.844328 0.535827 -0
    outer loop
      vertex -4.04508 -2.93893 175.44
      vertex -4.38153 -2.40877 228
      vertex -4.04508 -2.93893 228
    endloop
  endfacet
  facet normal 0.844328 0.535827 0
    outer loop
      vertex -4.38153 -2.40877 228
      vertex -4.04508 -2.93893 175.44
      vertex -4.38153 -2.40877 175.104
    endloop
  endfacet
  facet normal 0.844328 0.535827 0
    outer loop
      vertex -4.04508 -2.93893 76.5598
      vertex -4.38153 -2.40877 55.1037
      vertex -4.38153 -2.40877 76.8962
    endloop
  endfacet
  facet normal 0.844328 0.535827 0
    outer loop
      vertex -4.38153 -2.40877 55.1037
      vertex -4.04508 -2.93893 76.5598
      vertex -4.04508 -2.93893 55.4402
    endloop
  endfacet
  facet normal 0.844328 0.535827 0
    outer loop
      vertex -4.04508 -2.93893 106.56
      vertex -4.38153 -2.40877 85.1037
      vertex -4.38153 -2.40877 106.896
    endloop
  endfacet
  facet normal 0.844328 0.535827 0
    outer loop
      vertex -4.38153 -2.40877 85.1037
      vertex -4.04508 -2.93893 106.56
      vertex -4.04508 -2.93893 85.4402
    endloop
  endfacet
  facet normal 0.844328 0.535827 0
    outer loop
      vertex -4.04508 -2.93893 136.56
      vertex -4.38153 -2.40877 115.104
      vertex -4.38153 -2.40877 136.896
    endloop
  endfacet
  facet normal 0.844328 0.535827 0
    outer loop
      vertex -4.38153 -2.40877 115.104
      vertex -4.04508 -2.93893 136.56
      vertex -4.04508 -2.93893 115.44
    endloop
  endfacet
  facet normal 0.844328 0.535827 0
    outer loop
      vertex -4.04508 -2.93893 166.56
      vertex -4.38153 -2.40877 145.104
      vertex -4.38153 -2.40877 166.896
    endloop
  endfacet
  facet normal 0.844328 0.535827 0
    outer loop
      vertex -4.38153 -2.40877 145.104
      vertex -4.04508 -2.93893 166.56
      vertex -4.04508 -2.93893 145.44
    endloop
  endfacet
  facet normal 0.684549 -0.728967 0
    outer loop
      vertex -3.64484 3.42274 0
      vertex -3.18712 3.85257 45.7018
      vertex -3.64484 3.42274 46.1596
    endloop
  endfacet
  facet normal 0.684549 -0.728967 0
    outer loop
      vertex -3.18712 3.85257 45.7018
      vertex -3.64484 3.42274 0
      vertex -3.18712 3.85257 0
    endloop
  endfacet
  facet normal 0.684549 -0.728967 0
    outer loop
      vertex -3.64484 3.42274 228
      vertex -3.18712 3.85257 176.298
      vertex -3.18712 3.85257 228
    endloop
  endfacet
  facet normal 0.684549 -0.728967 0
    outer loop
      vertex -3.18712 3.85257 176.298
      vertex -3.64484 3.42274 228
      vertex -3.64484 3.42274 175.84
    endloop
  endfacet
  facet normal 0.684549 -0.728967 0
    outer loop
      vertex -3.64484 3.42274 76.1596
      vertex -3.18712 3.85257 56.2982
      vertex -3.18712 3.85257 75.7018
    endloop
  endfacet
  facet normal 0.684549 -0.728967 0
    outer loop
      vertex -3.18712 3.85257 56.2982
      vertex -3.64484 3.42274 76.1596
      vertex -3.64484 3.42274 55.8404
    endloop
  endfacet
  facet normal 0.684549 -0.728967 0
    outer loop
      vertex -3.64484 3.42274 106.16
      vertex -3.18712 3.85257 86.2982
      vertex -3.18712 3.85257 105.702
    endloop
  endfacet
  facet normal 0.684549 -0.728967 0
    outer loop
      vertex -3.18712 3.85257 86.2982
      vertex -3.64484 3.42274 106.16
      vertex -3.64484 3.42274 85.8404
    endloop
  endfacet
  facet normal 0.684549 -0.728967 0
    outer loop
      vertex -3.64484 3.42274 136.16
      vertex -3.18712 3.85257 116.298
      vertex -3.18712 3.85257 135.702
    endloop
  endfacet
  facet normal 0.684549 -0.728967 0
    outer loop
      vertex -3.18712 3.85257 116.298
      vertex -3.64484 3.42274 136.16
      vertex -3.64484 3.42274 115.84
    endloop
  endfacet
  facet normal 0.684549 -0.728967 0
    outer loop
      vertex -3.64484 3.42274 166.16
      vertex -3.18712 3.85257 146.298
      vertex -3.18712 3.85257 165.702
    endloop
  endfacet
  facet normal 0.684549 -0.728967 0
    outer loop
      vertex -3.18712 3.85257 146.298
      vertex -3.64484 3.42274 166.16
      vertex -3.64484 3.42274 145.84
    endloop
  endfacet
  facet normal 0.368124 -0.929777 0
    outer loop
      vertex -2.1289 4.52413 44.6436
      vertex -1.54508 4.75528 17.6203
      vertex -1.54508 4.75528 44.0598
    endloop
  endfacet
  facet normal 0.368086 -0.929792 -9.29008e-07
    outer loop
      vertex -2.1289 4.52413 44.6436
      vertex -1.69894 4.69437 17.4343
      vertex -1.54508 4.75528 17.6203
    endloop
  endfacet
  facet normal 0.368155 -0.929765 3.18543e-07
    outer loop
      vertex -2.1289 4.52413 44.6436
      vertex -1.84024 4.63842 17.2117
      vertex -1.69894 4.69437 17.4343
    endloop
  endfacet
  facet normal 0.368133 -0.929773 5.89005e-08
    outer loop
      vertex -2.1289 4.52413 44.6436
      vertex -1.95253 4.59396 16.9731
      vertex -1.84024 4.63842 17.2117
    endloop
  endfacet
  facet normal 0.368084 -0.929792 -3.03511e-07
    outer loop
      vertex -2.1289 4.52413 44.6436
      vertex -2.03402 4.5617 16.7222
      vertex -1.95253 4.59396 16.9731
    endloop
  endfacet
  facet normal 0.368177 -0.929756 6.10371e-08
    outer loop
      vertex -2.1289 4.52413 44.6436
      vertex -2.08344 4.54213 16.4632
      vertex -2.03402 4.5617 16.7222
    endloop
  endfacet
  facet normal 0.367814 -0.929899 -6.15876e-07
    outer loop
      vertex -2.1289 4.52413 44.6436
      vertex -2.1 4.53558 16.2
      vertex -2.08344 4.54213 16.4632
    endloop
  endfacet
  facet normal 0.368338 -0.929692 0
    outer loop
      vertex -2.1289 4.52413 0
      vertex -2.1 4.53558 16.2
      vertex -2.1289 4.52413 44.6436
    endloop
  endfacet
  facet normal 0.36782 -0.929897 1.0685e-06
    outer loop
      vertex -2.1289 4.52413 0
      vertex -2.08344 4.54213 15.9368
      vertex -2.1 4.53558 16.2
    endloop
  endfacet
  facet normal 0.368177 -0.929756 -1.07239e-07
    outer loop
      vertex -2.1289 4.52413 0
      vertex -2.03402 4.5617 15.6778
      vertex -2.08344 4.54213 15.9368
    endloop
  endfacet
  facet normal 0.368085 -0.929792 5.36203e-07
    outer loop
      vertex -2.1289 4.52413 0
      vertex -1.95253 4.59396 15.4269
      vertex -2.03402 4.5617 15.6778
    endloop
  endfacet
  facet normal 0.368133 -0.929773 -1.04538e-07
    outer loop
      vertex -2.1289 4.52413 0
      vertex -1.84024 4.63842 15.1883
      vertex -1.95253 4.59396 15.4269
    endloop
  endfacet
  facet normal 0.368154 -0.929765 -5.67863e-07
    outer loop
      vertex -2.1289 4.52413 0
      vertex -1.69894 4.69437 14.9657
      vertex -1.84024 4.63842 15.1883
    endloop
  endfacet
  facet normal 0.368087 -0.929791 1.66353e-06
    outer loop
      vertex -2.1289 4.52413 0
      vertex -1.54508 4.75528 14.7797
      vertex -1.69894 4.69437 14.9657
    endloop
  endfacet
  facet normal 0.368124 -0.929777 0
    outer loop
      vertex -1.54508 4.75528 14.7797
      vertex -2.1289 4.52413 0
      vertex -1.54508 4.75528 0
    endloop
  endfacet
  facet normal 0.368124 -0.929777 0
    outer loop
      vertex -2.1289 4.52413 228
      vertex -1.54508 4.75528 177.94
      vertex -1.54508 4.75528 228
    endloop
  endfacet
  facet normal 0.368124 -0.929777 0
    outer loop
      vertex -1.54508 4.75528 177.94
      vertex -2.1289 4.52413 228
      vertex -2.1289 4.52413 177.356
    endloop
  endfacet
  facet normal 0.368124 -0.929777 0
    outer loop
      vertex -2.1289 4.52413 74.6436
      vertex -1.54508 4.75528 57.9402
      vertex -1.54508 4.75528 74.0598
    endloop
  endfacet
  facet normal 0.368124 -0.929777 0
    outer loop
      vertex -1.54508 4.75528 57.9402
      vertex -2.1289 4.52413 74.6436
      vertex -2.1289 4.52413 57.3564
    endloop
  endfacet
  facet normal 0.368124 -0.929777 0
    outer loop
      vertex -2.1289 4.52413 104.644
      vertex -1.54508 4.75528 87.9402
      vertex -1.54508 4.75528 104.06
    endloop
  endfacet
  facet normal 0.368124 -0.929777 0
    outer loop
      vertex -1.54508 4.75528 87.9402
      vertex -2.1289 4.52413 104.644
      vertex -2.1289 4.52413 87.3564
    endloop
  endfacet
  facet normal 0.368124 -0.929777 0
    outer loop
      vertex -2.1289 4.52413 134.644
      vertex -1.54508 4.75528 117.94
      vertex -1.54508 4.75528 134.06
    endloop
  endfacet
  facet normal 0.368124 -0.929777 0
    outer loop
      vertex -1.54508 4.75528 117.94
      vertex -2.1289 4.52413 134.644
      vertex -2.1289 4.52413 117.356
    endloop
  endfacet
  facet normal 0.368124 -0.929777 0
    outer loop
      vertex -2.1289 4.52413 164.644
      vertex -1.54508 4.75528 147.94
      vertex -1.54508 4.75528 164.06
    endloop
  endfacet
  facet normal 0.368124 -0.929777 0
    outer loop
      vertex -1.54508 4.75528 147.94
      vertex -2.1289 4.52413 164.644
      vertex -2.1289 4.52413 147.356
    endloop
  endfacet
  facet normal 0.98229 0.187369 0
    outer loop
      vertex -4.84292 -1.24345 47.3576
      vertex -4.96057 -0.626666 0
      vertex -4.96057 -0.626666 47.4753
    endloop
  endfacet
  facet normal 0.98229 0.187369 0
    outer loop
      vertex -4.96057 -0.626666 0
      vertex -4.84292 -1.24345 47.3576
      vertex -4.84292 -1.24345 0
    endloop
  endfacet
  facet normal 0.98229 0.187369 0
    outer loop
      vertex -4.84292 -1.24345 228
      vertex -4.96057 -0.626666 220.5
      vertex -4.96057 -0.626666 228
    endloop
  endfacet
  facet normal 0.982295 0.187341 -2.40788e-06
    outer loop
      vertex -4.96057 -0.626666 220.5
      vertex -4.84292 -1.24345 228
      vertex -4.93265 -0.773061 220.453
    endloop
  endfacet
  facet normal 0.982287 0.187385 4.36786e-07
    outer loop
      vertex -4.93265 -0.773061 220.453
      vertex -4.84292 -1.24345 228
      vertex -4.88713 -1.01168 220.34
    endloop
  endfacet
  facet normal 0.982285 0.187395 7.62227e-07
    outer loop
      vertex -4.88713 -1.01168 220.34
      vertex -4.84292 -1.24345 228
      vertex -4.84465 -1.23435 220.199
    endloop
  endfacet
  facet normal 0.982405 0.186765 0
    outer loop
      vertex -4.84465 -1.23435 220.199
      vertex -4.84292 -1.24345 228
      vertex -4.84292 -1.24345 220.191
    endloop
  endfacet
  facet normal 0.982295 0.18734 4.40743e-07
    outer loop
      vertex -4.84292 -1.24345 174.642
      vertex -4.96057 -0.626666 216.5
      vertex -4.93265 -0.773061 216.547
    endloop
  endfacet
  facet normal 0.982287 0.187385 -8.05579e-08
    outer loop
      vertex -4.84292 -1.24345 174.642
      vertex -4.93265 -0.773061 216.547
      vertex -4.88713 -1.01168 216.66
    endloop
  endfacet
  facet normal 0.982284 0.187396 -1.41126e-07
    outer loop
      vertex -4.84292 -1.24345 174.642
      vertex -4.88713 -1.01168 216.66
      vertex -4.84465 -1.23435 216.801
    endloop
  endfacet
  facet normal 0.982405 0.186765 -0
    outer loop
      vertex -4.84292 -1.24345 174.642
      vertex -4.84465 -1.23435 216.801
      vertex -4.84292 -1.24345 216.809
    endloop
  endfacet
  facet normal 0.98229 0.187369 0
    outer loop
      vertex -4.96057 -0.626666 216.5
      vertex -4.84292 -1.24345 174.642
      vertex -4.96057 -0.626666 174.525
    endloop
  endfacet
  facet normal 0.98229 0.187369 0
    outer loop
      vertex -4.84292 -1.24345 77.3576
      vertex -4.96057 -0.626666 54.5247
      vertex -4.96057 -0.626666 77.4753
    endloop
  endfacet
  facet normal 0.98229 0.187369 0
    outer loop
      vertex -4.96057 -0.626666 54.5247
      vertex -4.84292 -1.24345 77.3576
      vertex -4.84292 -1.24345 54.6424
    endloop
  endfacet
  facet normal 0.98229 0.187369 0
    outer loop
      vertex -4.84292 -1.24345 107.358
      vertex -4.96057 -0.626666 84.5247
      vertex -4.96057 -0.626666 107.475
    endloop
  endfacet
  facet normal 0.98229 0.187369 0
    outer loop
      vertex -4.96057 -0.626666 84.5247
      vertex -4.84292 -1.24345 107.358
      vertex -4.84292 -1.24345 84.6424
    endloop
  endfacet
  facet normal 0.98229 0.187369 0
    outer loop
      vertex -4.84292 -1.24345 137.358
      vertex -4.96057 -0.626666 114.525
      vertex -4.96057 -0.626666 137.475
    endloop
  endfacet
  facet normal 0.98229 0.187369 0
    outer loop
      vertex -4.96057 -0.626666 114.525
      vertex -4.84292 -1.24345 137.358
      vertex -4.84292 -1.24345 114.642
    endloop
  endfacet
  facet normal 0.98229 0.187369 0
    outer loop
      vertex -4.84292 -1.24345 167.358
      vertex -4.96057 -0.626666 144.525
      vertex -4.96057 -0.626666 167.475
    endloop
  endfacet
  facet normal 0.98229 0.187369 0
    outer loop
      vertex -4.96057 -0.626666 144.525
      vertex -4.84292 -1.24345 167.358
      vertex -4.84292 -1.24345 144.642
    endloop
  endfacet
  facet normal 0.998026 0.0627961 0
    outer loop
      vertex -4.96057 -0.626666 47.4753
      vertex -5 0 0
      vertex -5 0 47.5147
    endloop
  endfacet
  facet normal 0.998026 0.0627961 0
    outer loop
      vertex -5 0 0
      vertex -4.96057 -0.626666 47.4753
      vertex -4.96057 -0.626666 0
    endloop
  endfacet
  facet normal 0.998026 0.0627961 0
    outer loop
      vertex -4.96057 -0.626666 228
      vertex -5 0 220.6
      vertex -5 0 228
    endloop
  endfacet
  facet normal 0.998027 0.062794 -1.77153e-07
    outer loop
      vertex -5 0 220.6
      vertex -4.96057 -0.626666 228
      vertex -4.98344 -0.263199 220.583
    endloop
  endfacet
  facet normal 0.998026 0.0627983 3.16365e-08
    outer loop
      vertex -4.98344 -0.263199 220.583
      vertex -4.96057 -0.626666 228
      vertex -4.96714 -0.522248 220.534
    endloop
  endfacet
  facet normal 0.998026 0.062796 0
    outer loop
      vertex -4.96714 -0.522248 220.534
      vertex -4.96057 -0.626666 228
      vertex -4.96057 -0.626666 220.5
    endloop
  endfacet
  facet normal 0.998027 0.062794 3.14467e-08
    outer loop
      vertex -4.96057 -0.626666 174.525
      vertex -5 0 216.4
      vertex -4.98344 -0.263199 216.417
    endloop
  endfacet
  facet normal 0.998026 0.0627983 -5.64391e-09
    outer loop
      vertex -4.96057 -0.626666 174.525
      vertex -4.98344 -0.263199 216.417
      vertex -4.96714 -0.522248 216.466
    endloop
  endfacet
  facet normal 0.998026 0.062796 -0
    outer loop
      vertex -4.96057 -0.626666 174.525
      vertex -4.96714 -0.522248 216.466
      vertex -4.96057 -0.626666 216.5
    endloop
  endfacet
  facet normal 0.998026 0.0627961 0
    outer loop
      vertex -5 0 216.4
      vertex -4.96057 -0.626666 174.525
      vertex -5 0 174.485
    endloop
  endfacet
  facet normal 0.998026 0.0627961 0
    outer loop
      vertex -4.96057 -0.626666 77.4753
      vertex -5 0 54.4853
      vertex -5 0 77.5147
    endloop
  endfacet
  facet normal 0.998026 0.0627961 0
    outer loop
      vertex -5 0 54.4853
      vertex -4.96057 -0.626666 77.4753
      vertex -4.96057 -0.626666 54.5247
    endloop
  endfacet
  facet normal 0.998026 0.0627961 0
    outer loop
      vertex -4.96057 -0.626666 107.475
      vertex -5 0 84.4853
      vertex -5 0 107.515
    endloop
  endfacet
  facet normal 0.998026 0.0627961 0
    outer loop
      vertex -5 0 84.4853
      vertex -4.96057 -0.626666 107.475
      vertex -4.96057 -0.626666 84.5247
    endloop
  endfacet
  facet normal 0.998026 0.0627961 0
    outer loop
      vertex -4.96057 -0.626666 137.475
      vertex -5 0 114.485
      vertex -5 0 137.515
    endloop
  endfacet
  facet normal 0.998026 0.0627961 0
    outer loop
      vertex -5 0 114.485
      vertex -4.96057 -0.626666 137.475
      vertex -4.96057 -0.626666 114.525
    endloop
  endfacet
  facet normal 0.998026 0.0627961 0
    outer loop
      vertex -4.96057 -0.626666 167.475
      vertex -5 0 144.485
      vertex -5 0 167.515
    endloop
  endfacet
  facet normal 0.998026 0.0627961 0
    outer loop
      vertex -5 0 144.485
      vertex -4.96057 -0.626666 167.475
      vertex -4.96057 -0.626666 144.525
    endloop
  endfacet
  facet normal -0.904828 -0.425778 0
    outer loop
      vertex 4.64888 1.84062 0
      vertex 4.38153 2.40877 46.8963
      vertex 4.38153 2.40877 0
    endloop
  endfacet
  facet normal -0.904828 -0.425778 0
    outer loop
      vertex 4.38153 2.40877 46.8963
      vertex 4.64888 1.84062 0
      vertex 4.64888 1.84062 47.1636
    endloop
  endfacet
  facet normal -0.904821 -0.425793 0
    outer loop
      vertex 4.38153 2.40877 175.104
      vertex 4.52878 2.09586 218.368
      vertex 4.38153 2.40877 228
    endloop
  endfacet
  facet normal -0.904895 -0.425635 1.39716e-06
    outer loop
      vertex 4.38153 2.40877 175.104
      vertex 4.54433 2.0628 218.107
      vertex 4.52878 2.09586 218.368
    endloop
  endfacet
  facet normal -0.904825 -0.425784 -6.53879e-08
    outer loop
      vertex 4.38153 2.40877 175.104
      vertex 4.57519 1.99722 217.851
      vertex 4.54433 2.0628 218.107
    endloop
  endfacet
  facet normal -0.9048 -0.425836 -6.82574e-07
    outer loop
      vertex 4.38153 2.40877 175.104
      vertex 4.62088 1.90014 217.606
      vertex 4.57519 1.99722 217.851
    endloop
  endfacet
  facet normal -0.904828 -0.425778 -0
    outer loop
      vertex 4.64888 1.84062 217.498
      vertex 4.38153 2.40877 175.104
      vertex 4.64888 1.84062 174.836
    endloop
  endfacet
  facet normal -0.904873 -0.425682 1.56562e-06
    outer loop
      vertex 4.38153 2.40877 175.104
      vertex 4.64888 1.84062 217.498
      vertex 4.62088 1.90014 217.606
    endloop
  endfacet
  facet normal -0.904821 -0.425793 -0
    outer loop
      vertex 4.52878 2.09586 218.632
      vertex 4.38153 2.40877 228
      vertex 4.52878 2.09586 218.368
    endloop
  endfacet
  facet normal -0.904883 -0.425661 -5.3975e-06
    outer loop
      vertex 4.54433 2.0628 218.893
      vertex 4.38153 2.40877 228
      vertex 4.52878 2.09586 218.632
    endloop
  endfacet
  facet normal -0.904825 -0.425783 2.7733e-07
    outer loop
      vertex 4.57519 1.99722 219.149
      vertex 4.38153 2.40877 228
      vertex 4.54433 2.0628 218.893
    endloop
  endfacet
  facet normal -0.904803 -0.425831 3.02206e-06
    outer loop
      vertex 4.62088 1.90014 219.394
      vertex 4.38153 2.40877 228
      vertex 4.57519 1.99722 219.149
    endloop
  endfacet
  facet normal -0.904869 -0.42569 -7.13479e-06
    outer loop
      vertex 4.64888 1.84062 219.502
      vertex 4.38153 2.40877 228
      vertex 4.62088 1.90014 219.394
    endloop
  endfacet
  facet normal -0.904828 -0.425778 0
    outer loop
      vertex 4.38153 2.40877 228
      vertex 4.64888 1.84062 219.502
      vertex 4.64888 1.84062 228
    endloop
  endfacet
  facet normal -0.904828 -0.425778 0
    outer loop
      vertex 4.64888 1.84062 54.8364
      vertex 4.38153 2.40877 76.8962
      vertex 4.38153 2.40877 55.1037
    endloop
  endfacet
  facet normal -0.904828 -0.425778 0
    outer loop
      vertex 4.38153 2.40877 76.8962
      vertex 4.64888 1.84062 54.8364
      vertex 4.64888 1.84062 77.1636
    endloop
  endfacet
  facet normal -0.904828 -0.425778 0
    outer loop
      vertex 4.64888 1.84062 84.8364
      vertex 4.38153 2.40877 106.896
      vertex 4.38153 2.40877 85.1037
    endloop
  endfacet
  facet normal -0.904828 -0.425778 0
    outer loop
      vertex 4.38153 2.40877 106.896
      vertex 4.64888 1.84062 84.8364
      vertex 4.64888 1.84062 107.164
    endloop
  endfacet
  facet normal -0.904828 -0.425778 0
    outer loop
      vertex 4.64888 1.84062 114.836
      vertex 4.38153 2.40877 136.896
      vertex 4.38153 2.40877 115.104
    endloop
  endfacet
  facet normal -0.904828 -0.425778 0
    outer loop
      vertex 4.38153 2.40877 136.896
      vertex 4.64888 1.84062 114.836
      vertex 4.64888 1.84062 137.164
    endloop
  endfacet
  facet normal -0.904828 -0.425778 0
    outer loop
      vertex 4.64888 1.84062 144.836
      vertex 4.38153 2.40877 166.896
      vertex 4.38153 2.40877 145.104
    endloop
  endfacet
  facet normal -0.904828 -0.425778 0
    outer loop
      vertex 4.38153 2.40877 166.896
      vertex 4.64888 1.84062 144.836
      vertex 4.64888 1.84062 167.164
    endloop
  endfacet
  facet normal 0.125262 -0.992124 0
    outer loop
      vertex -0.936906 4.91144 0
      vertex -0.894136 4.91684 14.2999
      vertex -0.936906 4.91144 14.3234
    endloop
  endfacet
  facet normal 0.125309 -0.992118 -1.41731e-07
    outer loop
      vertex -0.936906 4.91144 0
      vertex -0.648935 4.94781 14.2028
      vertex -0.894136 4.91684 14.2999
    endloop
  endfacet
  facet normal 0.125337 -0.992114 -7.21813e-07
    outer loop
      vertex -0.936906 4.91144 0
      vertex -0.3935 4.98008 14.1372
      vertex -0.648935 4.94781 14.2028
    endloop
  endfacet
  facet normal 0.125342 -0.992114 -9.26714e-07
    outer loop
      vertex -0.936906 4.91144 0
      vertex -0.313952 4.99013 14.1271
      vertex -0.3935 4.98008 14.1372
    endloop
  endfacet
  facet normal 0.125322 -0.992116 0
    outer loop
      vertex -0.313952 4.99013 14.1271
      vertex -0.936906 4.91144 0
      vertex -0.313952 4.99013 0
    endloop
  endfacet
  facet normal 0.125322 -0.992116 0
    outer loop
      vertex -0.936906 4.91144 228
      vertex -0.313952 4.99013 179.171
      vertex -0.313952 4.99013 228
    endloop
  endfacet
  facet normal 0.125322 -0.992116 0
    outer loop
      vertex -0.313952 4.99013 179.171
      vertex -0.936906 4.91144 228
      vertex -0.936906 4.91144 178.548
    endloop
  endfacet
  facet normal 0.125322 -0.992116 0
    outer loop
      vertex -0.936906 4.91144 18.0766
      vertex -0.313952 4.99013 42.8287
      vertex -0.936906 4.91144 43.4516
    endloop
  endfacet
  facet normal 0.125342 -0.992114 0
    outer loop
      vertex -0.313952 4.99013 42.8287
      vertex -0.3935 4.98008 18.2628
      vertex -0.313952 4.99013 18.2729
    endloop
  endfacet
  facet normal 0.125337 -0.992114 1.70564e-08
    outer loop
      vertex -0.313952 4.99013 42.8287
      vertex -0.648935 4.94781 18.1972
      vertex -0.3935 4.98008 18.2628
    endloop
  endfacet
  facet normal 0.125309 -0.992118 4.10052e-07
    outer loop
      vertex -0.313952 4.99013 42.8287
      vertex -0.894136 4.91684 18.1001
      vertex -0.648935 4.94781 18.1972
    endloop
  endfacet
  facet normal 0.125261 -0.992124 1.53921e-06
    outer loop
      vertex -0.313952 4.99013 42.8287
      vertex -0.936906 4.91144 18.0766
      vertex -0.894136 4.91684 18.1001
    endloop
  endfacet
  facet normal 0.125322 -0.992116 0
    outer loop
      vertex -0.936906 4.91144 73.4516
      vertex -0.313952 4.99013 59.1713
      vertex -0.313952 4.99013 72.8287
    endloop
  endfacet
  facet normal 0.125322 -0.992116 0
    outer loop
      vertex -0.313952 4.99013 59.1713
      vertex -0.936906 4.91144 73.4516
      vertex -0.936906 4.91144 58.5484
    endloop
  endfacet
  facet normal 0.125322 -0.992116 0
    outer loop
      vertex -0.936906 4.91144 103.452
      vertex -0.313952 4.99013 89.1713
      vertex -0.313952 4.99013 102.829
    endloop
  endfacet
  facet normal 0.125322 -0.992116 0
    outer loop
      vertex -0.313952 4.99013 89.1713
      vertex -0.936906 4.91144 103.452
      vertex -0.936906 4.91144 88.5484
    endloop
  endfacet
  facet normal 0.125322 -0.992116 0
    outer loop
      vertex -0.936906 4.91144 133.452
      vertex -0.313952 4.99013 119.171
      vertex -0.313952 4.99013 132.829
    endloop
  endfacet
  facet normal 0.125322 -0.992116 0
    outer loop
      vertex -0.313952 4.99013 119.171
      vertex -0.936906 4.91144 133.452
      vertex -0.936906 4.91144 118.548
    endloop
  endfacet
  facet normal 0.125322 -0.992116 0
    outer loop
      vertex -0.936906 4.91144 163.452
      vertex -0.313952 4.99013 149.171
      vertex -0.313952 4.99013 162.829
    endloop
  endfacet
  facet normal 0.125322 -0.992116 0
    outer loop
      vertex -0.313952 4.99013 149.171
      vertex -0.936906 4.91144 163.452
      vertex -0.936906 4.91144 148.548
    endloop
  endfacet
  facet normal 0.587779 -0.809022 0
    outer loop
      vertex -3.18712 3.85257 0
      vertex -2.67913 4.22164 45.1939
      vertex -3.18712 3.85257 45.7018
    endloop
  endfacet
  facet normal 0.587779 -0.809022 0
    outer loop
      vertex -2.67913 4.22164 45.1939
      vertex -3.18712 3.85257 0
      vertex -2.67913 4.22164 0
    endloop
  endfacet
  facet normal 0.587779 -0.809022 0
    outer loop
      vertex -3.18712 3.85257 228
      vertex -2.67913 4.22164 176.806
      vertex -2.67913 4.22164 228
    endloop
  endfacet
  facet normal 0.587779 -0.809022 0
    outer loop
      vertex -2.67913 4.22164 176.806
      vertex -3.18712 3.85257 228
      vertex -3.18712 3.85257 176.298
    endloop
  endfacet
  facet normal 0.587779 -0.809022 0
    outer loop
      vertex -3.18712 3.85257 75.7018
      vertex -2.67913 4.22164 56.8061
      vertex -2.67913 4.22164 75.1939
    endloop
  endfacet
  facet normal 0.587779 -0.809022 0
    outer loop
      vertex -2.67913 4.22164 56.8061
      vertex -3.18712 3.85257 75.7018
      vertex -3.18712 3.85257 56.2982
    endloop
  endfacet
  facet normal 0.587779 -0.809022 0
    outer loop
      vertex -3.18712 3.85257 105.702
      vertex -2.67913 4.22164 86.8061
      vertex -2.67913 4.22164 105.194
    endloop
  endfacet
  facet normal 0.587779 -0.809022 0
    outer loop
      vertex -2.67913 4.22164 86.8061
      vertex -3.18712 3.85257 105.702
      vertex -3.18712 3.85257 86.2982
    endloop
  endfacet
  facet normal 0.587779 -0.809022 0
    outer loop
      vertex -3.18712 3.85257 135.702
      vertex -2.67913 4.22164 116.806
      vertex -2.67913 4.22164 135.194
    endloop
  endfacet
  facet normal 0.587779 -0.809022 0
    outer loop
      vertex -2.67913 4.22164 116.806
      vertex -3.18712 3.85257 135.702
      vertex -3.18712 3.85257 116.298
    endloop
  endfacet
  facet normal 0.587779 -0.809022 0
    outer loop
      vertex -3.18712 3.85257 165.702
      vertex -2.67913 4.22164 146.806
      vertex -2.67913 4.22164 165.194
    endloop
  endfacet
  facet normal 0.587779 -0.809022 0
    outer loop
      vertex -2.67913 4.22164 146.806
      vertex -3.18712 3.85257 165.702
      vertex -3.18712 3.85257 146.298
    endloop
  endfacet
  facet normal -0.904828 0.425778 0
    outer loop
      vertex 4.38153 -2.40877 46.8963
      vertex 4.64888 -1.84062 0
      vertex 4.38153 -2.40877 0
    endloop
  endfacet
  facet normal -0.904828 0.425778 0
    outer loop
      vertex 4.64888 -1.84062 0
      vertex 4.38153 -2.40877 46.8963
      vertex 4.64888 -1.84062 47.1636
    endloop
  endfacet
  facet normal -0.904828 0.425778 0
    outer loop
      vertex 4.38153 -2.40877 175.104
      vertex 4.64888 -1.84062 217.498
      vertex 4.64888 -1.84062 174.836
    endloop
  endfacet
  facet normal -0.904873 0.425682 1.56562e-06
    outer loop
      vertex 4.64888 -1.84062 217.498
      vertex 4.38153 -2.40877 175.104
      vertex 4.62088 -1.90014 217.606
    endloop
  endfacet
  facet normal -0.9048 0.425836 -6.82574e-07
    outer loop
      vertex 4.62088 -1.90014 217.606
      vertex 4.38153 -2.40877 175.104
      vertex 4.57519 -1.99722 217.851
    endloop
  endfacet
  facet normal -0.904825 0.425784 -6.53879e-08
    outer loop
      vertex 4.57519 -1.99722 217.851
      vertex 4.38153 -2.40877 175.104
      vertex 4.54433 -2.0628 218.107
    endloop
  endfacet
  facet normal -0.904821 0.425793 0
    outer loop
      vertex 4.38153 -2.40877 228
      vertex 4.52878 -2.09586 218.368
      vertex 4.38153 -2.40877 175.104
    endloop
  endfacet
  facet normal -0.904895 0.425635 1.39716e-06
    outer loop
      vertex 4.54433 -2.0628 218.107
      vertex 4.38153 -2.40877 175.104
      vertex 4.52878 -2.09586 218.368
    endloop
  endfacet
  facet normal -0.904869 0.42569 -7.13479e-06
    outer loop
      vertex 4.38153 -2.40877 228
      vertex 4.64888 -1.84062 219.502
      vertex 4.62088 -1.90014 219.394
    endloop
  endfacet
  facet normal -0.904803 0.425831 3.02206e-06
    outer loop
      vertex 4.38153 -2.40877 228
      vertex 4.62088 -1.90014 219.394
      vertex 4.57519 -1.99722 219.149
    endloop
  endfacet
  facet normal -0.904825 0.425783 2.7733e-07
    outer loop
      vertex 4.38153 -2.40877 228
      vertex 4.57519 -1.99722 219.149
      vertex 4.54433 -2.0628 218.893
    endloop
  endfacet
  facet normal -0.904883 0.425661 -5.3975e-06
    outer loop
      vertex 4.38153 -2.40877 228
      vertex 4.54433 -2.0628 218.893
      vertex 4.52878 -2.09586 218.632
    endloop
  endfacet
  facet normal -0.904828 0.425778 0
    outer loop
      vertex 4.64888 -1.84062 219.502
      vertex 4.38153 -2.40877 228
      vertex 4.64888 -1.84062 228
    endloop
  endfacet
  facet normal -0.904821 0.425793 0
    outer loop
      vertex 4.52878 -2.09586 218.368
      vertex 4.38153 -2.40877 228
      vertex 4.52878 -2.09586 218.632
    endloop
  endfacet
  facet normal -0.904828 0.425778 0
    outer loop
      vertex 4.38153 -2.40877 55.1037
      vertex 4.64888 -1.84062 77.1636
      vertex 4.64888 -1.84062 54.8364
    endloop
  endfacet
  facet normal -0.904828 0.425778 0
    outer loop
      vertex 4.64888 -1.84062 77.1636
      vertex 4.38153 -2.40877 55.1037
      vertex 4.38153 -2.40877 76.8962
    endloop
  endfacet
  facet normal -0.904828 0.425778 0
    outer loop
      vertex 4.38153 -2.40877 85.1037
      vertex 4.64888 -1.84062 107.164
      vertex 4.64888 -1.84062 84.8364
    endloop
  endfacet
  facet normal -0.904828 0.425778 0
    outer loop
      vertex 4.64888 -1.84062 107.164
      vertex 4.38153 -2.40877 85.1037
      vertex 4.38153 -2.40877 106.896
    endloop
  endfacet
  facet normal -0.904828 0.425778 0
    outer loop
      vertex 4.38153 -2.40877 115.104
      vertex 4.64888 -1.84062 137.164
      vertex 4.64888 -1.84062 114.836
    endloop
  endfacet
  facet normal -0.904828 0.425778 0
    outer loop
      vertex 4.64888 -1.84062 137.164
      vertex 4.38153 -2.40877 115.104
      vertex 4.38153 -2.40877 136.896
    endloop
  endfacet
  facet normal -0.904828 0.425778 0
    outer loop
      vertex 4.38153 -2.40877 145.104
      vertex 4.64888 -1.84062 167.164
      vertex 4.64888 -1.84062 144.836
    endloop
  endfacet
  facet normal -0.904828 0.425778 0
    outer loop
      vertex 4.64888 -1.84062 167.164
      vertex 4.38153 -2.40877 145.104
      vertex 4.38153 -2.40877 166.896
    endloop
  endfacet
  facet normal 0.248701 0.96858 0
    outer loop
      vertex -1.54508 -4.75528 0
      vertex -0.936906 -4.91144 14.3234
      vertex -0.936906 -4.91144 0
    endloop
  endfacet
  facet normal 0.248709 0.968578 -3.70936e-07
    outer loop
      vertex -0.936906 -4.91144 14.3234
      vertex -1.54508 -4.75528 0
      vertex -1.12524 -4.86308 14.4269
    endloop
  endfacet
  facet normal 0.248694 0.968582 9.08473e-08
    outer loop
      vertex -1.12524 -4.86308 14.4269
      vertex -1.54508 -4.75528 0
      vertex -1.33859 -4.8083 14.5819
    endloop
  endfacet
  facet normal 0.248695 0.968582 7.44718e-08
    outer loop
      vertex -1.33859 -4.8083 14.5819
      vertex -1.54508 -4.75528 0
      vertex -1.53083 -4.75894 14.7625
    endloop
  endfacet
  facet normal 0.248768 0.968563 0
    outer loop
      vertex -1.53083 -4.75894 14.7625
      vertex -1.54508 -4.75528 0
      vertex -1.54508 -4.75528 14.7797
    endloop
  endfacet
  facet normal 0.248701 0.96858 -0
    outer loop
      vertex -0.936906 -4.91144 178.548
      vertex -1.54508 -4.75528 228
      vertex -0.936906 -4.91144 228
    endloop
  endfacet
  facet normal 0.248701 0.96858 0
    outer loop
      vertex -1.54508 -4.75528 228
      vertex -0.936906 -4.91144 178.548
      vertex -1.54508 -4.75528 177.94
    endloop
  endfacet
  facet normal 0.248709 0.968578 0
    outer loop
      vertex -1.12524 -4.86308 17.9731
      vertex -0.936906 -4.91144 43.4516
      vertex -0.936906 -4.91144 18.0766
    endloop
  endfacet
  facet normal 0.248694 0.968582 1.19935e-07
    outer loop
      vertex -1.33859 -4.8083 17.8181
      vertex -0.936906 -4.91144 43.4516
      vertex -1.12524 -4.86308 17.9731
    endloop
  endfacet
  facet normal 0.248695 0.968582 1.02012e-07
    outer loop
      vertex -1.53083 -4.75894 17.6375
      vertex -0.936906 -4.91144 43.4516
      vertex -1.33859 -4.8083 17.8181
    endloop
  endfacet
  facet normal 0.248701 0.96858 -3.84062e-08
    outer loop
      vertex -0.936906 -4.91144 43.4516
      vertex -1.53083 -4.75894 17.6375
      vertex -1.54508 -4.75528 44.0598
    endloop
  endfacet
  facet normal 0.248768 0.968563 0
    outer loop
      vertex -1.54508 -4.75528 44.0598
      vertex -1.53083 -4.75894 17.6375
      vertex -1.54508 -4.75528 17.6203
    endloop
  endfacet
  facet normal 0.248701 0.96858 -0
    outer loop
      vertex -0.936906 -4.91144 58.5484
      vertex -1.54508 -4.75528 74.0598
      vertex -0.936906 -4.91144 73.4516
    endloop
  endfacet
  facet normal 0.248701 0.96858 0
    outer loop
      vertex -1.54508 -4.75528 74.0598
      vertex -0.936906 -4.91144 58.5484
      vertex -1.54508 -4.75528 57.9402
    endloop
  endfacet
  facet normal 0.248701 0.96858 -0
    outer loop
      vertex -0.936906 -4.91144 88.5484
      vertex -1.54508 -4.75528 104.06
      vertex -0.936906 -4.91144 103.452
    endloop
  endfacet
  facet normal 0.248701 0.96858 0
    outer loop
      vertex -1.54508 -4.75528 104.06
      vertex -0.936906 -4.91144 88.5484
      vertex -1.54508 -4.75528 87.9402
    endloop
  endfacet
  facet normal 0.248701 0.96858 -0
    outer loop
      vertex -0.936906 -4.91144 118.548
      vertex -1.54508 -4.75528 134.06
      vertex -0.936906 -4.91144 133.452
    endloop
  endfacet
  facet normal 0.248701 0.96858 0
    outer loop
      vertex -1.54508 -4.75528 134.06
      vertex -0.936906 -4.91144 118.548
      vertex -1.54508 -4.75528 117.94
    endloop
  endfacet
  facet normal 0.248701 0.96858 -0
    outer loop
      vertex -0.936906 -4.91144 148.548
      vertex -1.54508 -4.75528 164.06
      vertex -0.936906 -4.91144 163.452
    endloop
  endfacet
  facet normal 0.248701 0.96858 0
    outer loop
      vertex -1.54508 -4.75528 164.06
      vertex -0.936906 -4.91144 148.548
      vertex -1.54508 -4.75528 147.94
    endloop
  endfacet
  facet normal -0.587779 -0.809022 0
    outer loop
      vertex 3.18712 3.85257 0
      vertex 2.67913 4.22164 45.1939
      vertex 2.67913 4.22164 0
    endloop
  endfacet
  facet normal -0.587779 -0.809022 0
    outer loop
      vertex 2.67913 4.22164 45.1939
      vertex 3.18712 3.85257 0
      vertex 3.18712 3.85257 45.7018
    endloop
  endfacet
  facet normal -0.587779 -0.809022 0
    outer loop
      vertex 2.67913 4.22164 176.806
      vertex 3.18712 3.85257 228
      vertex 2.67913 4.22164 228
    endloop
  endfacet
  facet normal -0.587779 -0.809022 -0
    outer loop
      vertex 3.18712 3.85257 228
      vertex 2.67913 4.22164 176.806
      vertex 3.18712 3.85257 176.298
    endloop
  endfacet
  facet normal -0.587779 -0.809022 0
    outer loop
      vertex 2.67913 4.22164 56.8061
      vertex 3.18712 3.85257 75.7018
      vertex 2.67913 4.22164 75.1939
    endloop
  endfacet
  facet normal -0.587779 -0.809022 -0
    outer loop
      vertex 3.18712 3.85257 75.7018
      vertex 2.67913 4.22164 56.8061
      vertex 3.18712 3.85257 56.2982
    endloop
  endfacet
  facet normal -0.587779 -0.809022 0
    outer loop
      vertex 2.67913 4.22164 86.8061
      vertex 3.18712 3.85257 105.702
      vertex 2.67913 4.22164 105.194
    endloop
  endfacet
  facet normal -0.587779 -0.809022 -0
    outer loop
      vertex 3.18712 3.85257 105.702
      vertex 2.67913 4.22164 86.8061
      vertex 3.18712 3.85257 86.2982
    endloop
  endfacet
  facet normal -0.587779 -0.809022 0
    outer loop
      vertex 2.67913 4.22164 116.806
      vertex 3.18712 3.85257 135.702
      vertex 2.67913 4.22164 135.194
    endloop
  endfacet
  facet normal -0.587779 -0.809022 -0
    outer loop
      vertex 3.18712 3.85257 135.702
      vertex 2.67913 4.22164 116.806
      vertex 3.18712 3.85257 116.298
    endloop
  endfacet
  facet normal -0.587779 -0.809022 0
    outer loop
      vertex 2.67913 4.22164 146.806
      vertex 3.18712 3.85257 165.702
      vertex 2.67913 4.22164 165.194
    endloop
  endfacet
  facet normal -0.587779 -0.809022 -0
    outer loop
      vertex 3.18712 3.85257 165.702
      vertex 2.67913 4.22164 146.806
      vertex 3.18712 3.85257 146.298
    endloop
  endfacet
  facet normal 0.481752 0.876308 0
    outer loop
      vertex -2.67913 -4.22164 0
      vertex -2.1289 -4.52413 44.6436
      vertex -2.1289 -4.52413 0
    endloop
  endfacet
  facet normal 0.481752 0.876308 0
    outer loop
      vertex -2.1289 -4.52413 44.6436
      vertex -2.67913 -4.22164 0
      vertex -2.67913 -4.22164 45.1939
    endloop
  endfacet
  facet normal 0.481752 0.876308 -0
    outer loop
      vertex -2.1289 -4.52413 177.356
      vertex -2.67913 -4.22164 228
      vertex -2.1289 -4.52413 228
    endloop
  endfacet
  facet normal 0.481752 0.876308 0
    outer loop
      vertex -2.67913 -4.22164 228
      vertex -2.1289 -4.52413 177.356
      vertex -2.67913 -4.22164 176.806
    endloop
  endfacet
  facet normal 0.481752 0.876308 -0
    outer loop
      vertex -2.1289 -4.52413 57.3564
      vertex -2.67913 -4.22164 75.1939
      vertex -2.1289 -4.52413 74.6436
    endloop
  endfacet
  facet normal 0.481752 0.876308 0
    outer loop
      vertex -2.67913 -4.22164 75.1939
      vertex -2.1289 -4.52413 57.3564
      vertex -2.67913 -4.22164 56.8061
    endloop
  endfacet
  facet normal 0.481752 0.876308 -0
    outer loop
      vertex -2.1289 -4.52413 87.3564
      vertex -2.67913 -4.22164 105.194
      vertex -2.1289 -4.52413 104.644
    endloop
  endfacet
  facet normal 0.481752 0.876308 0
    outer loop
      vertex -2.67913 -4.22164 105.194
      vertex -2.1289 -4.52413 87.3564
      vertex -2.67913 -4.22164 86.8061
    endloop
  endfacet
  facet normal 0.481752 0.876308 -0
    outer loop
      vertex -2.1289 -4.52413 117.356
      vertex -2.67913 -4.22164 135.194
      vertex -2.1289 -4.52413 134.644
    endloop
  endfacet
  facet normal 0.481752 0.876308 0
    outer loop
      vertex -2.67913 -4.22164 135.194
      vertex -2.1289 -4.52413 117.356
      vertex -2.67913 -4.22164 116.806
    endloop
  endfacet
  facet normal 0.481752 0.876308 -0
    outer loop
      vertex -2.1289 -4.52413 147.356
      vertex -2.67913 -4.22164 165.194
      vertex -2.1289 -4.52413 164.644
    endloop
  endfacet
  facet normal 0.481752 0.876308 0
    outer loop
      vertex -2.67913 -4.22164 165.194
      vertex -2.1289 -4.52413 147.356
      vertex -2.67913 -4.22164 146.806
    endloop
  endfacet
  facet normal -0.248768 0.968563 0
    outer loop
      vertex 1.54508 -4.75528 0
      vertex 1.53083 -4.75894 14.7625
      vertex 1.54508 -4.75528 14.7797
    endloop
  endfacet
  facet normal -0.248695 0.968582 7.44718e-08
    outer loop
      vertex 1.54508 -4.75528 0
      vertex 1.33859 -4.8083 14.5819
      vertex 1.53083 -4.75894 14.7625
    endloop
  endfacet
  facet normal -0.248694 0.968582 9.08473e-08
    outer loop
      vertex 1.54508 -4.75528 0
      vertex 1.12524 -4.86308 14.4269
      vertex 1.33859 -4.8083 14.5819
    endloop
  endfacet
  facet normal -0.248709 0.968578 -3.70936e-07
    outer loop
      vertex 1.54508 -4.75528 0
      vertex 0.936906 -4.91144 14.3234
      vertex 1.12524 -4.86308 14.4269
    endloop
  endfacet
  facet normal -0.248701 0.96858 0
    outer loop
      vertex 0.936906 -4.91144 14.3234
      vertex 1.54508 -4.75528 0
      vertex 0.936906 -4.91144 0
    endloop
  endfacet
  facet normal -0.248701 0.96858 0
    outer loop
      vertex 1.54508 -4.75528 228
      vertex 0.936906 -4.91144 178.548
      vertex 0.936906 -4.91144 228
    endloop
  endfacet
  facet normal -0.248701 0.96858 0
    outer loop
      vertex 0.936906 -4.91144 178.548
      vertex 1.54508 -4.75528 228
      vertex 1.54508 -4.75528 177.94
    endloop
  endfacet
  facet normal -0.248701 0.96858 -3.84062e-08
    outer loop
      vertex 1.53083 -4.75894 17.6375
      vertex 0.936906 -4.91144 43.4516
      vertex 1.54508 -4.75528 44.0598
    endloop
  endfacet
  facet normal -0.248709 0.968578 0
    outer loop
      vertex 0.936906 -4.91144 43.4516
      vertex 1.12524 -4.86308 17.9731
      vertex 0.936906 -4.91144 18.0766
    endloop
  endfacet
  facet normal -0.248694 0.968582 1.19935e-07
    outer loop
      vertex 0.936906 -4.91144 43.4516
      vertex 1.33859 -4.8083 17.8181
      vertex 1.12524 -4.86308 17.9731
    endloop
  endfacet
  facet normal -0.248695 0.968582 1.02012e-07
    outer loop
      vertex 0.936906 -4.91144 43.4516
      vertex 1.53083 -4.75894 17.6375
      vertex 1.33859 -4.8083 17.8181
    endloop
  endfacet
  facet normal -0.248768 0.968563 0
    outer loop
      vertex 1.53083 -4.75894 17.6375
      vertex 1.54508 -4.75528 44.0598
      vertex 1.54508 -4.75528 17.6203
    endloop
  endfacet
  facet normal -0.248701 0.96858 0
    outer loop
      vertex 1.54508 -4.75528 74.0598
      vertex 0.936906 -4.91144 58.5484
      vertex 0.936906 -4.91144 73.4516
    endloop
  endfacet
  facet normal -0.248701 0.96858 0
    outer loop
      vertex 0.936906 -4.91144 58.5484
      vertex 1.54508 -4.75528 74.0598
      vertex 1.54508 -4.75528 57.9402
    endloop
  endfacet
  facet normal -0.248701 0.96858 0
    outer loop
      vertex 1.54508 -4.75528 104.06
      vertex 0.936906 -4.91144 88.5484
      vertex 0.936906 -4.91144 103.452
    endloop
  endfacet
  facet normal -0.248701 0.96858 0
    outer loop
      vertex 0.936906 -4.91144 88.5484
      vertex 1.54508 -4.75528 104.06
      vertex 1.54508 -4.75528 87.9402
    endloop
  endfacet
  facet normal -0.248701 0.96858 0
    outer loop
      vertex 1.54508 -4.75528 134.06
      vertex 0.936906 -4.91144 118.548
      vertex 0.936906 -4.91144 133.452
    endloop
  endfacet
  facet normal -0.248701 0.96858 0
    outer loop
      vertex 0.936906 -4.91144 118.548
      vertex 1.54508 -4.75528 134.06
      vertex 1.54508 -4.75528 117.94
    endloop
  endfacet
  facet normal -0.248701 0.96858 0
    outer loop
      vertex 1.54508 -4.75528 164.06
      vertex 0.936906 -4.91144 148.548
      vertex 0.936906 -4.91144 163.452
    endloop
  endfacet
  facet normal -0.248701 0.96858 0
    outer loop
      vertex 0.936906 -4.91144 148.548
      vertex 1.54508 -4.75528 164.06
      vertex 1.54508 -4.75528 147.94
    endloop
  endfacet
  facet normal 0.248768 -0.968563 0
    outer loop
      vertex -1.54508 4.75528 0
      vertex -1.53083 4.75894 14.7625
      vertex -1.54508 4.75528 14.7797
    endloop
  endfacet
  facet normal 0.248695 -0.968582 7.44718e-08
    outer loop
      vertex -1.54508 4.75528 0
      vertex -1.33859 4.8083 14.5819
      vertex -1.53083 4.75894 14.7625
    endloop
  endfacet
  facet normal 0.248694 -0.968582 9.08473e-08
    outer loop
      vertex -1.54508 4.75528 0
      vertex -1.12524 4.86308 14.4269
      vertex -1.33859 4.8083 14.5819
    endloop
  endfacet
  facet normal 0.248709 -0.968578 -3.70936e-07
    outer loop
      vertex -1.54508 4.75528 0
      vertex -0.936906 4.91144 14.3234
      vertex -1.12524 4.86308 14.4269
    endloop
  endfacet
  facet normal 0.248701 -0.96858 0
    outer loop
      vertex -0.936906 4.91144 14.3234
      vertex -1.54508 4.75528 0
      vertex -0.936906 4.91144 0
    endloop
  endfacet
  facet normal 0.248701 -0.96858 0
    outer loop
      vertex -1.54508 4.75528 228
      vertex -0.936906 4.91144 178.548
      vertex -0.936906 4.91144 228
    endloop
  endfacet
  facet normal 0.248701 -0.96858 0
    outer loop
      vertex -0.936906 4.91144 178.548
      vertex -1.54508 4.75528 228
      vertex -1.54508 4.75528 177.94
    endloop
  endfacet
  facet normal 0.248701 -0.96858 -3.84062e-08
    outer loop
      vertex -1.53083 4.75894 17.6375
      vertex -0.936906 4.91144 43.4516
      vertex -1.54508 4.75528 44.0598
    endloop
  endfacet
  facet normal 0.248709 -0.968578 0
    outer loop
      vertex -0.936906 4.91144 43.4516
      vertex -1.12524 4.86308 17.9731
      vertex -0.936906 4.91144 18.0766
    endloop
  endfacet
  facet normal 0.248694 -0.968582 1.19935e-07
    outer loop
      vertex -0.936906 4.91144 43.4516
      vertex -1.33859 4.8083 17.8181
      vertex -1.12524 4.86308 17.9731
    endloop
  endfacet
  facet normal 0.248695 -0.968582 1.02012e-07
    outer loop
      vertex -0.936906 4.91144 43.4516
      vertex -1.53083 4.75894 17.6375
      vertex -1.33859 4.8083 17.8181
    endloop
  endfacet
  facet normal 0.248768 -0.968563 0
    outer loop
      vertex -1.53083 4.75894 17.6375
      vertex -1.54508 4.75528 44.0598
      vertex -1.54508 4.75528 17.6203
    endloop
  endfacet
  facet normal 0.248701 -0.96858 0
    outer loop
      vertex -1.54508 4.75528 74.0598
      vertex -0.936906 4.91144 58.5484
      vertex -0.936906 4.91144 73.4516
    endloop
  endfacet
  facet normal 0.248701 -0.96858 0
    outer loop
      vertex -0.936906 4.91144 58.5484
      vertex -1.54508 4.75528 74.0598
      vertex -1.54508 4.75528 57.9402
    endloop
  endfacet
  facet normal 0.248701 -0.96858 0
    outer loop
      vertex -1.54508 4.75528 104.06
      vertex -0.936906 4.91144 88.5484
      vertex -0.936906 4.91144 103.452
    endloop
  endfacet
  facet normal 0.248701 -0.96858 0
    outer loop
      vertex -0.936906 4.91144 88.5484
      vertex -1.54508 4.75528 104.06
      vertex -1.54508 4.75528 87.9402
    endloop
  endfacet
  facet normal 0.248701 -0.96858 0
    outer loop
      vertex -1.54508 4.75528 134.06
      vertex -0.936906 4.91144 118.548
      vertex -0.936906 4.91144 133.452
    endloop
  endfacet
  facet normal 0.248701 -0.96858 0
    outer loop
      vertex -0.936906 4.91144 118.548
      vertex -1.54508 4.75528 134.06
      vertex -1.54508 4.75528 117.94
    endloop
  endfacet
  facet normal 0.248701 -0.96858 0
    outer loop
      vertex -1.54508 4.75528 164.06
      vertex -0.936906 4.91144 148.548
      vertex -0.936906 4.91144 163.452
    endloop
  endfacet
  facet normal 0.248701 -0.96858 0
    outer loop
      vertex -0.936906 4.91144 148.548
      vertex -1.54508 4.75528 164.06
      vertex -1.54508 4.75528 147.94
    endloop
  endfacet
  facet normal 0.481752 -0.876308 0
    outer loop
      vertex -2.67913 4.22164 0
      vertex -2.1289 4.52413 44.6436
      vertex -2.67913 4.22164 45.1939
    endloop
  endfacet
  facet normal 0.481752 -0.876308 0
    outer loop
      vertex -2.1289 4.52413 44.6436
      vertex -2.67913 4.22164 0
      vertex -2.1289 4.52413 0
    endloop
  endfacet
  facet normal 0.481752 -0.876308 0
    outer loop
      vertex -2.67913 4.22164 228
      vertex -2.1289 4.52413 177.356
      vertex -2.1289 4.52413 228
    endloop
  endfacet
  facet normal 0.481752 -0.876308 0
    outer loop
      vertex -2.1289 4.52413 177.356
      vertex -2.67913 4.22164 228
      vertex -2.67913 4.22164 176.806
    endloop
  endfacet
  facet normal 0.481752 -0.876308 0
    outer loop
      vertex -2.67913 4.22164 75.1939
      vertex -2.1289 4.52413 57.3564
      vertex -2.1289 4.52413 74.6436
    endloop
  endfacet
  facet normal 0.481752 -0.876308 0
    outer loop
      vertex -2.1289 4.52413 57.3564
      vertex -2.67913 4.22164 75.1939
      vertex -2.67913 4.22164 56.8061
    endloop
  endfacet
  facet normal 0.481752 -0.876308 0
    outer loop
      vertex -2.67913 4.22164 105.194
      vertex -2.1289 4.52413 87.3564
      vertex -2.1289 4.52413 104.644
    endloop
  endfacet
  facet normal 0.481752 -0.876308 0
    outer loop
      vertex -2.1289 4.52413 87.3564
      vertex -2.67913 4.22164 105.194
      vertex -2.67913 4.22164 86.8061
    endloop
  endfacet
  facet normal 0.481752 -0.876308 0
    outer loop
      vertex -2.67913 4.22164 135.194
      vertex -2.1289 4.52413 117.356
      vertex -2.1289 4.52413 134.644
    endloop
  endfacet
  facet normal 0.481752 -0.876308 0
    outer loop
      vertex -2.1289 4.52413 117.356
      vertex -2.67913 4.22164 135.194
      vertex -2.67913 4.22164 116.806
    endloop
  endfacet
  facet normal 0.481752 -0.876308 0
    outer loop
      vertex -2.67913 4.22164 165.194
      vertex -2.1289 4.52413 147.356
      vertex -2.1289 4.52413 164.644
    endloop
  endfacet
  facet normal 0.481752 -0.876308 0
    outer loop
      vertex -2.1289 4.52413 147.356
      vertex -2.67913 4.22164 165.194
      vertex -2.67913 4.22164 146.806
    endloop
  endfacet
  facet normal -0.951053 0.309028 0
    outer loop
      vertex 4.64888 -1.84062 47.1636
      vertex 4.84292 -1.24345 0
      vertex 4.64888 -1.84062 0
    endloop
  endfacet
  facet normal -0.951053 0.309028 0
    outer loop
      vertex 4.84292 -1.24345 0
      vertex 4.64888 -1.84062 47.1636
      vertex 4.84292 -1.24345 47.3576
    endloop
  endfacet
  facet normal -0.951052 0.309031 2.05347e-07
    outer loop
      vertex 4.64888 -1.84062 228
      vertex 4.84292 -1.24345 220.191
      vertex 4.77985 -1.43755 220.031
    endloop
  endfacet
  facet normal -0.951053 0.309028 4.52305e-08
    outer loop
      vertex 4.64888 -1.84062 228
      vertex 4.77985 -1.43755 220.031
      vertex 4.72119 -1.61808 219.839
    endloop
  endfacet
  facet normal -0.951066 0.308986 -1.20178e-06
    outer loop
      vertex 4.64888 -1.84062 228
      vertex 4.72119 -1.61808 219.839
      vertex 4.67083 -1.77309 219.625
    endloop
  endfacet
  facet normal -0.951023 0.309121 0
    outer loop
      vertex 4.64888 -1.84062 228
      vertex 4.67083 -1.77309 219.625
      vertex 4.64888 -1.84062 219.502
    endloop
  endfacet
  facet normal -0.951053 0.309028 0
    outer loop
      vertex 4.84292 -1.24345 220.191
      vertex 4.64888 -1.84062 228
      vertex 4.84292 -1.24345 228
    endloop
  endfacet
  facet normal -0.951053 0.309028 0
    outer loop
      vertex 4.64888 -1.84062 174.836
      vertex 4.84292 -1.24345 216.809
      vertex 4.84292 -1.24345 174.642
    endloop
  endfacet
  facet normal -0.951052 0.309031 -4.0142e-08
    outer loop
      vertex 4.84292 -1.24345 216.809
      vertex 4.64888 -1.84062 174.836
      vertex 4.77985 -1.43755 216.969
    endloop
  endfacet
  facet normal -0.951053 0.309028 -8.92425e-09
    outer loop
      vertex 4.77985 -1.43755 216.969
      vertex 4.64888 -1.84062 174.836
      vertex 4.72119 -1.61808 217.161
    endloop
  endfacet
  facet normal -0.951067 0.308985 2.38716e-07
    outer loop
      vertex 4.72119 -1.61808 217.161
      vertex 4.64888 -1.84062 174.836
      vertex 4.67083 -1.77309 217.375
    endloop
  endfacet
  facet normal -0.951023 0.309121 0
    outer loop
      vertex 4.67083 -1.77309 217.375
      vertex 4.64888 -1.84062 174.836
      vertex 4.64888 -1.84062 217.498
    endloop
  endfacet
  facet normal -0.951053 0.309028 0
    outer loop
      vertex 4.64888 -1.84062 54.8364
      vertex 4.84292 -1.24345 77.3576
      vertex 4.84292 -1.24345 54.6424
    endloop
  endfacet
  facet normal -0.951053 0.309028 0
    outer loop
      vertex 4.84292 -1.24345 77.3576
      vertex 4.64888 -1.84062 54.8364
      vertex 4.64888 -1.84062 77.1636
    endloop
  endfacet
  facet normal -0.951053 0.309028 0
    outer loop
      vertex 4.64888 -1.84062 84.8364
      vertex 4.84292 -1.24345 107.358
      vertex 4.84292 -1.24345 84.6424
    endloop
  endfacet
  facet normal -0.951053 0.309028 0
    outer loop
      vertex 4.84292 -1.24345 107.358
      vertex 4.64888 -1.84062 84.8364
      vertex 4.64888 -1.84062 107.164
    endloop
  endfacet
  facet normal -0.951053 0.309028 0
    outer loop
      vertex 4.64888 -1.84062 114.836
      vertex 4.84292 -1.24345 137.358
      vertex 4.84292 -1.24345 114.642
    endloop
  endfacet
  facet normal -0.951053 0.309028 0
    outer loop
      vertex 4.84292 -1.24345 137.358
      vertex 4.64888 -1.84062 114.836
      vertex 4.64888 -1.84062 137.164
    endloop
  endfacet
  facet normal -0.951053 0.309028 0
    outer loop
      vertex 4.64888 -1.84062 144.836
      vertex 4.84292 -1.24345 167.358
      vertex 4.84292 -1.24345 144.642
    endloop
  endfacet
  facet normal -0.951053 0.309028 0
    outer loop
      vertex 4.84292 -1.24345 167.358
      vertex 4.64888 -1.84062 144.836
      vertex 4.64888 -1.84062 167.164
    endloop
  endfacet
  facet normal 0.998026 -0.0627961 0
    outer loop
      vertex -5 0 0
      vertex -4.96057 0.626666 47.4753
      vertex -5 0 47.5147
    endloop
  endfacet
  facet normal 0.998026 -0.0627961 0
    outer loop
      vertex -4.96057 0.626666 47.4753
      vertex -5 0 0
      vertex -4.96057 0.626666 0
    endloop
  endfacet
  facet normal 0.998026 -0.062796 0
    outer loop
      vertex -4.96057 0.626666 228
      vertex -4.96714 0.522248 220.534
      vertex -4.96057 0.626666 220.5
    endloop
  endfacet
  facet normal 0.998026 -0.0627983 3.16365e-08
    outer loop
      vertex -4.96057 0.626666 228
      vertex -4.98344 0.263199 220.583
      vertex -4.96714 0.522248 220.534
    endloop
  endfacet
  facet normal 0.998026 -0.0627961 0
    outer loop
      vertex -5 0 220.6
      vertex -4.96057 0.626666 228
      vertex -5 0 228
    endloop
  endfacet
  facet normal 0.998027 -0.062794 -1.77153e-07
    outer loop
      vertex -4.96057 0.626666 228
      vertex -5 0 220.6
      vertex -4.98344 0.263199 220.583
    endloop
  endfacet
  facet normal 0.998026 -0.062796 0
    outer loop
      vertex -4.96714 0.522248 216.466
      vertex -4.96057 0.626666 174.525
      vertex -4.96057 0.626666 216.5
    endloop
  endfacet
  facet normal 0.998026 -0.0627983 -5.64391e-09
    outer loop
      vertex -4.98344 0.263199 216.417
      vertex -4.96057 0.626666 174.525
      vertex -4.96714 0.522248 216.466
    endloop
  endfacet
  facet normal 0.998027 -0.062794 3.14467e-08
    outer loop
      vertex -5 0 216.4
      vertex -4.96057 0.626666 174.525
      vertex -4.98344 0.263199 216.417
    endloop
  endfacet
  facet normal 0.998026 -0.0627961 0
    outer loop
      vertex -4.96057 0.626666 174.525
      vertex -5 0 216.4
      vertex -5 0 174.485
    endloop
  endfacet
  facet normal 0.998026 -0.0627961 0
    outer loop
      vertex -5 0 77.5147
      vertex -4.96057 0.626666 54.5247
      vertex -4.96057 0.626666 77.4753
    endloop
  endfacet
  facet normal 0.998026 -0.0627961 0
    outer loop
      vertex -4.96057 0.626666 54.5247
      vertex -5 0 77.5147
      vertex -5 0 54.4853
    endloop
  endfacet
  facet normal 0.998026 -0.0627961 0
    outer loop
      vertex -5 0 107.515
      vertex -4.96057 0.626666 84.5247
      vertex -4.96057 0.626666 107.475
    endloop
  endfacet
  facet normal 0.998026 -0.0627961 0
    outer loop
      vertex -4.96057 0.626666 84.5247
      vertex -5 0 107.515
      vertex -5 0 84.4853
    endloop
  endfacet
  facet normal 0.998026 -0.0627961 0
    outer loop
      vertex -5 0 137.515
      vertex -4.96057 0.626666 114.525
      vertex -4.96057 0.626666 137.475
    endloop
  endfacet
  facet normal 0.998026 -0.0627961 0
    outer loop
      vertex -4.96057 0.626666 114.525
      vertex -5 0 137.515
      vertex -5 0 114.485
    endloop
  endfacet
  facet normal 0.998026 -0.0627961 0
    outer loop
      vertex -5 0 167.515
      vertex -4.96057 0.626666 144.525
      vertex -4.96057 0.626666 167.475
    endloop
  endfacet
  facet normal 0.998026 -0.0627961 0
    outer loop
      vertex -4.96057 0.626666 144.525
      vertex -5 0 167.515
      vertex -5 0 144.485
    endloop
  endfacet
  facet normal 0.684549 0.728967 0
    outer loop
      vertex -3.64484 -3.42274 0
      vertex -3.18712 -3.85257 45.7018
      vertex -3.18712 -3.85257 0
    endloop
  endfacet
  facet normal 0.684549 0.728967 0
    outer loop
      vertex -3.18712 -3.85257 45.7018
      vertex -3.64484 -3.42274 0
      vertex -3.64484 -3.42274 46.1596
    endloop
  endfacet
  facet normal 0.684549 0.728967 -0
    outer loop
      vertex -3.18712 -3.85257 176.298
      vertex -3.64484 -3.42274 228
      vertex -3.18712 -3.85257 228
    endloop
  endfacet
  facet normal 0.684549 0.728967 0
    outer loop
      vertex -3.64484 -3.42274 228
      vertex -3.18712 -3.85257 176.298
      vertex -3.64484 -3.42274 175.84
    endloop
  endfacet
  facet normal 0.684549 0.728967 -0
    outer loop
      vertex -3.18712 -3.85257 56.2982
      vertex -3.64484 -3.42274 76.1596
      vertex -3.18712 -3.85257 75.7018
    endloop
  endfacet
  facet normal 0.684549 0.728967 0
    outer loop
      vertex -3.64484 -3.42274 76.1596
      vertex -3.18712 -3.85257 56.2982
      vertex -3.64484 -3.42274 55.8404
    endloop
  endfacet
  facet normal 0.684549 0.728967 -0
    outer loop
      vertex -3.18712 -3.85257 86.2982
      vertex -3.64484 -3.42274 106.16
      vertex -3.18712 -3.85257 105.702
    endloop
  endfacet
  facet normal 0.684549 0.728967 0
    outer loop
      vertex -3.64484 -3.42274 106.16
      vertex -3.18712 -3.85257 86.2982
      vertex -3.64484 -3.42274 85.8404
    endloop
  endfacet
  facet normal 0.684549 0.728967 -0
    outer loop
      vertex -3.18712 -3.85257 116.298
      vertex -3.64484 -3.42274 136.16
      vertex -3.18712 -3.85257 135.702
    endloop
  endfacet
  facet normal 0.684549 0.728967 0
    outer loop
      vertex -3.64484 -3.42274 136.16
      vertex -3.18712 -3.85257 116.298
      vertex -3.64484 -3.42274 115.84
    endloop
  endfacet
  facet normal 0.684549 0.728967 -0
    outer loop
      vertex -3.18712 -3.85257 146.298
      vertex -3.64484 -3.42274 166.16
      vertex -3.18712 -3.85257 165.702
    endloop
  endfacet
  facet normal 0.684549 0.728967 0
    outer loop
      vertex -3.64484 -3.42274 166.16
      vertex -3.18712 -3.85257 146.298
      vertex -3.64484 -3.42274 145.84
    endloop
  endfacet
  facet normal 0.368124 0.929777 -0
    outer loop
      vertex -1.54508 -4.75528 17.6203
      vertex -2.1289 -4.52413 44.6436
      vertex -1.54508 -4.75528 44.0598
    endloop
  endfacet
  facet normal 0.368086 0.929792 -9.29008e-07
    outer loop
      vertex -1.69894 -4.69437 17.4343
      vertex -2.1289 -4.52413 44.6436
      vertex -1.54508 -4.75528 17.6203
    endloop
  endfacet
  facet normal 0.368155 0.929765 3.18543e-07
    outer loop
      vertex -1.84024 -4.63842 17.2117
      vertex -2.1289 -4.52413 44.6436
      vertex -1.69894 -4.69437 17.4343
    endloop
  endfacet
  facet normal 0.368133 0.929773 5.89005e-08
    outer loop
      vertex -1.95253 -4.59396 16.9731
      vertex -2.1289 -4.52413 44.6436
      vertex -1.84024 -4.63842 17.2117
    endloop
  endfacet
  facet normal 0.368084 0.929792 -3.03511e-07
    outer loop
      vertex -2.03402 -4.5617 16.7222
      vertex -2.1289 -4.52413 44.6436
      vertex -1.95253 -4.59396 16.9731
    endloop
  endfacet
  facet normal 0.368177 0.929756 6.10371e-08
    outer loop
      vertex -2.08344 -4.54213 16.4632
      vertex -2.1289 -4.52413 44.6436
      vertex -2.03402 -4.5617 16.7222
    endloop
  endfacet
  facet normal 0.367814 0.929899 -6.15876e-07
    outer loop
      vertex -2.1 -4.53558 16.2
      vertex -2.1289 -4.52413 44.6436
      vertex -2.08344 -4.54213 16.4632
    endloop
  endfacet
  facet normal 0.368124 0.929777 0
    outer loop
      vertex -2.1289 -4.52413 0
      vertex -1.54508 -4.75528 14.7797
      vertex -1.54508 -4.75528 0
    endloop
  endfacet
  facet normal 0.368087 0.929791 1.66353e-06
    outer loop
      vertex -1.54508 -4.75528 14.7797
      vertex -2.1289 -4.52413 0
      vertex -1.69894 -4.69437 14.9657
    endloop
  endfacet
  facet normal 0.368154 0.929765 -5.67863e-07
    outer loop
      vertex -1.69894 -4.69437 14.9657
      vertex -2.1289 -4.52413 0
      vertex -1.84024 -4.63842 15.1883
    endloop
  endfacet
  facet normal 0.368133 0.929773 -1.04538e-07
    outer loop
      vertex -1.84024 -4.63842 15.1883
      vertex -2.1289 -4.52413 0
      vertex -1.95253 -4.59396 15.4269
    endloop
  endfacet
  facet normal 0.368085 0.929792 5.36203e-07
    outer loop
      vertex -1.95253 -4.59396 15.4269
      vertex -2.1289 -4.52413 0
      vertex -2.03402 -4.5617 15.6778
    endloop
  endfacet
  facet normal 0.368177 0.929756 -1.07239e-07
    outer loop
      vertex -2.03402 -4.5617 15.6778
      vertex -2.1289 -4.52413 0
      vertex -2.08344 -4.54213 15.9368
    endloop
  endfacet
  facet normal 0.368338 0.929692 0
    outer loop
      vertex -2.1 -4.53558 16.2
      vertex -2.1289 -4.52413 0
      vertex -2.1289 -4.52413 44.6436
    endloop
  endfacet
  facet normal 0.36782 0.929897 1.0685e-06
    outer loop
      vertex -2.08344 -4.54213 15.9368
      vertex -2.1289 -4.52413 0
      vertex -2.1 -4.53558 16.2
    endloop
  endfacet
  facet normal 0.368124 0.929777 -0
    outer loop
      vertex -1.54508 -4.75528 177.94
      vertex -2.1289 -4.52413 228
      vertex -1.54508 -4.75528 228
    endloop
  endfacet
  facet normal 0.368124 0.929777 0
    outer loop
      vertex -2.1289 -4.52413 228
      vertex -1.54508 -4.75528 177.94
      vertex -2.1289 -4.52413 177.356
    endloop
  endfacet
  facet normal 0.368124 0.929777 -0
    outer loop
      vertex -1.54508 -4.75528 57.9402
      vertex -2.1289 -4.52413 74.6436
      vertex -1.54508 -4.75528 74.0598
    endloop
  endfacet
  facet normal 0.368124 0.929777 0
    outer loop
      vertex -2.1289 -4.52413 74.6436
      vertex -1.54508 -4.75528 57.9402
      vertex -2.1289 -4.52413 57.3564
    endloop
  endfacet
  facet normal 0.368124 0.929777 -0
    outer loop
      vertex -1.54508 -4.75528 87.9402
      vertex -2.1289 -4.52413 104.644
      vertex -1.54508 -4.75528 104.06
    endloop
  endfacet
  facet normal 0.368124 0.929777 0
    outer loop
      vertex -2.1289 -4.52413 104.644
      vertex -1.54508 -4.75528 87.9402
      vertex -2.1289 -4.52413 87.3564
    endloop
  endfacet
  facet normal 0.368124 0.929777 -0
    outer loop
      vertex -1.54508 -4.75528 117.94
      vertex -2.1289 -4.52413 134.644
      vertex -1.54508 -4.75528 134.06
    endloop
  endfacet
  facet normal 0.368124 0.929777 0
    outer loop
      vertex -2.1289 -4.52413 134.644
      vertex -1.54508 -4.75528 117.94
      vertex -2.1289 -4.52413 117.356
    endloop
  endfacet
  facet normal 0.368124 0.929777 -0
    outer loop
      vertex -1.54508 -4.75528 147.94
      vertex -2.1289 -4.52413 164.644
      vertex -1.54508 -4.75528 164.06
    endloop
  endfacet
  facet normal 0.368124 0.929777 0
    outer loop
      vertex -2.1289 -4.52413 164.644
      vertex -1.54508 -4.75528 147.94
      vertex -2.1289 -4.52413 147.356
    endloop
  endfacet
  facet normal 0.904828 -0.425778 0
    outer loop
      vertex -4.64888 1.84062 0
      vertex -4.38153 2.40877 46.8963
      vertex -4.64888 1.84062 47.1636
    endloop
  endfacet
  facet normal 0.904828 -0.425778 0
    outer loop
      vertex -4.38153 2.40877 46.8963
      vertex -4.64888 1.84062 0
      vertex -4.38153 2.40877 0
    endloop
  endfacet
  facet normal 0.904821 -0.425793 0
    outer loop
      vertex -4.52878 2.09586 218.368
      vertex -4.38153 2.40877 228
      vertex -4.52878 2.09586 218.632
    endloop
  endfacet
  facet normal 0.904883 -0.425661 -5.3975e-06
    outer loop
      vertex -4.38153 2.40877 228
      vertex -4.54433 2.0628 218.893
      vertex -4.52878 2.09586 218.632
    endloop
  endfacet
  facet normal 0.904825 -0.425783 2.7733e-07
    outer loop
      vertex -4.38153 2.40877 228
      vertex -4.57519 1.99722 219.149
      vertex -4.54433 2.0628 218.893
    endloop
  endfacet
  facet normal 0.904803 -0.425831 3.02206e-06
    outer loop
      vertex -4.38153 2.40877 228
      vertex -4.62088 1.90014 219.394
      vertex -4.57519 1.99722 219.149
    endloop
  endfacet
  facet normal 0.904828 -0.425778 0
    outer loop
      vertex -4.64888 1.84062 219.502
      vertex -4.38153 2.40877 228
      vertex -4.64888 1.84062 228
    endloop
  endfacet
  facet normal 0.904869 -0.42569 -7.13479e-06
    outer loop
      vertex -4.38153 2.40877 228
      vertex -4.64888 1.84062 219.502
      vertex -4.62088 1.90014 219.394
    endloop
  endfacet
  facet normal 0.904821 -0.425793 0
    outer loop
      vertex -4.38153 2.40877 228
      vertex -4.52878 2.09586 218.368
      vertex -4.38153 2.40877 175.104
    endloop
  endfacet
  facet normal 0.904895 -0.425635 1.39716e-06
    outer loop
      vertex -4.54433 2.0628 218.107
      vertex -4.38153 2.40877 175.104
      vertex -4.52878 2.09586 218.368
    endloop
  endfacet
  facet normal 0.904825 -0.425784 -6.53879e-08
    outer loop
      vertex -4.57519 1.99722 217.851
      vertex -4.38153 2.40877 175.104
      vertex -4.54433 2.0628 218.107
    endloop
  endfacet
  facet normal 0.9048 -0.425836 -6.82574e-07
    outer loop
      vertex -4.62088 1.90014 217.606
      vertex -4.38153 2.40877 175.104
      vertex -4.57519 1.99722 217.851
    endloop
  endfacet
  facet normal 0.904873 -0.425682 1.56562e-06
    outer loop
      vertex -4.64888 1.84062 217.498
      vertex -4.38153 2.40877 175.104
      vertex -4.62088 1.90014 217.606
    endloop
  endfacet
  facet normal 0.904828 -0.425778 0
    outer loop
      vertex -4.38153 2.40877 175.104
      vertex -4.64888 1.84062 217.498
      vertex -4.64888 1.84062 174.836
    endloop
  endfacet
  facet normal 0.904828 -0.425778 0
    outer loop
      vertex -4.64888 1.84062 77.1636
      vertex -4.38153 2.40877 55.1037
      vertex -4.38153 2.40877 76.8962
    endloop
  endfacet
  facet normal 0.904828 -0.425778 0
    outer loop
      vertex -4.38153 2.40877 55.1037
      vertex -4.64888 1.84062 77.1636
      vertex -4.64888 1.84062 54.8364
    endloop
  endfacet
  facet normal 0.904828 -0.425778 0
    outer loop
      vertex -4.64888 1.84062 107.164
      vertex -4.38153 2.40877 85.1037
      vertex -4.38153 2.40877 106.896
    endloop
  endfacet
  facet normal 0.904828 -0.425778 0
    outer loop
      vertex -4.38153 2.40877 85.1037
      vertex -4.64888 1.84062 107.164
      vertex -4.64888 1.84062 84.8364
    endloop
  endfacet
  facet normal 0.904828 -0.425778 0
    outer loop
      vertex -4.64888 1.84062 137.164
      vertex -4.38153 2.40877 115.104
      vertex -4.38153 2.40877 136.896
    endloop
  endfacet
  facet normal 0.904828 -0.425778 0
    outer loop
      vertex -4.38153 2.40877 115.104
      vertex -4.64888 1.84062 137.164
      vertex -4.64888 1.84062 114.836
    endloop
  endfacet
  facet normal 0.904828 -0.425778 0
    outer loop
      vertex -4.64888 1.84062 167.164
      vertex -4.38153 2.40877 145.104
      vertex -4.38153 2.40877 166.896
    endloop
  endfacet
  facet normal 0.904828 -0.425778 0
    outer loop
      vertex -4.38153 2.40877 145.104
      vertex -4.64888 1.84062 167.164
      vertex -4.64888 1.84062 144.836
    endloop
  endfacet
  facet normal 0.844328 -0.535827 0
    outer loop
      vertex -4.38153 2.40877 0
      vertex -4.04508 2.93893 46.5598
      vertex -4.38153 2.40877 46.8963
    endloop
  endfacet
  facet normal 0.844328 -0.535827 0
    outer loop
      vertex -4.04508 2.93893 46.5598
      vertex -4.38153 2.40877 0
      vertex -4.04508 2.93893 0
    endloop
  endfacet
  facet normal 0.844328 -0.535827 0
    outer loop
      vertex -4.38153 2.40877 228
      vertex -4.04508 2.93893 175.44
      vertex -4.04508 2.93893 228
    endloop
  endfacet
  facet normal 0.844328 -0.535827 0
    outer loop
      vertex -4.04508 2.93893 175.44
      vertex -4.38153 2.40877 228
      vertex -4.38153 2.40877 175.104
    endloop
  endfacet
  facet normal 0.844328 -0.535827 0
    outer loop
      vertex -4.38153 2.40877 76.8962
      vertex -4.04508 2.93893 55.4402
      vertex -4.04508 2.93893 76.5598
    endloop
  endfacet
  facet normal 0.844328 -0.535827 0
    outer loop
      vertex -4.04508 2.93893 55.4402
      vertex -4.38153 2.40877 76.8962
      vertex -4.38153 2.40877 55.1037
    endloop
  endfacet
  facet normal 0.844328 -0.535827 0
    outer loop
      vertex -4.38153 2.40877 106.896
      vertex -4.04508 2.93893 85.4402
      vertex -4.04508 2.93893 106.56
    endloop
  endfacet
  facet normal 0.844328 -0.535827 0
    outer loop
      vertex -4.04508 2.93893 85.4402
      vertex -4.38153 2.40877 106.896
      vertex -4.38153 2.40877 85.1037
    endloop
  endfacet
  facet normal 0.844328 -0.535827 0
    outer loop
      vertex -4.38153 2.40877 136.896
      vertex -4.04508 2.93893 115.44
      vertex -4.04508 2.93893 136.56
    endloop
  endfacet
  facet normal 0.844328 -0.535827 0
    outer loop
      vertex -4.04508 2.93893 115.44
      vertex -4.38153 2.40877 136.896
      vertex -4.38153 2.40877 115.104
    endloop
  endfacet
  facet normal 0.844328 -0.535827 0
    outer loop
      vertex -4.38153 2.40877 166.896
      vertex -4.04508 2.93893 145.44
      vertex -4.04508 2.93893 166.56
    endloop
  endfacet
  facet normal 0.844328 -0.535827 0
    outer loop
      vertex -4.04508 2.93893 145.44
      vertex -4.38153 2.40877 166.896
      vertex -4.38153 2.40877 145.104
    endloop
  endfacet
  facet normal 0.904828 0.425778 0
    outer loop
      vertex -4.38153 -2.40877 46.8963
      vertex -4.64888 -1.84062 0
      vertex -4.64888 -1.84062 47.1636
    endloop
  endfacet
  facet normal 0.904828 0.425778 0
    outer loop
      vertex -4.64888 -1.84062 0
      vertex -4.38153 -2.40877 46.8963
      vertex -4.38153 -2.40877 0
    endloop
  endfacet
  facet normal 0.904828 0.425778 0
    outer loop
      vertex -4.38153 -2.40877 228
      vertex -4.64888 -1.84062 219.502
      vertex -4.64888 -1.84062 228
    endloop
  endfacet
  facet normal 0.904869 0.42569 -7.13479e-06
    outer loop
      vertex -4.64888 -1.84062 219.502
      vertex -4.38153 -2.40877 228
      vertex -4.62088 -1.90014 219.394
    endloop
  endfacet
  facet normal 0.904803 0.425831 3.02206e-06
    outer loop
      vertex -4.62088 -1.90014 219.394
      vertex -4.38153 -2.40877 228
      vertex -4.57519 -1.99722 219.149
    endloop
  endfacet
  facet normal 0.904825 0.425783 2.7733e-07
    outer loop
      vertex -4.57519 -1.99722 219.149
      vertex -4.38153 -2.40877 228
      vertex -4.54433 -2.0628 218.893
    endloop
  endfacet
  facet normal 0.904821 0.425793 0
    outer loop
      vertex -4.52878 -2.09586 218.632
      vertex -4.38153 -2.40877 228
      vertex -4.52878 -2.09586 218.368
    endloop
  endfacet
  facet normal 0.904883 0.425661 -5.3975e-06
    outer loop
      vertex -4.54433 -2.0628 218.893
      vertex -4.38153 -2.40877 228
      vertex -4.52878 -2.09586 218.632
    endloop
  endfacet
  facet normal 0.904873 0.425682 1.56562e-06
    outer loop
      vertex -4.38153 -2.40877 175.104
      vertex -4.64888 -1.84062 217.498
      vertex -4.62088 -1.90014 217.606
    endloop
  endfacet
  facet normal 0.9048 0.425836 -6.82574e-07
    outer loop
      vertex -4.38153 -2.40877 175.104
      vertex -4.62088 -1.90014 217.606
      vertex -4.57519 -1.99722 217.851
    endloop
  endfacet
  facet normal 0.904825 0.425784 -6.53879e-08
    outer loop
      vertex -4.38153 -2.40877 175.104
      vertex -4.57519 -1.99722 217.851
      vertex -4.54433 -2.0628 218.107
    endloop
  endfacet
  facet normal 0.904895 0.425635 1.39716e-06
    outer loop
      vertex -4.38153 -2.40877 175.104
      vertex -4.54433 -2.0628 218.107
      vertex -4.52878 -2.09586 218.368
    endloop
  endfacet
  facet normal 0.904821 0.425793 -0
    outer loop
      vertex -4.38153 -2.40877 175.104
      vertex -4.52878 -2.09586 218.368
      vertex -4.38153 -2.40877 228
    endloop
  endfacet
  facet normal 0.904828 0.425778 0
    outer loop
      vertex -4.64888 -1.84062 217.498
      vertex -4.38153 -2.40877 175.104
      vertex -4.64888 -1.84062 174.836
    endloop
  endfacet
  facet normal 0.904828 0.425778 0
    outer loop
      vertex -4.38153 -2.40877 76.8962
      vertex -4.64888 -1.84062 54.8364
      vertex -4.64888 -1.84062 77.1636
    endloop
  endfacet
  facet normal 0.904828 0.425778 0
    outer loop
      vertex -4.64888 -1.84062 54.8364
      vertex -4.38153 -2.40877 76.8962
      vertex -4.38153 -2.40877 55.1037
    endloop
  endfacet
  facet normal 0.904828 0.425778 0
    outer loop
      vertex -4.38153 -2.40877 106.896
      vertex -4.64888 -1.84062 84.8364
      vertex -4.64888 -1.84062 107.164
    endloop
  endfacet
  facet normal 0.904828 0.425778 0
    outer loop
      vertex -4.64888 -1.84062 84.8364
      vertex -4.38153 -2.40877 106.896
      vertex -4.38153 -2.40877 85.1037
    endloop
  endfacet
  facet normal 0.904828 0.425778 0
    outer loop
      vertex -4.38153 -2.40877 136.896
      vertex -4.64888 -1.84062 114.836
      vertex -4.64888 -1.84062 137.164
    endloop
  endfacet
  facet normal 0.904828 0.425778 0
    outer loop
      vertex -4.64888 -1.84062 114.836
      vertex -4.38153 -2.40877 136.896
      vertex -4.38153 -2.40877 115.104
    endloop
  endfacet
  facet normal 0.904828 0.425778 0
    outer loop
      vertex -4.38153 -2.40877 166.896
      vertex -4.64888 -1.84062 144.836
      vertex -4.64888 -1.84062 167.164
    endloop
  endfacet
  facet normal 0.904828 0.425778 0
    outer loop
      vertex -4.64888 -1.84062 144.836
      vertex -4.38153 -2.40877 166.896
      vertex -4.38153 -2.40877 145.104
    endloop
  endfacet
  facet normal -0.481752 0.876308 0
    outer loop
      vertex 2.67913 -4.22164 0
      vertex 2.1289 -4.52413 44.6436
      vertex 2.67913 -4.22164 45.1939
    endloop
  endfacet
  facet normal -0.481752 0.876308 0
    outer loop
      vertex 2.1289 -4.52413 44.6436
      vertex 2.67913 -4.22164 0
      vertex 2.1289 -4.52413 0
    endloop
  endfacet
  facet normal -0.481752 0.876308 0
    outer loop
      vertex 2.67913 -4.22164 228
      vertex 2.1289 -4.52413 177.356
      vertex 2.1289 -4.52413 228
    endloop
  endfacet
  facet normal -0.481752 0.876308 0
    outer loop
      vertex 2.1289 -4.52413 177.356
      vertex 2.67913 -4.22164 228
      vertex 2.67913 -4.22164 176.806
    endloop
  endfacet
  facet normal -0.481752 0.876308 0
    outer loop
      vertex 2.67913 -4.22164 75.1939
      vertex 2.1289 -4.52413 57.3564
      vertex 2.1289 -4.52413 74.6436
    endloop
  endfacet
  facet normal -0.481752 0.876308 0
    outer loop
      vertex 2.1289 -4.52413 57.3564
      vertex 2.67913 -4.22164 75.1939
      vertex 2.67913 -4.22164 56.8061
    endloop
  endfacet
  facet normal -0.481752 0.876308 0
    outer loop
      vertex 2.67913 -4.22164 105.194
      vertex 2.1289 -4.52413 87.3564
      vertex 2.1289 -4.52413 104.644
    endloop
  endfacet
  facet normal -0.481752 0.876308 0
    outer loop
      vertex 2.1289 -4.52413 87.3564
      vertex 2.67913 -4.22164 105.194
      vertex 2.67913 -4.22164 86.8061
    endloop
  endfacet
  facet normal -0.481752 0.876308 0
    outer loop
      vertex 2.67913 -4.22164 135.194
      vertex 2.1289 -4.52413 117.356
      vertex 2.1289 -4.52413 134.644
    endloop
  endfacet
  facet normal -0.481752 0.876308 0
    outer loop
      vertex 2.1289 -4.52413 117.356
      vertex 2.67913 -4.22164 135.194
      vertex 2.67913 -4.22164 116.806
    endloop
  endfacet
  facet normal -0.481752 0.876308 0
    outer loop
      vertex 2.67913 -4.22164 165.194
      vertex 2.1289 -4.52413 147.356
      vertex 2.1289 -4.52413 164.644
    endloop
  endfacet
  facet normal -0.481752 0.876308 0
    outer loop
      vertex 2.1289 -4.52413 147.356
      vertex 2.67913 -4.22164 165.194
      vertex 2.67913 -4.22164 146.806
    endloop
  endfacet
  facet normal -0.48162 0 -0.87638
    outer loop
      vertex 0.936906 4.91144 18.0766
      vertex 1.12524 9.91744 17.9731
      vertex 1.12524 4.86308 17.9731
    endloop
  endfacet
  facet normal -0.481549 -3.44663e-06 -0.876419
    outer loop
      vertex 0.894136 4.91684 18.1001
      vertex 1.12524 9.91744 17.9731
      vertex 0.936906 4.91144 18.0766
    endloop
  endfacet
  facet normal -0.481607 0 -0.876388
    outer loop
      vertex 1.12524 9.91744 17.9731
      vertex 0.894136 4.91684 18.1001
      vertex 0.894136 9.94663 18.1001
    endloop
  endfacet
  facet normal -0.48162 0 -0.87638
    outer loop
      vertex 1.12524 -9.91744 17.9731
      vertex 0.936906 -4.91144 18.0766
      vertex 1.12524 -4.86308 17.9731
    endloop
  endfacet
  facet normal -0.481607 -0 -0.876388
    outer loop
      vertex 0.894136 -4.91684 18.1001
      vertex 1.12524 -9.91744 17.9731
      vertex 0.894136 -9.94663 18.1001
    endloop
  endfacet
  facet normal -0.481549 3.44663e-06 -0.876419
    outer loop
      vertex 1.12524 -9.91744 17.9731
      vertex 0.894136 -4.91684 18.1001
      vertex 0.936906 -4.91144 18.0766
    endloop
  endfacet
  facet normal 0.770539 0 -0.637393
    outer loop
      vertex -1.54508 -4.75528 17.6203
      vertex -1.69894 -9.84496 17.4343
      vertex -1.69894 -4.69437 17.4343
    endloop
  endfacet
  facet normal 0.770057 3.58567e-05 -0.637975
    outer loop
      vertex -1.53083 -4.75894 17.6375
      vertex -1.69894 -9.84496 17.4343
      vertex -1.54508 -4.75528 17.6203
    endloop
  endfacet
  facet normal 0.770498 0 -0.637443
    outer loop
      vertex -1.69894 -9.84496 17.4343
      vertex -1.53083 -4.75894 17.6375
      vertex -1.53083 -9.8662 17.6375
    endloop
  endfacet
  facet normal 0.770498 0 -0.637443
    outer loop
      vertex -1.53083 4.75894 17.6375
      vertex -1.69894 9.84496 17.4343
      vertex -1.53083 9.8662 17.6375
    endloop
  endfacet
  facet normal 0.770057 -3.58567e-05 -0.637975
    outer loop
      vertex -1.54508 4.75528 17.6203
      vertex -1.69894 9.84496 17.4343
      vertex -1.53083 4.75894 17.6375
    endloop
  endfacet
  facet normal 0.770539 0 -0.637393
    outer loop
      vertex -1.69894 9.84496 17.4343
      vertex -1.54508 4.75528 17.6203
      vertex -1.69894 4.69437 17.4343
    endloop
  endfacet
  facet normal 0.481549 -3.44663e-06 -0.876419
    outer loop
      vertex -1.12524 9.91744 17.9731
      vertex -0.894136 4.91684 18.1001
      vertex -0.936906 4.91144 18.0766
    endloop
  endfacet
  facet normal 0.48162 0 -0.87638
    outer loop
      vertex -1.12524 9.91744 17.9731
      vertex -0.936906 4.91144 18.0766
      vertex -1.12524 4.86308 17.9731
    endloop
  endfacet
  facet normal 0.481607 0 -0.876388
    outer loop
      vertex -0.894136 4.91684 18.1001
      vertex -1.12524 9.91744 17.9731
      vertex -0.894136 9.94663 18.1001
    endloop
  endfacet
  facet normal 0.481607 0 -0.876388
    outer loop
      vertex -1.12524 -9.91744 17.9731
      vertex -0.894136 -4.91684 18.1001
      vertex -0.894136 -9.94663 18.1001
    endloop
  endfacet
  facet normal 0.481549 3.44663e-06 -0.876419
    outer loop
      vertex -0.894136 -4.91684 18.1001
      vertex -1.12524 -9.91744 17.9731
      vertex -0.936906 -4.91144 18.0766
    endloop
  endfacet
  facet normal 0.48162 0 -0.87638
    outer loop
      vertex -0.936906 -4.91144 18.0766
      vertex -1.12524 -9.91744 17.9731
      vertex -1.12524 -4.86308 17.9731
    endloop
  endfacet
  facet normal -0.248745 0 -0.968569
    outer loop
      vertex 0.3935 4.98008 18.2628
      vertex 0.648935 9.97761 18.1972
      vertex 0.648935 4.94781 18.1972
    endloop
  endfacet
  facet normal -0.248745 -0 -0.968569
    outer loop
      vertex 0.3935 9.98027 18.2628
      vertex 0.648935 9.97761 18.1972
      vertex 0.3935 4.98008 18.2628
    endloop
  endfacet
  facet normal -0.248748 -0.000340193 -0.968568
    outer loop
      vertex 0.648935 9.97761 18.1972
      vertex 0.3935 9.98027 18.2628
      vertex 0.627905 9.98027 18.2026
    endloop
  endfacet
  facet normal -0.248748 0.000340193 -0.968568
    outer loop
      vertex 0.3935 -9.98027 18.2628
      vertex 0.648935 -9.97761 18.1972
      vertex 0.627905 -9.98027 18.2026
    endloop
  endfacet
  facet normal -0.248745 0 -0.968569
    outer loop
      vertex 0.648935 -9.97761 18.1972
      vertex 0.3935 -9.98027 18.2628
      vertex 0.3935 -4.98008 18.2628
    endloop
  endfacet
  facet normal -0.248745 0 -0.968569
    outer loop
      vertex 0.648935 -9.97761 18.1972
      vertex 0.3935 -4.98008 18.2628
      vertex 0.648935 -4.94781 18.1972
    endloop
  endfacet
  facet normal 0.998027 -0 0.0627938
    outer loop
      vertex -2.1 -9.7648 16.2
      vertex -2.08344 -4.54213 15.9368
      vertex -2.1 -4.53558 16.2
    endloop
  endfacet
  facet normal 0.998027 0 0.0627938
    outer loop
      vertex -2.08344 -4.54213 15.9368
      vertex -2.1 -9.7648 16.2
      vertex -2.08344 -9.76905 15.9368
    endloop
  endfacet
  facet normal 0.998027 0 0.0627938
    outer loop
      vertex -2.1 9.7648 16.2
      vertex -2.08344 4.54213 15.9368
      vertex -2.08344 9.76905 15.9368
    endloop
  endfacet
  facet normal 0.998027 0 0.0627938
    outer loop
      vertex -2.08344 4.54213 15.9368
      vertex -2.1 9.7648 16.2
      vertex -2.1 4.53558 16.2
    endloop
  endfacet
  facet normal -0.248748 -0.000340193 0.968568
    outer loop
      vertex 0.3935 9.98027 14.1372
      vertex 0.648935 9.97761 14.2028
      vertex 0.627905 9.98027 14.1974
    endloop
  endfacet
  facet normal -0.248745 0 0.968569
    outer loop
      vertex 0.648935 9.97761 14.2028
      vertex 0.3935 9.98027 14.1372
      vertex 0.3935 4.98008 14.1372
    endloop
  endfacet
  facet normal -0.248745 0 0.968569
    outer loop
      vertex 0.648935 9.97761 14.2028
      vertex 0.3935 4.98008 14.1372
      vertex 0.648935 4.94781 14.2028
    endloop
  endfacet
  facet normal -0.248745 0 0.968569
    outer loop
      vertex 0.3935 -4.98008 14.1372
      vertex 0.648935 -9.97761 14.2028
      vertex 0.648935 -4.94781 14.2028
    endloop
  endfacet
  facet normal -0.248745 0 0.968569
    outer loop
      vertex 0.3935 -9.98027 14.1372
      vertex 0.648935 -9.97761 14.2028
      vertex 0.3935 -4.98008 14.1372
    endloop
  endfacet
  facet normal -0.248748 0.000340193 0.968568
    outer loop
      vertex 0.648935 -9.97761 14.2028
      vertex 0.3935 -9.98027 14.1372
      vertex 0.627905 -9.98027 14.1974
    endloop
  endfacet
  facet normal -0.368184 -0 -0.929753
    outer loop
      vertex 0.648935 -4.94781 18.1972
      vertex 0.894136 -9.94663 18.1001
      vertex 0.648935 -9.97761 18.1972
    endloop
  endfacet
  facet normal -0.368184 0 -0.929753
    outer loop
      vertex 0.894136 -9.94663 18.1001
      vertex 0.648935 -4.94781 18.1972
      vertex 0.894136 -4.91684 18.1001
    endloop
  endfacet
  facet normal -0.368184 0 -0.929753
    outer loop
      vertex 0.648935 4.94781 18.1972
      vertex 0.894136 9.94663 18.1001
      vertex 0.894136 4.91684 18.1001
    endloop
  endfacet
  facet normal -0.368184 0 -0.929753
    outer loop
      vertex 0.894136 9.94663 18.1001
      vertex 0.648935 4.94781 18.1972
      vertex 0.648935 9.97761 18.1972
    endloop
  endfacet
  facet normal -0.770498 0 -0.637443
    outer loop
      vertex 1.69894 9.84496 17.4343
      vertex 1.53083 4.75894 17.6375
      vertex 1.53083 9.8662 17.6375
    endloop
  endfacet
  facet normal -0.770057 -3.58567e-05 -0.637975
    outer loop
      vertex 1.69894 9.84496 17.4343
      vertex 1.54508 4.75528 17.6203
      vertex 1.53083 4.75894 17.6375
    endloop
  endfacet
  facet normal -0.770539 0 -0.637393
    outer loop
      vertex 1.54508 4.75528 17.6203
      vertex 1.69894 9.84496 17.4343
      vertex 1.69894 4.69437 17.4343
    endloop
  endfacet
  facet normal -0.770539 0 -0.637393
    outer loop
      vertex 1.69894 -9.84496 17.4343
      vertex 1.54508 -4.75528 17.6203
      vertex 1.69894 -4.69437 17.4343
    endloop
  endfacet
  facet normal -0.770057 3.58567e-05 -0.637975
    outer loop
      vertex 1.69894 -9.84496 17.4343
      vertex 1.53083 -4.75894 17.6375
      vertex 1.54508 -4.75528 17.6203
    endloop
  endfacet
  facet normal -0.770498 -0 -0.637443
    outer loop
      vertex 1.53083 -4.75894 17.6375
      vertex 1.69894 -9.84496 17.4343
      vertex 1.53083 -9.8662 17.6375
    endloop
  endfacet
  facet normal -0.125956 0 -0.992036
    outer loop
      vertex 0.3935 -9.98027 18.2628
      vertex 0.313952 -4.99013 18.2729
      vertex 0.3935 -4.98008 18.2628
    endloop
  endfacet
  facet normal -0.125509 7.23785e-06 -0.992092
    outer loop
      vertex 0.13186 -9.98027 18.2959
      vertex 0.313952 -4.99013 18.2729
      vertex 0.3935 -9.98027 18.2628
    endloop
  endfacet
  facet normal -0.125314 0 -0.992117
    outer loop
      vertex 0.313952 -4.99013 18.2729
      vertex 0.13186 -9.98027 18.2959
      vertex 0.13186 -4.99013 18.2959
    endloop
  endfacet
  facet normal -0.125956 0 -0.992036
    outer loop
      vertex 0.313952 4.99013 18.2729
      vertex 0.3935 9.98027 18.2628
      vertex 0.3935 4.98008 18.2628
    endloop
  endfacet
  facet normal -0.125314 -0 -0.992117
    outer loop
      vertex 0.13186 9.98027 18.2959
      vertex 0.313952 4.99013 18.2729
      vertex 0.13186 4.99013 18.2959
    endloop
  endfacet
  facet normal -0.125509 -7.23785e-06 -0.992092
    outer loop
      vertex 0.313952 4.99013 18.2729
      vertex 0.13186 9.98027 18.2959
      vertex 0.3935 9.98027 18.2628
    endloop
  endfacet
  facet normal 0.904808 -0 0.425821
    outer loop
      vertex -1.95253 -9.80266 15.4269
      vertex -1.84024 -4.63842 15.1883
      vertex -1.95253 -4.59396 15.4269
    endloop
  endfacet
  facet normal 0.905141 0.00949943 0.425004
    outer loop
      vertex -1.84024 -9.82711 15.1883
      vertex -1.95253 -9.80266 15.4269
      vertex -1.87381 -9.82287 15.2597
    endloop
  endfacet
  facet normal 0.904808 0 0.425821
    outer loop
      vertex -1.95253 -9.80266 15.4269
      vertex -1.84024 -9.82711 15.1883
      vertex -1.84024 -4.63842 15.1883
    endloop
  endfacet
  facet normal 0.905141 -0.00949943 0.425004
    outer loop
      vertex -1.95253 9.80266 15.4269
      vertex -1.84024 9.82711 15.1883
      vertex -1.87381 9.82287 15.2597
    endloop
  endfacet
  facet normal 0.904808 0 0.425821
    outer loop
      vertex -1.95253 9.80266 15.4269
      vertex -1.84024 4.63842 15.1883
      vertex -1.84024 9.82711 15.1883
    endloop
  endfacet
  facet normal 0.904808 0 0.425821
    outer loop
      vertex -1.84024 4.63842 15.1883
      vertex -1.95253 9.80266 15.4269
      vertex -1.95253 4.59396 15.4269
    endloop
  endfacet
  facet normal 0.587766 0 -0.809031
    outer loop
      vertex -1.33859 -9.89049 17.8181
      vertex -1.12524 -4.86308 17.9731
      vertex -1.12524 -9.91744 17.9731
    endloop
  endfacet
  facet normal 0.587766 0 -0.809031
    outer loop
      vertex -1.12524 -4.86308 17.9731
      vertex -1.33859 -9.89049 17.8181
      vertex -1.33859 -4.8083 17.8181
    endloop
  endfacet
  facet normal 0.587766 0 -0.809031
    outer loop
      vertex -1.33859 9.89049 17.8181
      vertex -1.12524 4.86308 17.9731
      vertex -1.33859 4.8083 17.8181
    endloop
  endfacet
  facet normal 0.587766 0 -0.809031
    outer loop
      vertex -1.12524 4.86308 17.9731
      vertex -1.33859 9.89049 17.8181
      vertex -1.12524 9.91744 17.9731
    endloop
  endfacet
  facet normal -0.982278 0 -0.187429
    outer loop
      vertex 2.08344 -9.76905 16.4632
      vertex 2.03402 -4.5617 16.7222
      vertex 2.08344 -4.54213 16.4632
    endloop
  endfacet
  facet normal -0.982278 -0 -0.187429
    outer loop
      vertex 2.03402 -4.5617 16.7222
      vertex 2.08344 -9.76905 16.4632
      vertex 2.03402 -9.78174 16.7222
    endloop
  endfacet
  facet normal -0.982278 0 -0.187429
    outer loop
      vertex 2.08344 9.76905 16.4632
      vertex 2.03402 4.5617 16.7222
      vertex 2.03402 9.78174 16.7222
    endloop
  endfacet
  facet normal -0.982278 0 -0.187429
    outer loop
      vertex 2.03402 4.5617 16.7222
      vertex 2.08344 9.76905 16.4632
      vertex 2.08344 4.54213 16.4632
    endloop
  endfacet
  facet normal 0.684697 0 -0.728827
    outer loop
      vertex -1.53083 -9.8662 17.6375
      vertex -1.33859 -4.8083 17.8181
      vertex -1.33859 -9.89049 17.8181
    endloop
  endfacet
  facet normal 0.684697 0 -0.728827
    outer loop
      vertex -1.33859 -4.8083 17.8181
      vertex -1.53083 -9.8662 17.6375
      vertex -1.53083 -4.75894 17.6375
    endloop
  endfacet
  facet normal 0.684697 0 -0.728827
    outer loop
      vertex -1.53083 9.8662 17.6375
      vertex -1.33859 4.8083 17.8181
      vertex -1.53083 4.75894 17.6375
    endloop
  endfacet
  facet normal 0.684697 0 -0.728827
    outer loop
      vertex -1.33859 4.8083 17.8181
      vertex -1.53083 9.8662 17.6375
      vertex -1.33859 9.89049 17.8181
    endloop
  endfacet
  facet normal -0.982278 0 0.187429
    outer loop
      vertex 2.03402 -4.5617 15.6778
      vertex 2.08344 -9.76905 15.9368
      vertex 2.08344 -4.54213 15.9368
    endloop
  endfacet
  facet normal -0.982278 0 0.187429
    outer loop
      vertex 2.08344 -9.76905 15.9368
      vertex 2.03402 -4.5617 15.6778
      vertex 2.03402 -9.78174 15.6778
    endloop
  endfacet
  facet normal -0.982278 0 0.187429
    outer loop
      vertex 2.03402 4.5617 15.6778
      vertex 2.08344 9.76905 15.9368
      vertex 2.03402 9.78174 15.6778
    endloop
  endfacet
  facet normal -0.982278 0 0.187429
    outer loop
      vertex 2.08344 9.76905 15.9368
      vertex 2.03402 4.5617 15.6778
      vertex 2.08344 4.54213 15.9368
    endloop
  endfacet
  facet normal 0.905141 -0.00949943 -0.425004
    outer loop
      vertex -1.84024 9.82711 17.2117
      vertex -1.95253 9.80266 16.9731
      vertex -1.87381 9.82287 17.1403
    endloop
  endfacet
  facet normal 0.904808 0 -0.425821
    outer loop
      vertex -1.84024 4.63842 17.2117
      vertex -1.95253 9.80266 16.9731
      vertex -1.84024 9.82711 17.2117
    endloop
  endfacet
  facet normal 0.904808 0 -0.425821
    outer loop
      vertex -1.95253 9.80266 16.9731
      vertex -1.84024 4.63842 17.2117
      vertex -1.95253 4.59396 16.9731
    endloop
  endfacet
  facet normal 0.904808 0 -0.425821
    outer loop
      vertex -1.84024 -4.63842 17.2117
      vertex -1.95253 -9.80266 16.9731
      vertex -1.95253 -4.59396 16.9731
    endloop
  endfacet
  facet normal 0.904808 0 -0.425821
    outer loop
      vertex -1.84024 -9.82711 17.2117
      vertex -1.95253 -9.80266 16.9731
      vertex -1.84024 -4.63842 17.2117
    endloop
  endfacet
  facet normal 0.905141 0.00949943 -0.425004
    outer loop
      vertex -1.95253 -9.80266 16.9731
      vertex -1.84024 -9.82711 17.2117
      vertex -1.87381 -9.82287 17.1403
    endloop
  endfacet
  facet normal 0.368184 -0 0.929753
    outer loop
      vertex -0.894136 -9.94663 14.2999
      vertex -0.648935 -4.94781 14.2028
      vertex -0.894136 -4.91684 14.2999
    endloop
  endfacet
  facet normal 0.368184 0 0.929753
    outer loop
      vertex -0.648935 -4.94781 14.2028
      vertex -0.894136 -9.94663 14.2999
      vertex -0.648935 -9.97761 14.2028
    endloop
  endfacet
  facet normal 0.368184 0 0.929753
    outer loop
      vertex -0.894136 9.94663 14.2999
      vertex -0.648935 4.94781 14.2028
      vertex -0.648935 9.97761 14.2028
    endloop
  endfacet
  facet normal 0.368184 0 0.929753
    outer loop
      vertex -0.648935 4.94781 14.2028
      vertex -0.894136 9.94663 14.2999
      vertex -0.894136 4.91684 14.2999
    endloop
  endfacet
  facet normal 0.481607 0 0.876388
    outer loop
      vertex -1.12524 9.91744 14.4269
      vertex -0.894136 4.91684 14.2999
      vertex -0.894136 9.94663 14.2999
    endloop
  endfacet
  facet normal 0.481549 -3.44663e-06 0.876419
    outer loop
      vertex -0.894136 4.91684 14.2999
      vertex -1.12524 9.91744 14.4269
      vertex -0.936906 4.91144 14.3234
    endloop
  endfacet
  facet normal 0.48162 0 0.87638
    outer loop
      vertex -0.936906 4.91144 14.3234
      vertex -1.12524 9.91744 14.4269
      vertex -1.12524 4.86308 14.4269
    endloop
  endfacet
  facet normal 0.481549 3.44663e-06 0.876419
    outer loop
      vertex -1.12524 -9.91744 14.4269
      vertex -0.894136 -4.91684 14.2999
      vertex -0.936906 -4.91144 14.3234
    endloop
  endfacet
  facet normal 0.48162 -0 0.87638
    outer loop
      vertex -1.12524 -9.91744 14.4269
      vertex -0.936906 -4.91144 14.3234
      vertex -1.12524 -4.86308 14.4269
    endloop
  endfacet
  facet normal 0.481607 0 0.876388
    outer loop
      vertex -0.894136 -4.91684 14.2999
      vertex -1.12524 -9.91744 14.4269
      vertex -0.894136 -9.94663 14.2999
    endloop
  endfacet
  facet normal 0.125314 0 -0.992117
    outer loop
      vertex -0.13186 -9.98027 18.2959
      vertex -0.313952 -4.99013 18.2729
      vertex -0.13186 -4.99013 18.2959
    endloop
  endfacet
  facet normal 0.125509 7.23785e-06 -0.992092
    outer loop
      vertex -0.3935 -9.98027 18.2628
      vertex -0.313952 -4.99013 18.2729
      vertex -0.13186 -9.98027 18.2959
    endloop
  endfacet
  facet normal 0.125956 0 -0.992036
    outer loop
      vertex -0.313952 -4.99013 18.2729
      vertex -0.3935 -9.98027 18.2628
      vertex -0.3935 -4.98008 18.2628
    endloop
  endfacet
  facet normal 0.125314 0 -0.992117
    outer loop
      vertex -0.313952 4.99013 18.2729
      vertex -0.13186 9.98027 18.2959
      vertex -0.13186 4.99013 18.2959
    endloop
  endfacet
  facet normal 0.125956 0 -0.992036
    outer loop
      vertex -0.3935 9.98027 18.2628
      vertex -0.313952 4.99013 18.2729
      vertex -0.3935 4.98008 18.2628
    endloop
  endfacet
  facet normal 0.125509 -7.23785e-06 -0.992092
    outer loop
      vertex -0.313952 4.99013 18.2729
      vertex -0.3935 9.98027 18.2628
      vertex -0.13186 9.98027 18.2959
    endloop
  endfacet
  facet normal -0.904808 0 -0.425821
    outer loop
      vertex 1.95253 -9.80266 16.9731
      vertex 1.84024 -4.63842 17.2117
      vertex 1.95253 -4.59396 16.9731
    endloop
  endfacet
  facet normal -0.905141 0.00949943 -0.425004
    outer loop
      vertex 1.84024 -9.82711 17.2117
      vertex 1.95253 -9.80266 16.9731
      vertex 1.87381 -9.82287 17.1403
    endloop
  endfacet
  facet normal -0.904808 0 -0.425821
    outer loop
      vertex 1.95253 -9.80266 16.9731
      vertex 1.84024 -9.82711 17.2117
      vertex 1.84024 -4.63842 17.2117
    endloop
  endfacet
  facet normal -0.905141 -0.00949943 -0.425004
    outer loop
      vertex 1.95253 9.80266 16.9731
      vertex 1.84024 9.82711 17.2117
      vertex 1.87381 9.82287 17.1403
    endloop
  endfacet
  facet normal -0.904808 0 -0.425821
    outer loop
      vertex 1.95253 9.80266 16.9731
      vertex 1.84024 4.63842 17.2117
      vertex 1.84024 9.82711 17.2117
    endloop
  endfacet
  facet normal -0.904808 0 -0.425821
    outer loop
      vertex 1.84024 4.63842 17.2117
      vertex 1.95253 9.80266 16.9731
      vertex 1.95253 4.59396 16.9731
    endloop
  endfacet
  facet normal -0 0 1
    outer loop
      vertex -0.13186 9.98027 14.1041
      vertex 0.13186 4.99013 14.1041
      vertex 0.13186 9.98027 14.1041
    endloop
  endfacet
  facet normal 0 0 1
    outer loop
      vertex 0.13186 4.99013 14.1041
      vertex -0.13186 9.98027 14.1041
      vertex -0.13186 4.99013 14.1041
    endloop
  endfacet
  facet normal -0 0 1
    outer loop
      vertex -0.13186 -4.99013 14.1041
      vertex 0.13186 -9.98027 14.1041
      vertex 0.13186 -4.99013 14.1041
    endloop
  endfacet
  facet normal 0 0 1
    outer loop
      vertex 0.13186 -9.98027 14.1041
      vertex -0.13186 -4.99013 14.1041
      vertex -0.13186 -9.98027 14.1041
    endloop
  endfacet
  facet normal -0.951093 0 -0.308906
    outer loop
      vertex 2.03402 -9.78174 16.7222
      vertex 1.95253 -4.59396 16.9731
      vertex 2.03402 -4.5617 16.7222
    endloop
  endfacet
  facet normal -0.951093 -0 -0.308906
    outer loop
      vertex 1.95253 -4.59396 16.9731
      vertex 2.03402 -9.78174 16.7222
      vertex 1.95253 -9.80266 16.9731
    endloop
  endfacet
  facet normal -0.951093 0 -0.308906
    outer loop
      vertex 2.03402 9.78174 16.7222
      vertex 1.95253 4.59396 16.9731
      vertex 1.95253 9.80266 16.9731
    endloop
  endfacet
  facet normal -0.951093 0 -0.308906
    outer loop
      vertex 1.95253 4.59396 16.9731
      vertex 2.03402 9.78174 16.7222
      vertex 2.03402 4.5617 16.7222
    endloop
  endfacet
  facet normal -0.998027 0 -0.0627938
    outer loop
      vertex 2.1 -9.7648 16.2
      vertex 2.08344 -4.54213 16.4632
      vertex 2.1 -4.53558 16.2
    endloop
  endfacet
  facet normal -0.998027 -0 -0.0627938
    outer loop
      vertex 2.08344 -4.54213 16.4632
      vertex 2.1 -9.7648 16.2
      vertex 2.08344 -9.76905 16.4632
    endloop
  endfacet
  facet normal -0.998027 0 -0.0627938
    outer loop
      vertex 2.1 9.7648 16.2
      vertex 2.08344 4.54213 16.4632
      vertex 2.08344 9.76905 16.4632
    endloop
  endfacet
  facet normal -0.998027 0 -0.0627938
    outer loop
      vertex 2.08344 4.54213 16.4632
      vertex 2.1 9.7648 16.2
      vertex 2.1 4.53558 16.2
    endloop
  endfacet
  facet normal 0.982278 0 -0.187429
    outer loop
      vertex -2.03402 -4.5617 16.7222
      vertex -2.08344 -9.76905 16.4632
      vertex -2.08344 -4.54213 16.4632
    endloop
  endfacet
  facet normal 0.982278 0 -0.187429
    outer loop
      vertex -2.08344 -9.76905 16.4632
      vertex -2.03402 -4.5617 16.7222
      vertex -2.03402 -9.78174 16.7222
    endloop
  endfacet
  facet normal 0.982278 0 -0.187429
    outer loop
      vertex -2.03402 4.5617 16.7222
      vertex -2.08344 9.76905 16.4632
      vertex -2.03402 9.78174 16.7222
    endloop
  endfacet
  facet normal 0.982278 0 -0.187429
    outer loop
      vertex -2.08344 9.76905 16.4632
      vertex -2.03402 4.5617 16.7222
      vertex -2.08344 4.54213 16.4632
    endloop
  endfacet
  facet normal 0.84427 0 -0.535918
    outer loop
      vertex -1.69894 -4.69437 17.4343
      vertex -1.84024 -9.82711 17.2117
      vertex -1.84024 -4.63842 17.2117
    endloop
  endfacet
  facet normal 0.84427 0 -0.535918
    outer loop
      vertex -1.84024 -9.82711 17.2117
      vertex -1.69894 -4.69437 17.4343
      vertex -1.69894 -9.84496 17.4343
    endloop
  endfacet
  facet normal 0.84427 0 -0.535918
    outer loop
      vertex -1.69894 4.69437 17.4343
      vertex -1.84024 9.82711 17.2117
      vertex -1.69894 9.84496 17.4343
    endloop
  endfacet
  facet normal 0.84427 0 -0.535918
    outer loop
      vertex -1.84024 9.82711 17.2117
      vertex -1.69894 4.69437 17.4343
      vertex -1.84024 4.63842 17.2117
    endloop
  endfacet
  facet normal -0.684697 -0 -0.728827
    outer loop
      vertex 1.33859 -4.8083 17.8181
      vertex 1.53083 -9.8662 17.6375
      vertex 1.33859 -9.89049 17.8181
    endloop
  endfacet
  facet normal -0.684697 0 -0.728827
    outer loop
      vertex 1.53083 -9.8662 17.6375
      vertex 1.33859 -4.8083 17.8181
      vertex 1.53083 -4.75894 17.6375
    endloop
  endfacet
  facet normal -0.684697 0 -0.728827
    outer loop
      vertex 1.33859 4.8083 17.8181
      vertex 1.53083 9.8662 17.6375
      vertex 1.53083 4.75894 17.6375
    endloop
  endfacet
  facet normal -0.684697 0 -0.728827
    outer loop
      vertex 1.53083 9.8662 17.6375
      vertex 1.33859 4.8083 17.8181
      vertex 1.33859 9.89049 17.8181
    endloop
  endfacet
  facet normal -0.48162 0 0.87638
    outer loop
      vertex 1.12524 9.91744 14.4269
      vertex 0.936906 4.91144 14.3234
      vertex 1.12524 4.86308 14.4269
    endloop
  endfacet
  facet normal -0.481607 0 0.876388
    outer loop
      vertex 0.894136 4.91684 14.2999
      vertex 1.12524 9.91744 14.4269
      vertex 0.894136 9.94663 14.2999
    endloop
  endfacet
  facet normal -0.481549 -3.44663e-06 0.876419
    outer loop
      vertex 1.12524 9.91744 14.4269
      vertex 0.894136 4.91684 14.2999
      vertex 0.936906 4.91144 14.3234
    endloop
  endfacet
  facet normal -0.48162 0 0.87638
    outer loop
      vertex 0.936906 -4.91144 14.3234
      vertex 1.12524 -9.91744 14.4269
      vertex 1.12524 -4.86308 14.4269
    endloop
  endfacet
  facet normal -0.481549 3.44663e-06 0.876419
    outer loop
      vertex 0.894136 -4.91684 14.2999
      vertex 1.12524 -9.91744 14.4269
      vertex 0.936906 -4.91144 14.3234
    endloop
  endfacet
  facet normal -0.481607 0 0.876388
    outer loop
      vertex 1.12524 -9.91744 14.4269
      vertex 0.894136 -4.91684 14.2999
      vertex 0.894136 -9.94663 14.2999
    endloop
  endfacet
  facet normal -0.998027 0 0.0627938
    outer loop
      vertex 2.08344 -4.54213 15.9368
      vertex 2.1 -9.7648 16.2
      vertex 2.1 -4.53558 16.2
    endloop
  endfacet
  facet normal -0.998027 0 0.0627938
    outer loop
      vertex 2.1 -9.7648 16.2
      vertex 2.08344 -4.54213 15.9368
      vertex 2.08344 -9.76905 15.9368
    endloop
  endfacet
  facet normal -0.998027 0 0.0627938
    outer loop
      vertex 2.08344 4.54213 15.9368
      vertex 2.1 9.7648 16.2
      vertex 2.08344 9.76905 15.9368
    endloop
  endfacet
  facet normal -0.998027 0 0.0627938
    outer loop
      vertex 2.1 9.7648 16.2
      vertex 2.08344 4.54213 15.9368
      vertex 2.1 4.53558 16.2
    endloop
  endfacet
  facet normal 0 0 -1
    outer loop
      vertex -0.13186 4.99013 18.2959
      vertex 0.13186 9.98027 18.2959
      vertex 0.13186 4.99013 18.2959
    endloop
  endfacet
  facet normal -0 0 -1
    outer loop
      vertex 0.13186 9.98027 18.2959
      vertex -0.13186 4.99013 18.2959
      vertex -0.13186 9.98027 18.2959
    endloop
  endfacet
  facet normal 0 0 -1
    outer loop
      vertex -0.13186 -9.98027 18.2959
      vertex 0.13186 -4.99013 18.2959
      vertex 0.13186 -9.98027 18.2959
    endloop
  endfacet
  facet normal -0 0 -1
    outer loop
      vertex 0.13186 -4.99013 18.2959
      vertex -0.13186 -9.98027 18.2959
      vertex -0.13186 -4.99013 18.2959
    endloop
  endfacet
  facet normal 0.998027 0 -0.0627938
    outer loop
      vertex -2.08344 -4.54213 16.4632
      vertex -2.1 -9.7648 16.2
      vertex -2.1 -4.53558 16.2
    endloop
  endfacet
  facet normal 0.998027 0 -0.0627938
    outer loop
      vertex -2.1 -9.7648 16.2
      vertex -2.08344 -4.54213 16.4632
      vertex -2.08344 -9.76905 16.4632
    endloop
  endfacet
  facet normal 0.998027 0 -0.0627938
    outer loop
      vertex -2.08344 4.54213 16.4632
      vertex -2.1 9.7648 16.2
      vertex -2.08344 9.76905 16.4632
    endloop
  endfacet
  facet normal 0.998027 0 -0.0627938
    outer loop
      vertex -2.1 9.7648 16.2
      vertex -2.08344 4.54213 16.4632
      vertex -2.1 4.53558 16.2
    endloop
  endfacet
  facet normal -0.587766 -0 -0.809031
    outer loop
      vertex 1.12524 -4.86308 17.9731
      vertex 1.33859 -9.89049 17.8181
      vertex 1.12524 -9.91744 17.9731
    endloop
  endfacet
  facet normal -0.587766 0 -0.809031
    outer loop
      vertex 1.33859 -9.89049 17.8181
      vertex 1.12524 -4.86308 17.9731
      vertex 1.33859 -4.8083 17.8181
    endloop
  endfacet
  facet normal -0.587766 0 -0.809031
    outer loop
      vertex 1.12524 4.86308 17.9731
      vertex 1.33859 9.89049 17.8181
      vertex 1.33859 4.8083 17.8181
    endloop
  endfacet
  facet normal -0.587766 0 -0.809031
    outer loop
      vertex 1.33859 9.89049 17.8181
      vertex 1.12524 4.86308 17.9731
      vertex 1.12524 9.91744 17.9731
    endloop
  endfacet
  facet normal 0.248745 0 -0.968569
    outer loop
      vertex -0.648935 9.97761 18.1972
      vertex -0.3935 9.98027 18.2628
      vertex -0.3935 4.98008 18.2628
    endloop
  endfacet
  facet normal 0.248745 0 -0.968569
    outer loop
      vertex -0.648935 9.97761 18.1972
      vertex -0.3935 4.98008 18.2628
      vertex -0.648935 4.94781 18.1972
    endloop
  endfacet
  facet normal 0.248748 -0.000340193 -0.968568
    outer loop
      vertex -0.3935 9.98027 18.2628
      vertex -0.648935 9.97761 18.1972
      vertex -0.627905 9.98027 18.2026
    endloop
  endfacet
  facet normal 0.248748 0.000340193 -0.968568
    outer loop
      vertex -0.648935 -9.97761 18.1972
      vertex -0.3935 -9.98027 18.2628
      vertex -0.627905 -9.98027 18.2026
    endloop
  endfacet
  facet normal 0.248745 0 -0.968569
    outer loop
      vertex -0.3935 -9.98027 18.2628
      vertex -0.648935 -9.97761 18.1972
      vertex -0.3935 -4.98008 18.2628
    endloop
  endfacet
  facet normal 0.248745 0 -0.968569
    outer loop
      vertex -0.3935 -4.98008 18.2628
      vertex -0.648935 -9.97761 18.1972
      vertex -0.648935 -4.94781 18.1972
    endloop
  endfacet
  facet normal -0.84427 0 -0.535918
    outer loop
      vertex 1.84024 -9.82711 17.2117
      vertex 1.69894 -4.69437 17.4343
      vertex 1.84024 -4.63842 17.2117
    endloop
  endfacet
  facet normal -0.84427 -0 -0.535918
    outer loop
      vertex 1.69894 -4.69437 17.4343
      vertex 1.84024 -9.82711 17.2117
      vertex 1.69894 -9.84496 17.4343
    endloop
  endfacet
  facet normal -0.84427 0 -0.535918
    outer loop
      vertex 1.84024 9.82711 17.2117
      vertex 1.69894 4.69437 17.4343
      vertex 1.69894 9.84496 17.4343
    endloop
  endfacet
  facet normal -0.84427 0 -0.535918
    outer loop
      vertex 1.69894 4.69437 17.4343
      vertex 1.84024 9.82711 17.2117
      vertex 1.84024 4.63842 17.2117
    endloop
  endfacet
  facet normal 0.84427 -0 0.535918
    outer loop
      vertex -1.84024 -9.82711 15.1883
      vertex -1.69894 -4.69437 14.9657
      vertex -1.84024 -4.63842 15.1883
    endloop
  endfacet
  facet normal 0.84427 0 0.535918
    outer loop
      vertex -1.69894 -4.69437 14.9657
      vertex -1.84024 -9.82711 15.1883
      vertex -1.69894 -9.84496 14.9657
    endloop
  endfacet
  facet normal 0.84427 0 0.535918
    outer loop
      vertex -1.84024 9.82711 15.1883
      vertex -1.69894 4.69437 14.9657
      vertex -1.69894 9.84496 14.9657
    endloop
  endfacet
  facet normal 0.84427 0 0.535918
    outer loop
      vertex -1.69894 4.69437 14.9657
      vertex -1.84024 9.82711 15.1883
      vertex -1.84024 4.63842 15.1883
    endloop
  endfacet
  facet normal -0.770539 0 0.637393
    outer loop
      vertex 1.54508 -4.75528 14.7797
      vertex 1.69894 -9.84496 14.9657
      vertex 1.69894 -4.69437 14.9657
    endloop
  endfacet
  facet normal -0.770057 3.58567e-05 0.637975
    outer loop
      vertex 1.53083 -4.75894 14.7625
      vertex 1.69894 -9.84496 14.9657
      vertex 1.54508 -4.75528 14.7797
    endloop
  endfacet
  facet normal -0.770498 0 0.637443
    outer loop
      vertex 1.69894 -9.84496 14.9657
      vertex 1.53083 -4.75894 14.7625
      vertex 1.53083 -9.8662 14.7625
    endloop
  endfacet
  facet normal -0.770498 0 0.637443
    outer loop
      vertex 1.53083 4.75894 14.7625
      vertex 1.69894 9.84496 14.9657
      vertex 1.53083 9.8662 14.7625
    endloop
  endfacet
  facet normal -0.770057 -3.58567e-05 0.637975
    outer loop
      vertex 1.54508 4.75528 14.7797
      vertex 1.69894 9.84496 14.9657
      vertex 1.53083 4.75894 14.7625
    endloop
  endfacet
  facet normal -0.770539 0 0.637393
    outer loop
      vertex 1.69894 9.84496 14.9657
      vertex 1.54508 4.75528 14.7797
      vertex 1.69894 4.69437 14.9657
    endloop
  endfacet
  facet normal -0.125956 0 0.992036
    outer loop
      vertex 0.313952 -4.99013 14.1271
      vertex 0.3935 -9.98027 14.1372
      vertex 0.3935 -4.98008 14.1372
    endloop
  endfacet
  facet normal -0.125314 0 0.992117
    outer loop
      vertex 0.13186 -9.98027 14.1041
      vertex 0.313952 -4.99013 14.1271
      vertex 0.13186 -4.99013 14.1041
    endloop
  endfacet
  facet normal -0.125509 7.23785e-06 0.992092
    outer loop
      vertex 0.313952 -4.99013 14.1271
      vertex 0.13186 -9.98027 14.1041
      vertex 0.3935 -9.98027 14.1372
    endloop
  endfacet
  facet normal -0.125956 0 0.992036
    outer loop
      vertex 0.3935 9.98027 14.1372
      vertex 0.313952 4.99013 14.1271
      vertex 0.3935 4.98008 14.1372
    endloop
  endfacet
  facet normal -0.125509 -7.23785e-06 0.992092
    outer loop
      vertex 0.13186 9.98027 14.1041
      vertex 0.313952 4.99013 14.1271
      vertex 0.3935 9.98027 14.1372
    endloop
  endfacet
  facet normal -0.125314 0 0.992117
    outer loop
      vertex 0.313952 4.99013 14.1271
      vertex 0.13186 9.98027 14.1041
      vertex 0.13186 4.99013 14.1041
    endloop
  endfacet
  facet normal -0.84427 0 0.535918
    outer loop
      vertex 1.69894 -4.69437 14.9657
      vertex 1.84024 -9.82711 15.1883
      vertex 1.84024 -4.63842 15.1883
    endloop
  endfacet
  facet normal -0.84427 0 0.535918
    outer loop
      vertex 1.84024 -9.82711 15.1883
      vertex 1.69894 -4.69437 14.9657
      vertex 1.69894 -9.84496 14.9657
    endloop
  endfacet
  facet normal -0.84427 0 0.535918
    outer loop
      vertex 1.69894 4.69437 14.9657
      vertex 1.84024 9.82711 15.1883
      vertex 1.69894 9.84496 14.9657
    endloop
  endfacet
  facet normal -0.84427 0 0.535918
    outer loop
      vertex 1.84024 9.82711 15.1883
      vertex 1.69894 4.69437 14.9657
      vertex 1.84024 4.63842 15.1883
    endloop
  endfacet
  facet normal 0.770539 -0 0.637393
    outer loop
      vertex -1.69894 -9.84496 14.9657
      vertex -1.54508 -4.75528 14.7797
      vertex -1.69894 -4.69437 14.9657
    endloop
  endfacet
  facet normal 0.770057 3.58567e-05 0.637975
    outer loop
      vertex -1.69894 -9.84496 14.9657
      vertex -1.53083 -4.75894 14.7625
      vertex -1.54508 -4.75528 14.7797
    endloop
  endfacet
  facet normal 0.770498 0 0.637443
    outer loop
      vertex -1.53083 -4.75894 14.7625
      vertex -1.69894 -9.84496 14.9657
      vertex -1.53083 -9.8662 14.7625
    endloop
  endfacet
  facet normal 0.770498 0 0.637443
    outer loop
      vertex -1.69894 9.84496 14.9657
      vertex -1.53083 4.75894 14.7625
      vertex -1.53083 9.8662 14.7625
    endloop
  endfacet
  facet normal 0.770057 -3.58567e-05 0.637975
    outer loop
      vertex -1.69894 9.84496 14.9657
      vertex -1.54508 4.75528 14.7797
      vertex -1.53083 4.75894 14.7625
    endloop
  endfacet
  facet normal 0.770539 0 0.637393
    outer loop
      vertex -1.54508 4.75528 14.7797
      vertex -1.69894 9.84496 14.9657
      vertex -1.69894 4.69437 14.9657
    endloop
  endfacet
  facet normal -0.951093 0 0.308906
    outer loop
      vertex 1.95253 -4.59396 15.4269
      vertex 2.03402 -9.78174 15.6778
      vertex 2.03402 -4.5617 15.6778
    endloop
  endfacet
  facet normal -0.951093 0 0.308906
    outer loop
      vertex 2.03402 -9.78174 15.6778
      vertex 1.95253 -4.59396 15.4269
      vertex 1.95253 -9.80266 15.4269
    endloop
  endfacet
  facet normal -0.951093 0 0.308906
    outer loop
      vertex 1.95253 4.59396 15.4269
      vertex 2.03402 9.78174 15.6778
      vertex 1.95253 9.80266 15.4269
    endloop
  endfacet
  facet normal -0.951093 0 0.308906
    outer loop
      vertex 2.03402 9.78174 15.6778
      vertex 1.95253 4.59396 15.4269
      vertex 2.03402 4.5617 15.6778
    endloop
  endfacet
  facet normal -0.368184 0 0.929753
    outer loop
      vertex 0.648935 -4.94781 14.2028
      vertex 0.894136 -9.94663 14.2999
      vertex 0.894136 -4.91684 14.2999
    endloop
  endfacet
  facet normal -0.368184 0 0.929753
    outer loop
      vertex 0.894136 -9.94663 14.2999
      vertex 0.648935 -4.94781 14.2028
      vertex 0.648935 -9.97761 14.2028
    endloop
  endfacet
  facet normal -0.368184 0 0.929753
    outer loop
      vertex 0.648935 4.94781 14.2028
      vertex 0.894136 9.94663 14.2999
      vertex 0.648935 9.97761 14.2028
    endloop
  endfacet
  facet normal -0.368184 0 0.929753
    outer loop
      vertex 0.894136 9.94663 14.2999
      vertex 0.648935 4.94781 14.2028
      vertex 0.894136 4.91684 14.2999
    endloop
  endfacet
  facet normal -0.587766 0 0.809031
    outer loop
      vertex 1.12524 -4.86308 14.4269
      vertex 1.33859 -9.89049 14.5819
      vertex 1.33859 -4.8083 14.5819
    endloop
  endfacet
  facet normal -0.587766 0 0.809031
    outer loop
      vertex 1.33859 -9.89049 14.5819
      vertex 1.12524 -4.86308 14.4269
      vertex 1.12524 -9.91744 14.4269
    endloop
  endfacet
  facet normal -0.587766 0 0.809031
    outer loop
      vertex 1.12524 4.86308 14.4269
      vertex 1.33859 9.89049 14.5819
      vertex 1.12524 9.91744 14.4269
    endloop
  endfacet
  facet normal -0.587766 0 0.809031
    outer loop
      vertex 1.33859 9.89049 14.5819
      vertex 1.12524 4.86308 14.4269
      vertex 1.33859 4.8083 14.5819
    endloop
  endfacet
  facet normal 0.368184 0 -0.929753
    outer loop
      vertex -0.894136 -9.94663 18.1001
      vertex -0.648935 -4.94781 18.1972
      vertex -0.648935 -9.97761 18.1972
    endloop
  endfacet
  facet normal 0.368184 0 -0.929753
    outer loop
      vertex -0.648935 -4.94781 18.1972
      vertex -0.894136 -9.94663 18.1001
      vertex -0.894136 -4.91684 18.1001
    endloop
  endfacet
  facet normal 0.368184 0 -0.929753
    outer loop
      vertex -0.894136 9.94663 18.1001
      vertex -0.648935 4.94781 18.1972
      vertex -0.894136 4.91684 18.1001
    endloop
  endfacet
  facet normal 0.368184 0 -0.929753
    outer loop
      vertex -0.648935 4.94781 18.1972
      vertex -0.894136 9.94663 18.1001
      vertex -0.648935 9.97761 18.1972
    endloop
  endfacet
  facet normal -0.904808 0 0.425821
    outer loop
      vertex 1.84024 -4.63842 15.1883
      vertex 1.95253 -9.80266 15.4269
      vertex 1.95253 -4.59396 15.4269
    endloop
  endfacet
  facet normal -0.904808 0 0.425821
    outer loop
      vertex 1.84024 -9.82711 15.1883
      vertex 1.95253 -9.80266 15.4269
      vertex 1.84024 -4.63842 15.1883
    endloop
  endfacet
  facet normal -0.905141 0.00949943 0.425004
    outer loop
      vertex 1.95253 -9.80266 15.4269
      vertex 1.84024 -9.82711 15.1883
      vertex 1.87381 -9.82287 15.2597
    endloop
  endfacet
  facet normal -0.905141 -0.00949943 0.425004
    outer loop
      vertex 1.84024 9.82711 15.1883
      vertex 1.95253 9.80266 15.4269
      vertex 1.87381 9.82287 15.2597
    endloop
  endfacet
  facet normal -0.904808 0 0.425821
    outer loop
      vertex 1.84024 4.63842 15.1883
      vertex 1.95253 9.80266 15.4269
      vertex 1.84024 9.82711 15.1883
    endloop
  endfacet
  facet normal -0.904808 0 0.425821
    outer loop
      vertex 1.95253 9.80266 15.4269
      vertex 1.84024 4.63842 15.1883
      vertex 1.95253 4.59396 15.4269
    endloop
  endfacet
  facet normal 0.951093 -0 0.308906
    outer loop
      vertex -2.03402 -9.78174 15.6778
      vertex -1.95253 -4.59396 15.4269
      vertex -2.03402 -4.5617 15.6778
    endloop
  endfacet
  facet normal 0.951093 0 0.308906
    outer loop
      vertex -1.95253 -4.59396 15.4269
      vertex -2.03402 -9.78174 15.6778
      vertex -1.95253 -9.80266 15.4269
    endloop
  endfacet
  facet normal 0.951093 0 0.308906
    outer loop
      vertex -2.03402 9.78174 15.6778
      vertex -1.95253 4.59396 15.4269
      vertex -1.95253 9.80266 15.4269
    endloop
  endfacet
  facet normal 0.951093 0 0.308906
    outer loop
      vertex -1.95253 4.59396 15.4269
      vertex -2.03402 9.78174 15.6778
      vertex -2.03402 4.5617 15.6778
    endloop
  endfacet
  facet normal 0.982278 -0 0.187429
    outer loop
      vertex -2.08344 -9.76905 15.9368
      vertex -2.03402 -4.5617 15.6778
      vertex -2.08344 -4.54213 15.9368
    endloop
  endfacet
  facet normal 0.982278 0 0.187429
    outer loop
      vertex -2.03402 -4.5617 15.6778
      vertex -2.08344 -9.76905 15.9368
      vertex -2.03402 -9.78174 15.6778
    endloop
  endfacet
  facet normal 0.982278 0 0.187429
    outer loop
      vertex -2.08344 9.76905 15.9368
      vertex -2.03402 4.5617 15.6778
      vertex -2.03402 9.78174 15.6778
    endloop
  endfacet
  facet normal 0.982278 0 0.187429
    outer loop
      vertex -2.03402 4.5617 15.6778
      vertex -2.08344 9.76905 15.9368
      vertex -2.08344 4.54213 15.9368
    endloop
  endfacet
  facet normal 0.684697 -0 0.728827
    outer loop
      vertex -1.53083 -9.8662 14.7625
      vertex -1.33859 -4.8083 14.5819
      vertex -1.53083 -4.75894 14.7625
    endloop
  endfacet
  facet normal 0.684697 0 0.728827
    outer loop
      vertex -1.33859 -4.8083 14.5819
      vertex -1.53083 -9.8662 14.7625
      vertex -1.33859 -9.89049 14.5819
    endloop
  endfacet
  facet normal 0.684697 0 0.728827
    outer loop
      vertex -1.53083 9.8662 14.7625
      vertex -1.33859 4.8083 14.5819
      vertex -1.33859 9.89049 14.5819
    endloop
  endfacet
  facet normal 0.684697 0 0.728827
    outer loop
      vertex -1.33859 4.8083 14.5819
      vertex -1.53083 9.8662 14.7625
      vertex -1.53083 4.75894 14.7625
    endloop
  endfacet
  facet normal 0.951093 0 -0.308906
    outer loop
      vertex -1.95253 -4.59396 16.9731
      vertex -2.03402 -9.78174 16.7222
      vertex -2.03402 -4.5617 16.7222
    endloop
  endfacet
  facet normal 0.951093 0 -0.308906
    outer loop
      vertex -2.03402 -9.78174 16.7222
      vertex -1.95253 -4.59396 16.9731
      vertex -1.95253 -9.80266 16.9731
    endloop
  endfacet
  facet normal 0.951093 0 -0.308906
    outer loop
      vertex -1.95253 4.59396 16.9731
      vertex -2.03402 9.78174 16.7222
      vertex -1.95253 9.80266 16.9731
    endloop
  endfacet
  facet normal 0.951093 0 -0.308906
    outer loop
      vertex -2.03402 9.78174 16.7222
      vertex -1.95253 4.59396 16.9731
      vertex -2.03402 4.5617 16.7222
    endloop
  endfacet
  facet normal -0.684697 0 0.728827
    outer loop
      vertex 1.33859 -4.8083 14.5819
      vertex 1.53083 -9.8662 14.7625
      vertex 1.53083 -4.75894 14.7625
    endloop
  endfacet
  facet normal -0.684697 0 0.728827
    outer loop
      vertex 1.53083 -9.8662 14.7625
      vertex 1.33859 -4.8083 14.5819
      vertex 1.33859 -9.89049 14.5819
    endloop
  endfacet
  facet normal -0.684697 0 0.728827
    outer loop
      vertex 1.33859 4.8083 14.5819
      vertex 1.53083 9.8662 14.7625
      vertex 1.33859 9.89049 14.5819
    endloop
  endfacet
  facet normal -0.684697 0 0.728827
    outer loop
      vertex 1.53083 9.8662 14.7625
      vertex 1.33859 4.8083 14.5819
      vertex 1.53083 4.75894 14.7625
    endloop
  endfacet
  facet normal 0.125314 0 0.992117
    outer loop
      vertex -0.313952 -4.99013 14.1271
      vertex -0.13186 -9.98027 14.1041
      vertex -0.13186 -4.99013 14.1041
    endloop
  endfacet
  facet normal 0.125956 -0 0.992036
    outer loop
      vertex -0.3935 -9.98027 14.1372
      vertex -0.313952 -4.99013 14.1271
      vertex -0.3935 -4.98008 14.1372
    endloop
  endfacet
  facet normal 0.125509 7.23785e-06 0.992092
    outer loop
      vertex -0.313952 -4.99013 14.1271
      vertex -0.3935 -9.98027 14.1372
      vertex -0.13186 -9.98027 14.1041
    endloop
  endfacet
  facet normal 0.125314 0 0.992117
    outer loop
      vertex -0.13186 9.98027 14.1041
      vertex -0.313952 4.99013 14.1271
      vertex -0.13186 4.99013 14.1041
    endloop
  endfacet
  facet normal 0.125509 -7.23785e-06 0.992092
    outer loop
      vertex -0.3935 9.98027 14.1372
      vertex -0.313952 4.99013 14.1271
      vertex -0.13186 9.98027 14.1041
    endloop
  endfacet
  facet normal 0.125956 0 0.992036
    outer loop
      vertex -0.313952 4.99013 14.1271
      vertex -0.3935 9.98027 14.1372
      vertex -0.3935 4.98008 14.1372
    endloop
  endfacet
  facet normal 0.248748 -0.000340193 0.968568
    outer loop
      vertex -0.648935 9.97761 14.2028
      vertex -0.3935 9.98027 14.1372
      vertex -0.627905 9.98027 14.1974
    endloop
  endfacet
  facet normal 0.248745 0 0.968569
    outer loop
      vertex -0.3935 9.98027 14.1372
      vertex -0.648935 9.97761 14.2028
      vertex -0.3935 4.98008 14.1372
    endloop
  endfacet
  facet normal 0.248745 0 0.968569
    outer loop
      vertex -0.3935 4.98008 14.1372
      vertex -0.648935 9.97761 14.2028
      vertex -0.648935 4.94781 14.2028
    endloop
  endfacet
  facet normal 0.248745 0 0.968569
    outer loop
      vertex -0.648935 -9.97761 14.2028
      vertex -0.3935 -9.98027 14.1372
      vertex -0.3935 -4.98008 14.1372
    endloop
  endfacet
  facet normal 0.248745 -0 0.968569
    outer loop
      vertex -0.648935 -9.97761 14.2028
      vertex -0.3935 -4.98008 14.1372
      vertex -0.648935 -4.94781 14.2028
    endloop
  endfacet
  facet normal 0.248748 0.000340193 0.968568
    outer loop
      vertex -0.3935 -9.98027 14.1372
      vertex -0.648935 -9.97761 14.2028
      vertex -0.627905 -9.98027 14.1974
    endloop
  endfacet
  facet normal 0.587766 -0 0.809031
    outer loop
      vertex -1.33859 -9.89049 14.5819
      vertex -1.12524 -4.86308 14.4269
      vertex -1.33859 -4.8083 14.5819
    endloop
  endfacet
  facet normal 0.587766 0 0.809031
    outer loop
      vertex -1.12524 -4.86308 14.4269
      vertex -1.33859 -9.89049 14.5819
      vertex -1.12524 -9.91744 14.4269
    endloop
  endfacet
  facet normal 0.587766 0 0.809031
    outer loop
      vertex -1.33859 9.89049 14.5819
      vertex -1.12524 4.86308 14.4269
      vertex -1.12524 9.91744 14.4269
    endloop
  endfacet
  facet normal 0.587766 0 0.809031
    outer loop
      vertex -1.12524 4.86308 14.4269
      vertex -1.33859 9.89049 14.5819
      vertex -1.33859 4.8083 14.5819
    endloop
  endfacet
  facet normal 0 0.534986 -0.844861
    outer loop
      vertex -9.92234 -1.23435 220.199
      vertex -4.88713 -1.01168 220.34
      vertex -4.84465 -1.23435 220.199
    endloop
  endfacet
  facet normal 0 0.534986 -0.844861
    outer loop
      vertex -4.88713 -1.01168 220.34
      vertex -9.92234 -1.23435 220.199
      vertex -9.93635 -1.01168 220.34
    endloop
  endfacet
  facet normal 0 0.534986 -0.844861
    outer loop
      vertex 9.92234 -1.23435 220.199
      vertex 4.88713 -1.01168 220.34
      vertex 9.93635 -1.01168 220.34
    endloop
  endfacet
  facet normal 0 0.534986 -0.844861
    outer loop
      vertex 4.88713 -1.01168 220.34
      vertex 9.92234 -1.23435 220.199
      vertex 4.84465 -1.23435 220.199
    endloop
  endfacet
  facet normal 0 0.427993 0.903782
    outer loop
      vertex -4.93265 -0.773061 216.547
      vertex -9.93635 -1.01168 216.66
      vertex -4.88713 -1.01168 216.66
    endloop
  endfacet
  facet normal 0 0.427993 0.903782
    outer loop
      vertex -9.93635 -1.01168 216.66
      vertex -4.93265 -0.773061 216.547
      vertex -9.95136 -0.773061 216.547
    endloop
  endfacet
  facet normal -0 0.427993 0.903782
    outer loop
      vertex 4.93265 -0.773061 216.547
      vertex 9.93635 -1.01168 216.66
      vertex 9.95136 -0.773061 216.547
    endloop
  endfacet
  facet normal 0 0.427993 0.903782
    outer loop
      vertex 9.93635 -1.01168 216.66
      vertex 4.93265 -0.773061 216.547
      vertex 4.88713 -1.01168 216.66
    endloop
  endfacet
  facet normal 0 -0.968719 -0.248159
    outer loop
      vertex -9.76673 2.0628 218.893
      vertex -4.57519 1.99722 219.149
      vertex -9.77924 1.99722 219.149
    endloop
  endfacet
  facet normal 0 -0.968719 -0.248159
    outer loop
      vertex -4.57519 1.99722 219.149
      vertex -9.76673 2.0628 218.893
      vertex -4.54433 2.0628 218.893
    endloop
  endfacet
  facet normal -0 -0.968719 -0.248159
    outer loop
      vertex 9.76673 2.0628 218.893
      vertex 4.57519 1.99722 219.149
      vertex 4.54433 2.0628 218.893
    endloop
  endfacet
  facet normal 0 -0.968719 -0.248159
    outer loop
      vertex 4.57519 1.99722 219.149
      vertex 9.76673 2.0628 218.893
      vertex 9.77924 1.99722 219.149
    endloop
  endfacet
  facet normal 0 1 -0
    outer loop
      vertex -4.52878 -2.09586 218.368
      vertex -9.76043 -2.09586 218.632
      vertex -4.52878 -2.09586 218.632
    endloop
  endfacet
  facet normal 0 1 0
    outer loop
      vertex -9.76043 -2.09586 218.632
      vertex -4.52878 -2.09586 218.368
      vertex -9.76043 -2.09586 218.368
    endloop
  endfacet
  facet normal 0 1 -0
    outer loop
      vertex 9.76043 -2.09586 218.368
      vertex 4.52878 -2.09586 218.632
      vertex 9.76043 -2.09586 218.632
    endloop
  endfacet
  facet normal 0 1 0
    outer loop
      vertex 4.52878 -2.09586 218.632
      vertex 9.76043 -2.09586 218.368
      vertex 4.52878 -2.09586 218.368
    endloop
  endfacet
  facet normal 0 -0.929676 0.368379
    outer loop
      vertex -4.62088 1.90014 217.606
      vertex -9.77924 1.99722 217.851
      vertex -9.79776 1.90014 217.606
    endloop
  endfacet
  facet normal 0 -0.929676 0.368379
    outer loop
      vertex -9.77924 1.99722 217.851
      vertex -4.62088 1.90014 217.606
      vertex -4.57519 1.99722 217.851
    endloop
  endfacet
  facet normal 0 -0.929676 0.368379
    outer loop
      vertex 4.62088 1.90014 217.606
      vertex 9.77924 1.99722 217.851
      vertex 4.57519 1.99722 217.851
    endloop
  endfacet
  facet normal 0 -0.929676 0.368379
    outer loop
      vertex 9.77924 1.99722 217.851
      vertex 4.62088 1.90014 217.606
      vertex 9.79776 1.90014 217.606
    endloop
  endfacet
  facet normal 0 -0.728533 0.685011
    outer loop
      vertex -4.77985 1.43755 216.969
      vertex -9.85157 1.61808 217.161
      vertex -9.88601 1.43755 216.969
    endloop
  endfacet
  facet normal 0 -0.728533 0.685011
    outer loop
      vertex -9.85157 1.61808 217.161
      vertex -4.77985 1.43755 216.969
      vertex -4.72119 1.61808 217.161
    endloop
  endfacet
  facet normal 0 -0.728533 0.685011
    outer loop
      vertex 4.77985 1.43755 216.969
      vertex 9.85157 1.61808 217.161
      vertex 4.72119 1.61808 217.161
    endloop
  endfacet
  facet normal 0 -0.728533 0.685011
    outer loop
      vertex 9.85157 1.61808 217.161
      vertex 4.77985 1.43755 216.969
      vertex 9.88601 1.43755 216.969
    endloop
  endfacet
  facet normal 0 -0.0644556 0.997921
    outer loop
      vertex -9.98344 0.263199 216.417
      vertex -5 0 216.4
      vertex -4.98344 0.263199 216.417
    endloop
  endfacet
  facet normal 0 -0.0644556 0.997921
    outer loop
      vertex -5 0 216.4
      vertex -9.98344 0.263199 216.417
      vertex -10 0 216.4
    endloop
  endfacet
  facet normal 0 -0.0644556 0.997921
    outer loop
      vertex 9.98344 0.263199 216.417
      vertex 5 0 216.4
      vertex 10 0 216.4
    endloop
  endfacet
  facet normal 0 -0.0644556 0.997921
    outer loop
      vertex 5 0 216.4
      vertex 9.98344 0.263199 216.417
      vertex 4.98344 0.263199 216.417
    endloop
  endfacet
  facet normal 0 -0.809862 -0.58662
    outer loop
      vertex -9.822 1.77309 219.625
      vertex -4.72119 1.61808 219.839
      vertex -9.85157 1.61808 219.839
    endloop
  endfacet
  facet normal 0 -0.809862 -0.58662
    outer loop
      vertex -4.72119 1.61808 219.839
      vertex -9.822 1.77309 219.625
      vertex -4.67083 1.77309 219.625
    endloop
  endfacet
  facet normal -0 -0.809862 -0.58662
    outer loop
      vertex 9.822 1.77309 219.625
      vertex 4.72119 1.61808 219.839
      vertex 4.67083 1.77309 219.625
    endloop
  endfacet
  facet normal 0 -0.809862 -0.58662
    outer loop
      vertex 4.72119 1.61808 219.839
      vertex 9.822 1.77309 219.625
      vertex 9.85157 1.61808 219.839
    endloop
  endfacet
  facet normal 0 0.0644556 0.997921
    outer loop
      vertex -5 0 216.4
      vertex -9.98344 -0.263199 216.417
      vertex -4.98344 -0.263199 216.417
    endloop
  endfacet
  facet normal 0 0.0644556 0.997921
    outer loop
      vertex -9.98344 -0.263199 216.417
      vertex -5 0 216.4
      vertex -10 0 216.4
    endloop
  endfacet
  facet normal -0 0.0644556 0.997921
    outer loop
      vertex 5 0 216.4
      vertex 9.98344 -0.263199 216.417
      vertex 10 0 216.4
    endloop
  endfacet
  facet normal 0 0.0644556 0.997921
    outer loop
      vertex 9.98344 -0.263199 216.417
      vertex 5 0 216.4
      vertex 4.98344 -0.263199 216.417
    endloop
  endfacet
  facet normal 0 -1 0
    outer loop
      vertex -9.76043 2.09586 218.368
      vertex -4.52878 2.09586 218.632
      vertex -9.76043 2.09586 218.632
    endloop
  endfacet
  facet normal 0 -1 -0
    outer loop
      vertex -4.52878 2.09586 218.632
      vertex -9.76043 2.09586 218.368
      vertex -4.52878 2.09586 218.368
    endloop
  endfacet
  facet normal 0 -1 0
    outer loop
      vertex 4.52878 2.09586 218.368
      vertex 9.76043 2.09586 218.632
      vertex 4.52878 2.09586 218.632
    endloop
  endfacet
  facet normal 0 -1 -0
    outer loop
      vertex 9.76043 2.09586 218.632
      vertex 4.52878 2.09586 218.368
      vertex 9.76043 2.09586 218.368
    endloop
  endfacet
  facet normal 0 0.728533 -0.685011
    outer loop
      vertex -9.85157 -1.61808 219.839
      vertex -4.77985 -1.43755 220.031
      vertex -4.72119 -1.61808 219.839
    endloop
  endfacet
  facet normal 0 0.728533 -0.685011
    outer loop
      vertex -4.77985 -1.43755 220.031
      vertex -9.85157 -1.61808 219.839
      vertex -9.88601 -1.43755 220.031
    endloop
  endfacet
  facet normal 0 0.728533 -0.685011
    outer loop
      vertex 9.85157 -1.61808 219.839
      vertex 4.77985 -1.43755 220.031
      vertex 9.88601 -1.43755 220.031
    endloop
  endfacet
  facet normal 0 0.728533 -0.685011
    outer loop
      vertex 4.77985 -1.43755 220.031
      vertex 9.85157 -1.61808 219.839
      vertex 4.72119 -1.61808 219.839
    endloop
  endfacet
  facet normal 0 0.968719 -0.248159
    outer loop
      vertex -9.76673 -2.0628 218.893
      vertex -4.57519 -1.99722 219.149
      vertex -4.54433 -2.0628 218.893
    endloop
  endfacet
  facet normal 0 0.968719 -0.248159
    outer loop
      vertex -4.57519 -1.99722 219.149
      vertex -9.76673 -2.0628 218.893
      vertex -9.77924 -1.99722 219.149
    endloop
  endfacet
  facet normal 0 0.968719 -0.248159
    outer loop
      vertex 9.76673 -2.0628 218.893
      vertex 4.57519 -1.99722 219.149
      vertex 9.77924 -1.99722 219.149
    endloop
  endfacet
  facet normal 0 0.968719 -0.248159
    outer loop
      vertex 4.57519 -1.99722 219.149
      vertex 9.76673 -2.0628 218.893
      vertex 4.54433 -2.0628 218.893
    endloop
  endfacet
  facet normal 0 0.992073 0.125663
    outer loop
      vertex -4.54433 -2.0628 218.107
      vertex -9.76043 -2.09586 218.368
      vertex -4.52878 -2.09586 218.368
    endloop
  endfacet
  facet normal 0 0.992073 0.125663
    outer loop
      vertex -9.76043 -2.09586 218.368
      vertex -4.54433 -2.0628 218.107
      vertex -9.76673 -2.0628 218.107
    endloop
  endfacet
  facet normal -0 0.992073 0.125663
    outer loop
      vertex 4.54433 -2.0628 218.107
      vertex 9.76043 -2.09586 218.368
      vertex 9.76673 -2.0628 218.107
    endloop
  endfacet
  facet normal 0 0.992073 0.125663
    outer loop
      vertex 9.76043 -2.09586 218.368
      vertex 4.54433 -2.0628 218.107
      vertex 4.52878 -2.09586 218.368
    endloop
  endfacet
  facet normal 0 0.809862 0.58662
    outer loop
      vertex -4.72119 -1.61808 217.161
      vertex -9.822 -1.77309 217.375
      vertex -4.67083 -1.77309 217.375
    endloop
  endfacet
  facet normal 0 0.809862 0.58662
    outer loop
      vertex -9.822 -1.77309 217.375
      vertex -4.72119 -1.61808 217.161
      vertex -9.85157 -1.61808 217.161
    endloop
  endfacet
  facet normal -0 0.809862 0.58662
    outer loop
      vertex 4.72119 -1.61808 217.161
      vertex 9.822 -1.77309 217.375
      vertex 9.85157 -1.61808 217.161
    endloop
  endfacet
  facet normal 0 0.809862 0.58662
    outer loop
      vertex 9.822 -1.77309 217.375
      vertex 4.72119 -1.61808 217.161
      vertex 4.67083 -1.77309 217.375
    endloop
  endfacet
  facet normal 0 0.305682 -0.952134
    outer loop
      vertex -9.95136 -0.773061 220.453
      vertex -4.96057 -0.626666 220.5
      vertex -4.93265 -0.773061 220.453
    endloop
  endfacet
  facet normal -0.000127095 0.309607 -0.950865
    outer loop
      vertex -9.95136 -0.773061 220.453
      vertex -4.96714 -0.522248 220.534
      vertex -4.96057 -0.626666 220.5
    endloop
  endfacet
  facet normal 0 0.307321 -0.951606
    outer loop
      vertex -4.96714 -0.522248 220.534
      vertex -9.95136 -0.773061 220.453
      vertex -9.96714 -0.522248 220.534
    endloop
  endfacet
  facet normal 0 0.307321 -0.951606
    outer loop
      vertex 9.95136 -0.773061 220.453
      vertex 4.96714 -0.522248 220.534
      vertex 9.96714 -0.522248 220.534
    endloop
  endfacet
  facet normal 0.000127095 0.309607 -0.950865
    outer loop
      vertex 9.95136 -0.773061 220.453
      vertex 4.96057 -0.626666 220.5
      vertex 4.96714 -0.522248 220.534
    endloop
  endfacet
  facet normal 0 0.305682 -0.952134
    outer loop
      vertex 4.96057 -0.626666 220.5
      vertex 9.95136 -0.773061 220.453
      vertex 4.93265 -0.773061 220.453
    endloop
  endfacet
  facet normal 0 0.809862 -0.58662
    outer loop
      vertex -9.822 -1.77309 219.625
      vertex -4.72119 -1.61808 219.839
      vertex -4.67083 -1.77309 219.625
    endloop
  endfacet
  facet normal 0 0.809862 -0.58662
    outer loop
      vertex -4.72119 -1.61808 219.839
      vertex -9.822 -1.77309 219.625
      vertex -9.85157 -1.61808 219.839
    endloop
  endfacet
  facet normal 0 0.809862 -0.58662
    outer loop
      vertex 9.822 -1.77309 219.625
      vertex 4.72119 -1.61808 219.839
      vertex 9.85157 -1.61808 219.839
    endloop
  endfacet
  facet normal 0 0.809862 -0.58662
    outer loop
      vertex 4.72119 -1.61808 219.839
      vertex 9.822 -1.77309 219.625
      vertex 4.67083 -1.77309 219.625
    endloop
  endfacet
  facet normal 0 -0.185858 0.982577
    outer loop
      vertex -9.96714 0.522248 216.466
      vertex -4.98344 0.263199 216.417
      vertex -4.96714 0.522248 216.466
    endloop
  endfacet
  facet normal 0 -0.185858 0.982577
    outer loop
      vertex -4.98344 0.263199 216.417
      vertex -9.96714 0.522248 216.466
      vertex -9.98344 0.263199 216.417
    endloop
  endfacet
  facet normal 0 -0.185858 0.982577
    outer loop
      vertex 9.96714 0.522248 216.466
      vertex 4.98344 0.263199 216.417
      vertex 9.98344 0.263199 216.417
    endloop
  endfacet
  facet normal 0 -0.185858 0.982577
    outer loop
      vertex 4.98344 0.263199 216.417
      vertex 9.96714 0.522248 216.466
      vertex 4.96714 0.522248 216.466
    endloop
  endfacet
  facet normal 0 -0.427993 0.903782
    outer loop
      vertex -9.93635 1.01168 216.66
      vertex -4.93265 0.773061 216.547
      vertex -4.88713 1.01168 216.66
    endloop
  endfacet
  facet normal 0 -0.427993 0.903782
    outer loop
      vertex -4.93265 0.773061 216.547
      vertex -9.93635 1.01168 216.66
      vertex -9.95136 0.773061 216.547
    endloop
  endfacet
  facet normal 0 -0.427993 0.903782
    outer loop
      vertex 9.93635 1.01168 216.66
      vertex 4.93265 0.773061 216.547
      vertex 9.95136 0.773061 216.547
    endloop
  endfacet
  facet normal 0 -0.427993 0.903782
    outer loop
      vertex 4.93265 0.773061 216.547
      vertex 9.93635 1.01168 216.66
      vertex 4.88713 1.01168 216.66
    endloop
  endfacet
  facet normal 0 -0.876216 -0.481919
    outer loop
      vertex -9.79776 1.90014 219.394
      vertex -4.67083 1.77309 219.625
      vertex -9.822 1.77309 219.625
    endloop
  endfacet
  facet normal -3.82245e-05 -0.876574 -0.481267
    outer loop
      vertex -4.67083 1.77309 219.625
      vertex -9.79776 1.90014 219.394
      vertex -4.64888 1.84062 219.502
    endloop
  endfacet
  facet normal 0 -0.875805 -0.482666
    outer loop
      vertex -4.64888 1.84062 219.502
      vertex -9.79776 1.90014 219.394
      vertex -4.62088 1.90014 219.394
    endloop
  endfacet
  facet normal 3.82245e-05 -0.876574 -0.481267
    outer loop
      vertex 9.79776 1.90014 219.394
      vertex 4.67083 1.77309 219.625
      vertex 4.64888 1.84062 219.502
    endloop
  endfacet
  facet normal -0 -0.875805 -0.482666
    outer loop
      vertex 9.79776 1.90014 219.394
      vertex 4.64888 1.84062 219.502
      vertex 4.62088 1.90014 219.394
    endloop
  endfacet
  facet normal 0 -0.876216 -0.481919
    outer loop
      vertex 4.67083 1.77309 219.625
      vertex 9.79776 1.90014 219.394
      vertex 9.822 1.77309 219.625
    endloop
  endfacet
  facet normal 0 0.636069 0.771632
    outer loop
      vertex -4.84292 -1.24345 216.809
      vertex -9.88601 -1.43755 216.969
      vertex -4.77985 -1.43755 216.969
    endloop
  endfacet
  facet normal -0.00157297 0.660086 0.751188
    outer loop
      vertex -4.84465 -1.23435 216.801
      vertex -9.88601 -1.43755 216.969
      vertex -4.84292 -1.24345 216.809
    endloop
  endfacet
  facet normal -0 0.637195 0.770703
    outer loop
      vertex -9.92234 -1.23435 216.801
      vertex -9.88601 -1.43755 216.969
      vertex -4.84465 -1.23435 216.801
    endloop
  endfacet
  facet normal 0.105773 0.644785 0.75701
    outer loop
      vertex -9.88601 -1.43755 216.969
      vertex -9.92234 -1.23435 216.801
      vertex -9.92115 -1.25333 216.817
    endloop
  endfacet
  facet normal -0.105773 0.644785 0.75701
    outer loop
      vertex 9.92234 -1.23435 216.801
      vertex 9.88601 -1.43755 216.969
      vertex 9.92115 -1.25333 216.817
    endloop
  endfacet
  facet normal -0 0.637195 0.770703
    outer loop
      vertex 4.84465 -1.23435 216.801
      vertex 9.88601 -1.43755 216.969
      vertex 9.92234 -1.23435 216.801
    endloop
  endfacet
  facet normal 0.00157297 0.660086 0.751188
    outer loop
      vertex 4.84292 -1.24345 216.809
      vertex 9.88601 -1.43755 216.969
      vertex 4.84465 -1.23435 216.801
    endloop
  endfacet
  facet normal 0 0.636069 0.771632
    outer loop
      vertex 9.88601 -1.43755 216.969
      vertex 4.84292 -1.24345 216.809
      vertex 4.77985 -1.43755 216.969
    endloop
  endfacet
  facet normal 0 -0.534986 0.844861
    outer loop
      vertex -9.92234 1.23435 216.801
      vertex -4.88713 1.01168 216.66
      vertex -4.84465 1.23435 216.801
    endloop
  endfacet
  facet normal 0 -0.534986 0.844861
    outer loop
      vertex -4.88713 1.01168 216.66
      vertex -9.92234 1.23435 216.801
      vertex -9.93635 1.01168 216.66
    endloop
  endfacet
  facet normal 0 -0.534986 0.844861
    outer loop
      vertex 9.92234 1.23435 216.801
      vertex 4.88713 1.01168 216.66
      vertex 9.93635 1.01168 216.66
    endloop
  endfacet
  facet normal 0 -0.534986 0.844861
    outer loop
      vertex 4.88713 1.01168 216.66
      vertex 9.92234 1.23435 216.801
      vertex 4.84465 1.23435 216.801
    endloop
  endfacet
  facet normal 0 -0.305682 -0.952134
    outer loop
      vertex -4.96057 0.626666 220.5
      vertex -9.95136 0.773061 220.453
      vertex -4.93265 0.773061 220.453
    endloop
  endfacet
  facet normal -0.000127095 -0.309607 -0.950865
    outer loop
      vertex -4.96714 0.522248 220.534
      vertex -9.95136 0.773061 220.453
      vertex -4.96057 0.626666 220.5
    endloop
  endfacet
  facet normal 0 -0.307321 -0.951606
    outer loop
      vertex -9.95136 0.773061 220.453
      vertex -4.96714 0.522248 220.534
      vertex -9.96714 0.522248 220.534
    endloop
  endfacet
  facet normal 0 -0.307321 -0.951606
    outer loop
      vertex 4.96714 0.522248 220.534
      vertex 9.95136 0.773061 220.453
      vertex 9.96714 0.522248 220.534
    endloop
  endfacet
  facet normal 0.000127095 -0.309607 -0.950865
    outer loop
      vertex 4.96057 0.626666 220.5
      vertex 9.95136 0.773061 220.453
      vertex 4.96714 0.522248 220.534
    endloop
  endfacet
  facet normal -0 -0.305682 -0.952134
    outer loop
      vertex 9.95136 0.773061 220.453
      vertex 4.96057 0.626666 220.5
      vertex 4.93265 0.773061 220.453
    endloop
  endfacet
  facet normal 0 0.185858 0.982577
    outer loop
      vertex -4.98344 -0.263199 216.417
      vertex -9.96714 -0.522248 216.466
      vertex -4.96714 -0.522248 216.466
    endloop
  endfacet
  facet normal 0 0.185858 0.982577
    outer loop
      vertex -9.96714 -0.522248 216.466
      vertex -4.98344 -0.263199 216.417
      vertex -9.98344 -0.263199 216.417
    endloop
  endfacet
  facet normal -0 0.185858 0.982577
    outer loop
      vertex 4.98344 -0.263199 216.417
      vertex 9.96714 -0.522248 216.466
      vertex 9.98344 -0.263199 216.417
    endloop
  endfacet
  facet normal 0 0.185858 0.982577
    outer loop
      vertex 9.96714 -0.522248 216.466
      vertex 4.98344 -0.263199 216.417
      vertex 4.96714 -0.522248 216.466
    endloop
  endfacet
  facet normal 0 0.875805 0.482666
    outer loop
      vertex -4.64888 -1.84062 217.498
      vertex -9.79776 -1.90014 217.606
      vertex -4.62088 -1.90014 217.606
    endloop
  endfacet
  facet normal -3.82245e-05 0.876574 0.481267
    outer loop
      vertex -4.67083 -1.77309 217.375
      vertex -9.79776 -1.90014 217.606
      vertex -4.64888 -1.84062 217.498
    endloop
  endfacet
  facet normal 0 0.876216 0.481919
    outer loop
      vertex -9.79776 -1.90014 217.606
      vertex -4.67083 -1.77309 217.375
      vertex -9.822 -1.77309 217.375
    endloop
  endfacet
  facet normal 0 0.875805 0.482666
    outer loop
      vertex 9.79776 -1.90014 217.606
      vertex 4.64888 -1.84062 217.498
      vertex 4.62088 -1.90014 217.606
    endloop
  endfacet
  facet normal -0 0.876216 0.481919
    outer loop
      vertex 4.67083 -1.77309 217.375
      vertex 9.79776 -1.90014 217.606
      vertex 9.822 -1.77309 217.375
    endloop
  endfacet
  facet normal 3.82245e-05 0.876574 0.481267
    outer loop
      vertex 9.79776 -1.90014 217.606
      vertex 4.67083 -1.77309 217.375
      vertex 4.64888 -1.84062 217.498
    endloop
  endfacet
  facet normal 0 0.929676 0.368379
    outer loop
      vertex -4.62088 -1.90014 217.606
      vertex -9.77924 -1.99722 217.851
      vertex -4.57519 -1.99722 217.851
    endloop
  endfacet
  facet normal 0 0.929676 0.368379
    outer loop
      vertex -9.77924 -1.99722 217.851
      vertex -4.62088 -1.90014 217.606
      vertex -9.79776 -1.90014 217.606
    endloop
  endfacet
  facet normal -0 0.929676 0.368379
    outer loop
      vertex 4.62088 -1.90014 217.606
      vertex 9.77924 -1.99722 217.851
      vertex 9.79776 -1.90014 217.606
    endloop
  endfacet
  facet normal 0 0.929676 0.368379
    outer loop
      vertex 9.77924 -1.99722 217.851
      vertex 4.62088 -1.90014 217.606
      vertex 4.57519 -1.99722 217.851
    endloop
  endfacet
  facet normal 0 -0.636069 -0.771632
    outer loop
      vertex -4.84292 1.24345 220.191
      vertex -9.88601 1.43755 220.031
      vertex -4.77985 1.43755 220.031
    endloop
  endfacet
  facet normal -0.00157297 -0.660086 -0.751188
    outer loop
      vertex -4.84465 1.23435 220.199
      vertex -9.88601 1.43755 220.031
      vertex -4.84292 1.24345 220.191
    endloop
  endfacet
  facet normal 0 -0.637195 -0.770703
    outer loop
      vertex -9.92234 1.23435 220.199
      vertex -9.88601 1.43755 220.031
      vertex -4.84465 1.23435 220.199
    endloop
  endfacet
  facet normal 0.105773 -0.644785 -0.75701
    outer loop
      vertex -9.88601 1.43755 220.031
      vertex -9.92234 1.23435 220.199
      vertex -9.92115 1.25333 220.183
    endloop
  endfacet
  facet normal -0.105773 -0.644785 -0.75701
    outer loop
      vertex 9.92234 1.23435 220.199
      vertex 9.88601 1.43755 220.031
      vertex 9.92115 1.25333 220.183
    endloop
  endfacet
  facet normal 0 -0.637195 -0.770703
    outer loop
      vertex 4.84465 1.23435 220.199
      vertex 9.88601 1.43755 220.031
      vertex 9.92234 1.23435 220.199
    endloop
  endfacet
  facet normal 0.00157297 -0.660086 -0.751188
    outer loop
      vertex 4.84292 1.24345 220.191
      vertex 9.88601 1.43755 220.031
      vertex 4.84465 1.23435 220.199
    endloop
  endfacet
  facet normal -0 -0.636069 -0.771632
    outer loop
      vertex 9.88601 1.43755 220.031
      vertex 4.84292 1.24345 220.191
      vertex 4.77985 1.43755 220.031
    endloop
  endfacet
  facet normal 0 -0.875805 0.482666
    outer loop
      vertex -9.79776 1.90014 217.606
      vertex -4.64888 1.84062 217.498
      vertex -4.62088 1.90014 217.606
    endloop
  endfacet
  facet normal 0 -0.876216 0.481919
    outer loop
      vertex -4.67083 1.77309 217.375
      vertex -9.79776 1.90014 217.606
      vertex -9.822 1.77309 217.375
    endloop
  endfacet
  facet normal -3.82245e-05 -0.876574 0.481267
    outer loop
      vertex -9.79776 1.90014 217.606
      vertex -4.67083 1.77309 217.375
      vertex -4.64888 1.84062 217.498
    endloop
  endfacet
  facet normal 0 -0.875805 0.482666
    outer loop
      vertex 4.64888 1.84062 217.498
      vertex 9.79776 1.90014 217.606
      vertex 4.62088 1.90014 217.606
    endloop
  endfacet
  facet normal 3.82245e-05 -0.876574 0.481267
    outer loop
      vertex 4.67083 1.77309 217.375
      vertex 9.79776 1.90014 217.606
      vertex 4.64888 1.84062 217.498
    endloop
  endfacet
  facet normal 0 -0.876216 0.481919
    outer loop
      vertex 9.79776 1.90014 217.606
      vertex 4.67083 1.77309 217.375
      vertex 9.822 1.77309 217.375
    endloop
  endfacet
  facet normal 0 -0.636069 0.771632
    outer loop
      vertex -9.88601 1.43755 216.969
      vertex -4.84292 1.24345 216.809
      vertex -4.77985 1.43755 216.969
    endloop
  endfacet
  facet normal -0.00157297 -0.660086 0.751188
    outer loop
      vertex -9.88601 1.43755 216.969
      vertex -4.84465 1.23435 216.801
      vertex -4.84292 1.24345 216.809
    endloop
  endfacet
  facet normal 0.105773 -0.644785 0.75701
    outer loop
      vertex -9.92234 1.23435 216.801
      vertex -9.88601 1.43755 216.969
      vertex -9.92115 1.25333 216.817
    endloop
  endfacet
  facet normal 0 -0.637195 0.770703
    outer loop
      vertex -9.88601 1.43755 216.969
      vertex -9.92234 1.23435 216.801
      vertex -4.84465 1.23435 216.801
    endloop
  endfacet
  facet normal -0.105773 -0.644785 0.75701
    outer loop
      vertex 9.88601 1.43755 216.969
      vertex 9.92234 1.23435 216.801
      vertex 9.92115 1.25333 216.817
    endloop
  endfacet
  facet normal 0 -0.637195 0.770703
    outer loop
      vertex 9.88601 1.43755 216.969
      vertex 4.84465 1.23435 216.801
      vertex 9.92234 1.23435 216.801
    endloop
  endfacet
  facet normal 0.00157297 -0.660086 0.751188
    outer loop
      vertex 9.88601 1.43755 216.969
      vertex 4.84292 1.24345 216.809
      vertex 4.84465 1.23435 216.801
    endloop
  endfacet
  facet normal 0 -0.636069 0.771632
    outer loop
      vertex 4.84292 1.24345 216.809
      vertex 9.88601 1.43755 216.969
      vertex 4.77985 1.43755 216.969
    endloop
  endfacet
  facet normal 0 -0.809862 0.58662
    outer loop
      vertex -4.72119 1.61808 217.161
      vertex -9.822 1.77309 217.375
      vertex -9.85157 1.61808 217.161
    endloop
  endfacet
  facet normal 0 -0.809862 0.58662
    outer loop
      vertex -9.822 1.77309 217.375
      vertex -4.72119 1.61808 217.161
      vertex -4.67083 1.77309 217.375
    endloop
  endfacet
  facet normal 0 -0.809862 0.58662
    outer loop
      vertex 4.72119 1.61808 217.161
      vertex 9.822 1.77309 217.375
      vertex 4.67083 1.77309 217.375
    endloop
  endfacet
  facet normal 0 -0.809862 0.58662
    outer loop
      vertex 9.822 1.77309 217.375
      vertex 4.72119 1.61808 217.161
      vertex 9.85157 1.61808 217.161
    endloop
  endfacet
  facet normal 0 -0.929676 -0.368379
    outer loop
      vertex -9.77924 1.99722 219.149
      vertex -4.62088 1.90014 219.394
      vertex -9.79776 1.90014 219.394
    endloop
  endfacet
  facet normal 0 -0.929676 -0.368379
    outer loop
      vertex -4.62088 1.90014 219.394
      vertex -9.77924 1.99722 219.149
      vertex -4.57519 1.99722 219.149
    endloop
  endfacet
  facet normal -0 -0.929676 -0.368379
    outer loop
      vertex 9.77924 1.99722 219.149
      vertex 4.62088 1.90014 219.394
      vertex 4.57519 1.99722 219.149
    endloop
  endfacet
  facet normal 0 -0.929676 -0.368379
    outer loop
      vertex 4.62088 1.90014 219.394
      vertex 9.77924 1.99722 219.149
      vertex 9.79776 1.90014 219.394
    endloop
  endfacet
  facet normal 0 0.728533 0.685011
    outer loop
      vertex -4.77985 -1.43755 216.969
      vertex -9.85157 -1.61808 217.161
      vertex -4.72119 -1.61808 217.161
    endloop
  endfacet
  facet normal 0 0.728533 0.685011
    outer loop
      vertex -9.85157 -1.61808 217.161
      vertex -4.77985 -1.43755 216.969
      vertex -9.88601 -1.43755 216.969
    endloop
  endfacet
  facet normal -0 0.728533 0.685011
    outer loop
      vertex 4.77985 -1.43755 216.969
      vertex 9.85157 -1.61808 217.161
      vertex 9.88601 -1.43755 216.969
    endloop
  endfacet
  facet normal 0 0.728533 0.685011
    outer loop
      vertex 9.85157 -1.61808 217.161
      vertex 4.77985 -1.43755 216.969
      vertex 4.72119 -1.61808 217.161
    endloop
  endfacet
  facet normal 0 0.534986 0.844861
    outer loop
      vertex -4.88713 -1.01168 216.66
      vertex -9.92234 -1.23435 216.801
      vertex -4.84465 -1.23435 216.801
    endloop
  endfacet
  facet normal 0 0.534986 0.844861
    outer loop
      vertex -9.92234 -1.23435 216.801
      vertex -4.88713 -1.01168 216.66
      vertex -9.93635 -1.01168 216.66
    endloop
  endfacet
  facet normal -0 0.534986 0.844861
    outer loop
      vertex 4.88713 -1.01168 216.66
      vertex 9.92234 -1.23435 216.801
      vertex 9.93635 -1.01168 216.66
    endloop
  endfacet
  facet normal 0 0.534986 0.844861
    outer loop
      vertex 9.92234 -1.23435 216.801
      vertex 4.88713 -1.01168 216.66
      vertex 4.84465 -1.23435 216.801
    endloop
  endfacet
  facet normal 0 0.636069 -0.771632
    outer loop
      vertex -9.88601 -1.43755 220.031
      vertex -4.84292 -1.24345 220.191
      vertex -4.77985 -1.43755 220.031
    endloop
  endfacet
  facet normal -0.00157297 0.660086 -0.751188
    outer loop
      vertex -9.88601 -1.43755 220.031
      vertex -4.84465 -1.23435 220.199
      vertex -4.84292 -1.24345 220.191
    endloop
  endfacet
  facet normal 0.105773 0.644785 -0.75701
    outer loop
      vertex -9.92234 -1.23435 220.199
      vertex -9.88601 -1.43755 220.031
      vertex -9.92115 -1.25333 220.183
    endloop
  endfacet
  facet normal 0 0.637195 -0.770703
    outer loop
      vertex -9.88601 -1.43755 220.031
      vertex -9.92234 -1.23435 220.199
      vertex -4.84465 -1.23435 220.199
    endloop
  endfacet
  facet normal -0.105773 0.644785 -0.75701
    outer loop
      vertex 9.88601 -1.43755 220.031
      vertex 9.92234 -1.23435 220.199
      vertex 9.92115 -1.25333 220.183
    endloop
  endfacet
  facet normal 0 0.637195 -0.770703
    outer loop
      vertex 9.88601 -1.43755 220.031
      vertex 4.84465 -1.23435 220.199
      vertex 9.92234 -1.23435 220.199
    endloop
  endfacet
  facet normal 0.00157297 0.660086 -0.751188
    outer loop
      vertex 9.88601 -1.43755 220.031
      vertex 4.84292 -1.24345 220.191
      vertex 4.84465 -1.23435 220.199
    endloop
  endfacet
  facet normal 0 0.636069 -0.771632
    outer loop
      vertex 4.84292 -1.24345 220.191
      vertex 9.88601 -1.43755 220.031
      vertex 4.77985 -1.43755 220.031
    endloop
  endfacet
  facet normal 0 -0.728533 -0.685011
    outer loop
      vertex -9.85157 1.61808 219.839
      vertex -4.77985 1.43755 220.031
      vertex -9.88601 1.43755 220.031
    endloop
  endfacet
  facet normal 0 -0.728533 -0.685011
    outer loop
      vertex -4.77985 1.43755 220.031
      vertex -9.85157 1.61808 219.839
      vertex -4.72119 1.61808 219.839
    endloop
  endfacet
  facet normal -0 -0.728533 -0.685011
    outer loop
      vertex 9.85157 1.61808 219.839
      vertex 4.77985 1.43755 220.031
      vertex 4.72119 1.61808 219.839
    endloop
  endfacet
  facet normal 0 -0.728533 -0.685011
    outer loop
      vertex 4.77985 1.43755 220.031
      vertex 9.85157 1.61808 219.839
      vertex 9.88601 1.43755 220.031
    endloop
  endfacet
  facet normal 0 -0.534986 -0.844861
    outer loop
      vertex -4.88713 1.01168 220.34
      vertex -9.92234 1.23435 220.199
      vertex -4.84465 1.23435 220.199
    endloop
  endfacet
  facet normal 0 -0.534986 -0.844861
    outer loop
      vertex -9.92234 1.23435 220.199
      vertex -4.88713 1.01168 220.34
      vertex -9.93635 1.01168 220.34
    endloop
  endfacet
  facet normal 0 -0.534986 -0.844861
    outer loop
      vertex 4.88713 1.01168 220.34
      vertex 9.92234 1.23435 220.199
      vertex 9.93635 1.01168 220.34
    endloop
  endfacet
  facet normal -0 -0.534986 -0.844861
    outer loop
      vertex 9.92234 1.23435 220.199
      vertex 4.88713 1.01168 220.34
      vertex 4.84465 1.23435 220.199
    endloop
  endfacet
  facet normal 0 0.0644556 -0.997921
    outer loop
      vertex -9.98344 -0.263199 220.583
      vertex -5 0 220.6
      vertex -4.98344 -0.263199 220.583
    endloop
  endfacet
  facet normal 0 0.0644556 -0.997921
    outer loop
      vertex -5 0 220.6
      vertex -9.98344 -0.263199 220.583
      vertex -10 0 220.6
    endloop
  endfacet
  facet normal 0 0.0644556 -0.997921
    outer loop
      vertex 9.98344 -0.263199 220.583
      vertex 5 0 220.6
      vertex 10 0 220.6
    endloop
  endfacet
  facet normal 0 0.0644556 -0.997921
    outer loop
      vertex 5 0 220.6
      vertex 9.98344 -0.263199 220.583
      vertex 4.98344 -0.263199 220.583
    endloop
  endfacet
  facet normal 0 -0.0644556 -0.997921
    outer loop
      vertex -5 0 220.6
      vertex -9.98344 0.263199 220.583
      vertex -4.98344 0.263199 220.583
    endloop
  endfacet
  facet normal 0 -0.0644556 -0.997921
    outer loop
      vertex -9.98344 0.263199 220.583
      vertex -5 0 220.6
      vertex -10 0 220.6
    endloop
  endfacet
  facet normal 0 -0.0644556 -0.997921
    outer loop
      vertex 5 0 220.6
      vertex 9.98344 0.263199 220.583
      vertex 10 0 220.6
    endloop
  endfacet
  facet normal -0 -0.0644556 -0.997921
    outer loop
      vertex 9.98344 0.263199 220.583
      vertex 5 0 220.6
      vertex 4.98344 0.263199 220.583
    endloop
  endfacet
  facet normal 0 0.992073 -0.125663
    outer loop
      vertex -9.76043 -2.09586 218.632
      vertex -4.54433 -2.0628 218.893
      vertex -4.52878 -2.09586 218.632
    endloop
  endfacet
  facet normal 0 0.992073 -0.125663
    outer loop
      vertex -4.54433 -2.0628 218.893
      vertex -9.76043 -2.09586 218.632
      vertex -9.76673 -2.0628 218.893
    endloop
  endfacet
  facet normal 0 0.992073 -0.125663
    outer loop
      vertex 9.76043 -2.09586 218.632
      vertex 4.54433 -2.0628 218.893
      vertex 9.76673 -2.0628 218.893
    endloop
  endfacet
  facet normal 0 0.992073 -0.125663
    outer loop
      vertex 4.54433 -2.0628 218.893
      vertex 9.76043 -2.09586 218.632
      vertex 4.52878 -2.09586 218.632
    endloop
  endfacet
  facet normal 0 0.185858 -0.982577
    outer loop
      vertex -9.96714 -0.522248 220.534
      vertex -4.98344 -0.263199 220.583
      vertex -4.96714 -0.522248 220.534
    endloop
  endfacet
  facet normal 0 0.185858 -0.982577
    outer loop
      vertex -4.98344 -0.263199 220.583
      vertex -9.96714 -0.522248 220.534
      vertex -9.98344 -0.263199 220.583
    endloop
  endfacet
  facet normal 0 0.185858 -0.982577
    outer loop
      vertex 9.96714 -0.522248 220.534
      vertex 4.98344 -0.263199 220.583
      vertex 9.98344 -0.263199 220.583
    endloop
  endfacet
  facet normal 0 0.185858 -0.982577
    outer loop
      vertex 4.98344 -0.263199 220.583
      vertex 9.96714 -0.522248 220.534
      vertex 4.96714 -0.522248 220.534
    endloop
  endfacet
  facet normal 0 -0.305682 0.952134
    outer loop
      vertex -9.95136 0.773061 216.547
      vertex -4.96057 0.626666 216.5
      vertex -4.93265 0.773061 216.547
    endloop
  endfacet
  facet normal -0.000127095 -0.309607 0.950865
    outer loop
      vertex -9.95136 0.773061 216.547
      vertex -4.96714 0.522248 216.466
      vertex -4.96057 0.626666 216.5
    endloop
  endfacet
  facet normal 0 -0.307321 0.951606
    outer loop
      vertex -4.96714 0.522248 216.466
      vertex -9.95136 0.773061 216.547
      vertex -9.96714 0.522248 216.466
    endloop
  endfacet
  facet normal 0 -0.307321 0.951606
    outer loop
      vertex 9.95136 0.773061 216.547
      vertex 4.96714 0.522248 216.466
      vertex 9.96714 0.522248 216.466
    endloop
  endfacet
  facet normal 0.000127095 -0.309607 0.950865
    outer loop
      vertex 9.95136 0.773061 216.547
      vertex 4.96057 0.626666 216.5
      vertex 4.96714 0.522248 216.466
    endloop
  endfacet
  facet normal 0 -0.305682 0.952134
    outer loop
      vertex 4.96057 0.626666 216.5
      vertex 9.95136 0.773061 216.547
      vertex 4.93265 0.773061 216.547
    endloop
  endfacet
  facet normal 0 0.427993 -0.903782
    outer loop
      vertex -9.93635 -1.01168 220.34
      vertex -4.93265 -0.773061 220.453
      vertex -4.88713 -1.01168 220.34
    endloop
  endfacet
  facet normal 0 0.427993 -0.903782
    outer loop
      vertex -4.93265 -0.773061 220.453
      vertex -9.93635 -1.01168 220.34
      vertex -9.95136 -0.773061 220.453
    endloop
  endfacet
  facet normal 0 0.427993 -0.903782
    outer loop
      vertex 9.93635 -1.01168 220.34
      vertex 4.93265 -0.773061 220.453
      vertex 9.95136 -0.773061 220.453
    endloop
  endfacet
  facet normal 0 0.427993 -0.903782
    outer loop
      vertex 4.93265 -0.773061 220.453
      vertex 9.93635 -1.01168 220.34
      vertex 4.88713 -1.01168 220.34
    endloop
  endfacet
  facet normal 0 -0.992073 -0.125663
    outer loop
      vertex -9.76043 2.09586 218.632
      vertex -4.54433 2.0628 218.893
      vertex -9.76673 2.0628 218.893
    endloop
  endfacet
  facet normal 0 -0.992073 -0.125663
    outer loop
      vertex -4.54433 2.0628 218.893
      vertex -9.76043 2.09586 218.632
      vertex -4.52878 2.09586 218.632
    endloop
  endfacet
  facet normal -0 -0.992073 -0.125663
    outer loop
      vertex 9.76043 2.09586 218.632
      vertex 4.54433 2.0628 218.893
      vertex 4.52878 2.09586 218.632
    endloop
  endfacet
  facet normal 0 -0.992073 -0.125663
    outer loop
      vertex 4.54433 2.0628 218.893
      vertex 9.76043 2.09586 218.632
      vertex 9.76673 2.0628 218.893
    endloop
  endfacet
  facet normal -3.82245e-05 0.876574 -0.481267
    outer loop
      vertex -9.79776 -1.90014 219.394
      vertex -4.67083 -1.77309 219.625
      vertex -4.64888 -1.84062 219.502
    endloop
  endfacet
  facet normal 0 0.875805 -0.482666
    outer loop
      vertex -9.79776 -1.90014 219.394
      vertex -4.64888 -1.84062 219.502
      vertex -4.62088 -1.90014 219.394
    endloop
  endfacet
  facet normal 0 0.876216 -0.481919
    outer loop
      vertex -4.67083 -1.77309 219.625
      vertex -9.79776 -1.90014 219.394
      vertex -9.822 -1.77309 219.625
    endloop
  endfacet
  facet normal 0 0.876216 -0.481919
    outer loop
      vertex 9.79776 -1.90014 219.394
      vertex 4.67083 -1.77309 219.625
      vertex 9.822 -1.77309 219.625
    endloop
  endfacet
  facet normal 3.82245e-05 0.876574 -0.481267
    outer loop
      vertex 4.67083 -1.77309 219.625
      vertex 9.79776 -1.90014 219.394
      vertex 4.64888 -1.84062 219.502
    endloop
  endfacet
  facet normal 0 0.875805 -0.482666
    outer loop
      vertex 4.64888 -1.84062 219.502
      vertex 9.79776 -1.90014 219.394
      vertex 4.62088 -1.90014 219.394
    endloop
  endfacet
  facet normal 0 0.968719 0.248159
    outer loop
      vertex -4.57519 -1.99722 217.851
      vertex -9.76673 -2.0628 218.107
      vertex -4.54433 -2.0628 218.107
    endloop
  endfacet
  facet normal 0 0.968719 0.248159
    outer loop
      vertex -9.76673 -2.0628 218.107
      vertex -4.57519 -1.99722 217.851
      vertex -9.77924 -1.99722 217.851
    endloop
  endfacet
  facet normal -0 0.968719 0.248159
    outer loop
      vertex 4.57519 -1.99722 217.851
      vertex 9.76673 -2.0628 218.107
      vertex 9.77924 -1.99722 217.851
    endloop
  endfacet
  facet normal 0 0.968719 0.248159
    outer loop
      vertex 9.76673 -2.0628 218.107
      vertex 4.57519 -1.99722 217.851
      vertex 4.54433 -2.0628 218.107
    endloop
  endfacet
  facet normal 0 -0.185858 -0.982577
    outer loop
      vertex -4.98344 0.263199 220.583
      vertex -9.96714 0.522248 220.534
      vertex -4.96714 0.522248 220.534
    endloop
  endfacet
  facet normal 0 -0.185858 -0.982577
    outer loop
      vertex -9.96714 0.522248 220.534
      vertex -4.98344 0.263199 220.583
      vertex -9.98344 0.263199 220.583
    endloop
  endfacet
  facet normal 0 -0.185858 -0.982577
    outer loop
      vertex 4.98344 0.263199 220.583
      vertex 9.96714 0.522248 220.534
      vertex 9.98344 0.263199 220.583
    endloop
  endfacet
  facet normal -0 -0.185858 -0.982577
    outer loop
      vertex 9.96714 0.522248 220.534
      vertex 4.98344 0.263199 220.583
      vertex 4.96714 0.522248 220.534
    endloop
  endfacet
  facet normal 0 -0.992073 0.125663
    outer loop
      vertex -4.54433 2.0628 218.107
      vertex -9.76043 2.09586 218.368
      vertex -9.76673 2.0628 218.107
    endloop
  endfacet
  facet normal 0 -0.992073 0.125663
    outer loop
      vertex -9.76043 2.09586 218.368
      vertex -4.54433 2.0628 218.107
      vertex -4.52878 2.09586 218.368
    endloop
  endfacet
  facet normal 0 -0.992073 0.125663
    outer loop
      vertex 4.54433 2.0628 218.107
      vertex 9.76043 2.09586 218.368
      vertex 4.52878 2.09586 218.368
    endloop
  endfacet
  facet normal 0 -0.992073 0.125663
    outer loop
      vertex 9.76043 2.09586 218.368
      vertex 4.54433 2.0628 218.107
      vertex 9.76673 2.0628 218.107
    endloop
  endfacet
  facet normal 0 0.305682 0.952134
    outer loop
      vertex -4.96057 -0.626666 216.5
      vertex -9.95136 -0.773061 216.547
      vertex -4.93265 -0.773061 216.547
    endloop
  endfacet
  facet normal -0.000127095 0.309607 0.950865
    outer loop
      vertex -4.96714 -0.522248 216.466
      vertex -9.95136 -0.773061 216.547
      vertex -4.96057 -0.626666 216.5
    endloop
  endfacet
  facet normal 0 0.307321 0.951606
    outer loop
      vertex -9.95136 -0.773061 216.547
      vertex -4.96714 -0.522248 216.466
      vertex -9.96714 -0.522248 216.466
    endloop
  endfacet
  facet normal -0 0.307321 0.951606
    outer loop
      vertex 4.96714 -0.522248 216.466
      vertex 9.95136 -0.773061 216.547
      vertex 9.96714 -0.522248 216.466
    endloop
  endfacet
  facet normal 0.000127095 0.309607 0.950865
    outer loop
      vertex 4.96057 -0.626666 216.5
      vertex 9.95136 -0.773061 216.547
      vertex 4.96714 -0.522248 216.466
    endloop
  endfacet
  facet normal 0 0.305682 0.952134
    outer loop
      vertex 9.95136 -0.773061 216.547
      vertex 4.96057 -0.626666 216.5
      vertex 4.93265 -0.773061 216.547
    endloop
  endfacet
  facet normal 0 -0.968719 0.248159
    outer loop
      vertex -4.57519 1.99722 217.851
      vertex -9.76673 2.0628 218.107
      vertex -9.77924 1.99722 217.851
    endloop
  endfacet
  facet normal 0 -0.968719 0.248159
    outer loop
      vertex -9.76673 2.0628 218.107
      vertex -4.57519 1.99722 217.851
      vertex -4.54433 2.0628 218.107
    endloop
  endfacet
  facet normal 0 -0.968719 0.248159
    outer loop
      vertex 4.57519 1.99722 217.851
      vertex 9.76673 2.0628 218.107
      vertex 4.54433 2.0628 218.107
    endloop
  endfacet
  facet normal 0 -0.968719 0.248159
    outer loop
      vertex 9.76673 2.0628 218.107
      vertex 4.57519 1.99722 217.851
      vertex 9.77924 1.99722 217.851
    endloop
  endfacet
  facet normal 0 0.929676 -0.368379
    outer loop
      vertex -9.77924 -1.99722 219.149
      vertex -4.62088 -1.90014 219.394
      vertex -4.57519 -1.99722 219.149
    endloop
  endfacet
  facet normal 0 0.929676 -0.368379
    outer loop
      vertex -4.62088 -1.90014 219.394
      vertex -9.77924 -1.99722 219.149
      vertex -9.79776 -1.90014 219.394
    endloop
  endfacet
  facet normal 0 0.929676 -0.368379
    outer loop
      vertex 9.77924 -1.99722 219.149
      vertex 4.62088 -1.90014 219.394
      vertex 9.79776 -1.90014 219.394
    endloop
  endfacet
  facet normal 0 0.929676 -0.368379
    outer loop
      vertex 4.62088 -1.90014 219.394
      vertex 9.77924 -1.99722 219.149
      vertex 4.57519 -1.99722 219.149
    endloop
  endfacet
  facet normal 0 -0.427993 -0.903782
    outer loop
      vertex -4.93265 0.773061 220.453
      vertex -9.93635 1.01168 220.34
      vertex -4.88713 1.01168 220.34
    endloop
  endfacet
  facet normal 0 -0.427993 -0.903782
    outer loop
      vertex -9.93635 1.01168 220.34
      vertex -4.93265 0.773061 220.453
      vertex -9.95136 0.773061 220.453
    endloop
  endfacet
  facet normal 0 -0.427993 -0.903782
    outer loop
      vertex 4.93265 0.773061 220.453
      vertex 9.93635 1.01168 220.34
      vertex 9.95136 0.773061 220.453
    endloop
  endfacet
  facet normal -0 -0.427993 -0.903782
    outer loop
      vertex 9.93635 1.01168 220.34
      vertex 4.93265 0.773061 220.453
      vertex 4.88713 1.01168 220.34
    endloop
  endfacet
endsolid OpenSCAD_Model
